ISO-10303-21;
HEADER;
FILE_DESCRIPTION(('Open CASCADE Model'),'2;1');
FILE_NAME('Open CASCADE Shape Model','2026-08-19T19:40:19',('Author'),(
    'Open CASCADE'),'Open CASCADE STEP processor 7.9','build123d',
  'Unknown');
FILE_SCHEMA(('AUTOMOTIVE_DESIGN { 1 0 10303 214 1 1 1 1 }'));
ENDSEC;
DATA;
#1 = APPLICATION_PROTOCOL_DEFINITION('international standard',
  'automotive_design',2000,#2);
#2 = APPLICATION_CONTEXT(
  'core data for automotive mechanical design processes');
#3 = SHAPE_DEFINITION_REPRESENTATION(#4,#10);
#4 = PRODUCT_DEFINITION_SHAPE('','',#5);
#5 = PRODUCT_DEFINITION('design','',#6,#9);
#6 = PRODUCT_DEFINITION_FORMATION('','',#7);
#7 = PRODUCT('COMPOUND','COMPOUND','',(#8));
#8 = PRODUCT_CONTEXT('',#2,'mechanical');
#9 = PRODUCT_DEFINITION_CONTEXT('part definition',#2,'design');
#10 = ADVANCED_BREP_SHAPE_REPRESENTATION('',(#11,#15),#15598);
#11 = AXIS2_PLACEMENT_3D('',#12,#13,#14);
#12 = CARTESIAN_POINT('',(0.,0.,0.));
#13 = DIRECTION('',(0.,0.,1.));
#14 = DIRECTION('',(1.,0.,-0.));
#15 = MANIFOLD_SOLID_BREP('',#16);
#16 = CLOSED_SHELL('',(#17,#4060,#4113,#4190,#4269,#4323,#4398,#4447,
    #4521,#4575,#4650,#4699,#4773,#4827,#4902,#4951,#5025,#5079,#5154,
    #5203,#5277,#5331,#5406,#5455,#5529,#5583,#5658,#5707,#5781,#5835,
    #5910,#5959,#6033,#6087,#6162,#6211,#6285,#6339,#6414,#6463,#6537,
    #6591,#6666,#6715,#6789,#6843,#6918,#6967,#7041,#7095,#7170,#7219,
    #7293,#7347,#7422,#7471,#7545,#7599,#7674,#7723,#7797,#7851,#7926,
    #7975,#8049,#8103,#8178,#8227,#8301,#8355,#8430,#8479,#8553,#8607,
    #8682,#8731,#8805,#8859,#8934,#8983,#9057,#9111,#9186,#9235,#9309,
    #9363,#9438,#9487,#9561,#9615,#9690,#9739,#9813,#9867,#9942,#9991,
    #10065,#10119,#10194,#10243,#10317,#10371,#10446,#10495,#10569,
    #10623,#10698,#10747,#10821,#10875,#10950,#10999,#11073,#11127,
    #11202,#11251,#11325,#11379,#11454,#11503,#11577,#11631,#11706,
    #11755,#11829,#11883,#11958,#12007,#12081,#12135,#12210,#12259,
    #12333,#12387,#12462,#12511,#12585,#12639,#12714,#12763,#12837,
    #12891,#12966,#13015,#13089,#13143,#13191,#13436,#13461,#14269,
    #14276,#14283,#14290,#14297,#14304,#14311,#14318,#14325,#14332,
    #14339,#14346,#14353,#14360,#14367,#14374,#14381,#14388,#14395,
    #14402,#14409,#14416,#14423,#14430,#14437,#14444,#14451,#14458,
    #14465,#14472,#14479,#14486,#14493,#14500,#14507,#14514,#14573,
    #14632,#14687,#14746,#14805,#14864,#14923,#14978,#15013,#15048,
    #15259,#15289,#15319,#15349,#15379,#15409,#15436,#15463,#15490,
    #15517,#15544,#15571));
#17 = ADVANCED_FACE('',(#18),#31,.T.);
#18 = FACE_BOUND('',#19,.T.);
#19 = EDGE_LOOP('',(#20,#54,#77,#106,#132,#161,#187,#216,#242,#271,#297,
    #326,#352,#381,#407,#436,#462,#491,#517,#546,#572,#601,#627,#656,
    #682,#711,#737,#766,#792,#821,#847,#876,#902,#931,#957,#986,#1012,
    #1041,#1067,#1096,#1122,#1151,#1177,#1206,#1232,#1261,#1287,#1316,
    #1342,#1371,#1397,#1426,#1452,#1481,#1507,#1536,#1562,#1591,#1617,
    #1646,#1672,#1701,#1727,#1756,#1782,#1811,#1837,#1866,#1892,#1921,
    #1947,#1976,#2002,#2031,#2057,#2086,#2112,#2141,#2167,#2196,#2222,
    #2251,#2277,#2306,#2332,#2361,#2387,#2416,#2442,#2471,#2497,#2526,
    #2552,#2581,#2607,#2636,#2662,#2691,#2717,#2746,#2772,#2801,#2827,
    #2856,#2882,#2911,#2937,#2966,#2992,#3021,#3047,#3076,#3102,#3131,
    #3157,#3186,#3212,#3241,#3267,#3296,#3322,#3351,#3377,#3406,#3432,
    #3461,#3487,#3516,#3542,#3571,#3597,#3626,#3652,#3681,#3707,#3736,
    #3762,#3791,#3817,#3846,#3872,#3901,#3927,#3956,#3982,#4011,#4037,
    #4059));
#20 = ORIENTED_EDGE('',*,*,#21,.T.);
#21 = EDGE_CURVE('',#22,#22,#24,.T.);
#22 = VERTEX_POINT('',#23);
#23 = CARTESIAN_POINT('',(100.,0.,1.5));
#24 = SURFACE_CURVE('',#25,(#30,#42),.PCURVE_S1.);
#25 = CIRCLE('',#26,100.);
#26 = AXIS2_PLACEMENT_3D('',#27,#28,#29);
#27 = CARTESIAN_POINT('',(0.,0.,1.5));
#28 = DIRECTION('',(0.,0.,1.));
#29 = DIRECTION('',(1.,0.,-0.));
#30 = PCURVE('',#31,#36);
#31 = CYLINDRICAL_SURFACE('',#32,100.);
#32 = AXIS2_PLACEMENT_3D('',#33,#34,#35);
#33 = CARTESIAN_POINT('',(0.,0.,0.));
#34 = DIRECTION('',(0.,0.,1.));
#35 = DIRECTION('',(1.,0.,-0.));
#36 = DEFINITIONAL_REPRESENTATION('',(#37),#41);
#37 = LINE('',#38,#39);
#38 = CARTESIAN_POINT('',(0.,1.5));
#39 = VECTOR('',#40,1.);
#40 = DIRECTION('',(1.,0.));
#41 = ( GEOMETRIC_REPRESENTATION_CONTEXT(2) 
PARAMETRIC_REPRESENTATION_CONTEXT() REPRESENTATION_CONTEXT('2D SPACE',''
  ) );
#42 = PCURVE('',#43,#48);
#43 = CONICAL_SURFACE('',#44,100.,0.785398163397);
#44 = AXIS2_PLACEMENT_3D('',#45,#46,#47);
#45 = CARTESIAN_POINT('',(0.,0.,1.5));
#46 = DIRECTION('',(0.,0.,1.));
#47 = DIRECTION('',(1.,0.,-0.));
#48 = DEFINITIONAL_REPRESENTATION('',(#49),#53);
#49 = LINE('',#50,#51);
#50 = CARTESIAN_POINT('',(0.,-0.));
#51 = VECTOR('',#52,1.);
#52 = DIRECTION('',(1.,-0.));
#53 = ( GEOMETRIC_REPRESENTATION_CONTEXT(2) 
PARAMETRIC_REPRESENTATION_CONTEXT() REPRESENTATION_CONTEXT('2D SPACE',''
  ) );
#54 = ORIENTED_EDGE('',*,*,#55,.T.);
#55 = EDGE_CURVE('',#22,#56,#58,.T.);
#56 = VERTEX_POINT('',#57);
#57 = CARTESIAN_POINT('',(100.,-2.449293598295E-14,11.));
#58 = SEAM_CURVE('',#59,(#63,#70),.PCURVE_S1.);
#59 = LINE('',#60,#61);
#60 = CARTESIAN_POINT('',(100.,-2.449293598295E-14,0.));
#61 = VECTOR('',#62,1.);
#62 = DIRECTION('',(0.,0.,1.));
#63 = PCURVE('',#31,#64);
#64 = DEFINITIONAL_REPRESENTATION('',(#65),#69);
#65 = LINE('',#66,#67);
#66 = CARTESIAN_POINT('',(0.,-0.));
#67 = VECTOR('',#68,1.);
#68 = DIRECTION('',(0.,1.));
#69 = ( GEOMETRIC_REPRESENTATION_CONTEXT(2) 
PARAMETRIC_REPRESENTATION_CONTEXT() REPRESENTATION_CONTEXT('2D SPACE',''
  ) );
#70 = PCURVE('',#31,#71);
#71 = DEFINITIONAL_REPRESENTATION('',(#72),#76);
#72 = LINE('',#73,#74);
#73 = CARTESIAN_POINT('',(6.28318530718,-0.));
#74 = VECTOR('',#75,1.);
#75 = DIRECTION('',(0.,1.));
#76 = ( GEOMETRIC_REPRESENTATION_CONTEXT(2) 
PARAMETRIC_REPRESENTATION_CONTEXT() REPRESENTATION_CONTEXT('2D SPACE',''
  ) );
#77 = ORIENTED_EDGE('',*,*,#78,.F.);
#78 = EDGE_CURVE('',#79,#56,#81,.T.);
#79 = VERTEX_POINT('',#80);
#80 = CARTESIAN_POINT('',(99.913156735682,-4.166666666667,11.));
#81 = SURFACE_CURVE('',#82,(#87,#94),.PCURVE_S1.);
#82 = CIRCLE('',#83,100.);
#83 = AXIS2_PLACEMENT_3D('',#84,#85,#86);
#84 = CARTESIAN_POINT('',(0.,0.,11.));
#85 = DIRECTION('',(0.,0.,1.));
#86 = DIRECTION('',(1.,0.,-0.));
#87 = PCURVE('',#31,#88);
#88 = DEFINITIONAL_REPRESENTATION('',(#89),#93);
#89 = LINE('',#90,#91);
#90 = CARTESIAN_POINT('',(0.,11.));
#91 = VECTOR('',#92,1.);
#92 = DIRECTION('',(1.,0.));
#93 = ( GEOMETRIC_REPRESENTATION_CONTEXT(2) 
PARAMETRIC_REPRESENTATION_CONTEXT() REPRESENTATION_CONTEXT('2D SPACE',''
  ) );
#94 = PCURVE('',#95,#100);
#95 = PLANE('',#96);
#96 = AXIS2_PLACEMENT_3D('',#97,#98,#99);
#97 = CARTESIAN_POINT('',(100.,0.,11.));
#98 = DIRECTION('',(0.,0.,1.));
#99 = DIRECTION('',(1.,0.,0.));
#100 = DEFINITIONAL_REPRESENTATION('',(#101),#105);
#101 = CIRCLE('',#102,100.);
#102 = AXIS2_PLACEMENT_2D('',#103,#104);
#103 = CARTESIAN_POINT('',(-100.,0.));
#104 = DIRECTION('',(1.,0.));
#105 = ( GEOMETRIC_REPRESENTATION_CONTEXT(2) 
PARAMETRIC_REPRESENTATION_CONTEXT() REPRESENTATION_CONTEXT('2D SPACE',''
  ) );
#106 = ORIENTED_EDGE('',*,*,#107,.T.);
#107 = EDGE_CURVE('',#79,#108,#110,.T.);
#108 = VERTEX_POINT('',#109);
#109 = CARTESIAN_POINT('',(99.913156735682,-4.166666666667,17.5));
#110 = SURFACE_CURVE('',#111,(#115,#121),.PCURVE_S1.);
#111 = LINE('',#112,#113);
#112 = CARTESIAN_POINT('',(99.913156735682,-4.166666666667,0.));
#113 = VECTOR('',#114,1.);
#114 = DIRECTION('',(0.,0.,1.));
#115 = PCURVE('',#31,#116);
#116 = DEFINITIONAL_REPRESENTATION('',(#117),#120);
#117 = B_SPLINE_CURVE_WITH_KNOTS('',1,(#118,#119),.UNSPECIFIED.,.F.,.F.,
  (2,2),(10.1,17.5000006),.PIECEWISE_BEZIER_KNOTS.);
#118 = CARTESIAN_POINT('',(6.241506574757,10.1));
#119 = CARTESIAN_POINT('',(6.241506574757,17.5000006));
#120 = ( GEOMETRIC_REPRESENTATION_CONTEXT(2) 
PARAMETRIC_REPRESENTATION_CONTEXT() REPRESENTATION_CONTEXT('2D SPACE',''
  ) );
#121 = PCURVE('',#122,#127);
#122 = PLANE('',#123);
#123 = AXIS2_PLACEMENT_3D('',#124,#125,#126);
#124 = CARTESIAN_POINT('',(97.,-4.166666666667,20.));
#125 = DIRECTION('',(0.,-1.,0.));
#126 = DIRECTION('',(1.,0.,0.));
#127 = DEFINITIONAL_REPRESENTATION('',(#128),#131);
#128 = B_SPLINE_CURVE_WITH_KNOTS('',1,(#129,#130),.UNSPECIFIED.,.F.,.F.,
  (2,2),(10.1,17.5000006),.PIECEWISE_BEZIER_KNOTS.);
#129 = CARTESIAN_POINT('',(2.913156735682,-9.9));
#130 = CARTESIAN_POINT('',(2.913156735682,-2.4999994));
#131 = ( GEOMETRIC_REPRESENTATION_CONTEXT(2) 
PARAMETRIC_REPRESENTATION_CONTEXT() REPRESENTATION_CONTEXT('2D SPACE',''
  ) );
#132 = ORIENTED_EDGE('',*,*,#133,.F.);
#133 = EDGE_CURVE('',#134,#108,#136,.T.);
#134 = VERTEX_POINT('',#135);
#135 = CARTESIAN_POINT('',(99.118785454835,-13.24637195455,17.5));
#136 = SURFACE_CURVE('',#137,(#142,#149),.PCURVE_S1.);
#137 = CIRCLE('',#138,100.);
#138 = AXIS2_PLACEMENT_3D('',#139,#140,#141);
#139 = CARTESIAN_POINT('',(0.,0.,17.5));
#140 = DIRECTION('',(0.,0.,1.));
#141 = DIRECTION('',(1.,0.,-0.));
#142 = PCURVE('',#31,#143);
#143 = DEFINITIONAL_REPRESENTATION('',(#144),#148);
#144 = LINE('',#145,#146);
#145 = CARTESIAN_POINT('',(0.,17.5));
#146 = VECTOR('',#147,1.);
#147 = DIRECTION('',(1.,0.));
#148 = ( GEOMETRIC_REPRESENTATION_CONTEXT(2) 
PARAMETRIC_REPRESENTATION_CONTEXT() REPRESENTATION_CONTEXT('2D SPACE',''
  ) );
#149 = PCURVE('',#150,#155);
#150 = CONICAL_SURFACE('',#151,100.,0.785398163397);
#151 = AXIS2_PLACEMENT_3D('',#152,#153,#154);
#152 = CARTESIAN_POINT('',(0.,0.,17.5));
#153 = DIRECTION('',(-0.,-0.,-1.));
#154 = DIRECTION('',(1.,0.,0.));
#155 = DEFINITIONAL_REPRESENTATION('',(#156),#160);
#156 = LINE('',#157,#158);
#157 = CARTESIAN_POINT('',(-0.,-0.));
#158 = VECTOR('',#159,1.);
#159 = DIRECTION('',(-1.,-0.));
#160 = ( GEOMETRIC_REPRESENTATION_CONTEXT(2) 
PARAMETRIC_REPRESENTATION_CONTEXT() REPRESENTATION_CONTEXT('2D SPACE',''
  ) );
#161 = ORIENTED_EDGE('',*,*,#162,.F.);
#162 = EDGE_CURVE('',#163,#134,#165,.T.);
#163 = VERTEX_POINT('',#164);
#164 = CARTESIAN_POINT('',(99.118785454835,-13.24637195455,11.));
#165 = SURFACE_CURVE('',#166,(#170,#176),.PCURVE_S1.);
#166 = LINE('',#167,#168);
#167 = CARTESIAN_POINT('',(99.118785454835,-13.24637195455,0.));
#168 = VECTOR('',#169,1.);
#169 = DIRECTION('',(0.,0.,1.));
#170 = PCURVE('',#31,#171);
#171 = DEFINITIONAL_REPRESENTATION('',(#172),#175);
#172 = B_SPLINE_CURVE_WITH_KNOTS('',1,(#173,#174),.UNSPECIFIED.,.F.,.F.,
  (2,2),(10.1,17.5000006),.PIECEWISE_BEZIER_KNOTS.);
#173 = CARTESIAN_POINT('',(6.150331114403,10.1));
#174 = CARTESIAN_POINT('',(6.150331114403,17.5000006));
#175 = ( GEOMETRIC_REPRESENTATION_CONTEXT(2) 
PARAMETRIC_REPRESENTATION_CONTEXT() REPRESENTATION_CONTEXT('2D SPACE',''
  ) );
#176 = PCURVE('',#177,#182);
#177 = PLANE('',#178);
#178 = AXIS2_PLACEMENT_3D('',#179,#180,#181);
#179 = CARTESIAN_POINT('',(96.249886115796,-12.74050759614,20.));
#180 = DIRECTION('',(-0.173648177667,-0.984807753012,0.));
#181 = DIRECTION('',(0.984807753012,-0.173648177667,0.));
#182 = DEFINITIONAL_REPRESENTATION('',(#183),#186);
#183 = B_SPLINE_CURVE_WITH_KNOTS('',1,(#184,#185),.UNSPECIFIED.,.F.,.F.,
  (2,2),(10.1,17.5000006),.PIECEWISE_BEZIER_KNOTS.);
#184 = CARTESIAN_POINT('',(2.913156735682,-9.9));
#185 = CARTESIAN_POINT('',(2.913156735682,-2.4999994));
#186 = ( GEOMETRIC_REPRESENTATION_CONTEXT(2) 
PARAMETRIC_REPRESENTATION_CONTEXT() REPRESENTATION_CONTEXT('2D SPACE',''
  ) );
#187 = ORIENTED_EDGE('',*,*,#188,.F.);
#188 = EDGE_CURVE('',#189,#163,#191,.T.);
#189 = VERTEX_POINT('',#190);
#190 = CARTESIAN_POINT('',(97.671717307611,-21.45310322965,11.));
#191 = SURFACE_CURVE('',#192,(#197,#204),.PCURVE_S1.);
#192 = CIRCLE('',#193,100.);
#193 = AXIS2_PLACEMENT_3D('',#194,#195,#196);
#194 = CARTESIAN_POINT('',(0.,0.,11.));
#195 = DIRECTION('',(0.,0.,1.));
#196 = DIRECTION('',(1.,0.,-0.));
#197 = PCURVE('',#31,#198);
#198 = DEFINITIONAL_REPRESENTATION('',(#199),#203);
#199 = LINE('',#200,#201);
#200 = CARTESIAN_POINT('',(0.,11.));
#201 = VECTOR('',#202,1.);
#202 = DIRECTION('',(1.,0.));
#203 = ( GEOMETRIC_REPRESENTATION_CONTEXT(2) 
PARAMETRIC_REPRESENTATION_CONTEXT() REPRESENTATION_CONTEXT('2D SPACE',''
  ) );
#204 = PCURVE('',#205,#210);
#205 = PLANE('',#206);
#206 = AXIS2_PLACEMENT_3D('',#207,#208,#209);
#207 = CARTESIAN_POINT('',(98.480775301221,-17.36481776669,11.));
#208 = DIRECTION('',(0.,0.,1.));
#209 = DIRECTION('',(0.984807753012,-0.173648177667,0.));
#210 = DEFINITIONAL_REPRESENTATION('',(#211),#215);
#211 = CIRCLE('',#212,100.);
#212 = AXIS2_PLACEMENT_2D('',#213,#214);
#213 = CARTESIAN_POINT('',(-100.,-1.204164462763E-15));
#214 = DIRECTION('',(0.984807753012,0.173648177667));
#215 = ( GEOMETRIC_REPRESENTATION_CONTEXT(2) 
PARAMETRIC_REPRESENTATION_CONTEXT() REPRESENTATION_CONTEXT('2D SPACE',''
  ) );
#216 = ORIENTED_EDGE('',*,*,#217,.T.);
#217 = EDGE_CURVE('',#189,#218,#220,.T.);
#218 = VERTEX_POINT('',#219);
#219 = CARTESIAN_POINT('',(97.671717307611,-21.45310322965,17.5));
#220 = SURFACE_CURVE('',#221,(#225,#231),.PCURVE_S1.);
#221 = LINE('',#222,#223);
#222 = CARTESIAN_POINT('',(97.671717307611,-21.45310322965,0.));
#223 = VECTOR('',#224,1.);
#224 = DIRECTION('',(0.,0.,1.));
#225 = PCURVE('',#31,#226);
#226 = DEFINITIONAL_REPRESENTATION('',(#227),#230);
#227 = B_SPLINE_CURVE_WITH_KNOTS('',1,(#228,#229),.UNSPECIFIED.,.F.,.F.,
  (2,2),(10.1,17.5000006),.PIECEWISE_BEZIER_KNOTS.);
#228 = CARTESIAN_POINT('',(6.066973649558,10.1));
#229 = CARTESIAN_POINT('',(6.066973649558,17.5000006));
#230 = ( GEOMETRIC_REPRESENTATION_CONTEXT(2) 
PARAMETRIC_REPRESENTATION_CONTEXT() REPRESENTATION_CONTEXT('2D SPACE',''
  ) );
#231 = PCURVE('',#232,#237);
#232 = PLANE('',#233);
#233 = AXIS2_PLACEMENT_3D('',#234,#235,#236);
#234 = CARTESIAN_POINT('',(94.802817968572,-20.94723887124,20.));
#235 = DIRECTION('',(-0.173648177667,-0.984807753012,0.));
#236 = DIRECTION('',(0.984807753012,-0.173648177667,0.));
#237 = DEFINITIONAL_REPRESENTATION('',(#238),#241);
#238 = B_SPLINE_CURVE_WITH_KNOTS('',1,(#239,#240),.UNSPECIFIED.,.F.,.F.,
  (2,2),(10.1,17.5000006),.PIECEWISE_BEZIER_KNOTS.);
#239 = CARTESIAN_POINT('',(2.913156735682,-9.9));
#240 = CARTESIAN_POINT('',(2.913156735682,-2.4999994));
#241 = ( GEOMETRIC_REPRESENTATION_CONTEXT(2) 
PARAMETRIC_REPRESENTATION_CONTEXT() REPRESENTATION_CONTEXT('2D SPACE',''
  ) );
#242 = ORIENTED_EDGE('',*,*,#243,.F.);
#243 = EDGE_CURVE('',#244,#218,#246,.T.);
#244 = VERTEX_POINT('',#245);
#245 = CARTESIAN_POINT('',(95.31274003447,-30.25692626691,17.5));
#246 = SURFACE_CURVE('',#247,(#252,#259),.PCURVE_S1.);
#247 = CIRCLE('',#248,100.);
#248 = AXIS2_PLACEMENT_3D('',#249,#250,#251);
#249 = CARTESIAN_POINT('',(0.,0.,17.5));
#250 = DIRECTION('',(0.,0.,1.));
#251 = DIRECTION('',(1.,0.,-0.));
#252 = PCURVE('',#31,#253);
#253 = DEFINITIONAL_REPRESENTATION('',(#254),#258);
#254 = LINE('',#255,#256);
#255 = CARTESIAN_POINT('',(0.,17.5));
#256 = VECTOR('',#257,1.);
#257 = DIRECTION('',(1.,0.));
#258 = ( GEOMETRIC_REPRESENTATION_CONTEXT(2) 
PARAMETRIC_REPRESENTATION_CONTEXT() REPRESENTATION_CONTEXT('2D SPACE',''
  ) );
#259 = PCURVE('',#260,#265);
#260 = CONICAL_SURFACE('',#261,100.,0.785398163397);
#261 = AXIS2_PLACEMENT_3D('',#262,#263,#264);
#262 = CARTESIAN_POINT('',(0.,0.,17.5));
#263 = DIRECTION('',(-0.,-0.,-1.));
#264 = DIRECTION('',(1.,0.,0.));
#265 = DEFINITIONAL_REPRESENTATION('',(#266),#270);
#266 = LINE('',#267,#268);
#267 = CARTESIAN_POINT('',(-0.,-0.));
#268 = VECTOR('',#269,1.);
#269 = DIRECTION('',(-1.,-0.));
#270 = ( GEOMETRIC_REPRESENTATION_CONTEXT(2) 
PARAMETRIC_REPRESENTATION_CONTEXT() REPRESENTATION_CONTEXT('2D SPACE',''
  ) );
#271 = ORIENTED_EDGE('',*,*,#272,.F.);
#272 = EDGE_CURVE('',#273,#244,#275,.T.);
#273 = VERTEX_POINT('',#274);
#274 = CARTESIAN_POINT('',(95.31274003447,-30.25692626691,11.));
#275 = SURFACE_CURVE('',#276,(#280,#286),.PCURVE_S1.);
#276 = LINE('',#277,#278);
#277 = CARTESIAN_POINT('',(95.31274003447,-30.25692626691,0.));
#278 = VECTOR('',#279,1.);
#279 = DIRECTION('',(0.,0.,1.));
#280 = PCURVE('',#31,#281);
#281 = DEFINITIONAL_REPRESENTATION('',(#282),#285);
#282 = B_SPLINE_CURVE_WITH_KNOTS('',1,(#283,#284),.UNSPECIFIED.,.F.,.F.,
  (2,2),(10.1,17.5000006),.PIECEWISE_BEZIER_KNOTS.);
#283 = CARTESIAN_POINT('',(5.975798189203,10.1));
#284 = CARTESIAN_POINT('',(5.975798189203,17.5000006));
#285 = ( GEOMETRIC_REPRESENTATION_CONTEXT(2) 
PARAMETRIC_REPRESENTATION_CONTEXT() REPRESENTATION_CONTEXT('2D SPACE',''
  ) );
#286 = PCURVE('',#287,#292);
#287 = PLANE('',#288);
#288 = AXIS2_PLACEMENT_3D('',#289,#290,#291);
#289 = CARTESIAN_POINT('',(92.575268146757,-29.26056798264,20.));
#290 = DIRECTION('',(-0.342020143326,-0.939692620786,0.));
#291 = DIRECTION('',(0.939692620786,-0.342020143326,0.));
#292 = DEFINITIONAL_REPRESENTATION('',(#293),#296);
#293 = B_SPLINE_CURVE_WITH_KNOTS('',1,(#294,#295),.UNSPECIFIED.,.F.,.F.,
  (2,2),(10.1,17.5000006),.PIECEWISE_BEZIER_KNOTS.);
#294 = CARTESIAN_POINT('',(2.913156735682,-9.9));
#295 = CARTESIAN_POINT('',(2.913156735682,-2.4999994));
#296 = ( GEOMETRIC_REPRESENTATION_CONTEXT(2) 
PARAMETRIC_REPRESENTATION_CONTEXT() REPRESENTATION_CONTEXT('2D SPACE',''
  ) );
#297 = ORIENTED_EDGE('',*,*,#298,.F.);
#298 = EDGE_CURVE('',#299,#273,#301,.T.);
#299 = VERTEX_POINT('',#300);
#300 = CARTESIAN_POINT('',(92.462572173422,-38.08769810679,11.));
#301 = SURFACE_CURVE('',#302,(#307,#314),.PCURVE_S1.);
#302 = CIRCLE('',#303,100.);
#303 = AXIS2_PLACEMENT_3D('',#304,#305,#306);
#304 = CARTESIAN_POINT('',(0.,0.,11.));
#305 = DIRECTION('',(0.,0.,1.));
#306 = DIRECTION('',(1.,0.,-0.));
#307 = PCURVE('',#31,#308);
#308 = DEFINITIONAL_REPRESENTATION('',(#309),#313);
#309 = LINE('',#310,#311);
#310 = CARTESIAN_POINT('',(0.,11.));
#311 = VECTOR('',#312,1.);
#312 = DIRECTION('',(1.,0.));
#313 = ( GEOMETRIC_REPRESENTATION_CONTEXT(2) 
PARAMETRIC_REPRESENTATION_CONTEXT() REPRESENTATION_CONTEXT('2D SPACE',''
  ) );
#314 = PCURVE('',#315,#320);
#315 = PLANE('',#316);
#316 = AXIS2_PLACEMENT_3D('',#317,#318,#319);
#317 = CARTESIAN_POINT('',(93.969262078591,-34.20201433256,11.));
#318 = DIRECTION('',(0.,0.,1.));
#319 = DIRECTION('',(0.939692620786,-0.342020143326,0.));
#320 = DEFINITIONAL_REPRESENTATION('',(#321),#325);
#321 = CIRCLE('',#322,100.);
#322 = AXIS2_PLACEMENT_2D('',#323,#324);
#323 = CARTESIAN_POINT('',(-100.,2.789502867004E-16));
#324 = DIRECTION('',(0.939692620786,0.342020143326));
#325 = ( GEOMETRIC_REPRESENTATION_CONTEXT(2) 
PARAMETRIC_REPRESENTATION_CONTEXT() REPRESENTATION_CONTEXT('2D SPACE',''
  ) );
#326 = ORIENTED_EDGE('',*,*,#327,.T.);
#327 = EDGE_CURVE('',#299,#328,#330,.T.);
#328 = VERTEX_POINT('',#329);
#329 = CARTESIAN_POINT('',(92.462572173422,-38.08769810679,17.5));
#330 = SURFACE_CURVE('',#331,(#335,#341),.PCURVE_S1.);
#331 = LINE('',#332,#333);
#332 = CARTESIAN_POINT('',(92.462572173422,-38.08769810679,0.));
#333 = VECTOR('',#334,1.);
#334 = DIRECTION('',(0.,0.,1.));
#335 = PCURVE('',#31,#336);
#336 = DEFINITIONAL_REPRESENTATION('',(#337),#340);
#337 = B_SPLINE_CURVE_WITH_KNOTS('',1,(#338,#339),.UNSPECIFIED.,.F.,.F.,
  (2,2),(10.1,17.5000006),.PIECEWISE_BEZIER_KNOTS.);
#338 = CARTESIAN_POINT('',(5.892440724358,10.1));
#339 = CARTESIAN_POINT('',(5.892440724358,17.5000006));
#340 = ( GEOMETRIC_REPRESENTATION_CONTEXT(2) 
PARAMETRIC_REPRESENTATION_CONTEXT() REPRESENTATION_CONTEXT('2D SPACE',''
  ) );
#341 = PCURVE('',#342,#347);
#342 = PLANE('',#343);
#343 = AXIS2_PLACEMENT_3D('',#344,#345,#346);
#344 = CARTESIAN_POINT('',(89.72510028571,-37.09133982253,20.));
#345 = DIRECTION('',(-0.342020143326,-0.939692620786,0.));
#346 = DIRECTION('',(0.939692620786,-0.342020143326,0.));
#347 = DEFINITIONAL_REPRESENTATION('',(#348),#351);
#348 = B_SPLINE_CURVE_WITH_KNOTS('',1,(#349,#350),.UNSPECIFIED.,.F.,.F.,
  (2,2),(10.1,17.5000006),.PIECEWISE_BEZIER_KNOTS.);
#349 = CARTESIAN_POINT('',(2.913156735682,-9.9));
#350 = CARTESIAN_POINT('',(2.913156735682,-2.4999994));
#351 = ( GEOMETRIC_REPRESENTATION_CONTEXT(2) 
PARAMETRIC_REPRESENTATION_CONTEXT() REPRESENTATION_CONTEXT('2D SPACE',''
  ) );
#352 = ORIENTED_EDGE('',*,*,#353,.F.);
#353 = EDGE_CURVE('',#354,#328,#356,.T.);
#354 = VERTEX_POINT('',#355);
#355 = CARTESIAN_POINT('',(88.61066523873,-46.3481391854,17.5));
#356 = SURFACE_CURVE('',#357,(#362,#369),.PCURVE_S1.);
#357 = CIRCLE('',#358,100.);
#358 = AXIS2_PLACEMENT_3D('',#359,#360,#361);
#359 = CARTESIAN_POINT('',(0.,0.,17.5));
#360 = DIRECTION('',(0.,0.,1.));
#361 = DIRECTION('',(1.,0.,-0.));
#362 = PCURVE('',#31,#363);
#363 = DEFINITIONAL_REPRESENTATION('',(#364),#368);
#364 = LINE('',#365,#366);
#365 = CARTESIAN_POINT('',(0.,17.5));
#366 = VECTOR('',#367,1.);
#367 = DIRECTION('',(1.,0.));
#368 = ( GEOMETRIC_REPRESENTATION_CONTEXT(2) 
PARAMETRIC_REPRESENTATION_CONTEXT() REPRESENTATION_CONTEXT('2D SPACE',''
  ) );
#369 = PCURVE('',#370,#375);
#370 = CONICAL_SURFACE('',#371,100.,0.785398163397);
#371 = AXIS2_PLACEMENT_3D('',#372,#373,#374);
#372 = CARTESIAN_POINT('',(0.,0.,17.5));
#373 = DIRECTION('',(-0.,-0.,-1.));
#374 = DIRECTION('',(1.,0.,0.));
#375 = DEFINITIONAL_REPRESENTATION('',(#376),#380);
#376 = LINE('',#377,#378);
#377 = CARTESIAN_POINT('',(-0.,-0.));
#378 = VECTOR('',#379,1.);
#379 = DIRECTION('',(-1.,-0.));
#380 = ( GEOMETRIC_REPRESENTATION_CONTEXT(2) 
PARAMETRIC_REPRESENTATION_CONTEXT() REPRESENTATION_CONTEXT('2D SPACE',''
  ) );
#381 = ORIENTED_EDGE('',*,*,#382,.F.);
#382 = EDGE_CURVE('',#383,#354,#385,.T.);
#383 = VERTEX_POINT('',#384);
#384 = CARTESIAN_POINT('',(88.61066523873,-46.3481391854,11.));
#385 = SURFACE_CURVE('',#386,(#390,#396),.PCURVE_S1.);
#386 = LINE('',#387,#388);
#387 = CARTESIAN_POINT('',(88.61066523873,-46.3481391854,0.));
#388 = VECTOR('',#389,1.);
#389 = DIRECTION('',(0.,0.,1.));
#390 = PCURVE('',#31,#391);
#391 = DEFINITIONAL_REPRESENTATION('',(#392),#395);
#392 = B_SPLINE_CURVE_WITH_KNOTS('',1,(#393,#394),.UNSPECIFIED.,.F.,.F.,
  (2,2),(10.1,17.5000006),.PIECEWISE_BEZIER_KNOTS.);
#393 = CARTESIAN_POINT('',(5.801265264004,10.1));
#394 = CARTESIAN_POINT('',(5.801265264004,17.5000006));
#395 = ( GEOMETRIC_REPRESENTATION_CONTEXT(2) 
PARAMETRIC_REPRESENTATION_CONTEXT() REPRESENTATION_CONTEXT('2D SPACE',''
  ) );
#396 = PCURVE('',#397,#402);
#397 = PLANE('',#398);
#398 = AXIS2_PLACEMENT_3D('',#399,#400,#401);
#399 = CARTESIAN_POINT('',(86.087797500424,-44.89156081756,20.));
#400 = DIRECTION('',(-0.5,-0.866025403784,0.));
#401 = DIRECTION('',(0.866025403784,-0.5,0.));
#402 = DEFINITIONAL_REPRESENTATION('',(#403),#406);
#403 = B_SPLINE_CURVE_WITH_KNOTS('',1,(#404,#405),.UNSPECIFIED.,.F.,.F.,
  (2,2),(10.1,17.5000006),.PIECEWISE_BEZIER_KNOTS.);
#404 = CARTESIAN_POINT('',(2.913156735682,-9.9));
#405 = CARTESIAN_POINT('',(2.913156735682,-2.4999994));
#406 = ( GEOMETRIC_REPRESENTATION_CONTEXT(2) 
PARAMETRIC_REPRESENTATION_CONTEXT() REPRESENTATION_CONTEXT('2D SPACE',''
  ) );
#407 = ORIENTED_EDGE('',*,*,#408,.F.);
#408 = EDGE_CURVE('',#409,#383,#411,.T.);
#409 = VERTEX_POINT('',#410);
#410 = CARTESIAN_POINT('',(84.443998572063,-53.56501755027,11.));
#411 = SURFACE_CURVE('',#412,(#417,#424),.PCURVE_S1.);
#412 = CIRCLE('',#413,100.);
#413 = AXIS2_PLACEMENT_3D('',#414,#415,#416);
#414 = CARTESIAN_POINT('',(0.,0.,11.));
#415 = DIRECTION('',(0.,0.,1.));
#416 = DIRECTION('',(1.,0.,-0.));
#417 = PCURVE('',#31,#418);
#418 = DEFINITIONAL_REPRESENTATION('',(#419),#423);
#419 = LINE('',#420,#421);
#420 = CARTESIAN_POINT('',(0.,11.));
#421 = VECTOR('',#422,1.);
#422 = DIRECTION('',(1.,0.));
#423 = ( GEOMETRIC_REPRESENTATION_CONTEXT(2) 
PARAMETRIC_REPRESENTATION_CONTEXT() REPRESENTATION_CONTEXT('2D SPACE',''
  ) );
#424 = PCURVE('',#425,#430);
#425 = PLANE('',#426);
#426 = AXIS2_PLACEMENT_3D('',#427,#428,#429);
#427 = CARTESIAN_POINT('',(86.602540378444,-50.,11.));
#428 = DIRECTION('',(0.,0.,1.));
#429 = DIRECTION('',(0.866025403784,-0.5,0.));
#430 = DEFINITIONAL_REPRESENTATION('',(#431),#435);
#431 = CIRCLE('',#432,100.);
#432 = AXIS2_PLACEMENT_2D('',#433,#434);
#433 = CARTESIAN_POINT('',(-100.,-2.932116939666E-15));
#434 = DIRECTION('',(0.866025403784,0.5));
#435 = ( GEOMETRIC_REPRESENTATION_CONTEXT(2) 
PARAMETRIC_REPRESENTATION_CONTEXT() REPRESENTATION_CONTEXT('2D SPACE',''
  ) );
#436 = ORIENTED_EDGE('',*,*,#437,.T.);
#437 = EDGE_CURVE('',#409,#438,#440,.T.);
#438 = VERTEX_POINT('',#439);
#439 = CARTESIAN_POINT('',(84.443998572063,-53.56501755027,17.5));
#440 = SURFACE_CURVE('',#441,(#445,#451),.PCURVE_S1.);
#441 = LINE('',#442,#443);
#442 = CARTESIAN_POINT('',(84.443998572063,-53.56501755027,0.));
#443 = VECTOR('',#444,1.);
#444 = DIRECTION('',(0.,0.,1.));
#445 = PCURVE('',#31,#446);
#446 = DEFINITIONAL_REPRESENTATION('',(#447),#450);
#447 = B_SPLINE_CURVE_WITH_KNOTS('',1,(#448,#449),.UNSPECIFIED.,.F.,.F.,
  (2,2),(10.1,17.5000006),.PIECEWISE_BEZIER_KNOTS.);
#448 = CARTESIAN_POINT('',(5.717907799159,10.1));
#449 = CARTESIAN_POINT('',(5.717907799159,17.5000006));
#450 = ( GEOMETRIC_REPRESENTATION_CONTEXT(2) 
PARAMETRIC_REPRESENTATION_CONTEXT() REPRESENTATION_CONTEXT('2D SPACE',''
  ) );
#451 = PCURVE('',#452,#457);
#452 = PLANE('',#453);
#453 = AXIS2_PLACEMENT_3D('',#454,#455,#456);
#454 = CARTESIAN_POINT('',(81.921130833757,-52.10843918243,20.));
#455 = DIRECTION('',(-0.5,-0.866025403784,0.));
#456 = DIRECTION('',(0.866025403784,-0.5,0.));
#457 = DEFINITIONAL_REPRESENTATION('',(#458),#461);
#458 = B_SPLINE_CURVE_WITH_KNOTS('',1,(#459,#460),.UNSPECIFIED.,.F.,.F.,
  (2,2),(10.1,17.5000006),.PIECEWISE_BEZIER_KNOTS.);
#459 = CARTESIAN_POINT('',(2.913156735682,-9.9));
#460 = CARTESIAN_POINT('',(2.913156735682,-2.4999994));
#461 = ( GEOMETRIC_REPRESENTATION_CONTEXT(2) 
PARAMETRIC_REPRESENTATION_CONTEXT() REPRESENTATION_CONTEXT('2D SPACE',''
  ) );
#462 = ORIENTED_EDGE('',*,*,#463,.F.);
#463 = EDGE_CURVE('',#464,#438,#466,.T.);
#464 = VERTEX_POINT('',#465);
#465 = CARTESIAN_POINT('',(79.216200218872,-61.03108734803,17.5));
#466 = SURFACE_CURVE('',#467,(#472,#479),.PCURVE_S1.);
#467 = CIRCLE('',#468,100.);
#468 = AXIS2_PLACEMENT_3D('',#469,#470,#471);
#469 = CARTESIAN_POINT('',(0.,0.,17.5));
#470 = DIRECTION('',(0.,0.,1.));
#471 = DIRECTION('',(1.,0.,-0.));
#472 = PCURVE('',#31,#473);
#473 = DEFINITIONAL_REPRESENTATION('',(#474),#478);
#474 = LINE('',#475,#476);
#475 = CARTESIAN_POINT('',(0.,17.5));
#476 = VECTOR('',#477,1.);
#477 = DIRECTION('',(1.,0.));
#478 = ( GEOMETRIC_REPRESENTATION_CONTEXT(2) 
PARAMETRIC_REPRESENTATION_CONTEXT() REPRESENTATION_CONTEXT('2D SPACE',''
  ) );
#479 = PCURVE('',#480,#485);
#480 = CONICAL_SURFACE('',#481,100.,0.785398163397);
#481 = AXIS2_PLACEMENT_3D('',#482,#483,#484);
#482 = CARTESIAN_POINT('',(0.,0.,17.5));
#483 = DIRECTION('',(-0.,-0.,-1.));
#484 = DIRECTION('',(1.,0.,0.));
#485 = DEFINITIONAL_REPRESENTATION('',(#486),#490);
#486 = LINE('',#487,#488);
#487 = CARTESIAN_POINT('',(-0.,-0.));
#488 = VECTOR('',#489,1.);
#489 = DIRECTION('',(-1.,-0.));
#490 = ( GEOMETRIC_REPRESENTATION_CONTEXT(2) 
PARAMETRIC_REPRESENTATION_CONTEXT() REPRESENTATION_CONTEXT('2D SPACE',''
  ) );
#491 = ORIENTED_EDGE('',*,*,#492,.F.);
#492 = EDGE_CURVE('',#493,#464,#495,.T.);
#493 = VERTEX_POINT('',#494);
#494 = CARTESIAN_POINT('',(79.216200218872,-61.03108734803,11.));
#495 = SURFACE_CURVE('',#496,(#500,#506),.PCURVE_S1.);
#496 = LINE('',#497,#498);
#497 = CARTESIAN_POINT('',(79.216200218872,-61.03108734803,0.));
#498 = VECTOR('',#499,1.);
#499 = DIRECTION('',(0.,0.,1.));
#500 = PCURVE('',#31,#501);
#501 = DEFINITIONAL_REPRESENTATION('',(#502),#505);
#502 = B_SPLINE_CURVE_WITH_KNOTS('',1,(#503,#504),.UNSPECIFIED.,.F.,.F.,
  (2,2),(10.1,17.5000006),.PIECEWISE_BEZIER_KNOTS.);
#503 = CARTESIAN_POINT('',(5.626732338804,10.1));
#504 = CARTESIAN_POINT('',(5.626732338804,17.5000006));
#505 = ( GEOMETRIC_REPRESENTATION_CONTEXT(2) 
PARAMETRIC_REPRESENTATION_CONTEXT() REPRESENTATION_CONTEXT('2D SPACE',''
  ) );
#506 = PCURVE('',#507,#512);
#507 = PLANE('',#508);
#508 = AXIS2_PLACEMENT_3D('',#509,#510,#511);
#509 = CARTESIAN_POINT('',(76.984592689568,-59.15854629326,20.));
#510 = DIRECTION('',(-0.642787609687,-0.766044443119,0.));
#511 = DIRECTION('',(0.766044443119,-0.642787609687,0.));
#512 = DEFINITIONAL_REPRESENTATION('',(#513),#516);
#513 = B_SPLINE_CURVE_WITH_KNOTS('',1,(#514,#515),.UNSPECIFIED.,.F.,.F.,
  (2,2),(10.1,17.5000006),.PIECEWISE_BEZIER_KNOTS.);
#514 = CARTESIAN_POINT('',(2.913156735682,-9.9));
#515 = CARTESIAN_POINT('',(2.913156735682,-2.4999994));
#516 = ( GEOMETRIC_REPRESENTATION_CONTEXT(2) 
PARAMETRIC_REPRESENTATION_CONTEXT() REPRESENTATION_CONTEXT('2D SPACE',''
  ) );
#517 = ORIENTED_EDGE('',*,*,#518,.F.);
#518 = EDGE_CURVE('',#519,#493,#521,.T.);
#519 = VERTEX_POINT('',#520);
#520 = CARTESIAN_POINT('',(73.859636804817,-67.41479104069,11.));
#521 = SURFACE_CURVE('',#522,(#527,#534),.PCURVE_S1.);
#522 = CIRCLE('',#523,100.);
#523 = AXIS2_PLACEMENT_3D('',#524,#525,#526);
#524 = CARTESIAN_POINT('',(0.,0.,11.));
#525 = DIRECTION('',(0.,0.,1.));
#526 = DIRECTION('',(1.,0.,-0.));
#527 = PCURVE('',#31,#528);
#528 = DEFINITIONAL_REPRESENTATION('',(#529),#533);
#529 = LINE('',#530,#531);
#530 = CARTESIAN_POINT('',(0.,11.));
#531 = VECTOR('',#532,1.);
#532 = DIRECTION('',(1.,0.));
#533 = ( GEOMETRIC_REPRESENTATION_CONTEXT(2) 
PARAMETRIC_REPRESENTATION_CONTEXT() REPRESENTATION_CONTEXT('2D SPACE',''
  ) );
#534 = PCURVE('',#535,#540);
#535 = PLANE('',#536);
#536 = AXIS2_PLACEMENT_3D('',#537,#538,#539);
#537 = CARTESIAN_POINT('',(76.604444311898,-64.27876096865,11.));
#538 = DIRECTION('',(0.,0.,1.));
#539 = DIRECTION('',(0.766044443119,-0.642787609687,0.));
#540 = DEFINITIONAL_REPRESENTATION('',(#541),#545);
#541 = CIRCLE('',#542,100.);
#542 = AXIS2_PLACEMENT_2D('',#543,#544);
#543 = CARTESIAN_POINT('',(-100.,-6.158129858471E-15));
#544 = DIRECTION('',(0.766044443119,0.642787609687));
#545 = ( GEOMETRIC_REPRESENTATION_CONTEXT(2) 
PARAMETRIC_REPRESENTATION_CONTEXT() REPRESENTATION_CONTEXT('2D SPACE',''
  ) );
#546 = ORIENTED_EDGE('',*,*,#547,.T.);
#547 = EDGE_CURVE('',#519,#548,#550,.T.);
#548 = VERTEX_POINT('',#549);
#549 = CARTESIAN_POINT('',(73.859636804817,-67.41479104069,17.5));
#550 = SURFACE_CURVE('',#551,(#555,#561),.PCURVE_S1.);
#551 = LINE('',#552,#553);
#552 = CARTESIAN_POINT('',(73.859636804817,-67.41479104069,0.));
#553 = VECTOR('',#554,1.);
#554 = DIRECTION('',(0.,0.,1.));
#555 = PCURVE('',#31,#556);
#556 = DEFINITIONAL_REPRESENTATION('',(#557),#560);
#557 = B_SPLINE_CURVE_WITH_KNOTS('',1,(#558,#559),.UNSPECIFIED.,.F.,.F.,
  (2,2),(10.1,17.5000006),.PIECEWISE_BEZIER_KNOTS.);
#558 = CARTESIAN_POINT('',(5.543374873959,10.1));
#559 = CARTESIAN_POINT('',(5.543374873959,17.5000006));
#560 = ( GEOMETRIC_REPRESENTATION_CONTEXT(2) 
PARAMETRIC_REPRESENTATION_CONTEXT() REPRESENTATION_CONTEXT('2D SPACE',''
  ) );
#561 = PCURVE('',#562,#567);
#562 = PLANE('',#563);
#563 = AXIS2_PLACEMENT_3D('',#564,#565,#566);
#564 = CARTESIAN_POINT('',(71.628029275514,-65.54224998592,20.));
#565 = DIRECTION('',(-0.642787609687,-0.766044443119,0.));
#566 = DIRECTION('',(0.766044443119,-0.642787609687,0.));
#567 = DEFINITIONAL_REPRESENTATION('',(#568),#571);
#568 = B_SPLINE_CURVE_WITH_KNOTS('',1,(#569,#570),.UNSPECIFIED.,.F.,.F.,
  (2,2),(10.1,17.5000006),.PIECEWISE_BEZIER_KNOTS.);
#569 = CARTESIAN_POINT('',(2.913156735682,-9.9));
#570 = CARTESIAN_POINT('',(2.913156735682,-2.4999994));
#571 = ( GEOMETRIC_REPRESENTATION_CONTEXT(2) 
PARAMETRIC_REPRESENTATION_CONTEXT() REPRESENTATION_CONTEXT('2D SPACE',''
  ) );
#572 = ORIENTED_EDGE('',*,*,#573,.F.);
#573 = EDGE_CURVE('',#574,#548,#576,.T.);
#574 = VERTEX_POINT('',#575);
#575 = CARTESIAN_POINT('',(67.414791040694,-73.85963680481,17.5));
#576 = SURFACE_CURVE('',#577,(#582,#589),.PCURVE_S1.);
#577 = CIRCLE('',#578,100.);
#578 = AXIS2_PLACEMENT_3D('',#579,#580,#581);
#579 = CARTESIAN_POINT('',(0.,0.,17.5));
#580 = DIRECTION('',(0.,0.,1.));
#581 = DIRECTION('',(1.,0.,-0.));
#582 = PCURVE('',#31,#583);
#583 = DEFINITIONAL_REPRESENTATION('',(#584),#588);
#584 = LINE('',#585,#586);
#585 = CARTESIAN_POINT('',(0.,17.5));
#586 = VECTOR('',#587,1.);
#587 = DIRECTION('',(1.,0.));
#588 = ( GEOMETRIC_REPRESENTATION_CONTEXT(2) 
PARAMETRIC_REPRESENTATION_CONTEXT() REPRESENTATION_CONTEXT('2D SPACE',''
  ) );
#589 = PCURVE('',#590,#595);
#590 = CONICAL_SURFACE('',#591,100.,0.785398163397);
#591 = AXIS2_PLACEMENT_3D('',#592,#593,#594);
#592 = CARTESIAN_POINT('',(0.,0.,17.5));
#593 = DIRECTION('',(-0.,-0.,-1.));
#594 = DIRECTION('',(1.,0.,0.));
#595 = DEFINITIONAL_REPRESENTATION('',(#596),#600);
#596 = LINE('',#597,#598);
#597 = CARTESIAN_POINT('',(-0.,-0.));
#598 = VECTOR('',#599,1.);
#599 = DIRECTION('',(-1.,-0.));
#600 = ( GEOMETRIC_REPRESENTATION_CONTEXT(2) 
PARAMETRIC_REPRESENTATION_CONTEXT() REPRESENTATION_CONTEXT('2D SPACE',''
  ) );
#601 = ORIENTED_EDGE('',*,*,#602,.F.);
#602 = EDGE_CURVE('',#603,#574,#605,.T.);
#603 = VERTEX_POINT('',#604);
#604 = CARTESIAN_POINT('',(67.414791040694,-73.85963680481,11.));
#605 = SURFACE_CURVE('',#606,(#610,#616),.PCURVE_S1.);
#606 = LINE('',#607,#608);
#607 = CARTESIAN_POINT('',(67.414791040694,-73.85963680481,0.));
#608 = VECTOR('',#609,1.);
#609 = DIRECTION('',(0.,0.,1.));
#610 = PCURVE('',#31,#611);
#611 = DEFINITIONAL_REPRESENTATION('',(#612),#615);
#612 = B_SPLINE_CURVE_WITH_KNOTS('',1,(#613,#614),.UNSPECIFIED.,.F.,.F.,
  (2,2),(10.1,17.5000006),.PIECEWISE_BEZIER_KNOTS.);
#613 = CARTESIAN_POINT('',(5.452199413605,10.1));
#614 = CARTESIAN_POINT('',(5.452199413605,17.5000006));
#615 = ( GEOMETRIC_REPRESENTATION_CONTEXT(2) 
PARAMETRIC_REPRESENTATION_CONTEXT() REPRESENTATION_CONTEXT('2D SPACE',''
  ) );
#616 = PCURVE('',#617,#622);
#617 = PLANE('',#618);
#618 = AXIS2_PLACEMENT_3D('',#619,#620,#621);
#619 = CARTESIAN_POINT('',(65.542249985923,-71.62802927551,20.));
#620 = DIRECTION('',(-0.766044443119,-0.642787609687,0.));
#621 = DIRECTION('',(0.642787609687,-0.766044443119,0.));
#622 = DEFINITIONAL_REPRESENTATION('',(#623),#626);
#623 = B_SPLINE_CURVE_WITH_KNOTS('',1,(#624,#625),.UNSPECIFIED.,.F.,.F.,
  (2,2),(10.1,17.5000006),.PIECEWISE_BEZIER_KNOTS.);
#624 = CARTESIAN_POINT('',(2.913156735682,-9.9));
#625 = CARTESIAN_POINT('',(2.913156735682,-2.4999994));
#626 = ( GEOMETRIC_REPRESENTATION_CONTEXT(2) 
PARAMETRIC_REPRESENTATION_CONTEXT() REPRESENTATION_CONTEXT('2D SPACE',''
  ) );
#627 = ORIENTED_EDGE('',*,*,#628,.F.);
#628 = EDGE_CURVE('',#629,#603,#631,.T.);
#629 = VERTEX_POINT('',#630);
#630 = CARTESIAN_POINT('',(61.031087348036,-79.21620021887,11.));
#631 = SURFACE_CURVE('',#632,(#637,#644),.PCURVE_S1.);
#632 = CIRCLE('',#633,100.);
#633 = AXIS2_PLACEMENT_3D('',#634,#635,#636);
#634 = CARTESIAN_POINT('',(0.,0.,11.));
#635 = DIRECTION('',(0.,0.,1.));
#636 = DIRECTION('',(1.,0.,-0.));
#637 = PCURVE('',#31,#638);
#638 = DEFINITIONAL_REPRESENTATION('',(#639),#643);
#639 = LINE('',#640,#641);
#640 = CARTESIAN_POINT('',(0.,11.));
#641 = VECTOR('',#642,1.);
#642 = DIRECTION('',(1.,0.));
#643 = ( GEOMETRIC_REPRESENTATION_CONTEXT(2) 
PARAMETRIC_REPRESENTATION_CONTEXT() REPRESENTATION_CONTEXT('2D SPACE',''
  ) );
#644 = PCURVE('',#645,#650);
#645 = PLANE('',#646);
#646 = AXIS2_PLACEMENT_3D('',#647,#648,#649);
#647 = CARTESIAN_POINT('',(64.278760968654,-76.60444431189,11.));
#648 = DIRECTION('',(0.,0.,1.));
#649 = DIRECTION('',(0.642787609687,-0.766044443119,0.));
#650 = DEFINITIONAL_REPRESENTATION('',(#651),#655);
#651 = CIRCLE('',#652,100.);
#652 = AXIS2_PLACEMENT_2D('',#653,#654);
#653 = CARTESIAN_POINT('',(-100.,-3.128165870031E-15));
#654 = DIRECTION('',(0.642787609687,0.766044443119));
#655 = ( GEOMETRIC_REPRESENTATION_CONTEXT(2) 
PARAMETRIC_REPRESENTATION_CONTEXT() REPRESENTATION_CONTEXT('2D SPACE',''
  ) );
#656 = ORIENTED_EDGE('',*,*,#657,.T.);
#657 = EDGE_CURVE('',#629,#658,#660,.T.);
#658 = VERTEX_POINT('',#659);
#659 = CARTESIAN_POINT('',(61.031087348036,-79.21620021887,17.5));
#660 = SURFACE_CURVE('',#661,(#665,#671),.PCURVE_S1.);
#661 = LINE('',#662,#663);
#662 = CARTESIAN_POINT('',(61.031087348036,-79.21620021887,0.));
#663 = VECTOR('',#664,1.);
#664 = DIRECTION('',(0.,0.,1.));
#665 = PCURVE('',#31,#666);
#666 = DEFINITIONAL_REPRESENTATION('',(#667),#670);
#667 = B_SPLINE_CURVE_WITH_KNOTS('',1,(#668,#669),.UNSPECIFIED.,.F.,.F.,
  (2,2),(10.1,17.5000006),.PIECEWISE_BEZIER_KNOTS.);
#668 = CARTESIAN_POINT('',(5.36884194876,10.1));
#669 = CARTESIAN_POINT('',(5.36884194876,17.5000006));
#670 = ( GEOMETRIC_REPRESENTATION_CONTEXT(2) 
PARAMETRIC_REPRESENTATION_CONTEXT() REPRESENTATION_CONTEXT('2D SPACE',''
  ) );
#671 = PCURVE('',#672,#677);
#672 = PLANE('',#673);
#673 = AXIS2_PLACEMENT_3D('',#674,#675,#676);
#674 = CARTESIAN_POINT('',(59.158546293265,-76.98459268956,20.));
#675 = DIRECTION('',(-0.766044443119,-0.642787609687,0.));
#676 = DIRECTION('',(0.642787609687,-0.766044443119,0.));
#677 = DEFINITIONAL_REPRESENTATION('',(#678),#681);
#678 = B_SPLINE_CURVE_WITH_KNOTS('',1,(#679,#680),.UNSPECIFIED.,.F.,.F.,
  (2,2),(10.1,17.5000006),.PIECEWISE_BEZIER_KNOTS.);
#679 = CARTESIAN_POINT('',(2.913156735682,-9.9));
#680 = CARTESIAN_POINT('',(2.913156735682,-2.4999994));
#681 = ( GEOMETRIC_REPRESENTATION_CONTEXT(2) 
PARAMETRIC_REPRESENTATION_CONTEXT() REPRESENTATION_CONTEXT('2D SPACE',''
  ) );
#682 = ORIENTED_EDGE('',*,*,#683,.F.);
#683 = EDGE_CURVE('',#684,#658,#686,.T.);
#684 = VERTEX_POINT('',#685);
#685 = CARTESIAN_POINT('',(53.565017550276,-84.44399857206,17.5));
#686 = SURFACE_CURVE('',#687,(#692,#699),.PCURVE_S1.);
#687 = CIRCLE('',#688,100.);
#688 = AXIS2_PLACEMENT_3D('',#689,#690,#691);
#689 = CARTESIAN_POINT('',(0.,0.,17.5));
#690 = DIRECTION('',(0.,0.,1.));
#691 = DIRECTION('',(1.,0.,-0.));
#692 = PCURVE('',#31,#693);
#693 = DEFINITIONAL_REPRESENTATION('',(#694),#698);
#694 = LINE('',#695,#696);
#695 = CARTESIAN_POINT('',(0.,17.5));
#696 = VECTOR('',#697,1.);
#697 = DIRECTION('',(1.,0.));
#698 = ( GEOMETRIC_REPRESENTATION_CONTEXT(2) 
PARAMETRIC_REPRESENTATION_CONTEXT() REPRESENTATION_CONTEXT('2D SPACE',''
  ) );
#699 = PCURVE('',#700,#705);
#700 = CONICAL_SURFACE('',#701,100.,0.785398163397);
#701 = AXIS2_PLACEMENT_3D('',#702,#703,#704);
#702 = CARTESIAN_POINT('',(0.,0.,17.5));
#703 = DIRECTION('',(-0.,-0.,-1.));
#704 = DIRECTION('',(1.,0.,0.));
#705 = DEFINITIONAL_REPRESENTATION('',(#706),#710);
#706 = LINE('',#707,#708);
#707 = CARTESIAN_POINT('',(-0.,-0.));
#708 = VECTOR('',#709,1.);
#709 = DIRECTION('',(-1.,-0.));
#710 = ( GEOMETRIC_REPRESENTATION_CONTEXT(2) 
PARAMETRIC_REPRESENTATION_CONTEXT() REPRESENTATION_CONTEXT('2D SPACE',''
  ) );
#711 = ORIENTED_EDGE('',*,*,#712,.F.);
#712 = EDGE_CURVE('',#713,#684,#715,.T.);
#713 = VERTEX_POINT('',#714);
#714 = CARTESIAN_POINT('',(53.565017550276,-84.44399857206,11.));
#715 = SURFACE_CURVE('',#716,(#720,#726),.PCURVE_S1.);
#716 = LINE('',#717,#718);
#717 = CARTESIAN_POINT('',(53.565017550276,-84.44399857206,0.));
#718 = VECTOR('',#719,1.);
#719 = DIRECTION('',(0.,0.,1.));
#720 = PCURVE('',#31,#721);
#721 = DEFINITIONAL_REPRESENTATION('',(#722),#725);
#722 = B_SPLINE_CURVE_WITH_KNOTS('',1,(#723,#724),.UNSPECIFIED.,.F.,.F.,
  (2,2),(10.1,17.5000006),.PIECEWISE_BEZIER_KNOTS.);
#723 = CARTESIAN_POINT('',(5.277666488406,10.1));
#724 = CARTESIAN_POINT('',(5.277666488406,17.5000006));
#725 = ( GEOMETRIC_REPRESENTATION_CONTEXT(2) 
PARAMETRIC_REPRESENTATION_CONTEXT() REPRESENTATION_CONTEXT('2D SPACE',''
  ) );
#726 = PCURVE('',#727,#732);
#727 = PLANE('',#728);
#728 = AXIS2_PLACEMENT_3D('',#729,#730,#731);
#729 = CARTESIAN_POINT('',(52.108439182435,-81.92113083375,20.));
#730 = DIRECTION('',(-0.866025403784,-0.5,0.));
#731 = DIRECTION('',(0.5,-0.866025403784,0.));
#732 = DEFINITIONAL_REPRESENTATION('',(#733),#736);
#733 = B_SPLINE_CURVE_WITH_KNOTS('',1,(#734,#735),.UNSPECIFIED.,.F.,.F.,
  (2,2),(10.1,17.5000006),.PIECEWISE_BEZIER_KNOTS.);
#734 = CARTESIAN_POINT('',(2.913156735682,-9.9));
#735 = CARTESIAN_POINT('',(2.913156735682,-2.4999994));
#736 = ( GEOMETRIC_REPRESENTATION_CONTEXT(2) 
PARAMETRIC_REPRESENTATION_CONTEXT() REPRESENTATION_CONTEXT('2D SPACE',''
  ) );
#737 = ORIENTED_EDGE('',*,*,#738,.F.);
#738 = EDGE_CURVE('',#739,#713,#741,.T.);
#739 = VERTEX_POINT('',#740);
#740 = CARTESIAN_POINT('',(46.348139185406,-88.61066523873,11.));
#741 = SURFACE_CURVE('',#742,(#747,#754),.PCURVE_S1.);
#742 = CIRCLE('',#743,100.);
#743 = AXIS2_PLACEMENT_3D('',#744,#745,#746);
#744 = CARTESIAN_POINT('',(0.,0.,11.));
#745 = DIRECTION('',(0.,0.,1.));
#746 = DIRECTION('',(1.,0.,-0.));
#747 = PCURVE('',#31,#748);
#748 = DEFINITIONAL_REPRESENTATION('',(#749),#753);
#749 = LINE('',#750,#751);
#750 = CARTESIAN_POINT('',(0.,11.));
#751 = VECTOR('',#752,1.);
#752 = DIRECTION('',(1.,0.));
#753 = ( GEOMETRIC_REPRESENTATION_CONTEXT(2) 
PARAMETRIC_REPRESENTATION_CONTEXT() REPRESENTATION_CONTEXT('2D SPACE',''
  ) );
#754 = PCURVE('',#755,#760);
#755 = PLANE('',#756);
#756 = AXIS2_PLACEMENT_3D('',#757,#758,#759);
#757 = CARTESIAN_POINT('',(50.,-86.60254037844,11.));
#758 = DIRECTION('',(0.,0.,1.));
#759 = DIRECTION('',(0.5,-0.866025403784,0.));
#760 = DEFINITIONAL_REPRESENTATION('',(#761),#765);
#761 = CIRCLE('',#762,100.);
#762 = AXIS2_PLACEMENT_2D('',#763,#764);
#763 = CARTESIAN_POINT('',(-100.,-3.869266205704E-15));
#764 = DIRECTION('',(0.5,0.866025403784));
#765 = ( GEOMETRIC_REPRESENTATION_CONTEXT(2) 
PARAMETRIC_REPRESENTATION_CONTEXT() REPRESENTATION_CONTEXT('2D SPACE',''
  ) );
#766 = ORIENTED_EDGE('',*,*,#767,.T.);
#767 = EDGE_CURVE('',#739,#768,#770,.T.);
#768 = VERTEX_POINT('',#769);
#769 = CARTESIAN_POINT('',(46.348139185406,-88.61066523873,17.5));
#770 = SURFACE_CURVE('',#771,(#775,#781),.PCURVE_S1.);
#771 = LINE('',#772,#773);
#772 = CARTESIAN_POINT('',(46.348139185406,-88.61066523873,0.));
#773 = VECTOR('',#774,1.);
#774 = DIRECTION('',(0.,0.,1.));
#775 = PCURVE('',#31,#776);
#776 = DEFINITIONAL_REPRESENTATION('',(#777),#780);
#777 = B_SPLINE_CURVE_WITH_KNOTS('',1,(#778,#779),.UNSPECIFIED.,.F.,.F.,
  (2,2),(10.1,17.5000006),.PIECEWISE_BEZIER_KNOTS.);
#778 = CARTESIAN_POINT('',(5.19430902356,10.1));
#779 = CARTESIAN_POINT('',(5.19430902356,17.5000006));
#780 = ( GEOMETRIC_REPRESENTATION_CONTEXT(2) 
PARAMETRIC_REPRESENTATION_CONTEXT() REPRESENTATION_CONTEXT('2D SPACE',''
  ) );
#781 = PCURVE('',#782,#787);
#782 = PLANE('',#783);
#783 = AXIS2_PLACEMENT_3D('',#784,#785,#786);
#784 = CARTESIAN_POINT('',(44.891560817565,-86.08779750042,20.));
#785 = DIRECTION('',(-0.866025403784,-0.5,0.));
#786 = DIRECTION('',(0.5,-0.866025403784,0.));
#787 = DEFINITIONAL_REPRESENTATION('',(#788),#791);
#788 = B_SPLINE_CURVE_WITH_KNOTS('',1,(#789,#790),.UNSPECIFIED.,.F.,.F.,
  (2,2),(10.1,17.5000006),.PIECEWISE_BEZIER_KNOTS.);
#789 = CARTESIAN_POINT('',(2.913156735682,-9.9));
#790 = CARTESIAN_POINT('',(2.913156735682,-2.4999994));
#791 = ( GEOMETRIC_REPRESENTATION_CONTEXT(2) 
PARAMETRIC_REPRESENTATION_CONTEXT() REPRESENTATION_CONTEXT('2D SPACE',''
  ) );
#792 = ORIENTED_EDGE('',*,*,#793,.F.);
#793 = EDGE_CURVE('',#794,#768,#796,.T.);
#794 = VERTEX_POINT('',#795);
#795 = CARTESIAN_POINT('',(38.087698106799,-92.46257217342,17.5));
#796 = SURFACE_CURVE('',#797,(#802,#809),.PCURVE_S1.);
#797 = CIRCLE('',#798,100.);
#798 = AXIS2_PLACEMENT_3D('',#799,#800,#801);
#799 = CARTESIAN_POINT('',(0.,0.,17.5));
#800 = DIRECTION('',(0.,0.,1.));
#801 = DIRECTION('',(1.,0.,-0.));
#802 = PCURVE('',#31,#803);
#803 = DEFINITIONAL_REPRESENTATION('',(#804),#808);
#804 = LINE('',#805,#806);
#805 = CARTESIAN_POINT('',(0.,17.5));
#806 = VECTOR('',#807,1.);
#807 = DIRECTION('',(1.,0.));
#808 = ( GEOMETRIC_REPRESENTATION_CONTEXT(2) 
PARAMETRIC_REPRESENTATION_CONTEXT() REPRESENTATION_CONTEXT('2D SPACE',''
  ) );
#809 = PCURVE('',#810,#815);
#810 = CONICAL_SURFACE('',#811,100.,0.785398163397);
#811 = AXIS2_PLACEMENT_3D('',#812,#813,#814);
#812 = CARTESIAN_POINT('',(0.,0.,17.5));
#813 = DIRECTION('',(-0.,-0.,-1.));
#814 = DIRECTION('',(1.,0.,0.));
#815 = DEFINITIONAL_REPRESENTATION('',(#816),#820);
#816 = LINE('',#817,#818);
#817 = CARTESIAN_POINT('',(-0.,-0.));
#818 = VECTOR('',#819,1.);
#819 = DIRECTION('',(-1.,-0.));
#820 = ( GEOMETRIC_REPRESENTATION_CONTEXT(2) 
PARAMETRIC_REPRESENTATION_CONTEXT() REPRESENTATION_CONTEXT('2D SPACE',''
  ) );
#821 = ORIENTED_EDGE('',*,*,#822,.F.);
#822 = EDGE_CURVE('',#823,#794,#825,.T.);
#823 = VERTEX_POINT('',#824);
#824 = CARTESIAN_POINT('',(38.087698106799,-92.46257217342,11.));
#825 = SURFACE_CURVE('',#826,(#830,#836),.PCURVE_S1.);
#826 = LINE('',#827,#828);
#827 = CARTESIAN_POINT('',(38.087698106799,-92.46257217342,0.));
#828 = VECTOR('',#829,1.);
#829 = DIRECTION('',(0.,0.,1.));
#830 = PCURVE('',#31,#831);
#831 = DEFINITIONAL_REPRESENTATION('',(#832),#835);
#832 = B_SPLINE_CURVE_WITH_KNOTS('',1,(#833,#834),.UNSPECIFIED.,.F.,.F.,
  (2,2),(10.1,17.5000006),.PIECEWISE_BEZIER_KNOTS.);
#833 = CARTESIAN_POINT('',(5.103133563206,10.1));
#834 = CARTESIAN_POINT('',(5.103133563206,17.5000006));
#835 = ( GEOMETRIC_REPRESENTATION_CONTEXT(2) 
PARAMETRIC_REPRESENTATION_CONTEXT() REPRESENTATION_CONTEXT('2D SPACE',''
  ) );
#836 = PCURVE('',#837,#842);
#837 = PLANE('',#838);
#838 = AXIS2_PLACEMENT_3D('',#839,#840,#841);
#839 = CARTESIAN_POINT('',(37.091339822531,-89.7251002857,20.));
#840 = DIRECTION('',(-0.939692620786,-0.342020143326,0.));
#841 = DIRECTION('',(0.342020143326,-0.939692620786,0.));
#842 = DEFINITIONAL_REPRESENTATION('',(#843),#846);
#843 = B_SPLINE_CURVE_WITH_KNOTS('',1,(#844,#845),.UNSPECIFIED.,.F.,.F.,
  (2,2),(10.1,17.5000006),.PIECEWISE_BEZIER_KNOTS.);
#844 = CARTESIAN_POINT('',(2.913156735682,-9.9));
#845 = CARTESIAN_POINT('',(2.913156735682,-2.4999994));
#846 = ( GEOMETRIC_REPRESENTATION_CONTEXT(2) 
PARAMETRIC_REPRESENTATION_CONTEXT() REPRESENTATION_CONTEXT('2D SPACE',''
  ) );
#847 = ORIENTED_EDGE('',*,*,#848,.F.);
#848 = EDGE_CURVE('',#849,#823,#851,.T.);
#849 = VERTEX_POINT('',#850);
#850 = CARTESIAN_POINT('',(30.256926266917,-95.31274003447,11.));
#851 = SURFACE_CURVE('',#852,(#857,#864),.PCURVE_S1.);
#852 = CIRCLE('',#853,100.);
#853 = AXIS2_PLACEMENT_3D('',#854,#855,#856);
#854 = CARTESIAN_POINT('',(0.,0.,11.));
#855 = DIRECTION('',(0.,0.,1.));
#856 = DIRECTION('',(1.,0.,-0.));
#857 = PCURVE('',#31,#858);
#858 = DEFINITIONAL_REPRESENTATION('',(#859),#863);
#859 = LINE('',#860,#861);
#860 = CARTESIAN_POINT('',(0.,11.));
#861 = VECTOR('',#862,1.);
#862 = DIRECTION('',(1.,0.));
#863 = ( GEOMETRIC_REPRESENTATION_CONTEXT(2) 
PARAMETRIC_REPRESENTATION_CONTEXT() REPRESENTATION_CONTEXT('2D SPACE',''
  ) );
#864 = PCURVE('',#865,#870);
#865 = PLANE('',#866);
#866 = AXIS2_PLACEMENT_3D('',#867,#868,#869);
#867 = CARTESIAN_POINT('',(34.202014332567,-93.96926207859,11.));
#868 = DIRECTION('',(0.,0.,1.));
#869 = DIRECTION('',(0.342020143326,-0.939692620786,0.));
#870 = DEFINITIONAL_REPRESENTATION('',(#871),#875);
#871 = CIRCLE('',#872,100.);
#872 = AXIS2_PLACEMENT_2D('',#873,#874);
#873 = CARTESIAN_POINT('',(-100.,-1.322460743036E-15));
#874 = DIRECTION('',(0.342020143326,0.939692620786));
#875 = ( GEOMETRIC_REPRESENTATION_CONTEXT(2) 
PARAMETRIC_REPRESENTATION_CONTEXT() REPRESENTATION_CONTEXT('2D SPACE',''
  ) );
#876 = ORIENTED_EDGE('',*,*,#877,.T.);
#877 = EDGE_CURVE('',#849,#878,#880,.T.);
#878 = VERTEX_POINT('',#879);
#879 = CARTESIAN_POINT('',(30.256926266917,-95.31274003447,17.5));
#880 = SURFACE_CURVE('',#881,(#885,#891),.PCURVE_S1.);
#881 = LINE('',#882,#883);
#882 = CARTESIAN_POINT('',(30.256926266917,-95.31274003447,0.));
#883 = VECTOR('',#884,1.);
#884 = DIRECTION('',(0.,0.,1.));
#885 = PCURVE('',#31,#886);
#886 = DEFINITIONAL_REPRESENTATION('',(#887),#890);
#887 = B_SPLINE_CURVE_WITH_KNOTS('',1,(#888,#889),.UNSPECIFIED.,.F.,.F.,
  (2,2),(10.1,17.5000006),.PIECEWISE_BEZIER_KNOTS.);
#888 = CARTESIAN_POINT('',(5.019776098361,10.1));
#889 = CARTESIAN_POINT('',(5.019776098361,17.5000006));
#890 = ( GEOMETRIC_REPRESENTATION_CONTEXT(2) 
PARAMETRIC_REPRESENTATION_CONTEXT() REPRESENTATION_CONTEXT('2D SPACE',''
  ) );
#891 = PCURVE('',#892,#897);
#892 = PLANE('',#893);
#893 = AXIS2_PLACEMENT_3D('',#894,#895,#896);
#894 = CARTESIAN_POINT('',(29.260567982649,-92.57526814675,20.));
#895 = DIRECTION('',(-0.939692620786,-0.342020143326,0.));
#896 = DIRECTION('',(0.342020143326,-0.939692620786,0.));
#897 = DEFINITIONAL_REPRESENTATION('',(#898),#901);
#898 = B_SPLINE_CURVE_WITH_KNOTS('',1,(#899,#900),.UNSPECIFIED.,.F.,.F.,
  (2,2),(10.1,17.5000006),.PIECEWISE_BEZIER_KNOTS.);
#899 = CARTESIAN_POINT('',(2.913156735682,-9.9));
#900 = CARTESIAN_POINT('',(2.913156735682,-2.4999994));
#901 = ( GEOMETRIC_REPRESENTATION_CONTEXT(2) 
PARAMETRIC_REPRESENTATION_CONTEXT() REPRESENTATION_CONTEXT('2D SPACE',''
  ) );
#902 = ORIENTED_EDGE('',*,*,#903,.F.);
#903 = EDGE_CURVE('',#904,#878,#906,.T.);
#904 = VERTEX_POINT('',#905);
#905 = CARTESIAN_POINT('',(21.453103229652,-97.67171730761,17.5));
#906 = SURFACE_CURVE('',#907,(#912,#919),.PCURVE_S1.);
#907 = CIRCLE('',#908,100.);
#908 = AXIS2_PLACEMENT_3D('',#909,#910,#911);
#909 = CARTESIAN_POINT('',(0.,0.,17.5));
#910 = DIRECTION('',(0.,0.,1.));
#911 = DIRECTION('',(1.,0.,-0.));
#912 = PCURVE('',#31,#913);
#913 = DEFINITIONAL_REPRESENTATION('',(#914),#918);
#914 = LINE('',#915,#916);
#915 = CARTESIAN_POINT('',(0.,17.5));
#916 = VECTOR('',#917,1.);
#917 = DIRECTION('',(1.,0.));
#918 = ( GEOMETRIC_REPRESENTATION_CONTEXT(2) 
PARAMETRIC_REPRESENTATION_CONTEXT() REPRESENTATION_CONTEXT('2D SPACE',''
  ) );
#919 = PCURVE('',#920,#925);
#920 = CONICAL_SURFACE('',#921,100.,0.785398163397);
#921 = AXIS2_PLACEMENT_3D('',#922,#923,#924);
#922 = CARTESIAN_POINT('',(0.,0.,17.5));
#923 = DIRECTION('',(-0.,-0.,-1.));
#924 = DIRECTION('',(1.,0.,0.));
#925 = DEFINITIONAL_REPRESENTATION('',(#926),#930);
#926 = LINE('',#927,#928);
#927 = CARTESIAN_POINT('',(-0.,-0.));
#928 = VECTOR('',#929,1.);
#929 = DIRECTION('',(-1.,-0.));
#930 = ( GEOMETRIC_REPRESENTATION_CONTEXT(2) 
PARAMETRIC_REPRESENTATION_CONTEXT() REPRESENTATION_CONTEXT('2D SPACE',''
  ) );
#931 = ORIENTED_EDGE('',*,*,#932,.F.);
#932 = EDGE_CURVE('',#933,#904,#935,.T.);
#933 = VERTEX_POINT('',#934);
#934 = CARTESIAN_POINT('',(21.453103229652,-97.67171730761,11.));
#935 = SURFACE_CURVE('',#936,(#940,#946),.PCURVE_S1.);
#936 = LINE('',#937,#938);
#937 = CARTESIAN_POINT('',(21.453103229652,-97.67171730761,0.));
#938 = VECTOR('',#939,1.);
#939 = DIRECTION('',(0.,0.,1.));
#940 = PCURVE('',#31,#941);
#941 = DEFINITIONAL_REPRESENTATION('',(#942),#945);
#942 = B_SPLINE_CURVE_WITH_KNOTS('',1,(#943,#944),.UNSPECIFIED.,.F.,.F.,
  (2,2),(10.1,17.5000006),.PIECEWISE_BEZIER_KNOTS.);
#943 = CARTESIAN_POINT('',(4.928600638007,10.1));
#944 = CARTESIAN_POINT('',(4.928600638007,17.5000006));
#945 = ( GEOMETRIC_REPRESENTATION_CONTEXT(2) 
PARAMETRIC_REPRESENTATION_CONTEXT() REPRESENTATION_CONTEXT('2D SPACE',''
  ) );
#946 = PCURVE('',#947,#952);
#947 = PLANE('',#948);
#948 = AXIS2_PLACEMENT_3D('',#949,#950,#951);
#949 = CARTESIAN_POINT('',(20.947238871243,-94.80281796857,20.));
#950 = DIRECTION('',(-0.984807753012,-0.173648177667,0.));
#951 = DIRECTION('',(0.173648177667,-0.984807753012,0.));
#952 = DEFINITIONAL_REPRESENTATION('',(#953),#956);
#953 = B_SPLINE_CURVE_WITH_KNOTS('',1,(#954,#955),.UNSPECIFIED.,.F.,.F.,
  (2,2),(10.1,17.5000006),.PIECEWISE_BEZIER_KNOTS.);
#954 = CARTESIAN_POINT('',(2.913156735682,-9.9));
#955 = CARTESIAN_POINT('',(2.913156735682,-2.4999994));
#956 = ( GEOMETRIC_REPRESENTATION_CONTEXT(2) 
PARAMETRIC_REPRESENTATION_CONTEXT() REPRESENTATION_CONTEXT('2D SPACE',''
  ) );
#957 = ORIENTED_EDGE('',*,*,#958,.F.);
#958 = EDGE_CURVE('',#959,#933,#961,.T.);
#959 = VERTEX_POINT('',#960);
#960 = CARTESIAN_POINT('',(13.246371954551,-99.11878545483,11.));
#961 = SURFACE_CURVE('',#962,(#967,#974),.PCURVE_S1.);
#962 = CIRCLE('',#963,100.);
#963 = AXIS2_PLACEMENT_3D('',#964,#965,#966);
#964 = CARTESIAN_POINT('',(0.,0.,11.));
#965 = DIRECTION('',(0.,0.,1.));
#966 = DIRECTION('',(1.,0.,-0.));
#967 = PCURVE('',#31,#968);
#968 = DEFINITIONAL_REPRESENTATION('',(#969),#973);
#969 = LINE('',#970,#971);
#970 = CARTESIAN_POINT('',(0.,11.));
#971 = VECTOR('',#972,1.);
#972 = DIRECTION('',(1.,0.));
#973 = ( GEOMETRIC_REPRESENTATION_CONTEXT(2) 
PARAMETRIC_REPRESENTATION_CONTEXT() REPRESENTATION_CONTEXT('2D SPACE',''
  ) );
#974 = PCURVE('',#975,#980);
#975 = PLANE('',#976);
#976 = AXIS2_PLACEMENT_3D('',#977,#978,#979);
#977 = CARTESIAN_POINT('',(17.364817766693,-98.48077530122,11.));
#978 = DIRECTION('',(0.,0.,1.));
#979 = DIRECTION('',(0.173648177667,-0.984807753012,0.));
#980 = DEFINITIONAL_REPRESENTATION('',(#981),#985);
#981 = CIRCLE('',#982,100.);
#982 = AXIS2_PLACEMENT_2D('',#983,#984);
#983 = CARTESIAN_POINT('',(-100.,1.162125494195E-15));
#984 = DIRECTION('',(0.173648177667,0.984807753012));
#985 = ( GEOMETRIC_REPRESENTATION_CONTEXT(2) 
PARAMETRIC_REPRESENTATION_CONTEXT() REPRESENTATION_CONTEXT('2D SPACE',''
  ) );
#986 = ORIENTED_EDGE('',*,*,#987,.T.);
#987 = EDGE_CURVE('',#959,#988,#990,.T.);
#988 = VERTEX_POINT('',#989);
#989 = CARTESIAN_POINT('',(13.246371954551,-99.11878545483,17.5));
#990 = SURFACE_CURVE('',#991,(#995,#1001),.PCURVE_S1.);
#991 = LINE('',#992,#993);
#992 = CARTESIAN_POINT('',(13.246371954551,-99.11878545483,0.));
#993 = VECTOR('',#994,1.);
#994 = DIRECTION('',(0.,0.,1.));
#995 = PCURVE('',#31,#996);
#996 = DEFINITIONAL_REPRESENTATION('',(#997),#1000);
#997 = B_SPLINE_CURVE_WITH_KNOTS('',1,(#998,#999),.UNSPECIFIED.,.F.,.F.,
  (2,2),(10.1,17.5000006),.PIECEWISE_BEZIER_KNOTS.);
#998 = CARTESIAN_POINT('',(4.845243173162,10.1));
#999 = CARTESIAN_POINT('',(4.845243173162,17.5000006));
#1000 = ( GEOMETRIC_REPRESENTATION_CONTEXT(2) 
PARAMETRIC_REPRESENTATION_CONTEXT() REPRESENTATION_CONTEXT('2D SPACE',''
  ) );
#1001 = PCURVE('',#1002,#1007);
#1002 = PLANE('',#1003);
#1003 = AXIS2_PLACEMENT_3D('',#1004,#1005,#1006);
#1004 = CARTESIAN_POINT('',(12.740507596141,-96.24988611579,20.));
#1005 = DIRECTION('',(-0.984807753012,-0.173648177667,0.));
#1006 = DIRECTION('',(0.173648177667,-0.984807753012,0.));
#1007 = DEFINITIONAL_REPRESENTATION('',(#1008),#1011);
#1008 = B_SPLINE_CURVE_WITH_KNOTS('',1,(#1009,#1010),.UNSPECIFIED.,.F.,
  .F.,(2,2),(10.1,17.5000006),.PIECEWISE_BEZIER_KNOTS.);
#1009 = CARTESIAN_POINT('',(2.913156735682,-9.9));
#1010 = CARTESIAN_POINT('',(2.913156735682,-2.4999994));
#1011 = ( GEOMETRIC_REPRESENTATION_CONTEXT(2) 
PARAMETRIC_REPRESENTATION_CONTEXT() REPRESENTATION_CONTEXT('2D SPACE',''
  ) );
#1012 = ORIENTED_EDGE('',*,*,#1013,.F.);
#1013 = EDGE_CURVE('',#1014,#988,#1016,.T.);
#1014 = VERTEX_POINT('',#1015);
#1015 = CARTESIAN_POINT('',(4.166666666667,-99.91315673568,17.5));
#1016 = SURFACE_CURVE('',#1017,(#1022,#1029),.PCURVE_S1.);
#1017 = CIRCLE('',#1018,100.);
#1018 = AXIS2_PLACEMENT_3D('',#1019,#1020,#1021);
#1019 = CARTESIAN_POINT('',(0.,0.,17.5));
#1020 = DIRECTION('',(0.,0.,1.));
#1021 = DIRECTION('',(1.,0.,-0.));
#1022 = PCURVE('',#31,#1023);
#1023 = DEFINITIONAL_REPRESENTATION('',(#1024),#1028);
#1024 = LINE('',#1025,#1026);
#1025 = CARTESIAN_POINT('',(0.,17.5));
#1026 = VECTOR('',#1027,1.);
#1027 = DIRECTION('',(1.,0.));
#1028 = ( GEOMETRIC_REPRESENTATION_CONTEXT(2) 
PARAMETRIC_REPRESENTATION_CONTEXT() REPRESENTATION_CONTEXT('2D SPACE',''
  ) );
#1029 = PCURVE('',#1030,#1035);
#1030 = CONICAL_SURFACE('',#1031,100.,0.785398163397);
#1031 = AXIS2_PLACEMENT_3D('',#1032,#1033,#1034);
#1032 = CARTESIAN_POINT('',(0.,0.,17.5));
#1033 = DIRECTION('',(-0.,-0.,-1.));
#1034 = DIRECTION('',(1.,0.,0.));
#1035 = DEFINITIONAL_REPRESENTATION('',(#1036),#1040);
#1036 = LINE('',#1037,#1038);
#1037 = CARTESIAN_POINT('',(-0.,-0.));
#1038 = VECTOR('',#1039,1.);
#1039 = DIRECTION('',(-1.,-0.));
#1040 = ( GEOMETRIC_REPRESENTATION_CONTEXT(2) 
PARAMETRIC_REPRESENTATION_CONTEXT() REPRESENTATION_CONTEXT('2D SPACE',''
  ) );
#1041 = ORIENTED_EDGE('',*,*,#1042,.F.);
#1042 = EDGE_CURVE('',#1043,#1014,#1045,.T.);
#1043 = VERTEX_POINT('',#1044);
#1044 = CARTESIAN_POINT('',(4.166666666667,-99.91315673568,11.));
#1045 = SURFACE_CURVE('',#1046,(#1050,#1056),.PCURVE_S1.);
#1046 = LINE('',#1047,#1048);
#1047 = CARTESIAN_POINT('',(4.166666666667,-99.91315673568,0.));
#1048 = VECTOR('',#1049,1.);
#1049 = DIRECTION('',(0.,0.,1.));
#1050 = PCURVE('',#31,#1051);
#1051 = DEFINITIONAL_REPRESENTATION('',(#1052),#1055);
#1052 = B_SPLINE_CURVE_WITH_KNOTS('',1,(#1053,#1054),.UNSPECIFIED.,.F.,
  .F.,(2,2),(10.1,17.5000006),.PIECEWISE_BEZIER_KNOTS.);
#1053 = CARTESIAN_POINT('',(4.754067712807,10.1));
#1054 = CARTESIAN_POINT('',(4.754067712807,17.5000006));
#1055 = ( GEOMETRIC_REPRESENTATION_CONTEXT(2) 
PARAMETRIC_REPRESENTATION_CONTEXT() REPRESENTATION_CONTEXT('2D SPACE',''
  ) );
#1056 = PCURVE('',#1057,#1062);
#1057 = PLANE('',#1058);
#1058 = AXIS2_PLACEMENT_3D('',#1059,#1060,#1061);
#1059 = CARTESIAN_POINT('',(4.166666666667,-97.,20.));
#1060 = DIRECTION('',(-1.,2.22044604925E-16,0.));
#1061 = DIRECTION('',(-2.22044604925E-16,-1.,0.));
#1062 = DEFINITIONAL_REPRESENTATION('',(#1063),#1066);
#1063 = B_SPLINE_CURVE_WITH_KNOTS('',1,(#1064,#1065),.UNSPECIFIED.,.F.,
  .F.,(2,2),(10.1,17.5000006),.PIECEWISE_BEZIER_KNOTS.);
#1064 = CARTESIAN_POINT('',(2.913156735682,-9.9));
#1065 = CARTESIAN_POINT('',(2.913156735682,-2.4999994));
#1066 = ( GEOMETRIC_REPRESENTATION_CONTEXT(2) 
PARAMETRIC_REPRESENTATION_CONTEXT() REPRESENTATION_CONTEXT('2D SPACE',''
  ) );
#1067 = ORIENTED_EDGE('',*,*,#1068,.F.);
#1068 = EDGE_CURVE('',#1069,#1043,#1071,.T.);
#1069 = VERTEX_POINT('',#1070);
#1070 = CARTESIAN_POINT('',(-4.166666666667,-99.91315673568,11.));
#1071 = SURFACE_CURVE('',#1072,(#1077,#1084),.PCURVE_S1.);
#1072 = CIRCLE('',#1073,100.);
#1073 = AXIS2_PLACEMENT_3D('',#1074,#1075,#1076);
#1074 = CARTESIAN_POINT('',(0.,0.,11.));
#1075 = DIRECTION('',(0.,0.,1.));
#1076 = DIRECTION('',(1.,0.,-0.));
#1077 = PCURVE('',#31,#1078);
#1078 = DEFINITIONAL_REPRESENTATION('',(#1079),#1083);
#1079 = LINE('',#1080,#1081);
#1080 = CARTESIAN_POINT('',(0.,11.));
#1081 = VECTOR('',#1082,1.);
#1082 = DIRECTION('',(1.,0.));
#1083 = ( GEOMETRIC_REPRESENTATION_CONTEXT(2) 
PARAMETRIC_REPRESENTATION_CONTEXT() REPRESENTATION_CONTEXT('2D SPACE',''
  ) );
#1084 = PCURVE('',#1085,#1090);
#1085 = PLANE('',#1086);
#1086 = AXIS2_PLACEMENT_3D('',#1087,#1088,#1089);
#1087 = CARTESIAN_POINT('',(-2.22044604925E-14,-100.,11.));
#1088 = DIRECTION('',(0.,0.,1.));
#1089 = DIRECTION('',(-2.22044604925E-16,-1.,0.));
#1090 = DEFINITIONAL_REPRESENTATION('',(#1091),#1095);
#1091 = CIRCLE('',#1092,100.);
#1092 = AXIS2_PLACEMENT_2D('',#1093,#1094);
#1093 = CARTESIAN_POINT('',(-100.,0.));
#1094 = DIRECTION('',(-2.22044604925E-16,1.));
#1095 = ( GEOMETRIC_REPRESENTATION_CONTEXT(2) 
PARAMETRIC_REPRESENTATION_CONTEXT() REPRESENTATION_CONTEXT('2D SPACE',''
  ) );
#1096 = ORIENTED_EDGE('',*,*,#1097,.T.);
#1097 = EDGE_CURVE('',#1069,#1098,#1100,.T.);
#1098 = VERTEX_POINT('',#1099);
#1099 = CARTESIAN_POINT('',(-4.166666666667,-99.91315673568,17.5));
#1100 = SURFACE_CURVE('',#1101,(#1105,#1111),.PCURVE_S1.);
#1101 = LINE('',#1102,#1103);
#1102 = CARTESIAN_POINT('',(-4.166666666667,-99.91315673568,0.));
#1103 = VECTOR('',#1104,1.);
#1104 = DIRECTION('',(0.,0.,1.));
#1105 = PCURVE('',#31,#1106);
#1106 = DEFINITIONAL_REPRESENTATION('',(#1107),#1110);
#1107 = B_SPLINE_CURVE_WITH_KNOTS('',1,(#1108,#1109),.UNSPECIFIED.,.F.,
  .F.,(2,2),(10.1,17.5000006),.PIECEWISE_BEZIER_KNOTS.);
#1108 = CARTESIAN_POINT('',(4.670710247962,10.1));
#1109 = CARTESIAN_POINT('',(4.670710247962,17.5000006));
#1110 = ( GEOMETRIC_REPRESENTATION_CONTEXT(2) 
PARAMETRIC_REPRESENTATION_CONTEXT() REPRESENTATION_CONTEXT('2D SPACE',''
  ) );
#1111 = PCURVE('',#1112,#1117);
#1112 = PLANE('',#1113);
#1113 = AXIS2_PLACEMENT_3D('',#1114,#1115,#1116);
#1114 = CARTESIAN_POINT('',(-4.166666666667,-97.,20.));
#1115 = DIRECTION('',(-1.,2.22044604925E-16,0.));
#1116 = DIRECTION('',(-2.22044604925E-16,-1.,0.));
#1117 = DEFINITIONAL_REPRESENTATION('',(#1118),#1121);
#1118 = B_SPLINE_CURVE_WITH_KNOTS('',1,(#1119,#1120),.UNSPECIFIED.,.F.,
  .F.,(2,2),(10.1,17.5000006),.PIECEWISE_BEZIER_KNOTS.);
#1119 = CARTESIAN_POINT('',(2.913156735682,-9.9));
#1120 = CARTESIAN_POINT('',(2.913156735682,-2.4999994));
#1121 = ( GEOMETRIC_REPRESENTATION_CONTEXT(2) 
PARAMETRIC_REPRESENTATION_CONTEXT() REPRESENTATION_CONTEXT('2D SPACE',''
  ) );
#1122 = ORIENTED_EDGE('',*,*,#1123,.F.);
#1123 = EDGE_CURVE('',#1124,#1098,#1126,.T.);
#1124 = VERTEX_POINT('',#1125);
#1125 = CARTESIAN_POINT('',(-13.24637195455,-99.11878545483,17.5));
#1126 = SURFACE_CURVE('',#1127,(#1132,#1139),.PCURVE_S1.);
#1127 = CIRCLE('',#1128,100.);
#1128 = AXIS2_PLACEMENT_3D('',#1129,#1130,#1131);
#1129 = CARTESIAN_POINT('',(0.,0.,17.5));
#1130 = DIRECTION('',(0.,0.,1.));
#1131 = DIRECTION('',(1.,0.,-0.));
#1132 = PCURVE('',#31,#1133);
#1133 = DEFINITIONAL_REPRESENTATION('',(#1134),#1138);
#1134 = LINE('',#1135,#1136);
#1135 = CARTESIAN_POINT('',(0.,17.5));
#1136 = VECTOR('',#1137,1.);
#1137 = DIRECTION('',(1.,0.));
#1138 = ( GEOMETRIC_REPRESENTATION_CONTEXT(2) 
PARAMETRIC_REPRESENTATION_CONTEXT() REPRESENTATION_CONTEXT('2D SPACE',''
  ) );
#1139 = PCURVE('',#1140,#1145);
#1140 = CONICAL_SURFACE('',#1141,100.,0.785398163397);
#1141 = AXIS2_PLACEMENT_3D('',#1142,#1143,#1144);
#1142 = CARTESIAN_POINT('',(0.,0.,17.5));
#1143 = DIRECTION('',(-0.,-0.,-1.));
#1144 = DIRECTION('',(1.,0.,0.));
#1145 = DEFINITIONAL_REPRESENTATION('',(#1146),#1150);
#1146 = LINE('',#1147,#1148);
#1147 = CARTESIAN_POINT('',(-0.,-0.));
#1148 = VECTOR('',#1149,1.);
#1149 = DIRECTION('',(-1.,-0.));
#1150 = ( GEOMETRIC_REPRESENTATION_CONTEXT(2) 
PARAMETRIC_REPRESENTATION_CONTEXT() REPRESENTATION_CONTEXT('2D SPACE',''
  ) );
#1151 = ORIENTED_EDGE('',*,*,#1152,.F.);
#1152 = EDGE_CURVE('',#1153,#1124,#1155,.T.);
#1153 = VERTEX_POINT('',#1154);
#1154 = CARTESIAN_POINT('',(-13.24637195455,-99.11878545483,11.));
#1155 = SURFACE_CURVE('',#1156,(#1160,#1166),.PCURVE_S1.);
#1156 = LINE('',#1157,#1158);
#1157 = CARTESIAN_POINT('',(-13.24637195455,-99.11878545483,0.));
#1158 = VECTOR('',#1159,1.);
#1159 = DIRECTION('',(0.,0.,1.));
#1160 = PCURVE('',#31,#1161);
#1161 = DEFINITIONAL_REPRESENTATION('',(#1162),#1165);
#1162 = B_SPLINE_CURVE_WITH_KNOTS('',1,(#1163,#1164),.UNSPECIFIED.,.F.,
  .F.,(2,2),(10.1,17.5000006),.PIECEWISE_BEZIER_KNOTS.);
#1163 = CARTESIAN_POINT('',(4.579534787608,10.1));
#1164 = CARTESIAN_POINT('',(4.579534787608,17.5000006));
#1165 = ( GEOMETRIC_REPRESENTATION_CONTEXT(2) 
PARAMETRIC_REPRESENTATION_CONTEXT() REPRESENTATION_CONTEXT('2D SPACE',''
  ) );
#1166 = PCURVE('',#1167,#1172);
#1167 = PLANE('',#1168);
#1168 = AXIS2_PLACEMENT_3D('',#1169,#1170,#1171);
#1169 = CARTESIAN_POINT('',(-12.74050759614,-96.24988611579,20.));
#1170 = DIRECTION('',(-0.984807753012,0.173648177667,0.));
#1171 = DIRECTION('',(-0.173648177667,-0.984807753012,0.));
#1172 = DEFINITIONAL_REPRESENTATION('',(#1173),#1176);
#1173 = B_SPLINE_CURVE_WITH_KNOTS('',1,(#1174,#1175),.UNSPECIFIED.,.F.,
  .F.,(2,2),(10.1,17.5000006),.PIECEWISE_BEZIER_KNOTS.);
#1174 = CARTESIAN_POINT('',(2.913156735682,-9.9));
#1175 = CARTESIAN_POINT('',(2.913156735682,-2.4999994));
#1176 = ( GEOMETRIC_REPRESENTATION_CONTEXT(2) 
PARAMETRIC_REPRESENTATION_CONTEXT() REPRESENTATION_CONTEXT('2D SPACE',''
  ) );
#1177 = ORIENTED_EDGE('',*,*,#1178,.F.);
#1178 = EDGE_CURVE('',#1179,#1153,#1181,.T.);
#1179 = VERTEX_POINT('',#1180);
#1180 = CARTESIAN_POINT('',(-21.45310322965,-97.67171730761,11.));
#1181 = SURFACE_CURVE('',#1182,(#1187,#1194),.PCURVE_S1.);
#1182 = CIRCLE('',#1183,100.);
#1183 = AXIS2_PLACEMENT_3D('',#1184,#1185,#1186);
#1184 = CARTESIAN_POINT('',(0.,0.,11.));
#1185 = DIRECTION('',(0.,0.,1.));
#1186 = DIRECTION('',(1.,0.,-0.));
#1187 = PCURVE('',#31,#1188);
#1188 = DEFINITIONAL_REPRESENTATION('',(#1189),#1193);
#1189 = LINE('',#1190,#1191);
#1190 = CARTESIAN_POINT('',(0.,11.));
#1191 = VECTOR('',#1192,1.);
#1192 = DIRECTION('',(1.,0.));
#1193 = ( GEOMETRIC_REPRESENTATION_CONTEXT(2) 
PARAMETRIC_REPRESENTATION_CONTEXT() REPRESENTATION_CONTEXT('2D SPACE',''
  ) );
#1194 = PCURVE('',#1195,#1200);
#1195 = PLANE('',#1196);
#1196 = AXIS2_PLACEMENT_3D('',#1197,#1198,#1199);
#1197 = CARTESIAN_POINT('',(-17.36481776669,-98.48077530122,11.));
#1198 = DIRECTION('',(0.,0.,1.));
#1199 = DIRECTION('',(-0.173648177667,-0.984807753012,0.));
#1200 = DEFINITIONAL_REPRESENTATION('',(#1201),#1205);
#1201 = CIRCLE('',#1202,100.);
#1202 = AXIS2_PLACEMENT_2D('',#1203,#1204);
#1203 = CARTESIAN_POINT('',(-100.,-1.647888827362E-15));
#1204 = DIRECTION('',(-0.173648177667,0.984807753012));
#1205 = ( GEOMETRIC_REPRESENTATION_CONTEXT(2) 
PARAMETRIC_REPRESENTATION_CONTEXT() REPRESENTATION_CONTEXT('2D SPACE',''
  ) );
#1206 = ORIENTED_EDGE('',*,*,#1207,.T.);
#1207 = EDGE_CURVE('',#1179,#1208,#1210,.T.);
#1208 = VERTEX_POINT('',#1209);
#1209 = CARTESIAN_POINT('',(-21.45310322965,-97.67171730761,17.5));
#1210 = SURFACE_CURVE('',#1211,(#1215,#1221),.PCURVE_S1.);
#1211 = LINE('',#1212,#1213);
#1212 = CARTESIAN_POINT('',(-21.45310322965,-97.67171730761,0.));
#1213 = VECTOR('',#1214,1.);
#1214 = DIRECTION('',(0.,0.,1.));
#1215 = PCURVE('',#31,#1216);
#1216 = DEFINITIONAL_REPRESENTATION('',(#1217),#1220);
#1217 = B_SPLINE_CURVE_WITH_KNOTS('',1,(#1218,#1219),.UNSPECIFIED.,.F.,
  .F.,(2,2),(10.1,17.5000006),.PIECEWISE_BEZIER_KNOTS.);
#1218 = CARTESIAN_POINT('',(4.496177322763,10.1));
#1219 = CARTESIAN_POINT('',(4.496177322763,17.5000006));
#1220 = ( GEOMETRIC_REPRESENTATION_CONTEXT(2) 
PARAMETRIC_REPRESENTATION_CONTEXT() REPRESENTATION_CONTEXT('2D SPACE',''
  ) );
#1221 = PCURVE('',#1222,#1227);
#1222 = PLANE('',#1223);
#1223 = AXIS2_PLACEMENT_3D('',#1224,#1225,#1226);
#1224 = CARTESIAN_POINT('',(-20.94723887124,-94.80281796857,20.));
#1225 = DIRECTION('',(-0.984807753012,0.173648177667,0.));
#1226 = DIRECTION('',(-0.173648177667,-0.984807753012,0.));
#1227 = DEFINITIONAL_REPRESENTATION('',(#1228),#1231);
#1228 = B_SPLINE_CURVE_WITH_KNOTS('',1,(#1229,#1230),.UNSPECIFIED.,.F.,
  .F.,(2,2),(10.1,17.5000006),.PIECEWISE_BEZIER_KNOTS.);
#1229 = CARTESIAN_POINT('',(2.913156735682,-9.9));
#1230 = CARTESIAN_POINT('',(2.913156735682,-2.4999994));
#1231 = ( GEOMETRIC_REPRESENTATION_CONTEXT(2) 
PARAMETRIC_REPRESENTATION_CONTEXT() REPRESENTATION_CONTEXT('2D SPACE',''
  ) );
#1232 = ORIENTED_EDGE('',*,*,#1233,.F.);
#1233 = EDGE_CURVE('',#1234,#1208,#1236,.T.);
#1234 = VERTEX_POINT('',#1235);
#1235 = CARTESIAN_POINT('',(-30.25692626691,-95.31274003447,17.5));
#1236 = SURFACE_CURVE('',#1237,(#1242,#1249),.PCURVE_S1.);
#1237 = CIRCLE('',#1238,100.);
#1238 = AXIS2_PLACEMENT_3D('',#1239,#1240,#1241);
#1239 = CARTESIAN_POINT('',(0.,0.,17.5));
#1240 = DIRECTION('',(0.,0.,1.));
#1241 = DIRECTION('',(1.,0.,-0.));
#1242 = PCURVE('',#31,#1243);
#1243 = DEFINITIONAL_REPRESENTATION('',(#1244),#1248);
#1244 = LINE('',#1245,#1246);
#1245 = CARTESIAN_POINT('',(0.,17.5));
#1246 = VECTOR('',#1247,1.);
#1247 = DIRECTION('',(1.,0.));
#1248 = ( GEOMETRIC_REPRESENTATION_CONTEXT(2) 
PARAMETRIC_REPRESENTATION_CONTEXT() REPRESENTATION_CONTEXT('2D SPACE',''
  ) );
#1249 = PCURVE('',#1250,#1255);
#1250 = CONICAL_SURFACE('',#1251,100.,0.785398163397);
#1251 = AXIS2_PLACEMENT_3D('',#1252,#1253,#1254);
#1252 = CARTESIAN_POINT('',(0.,0.,17.5));
#1253 = DIRECTION('',(-0.,-0.,-1.));
#1254 = DIRECTION('',(1.,0.,0.));
#1255 = DEFINITIONAL_REPRESENTATION('',(#1256),#1260);
#1256 = LINE('',#1257,#1258);
#1257 = CARTESIAN_POINT('',(-0.,-0.));
#1258 = VECTOR('',#1259,1.);
#1259 = DIRECTION('',(-1.,-0.));
#1260 = ( GEOMETRIC_REPRESENTATION_CONTEXT(2) 
PARAMETRIC_REPRESENTATION_CONTEXT() REPRESENTATION_CONTEXT('2D SPACE',''
  ) );
#1261 = ORIENTED_EDGE('',*,*,#1262,.F.);
#1262 = EDGE_CURVE('',#1263,#1234,#1265,.T.);
#1263 = VERTEX_POINT('',#1264);
#1264 = CARTESIAN_POINT('',(-30.25692626691,-95.31274003447,11.));
#1265 = SURFACE_CURVE('',#1266,(#1270,#1276),.PCURVE_S1.);
#1266 = LINE('',#1267,#1268);
#1267 = CARTESIAN_POINT('',(-30.25692626691,-95.31274003447,0.));
#1268 = VECTOR('',#1269,1.);
#1269 = DIRECTION('',(0.,0.,1.));
#1270 = PCURVE('',#31,#1271);
#1271 = DEFINITIONAL_REPRESENTATION('',(#1272),#1275);
#1272 = B_SPLINE_CURVE_WITH_KNOTS('',1,(#1273,#1274),.UNSPECIFIED.,.F.,
  .F.,(2,2),(10.1,17.5000006),.PIECEWISE_BEZIER_KNOTS.);
#1273 = CARTESIAN_POINT('',(4.405001862408,10.1));
#1274 = CARTESIAN_POINT('',(4.405001862408,17.5000006));
#1275 = ( GEOMETRIC_REPRESENTATION_CONTEXT(2) 
PARAMETRIC_REPRESENTATION_CONTEXT() REPRESENTATION_CONTEXT('2D SPACE',''
  ) );
#1276 = PCURVE('',#1277,#1282);
#1277 = PLANE('',#1278);
#1278 = AXIS2_PLACEMENT_3D('',#1279,#1280,#1281);
#1279 = CARTESIAN_POINT('',(-29.26056798264,-92.57526814675,20.));
#1280 = DIRECTION('',(-0.939692620786,0.342020143326,0.));
#1281 = DIRECTION('',(-0.342020143326,-0.939692620786,0.));
#1282 = DEFINITIONAL_REPRESENTATION('',(#1283),#1286);
#1283 = B_SPLINE_CURVE_WITH_KNOTS('',1,(#1284,#1285),.UNSPECIFIED.,.F.,
  .F.,(2,2),(10.1,17.5000006),.PIECEWISE_BEZIER_KNOTS.);
#1284 = CARTESIAN_POINT('',(2.913156735682,-9.9));
#1285 = CARTESIAN_POINT('',(2.913156735682,-2.4999994));
#1286 = ( GEOMETRIC_REPRESENTATION_CONTEXT(2) 
PARAMETRIC_REPRESENTATION_CONTEXT() REPRESENTATION_CONTEXT('2D SPACE',''
  ) );
#1287 = ORIENTED_EDGE('',*,*,#1288,.F.);
#1288 = EDGE_CURVE('',#1289,#1263,#1291,.T.);
#1289 = VERTEX_POINT('',#1290);
#1290 = CARTESIAN_POINT('',(-38.08769810679,-92.46257217342,11.));
#1291 = SURFACE_CURVE('',#1292,(#1297,#1304),.PCURVE_S1.);
#1292 = CIRCLE('',#1293,100.);
#1293 = AXIS2_PLACEMENT_3D('',#1294,#1295,#1296);
#1294 = CARTESIAN_POINT('',(0.,0.,11.));
#1295 = DIRECTION('',(0.,0.,1.));
#1296 = DIRECTION('',(1.,0.,-0.));
#1297 = PCURVE('',#31,#1298);
#1298 = DEFINITIONAL_REPRESENTATION('',(#1299),#1303);
#1299 = LINE('',#1300,#1301);
#1300 = CARTESIAN_POINT('',(0.,11.));
#1301 = VECTOR('',#1302,1.);
#1302 = DIRECTION('',(1.,0.));
#1303 = ( GEOMETRIC_REPRESENTATION_CONTEXT(2) 
PARAMETRIC_REPRESENTATION_CONTEXT() REPRESENTATION_CONTEXT('2D SPACE',''
  ) );
#1304 = PCURVE('',#1305,#1310);
#1305 = PLANE('',#1306);
#1306 = AXIS2_PLACEMENT_3D('',#1307,#1308,#1309);
#1307 = CARTESIAN_POINT('',(-34.20201433256,-93.96926207859,11.));
#1308 = DIRECTION('',(0.,0.,1.));
#1309 = DIRECTION('',(-0.342020143326,-0.939692620786,0.));
#1310 = DEFINITIONAL_REPRESENTATION('',(#1311),#1315);
#1311 = CIRCLE('',#1312,100.);
#1312 = AXIS2_PLACEMENT_2D('',#1313,#1314);
#1313 = CARTESIAN_POINT('',(-100.,4.810974060481E-15));
#1314 = DIRECTION('',(-0.342020143326,0.939692620786));
#1315 = ( GEOMETRIC_REPRESENTATION_CONTEXT(2) 
PARAMETRIC_REPRESENTATION_CONTEXT() REPRESENTATION_CONTEXT('2D SPACE',''
  ) );
#1316 = ORIENTED_EDGE('',*,*,#1317,.T.);
#1317 = EDGE_CURVE('',#1289,#1318,#1320,.T.);
#1318 = VERTEX_POINT('',#1319);
#1319 = CARTESIAN_POINT('',(-38.08769810679,-92.46257217342,17.5));
#1320 = SURFACE_CURVE('',#1321,(#1325,#1331),.PCURVE_S1.);
#1321 = LINE('',#1322,#1323);
#1322 = CARTESIAN_POINT('',(-38.08769810679,-92.46257217342,0.));
#1323 = VECTOR('',#1324,1.);
#1324 = DIRECTION('',(0.,0.,1.));
#1325 = PCURVE('',#31,#1326);
#1326 = DEFINITIONAL_REPRESENTATION('',(#1327),#1330);
#1327 = B_SPLINE_CURVE_WITH_KNOTS('',1,(#1328,#1329),.UNSPECIFIED.,.F.,
  .F.,(2,2),(10.1,17.5000006),.PIECEWISE_BEZIER_KNOTS.);
#1328 = CARTESIAN_POINT('',(4.321644397563,10.1));
#1329 = CARTESIAN_POINT('',(4.321644397563,17.5000006));
#1330 = ( GEOMETRIC_REPRESENTATION_CONTEXT(2) 
PARAMETRIC_REPRESENTATION_CONTEXT() REPRESENTATION_CONTEXT('2D SPACE',''
  ) );
#1331 = PCURVE('',#1332,#1337);
#1332 = PLANE('',#1333);
#1333 = AXIS2_PLACEMENT_3D('',#1334,#1335,#1336);
#1334 = CARTESIAN_POINT('',(-37.09133982253,-89.72510028571,20.));
#1335 = DIRECTION('',(-0.939692620786,0.342020143326,0.));
#1336 = DIRECTION('',(-0.342020143326,-0.939692620786,0.));
#1337 = DEFINITIONAL_REPRESENTATION('',(#1338),#1341);
#1338 = B_SPLINE_CURVE_WITH_KNOTS('',1,(#1339,#1340),.UNSPECIFIED.,.F.,
  .F.,(2,2),(10.1,17.5000006),.PIECEWISE_BEZIER_KNOTS.);
#1339 = CARTESIAN_POINT('',(2.913156735682,-9.9));
#1340 = CARTESIAN_POINT('',(2.913156735682,-2.4999994));
#1341 = ( GEOMETRIC_REPRESENTATION_CONTEXT(2) 
PARAMETRIC_REPRESENTATION_CONTEXT() REPRESENTATION_CONTEXT('2D SPACE',''
  ) );
#1342 = ORIENTED_EDGE('',*,*,#1343,.F.);
#1343 = EDGE_CURVE('',#1344,#1318,#1346,.T.);
#1344 = VERTEX_POINT('',#1345);
#1345 = CARTESIAN_POINT('',(-46.3481391854,-88.61066523873,17.5));
#1346 = SURFACE_CURVE('',#1347,(#1352,#1359),.PCURVE_S1.);
#1347 = CIRCLE('',#1348,100.);
#1348 = AXIS2_PLACEMENT_3D('',#1349,#1350,#1351);
#1349 = CARTESIAN_POINT('',(0.,0.,17.5));
#1350 = DIRECTION('',(0.,0.,1.));
#1351 = DIRECTION('',(1.,0.,-0.));
#1352 = PCURVE('',#31,#1353);
#1353 = DEFINITIONAL_REPRESENTATION('',(#1354),#1358);
#1354 = LINE('',#1355,#1356);
#1355 = CARTESIAN_POINT('',(0.,17.5));
#1356 = VECTOR('',#1357,1.);
#1357 = DIRECTION('',(1.,0.));
#1358 = ( GEOMETRIC_REPRESENTATION_CONTEXT(2) 
PARAMETRIC_REPRESENTATION_CONTEXT() REPRESENTATION_CONTEXT('2D SPACE',''
  ) );
#1359 = PCURVE('',#1360,#1365);
#1360 = CONICAL_SURFACE('',#1361,100.,0.785398163397);
#1361 = AXIS2_PLACEMENT_3D('',#1362,#1363,#1364);
#1362 = CARTESIAN_POINT('',(0.,0.,17.5));
#1363 = DIRECTION('',(-0.,-0.,-1.));
#1364 = DIRECTION('',(1.,0.,0.));
#1365 = DEFINITIONAL_REPRESENTATION('',(#1366),#1370);
#1366 = LINE('',#1367,#1368);
#1367 = CARTESIAN_POINT('',(-0.,-0.));
#1368 = VECTOR('',#1369,1.);
#1369 = DIRECTION('',(-1.,-0.));
#1370 = ( GEOMETRIC_REPRESENTATION_CONTEXT(2) 
PARAMETRIC_REPRESENTATION_CONTEXT() REPRESENTATION_CONTEXT('2D SPACE',''
  ) );
#1371 = ORIENTED_EDGE('',*,*,#1372,.F.);
#1372 = EDGE_CURVE('',#1373,#1344,#1375,.T.);
#1373 = VERTEX_POINT('',#1374);
#1374 = CARTESIAN_POINT('',(-46.3481391854,-88.61066523873,11.));
#1375 = SURFACE_CURVE('',#1376,(#1380,#1386),.PCURVE_S1.);
#1376 = LINE('',#1377,#1378);
#1377 = CARTESIAN_POINT('',(-46.3481391854,-88.61066523873,0.));
#1378 = VECTOR('',#1379,1.);
#1379 = DIRECTION('',(0.,0.,1.));
#1380 = PCURVE('',#31,#1381);
#1381 = DEFINITIONAL_REPRESENTATION('',(#1382),#1385);
#1382 = B_SPLINE_CURVE_WITH_KNOTS('',1,(#1383,#1384),.UNSPECIFIED.,.F.,
  .F.,(2,2),(10.1,17.5000006),.PIECEWISE_BEZIER_KNOTS.);
#1383 = CARTESIAN_POINT('',(4.230468937209,10.1));
#1384 = CARTESIAN_POINT('',(4.230468937209,17.5000006));
#1385 = ( GEOMETRIC_REPRESENTATION_CONTEXT(2) 
PARAMETRIC_REPRESENTATION_CONTEXT() REPRESENTATION_CONTEXT('2D SPACE',''
  ) );
#1386 = PCURVE('',#1387,#1392);
#1387 = PLANE('',#1388);
#1388 = AXIS2_PLACEMENT_3D('',#1389,#1390,#1391);
#1389 = CARTESIAN_POINT('',(-44.89156081756,-86.08779750042,20.));
#1390 = DIRECTION('',(-0.866025403784,0.5,0.));
#1391 = DIRECTION('',(-0.5,-0.866025403784,0.));
#1392 = DEFINITIONAL_REPRESENTATION('',(#1393),#1396);
#1393 = B_SPLINE_CURVE_WITH_KNOTS('',1,(#1394,#1395),.UNSPECIFIED.,.F.,
  .F.,(2,2),(10.1,17.5000006),.PIECEWISE_BEZIER_KNOTS.);
#1394 = CARTESIAN_POINT('',(2.913156735682,-9.9));
#1395 = CARTESIAN_POINT('',(2.913156735682,-2.4999994));
#1396 = ( GEOMETRIC_REPRESENTATION_CONTEXT(2) 
PARAMETRIC_REPRESENTATION_CONTEXT() REPRESENTATION_CONTEXT('2D SPACE',''
  ) );
#1397 = ORIENTED_EDGE('',*,*,#1398,.F.);
#1398 = EDGE_CURVE('',#1399,#1373,#1401,.T.);
#1399 = VERTEX_POINT('',#1400);
#1400 = CARTESIAN_POINT('',(-53.56501755027,-84.44399857206,11.));
#1401 = SURFACE_CURVE('',#1402,(#1407,#1414),.PCURVE_S1.);
#1402 = CIRCLE('',#1403,100.);
#1403 = AXIS2_PLACEMENT_3D('',#1404,#1405,#1406);
#1404 = CARTESIAN_POINT('',(0.,0.,11.));
#1405 = DIRECTION('',(0.,0.,1.));
#1406 = DIRECTION('',(1.,0.,-0.));
#1407 = PCURVE('',#31,#1408);
#1408 = DEFINITIONAL_REPRESENTATION('',(#1409),#1413);
#1409 = LINE('',#1410,#1411);
#1410 = CARTESIAN_POINT('',(0.,11.));
#1411 = VECTOR('',#1412,1.);
#1412 = DIRECTION('',(1.,0.));
#1413 = ( GEOMETRIC_REPRESENTATION_CONTEXT(2) 
PARAMETRIC_REPRESENTATION_CONTEXT() REPRESENTATION_CONTEXT('2D SPACE',''
  ) );
#1414 = PCURVE('',#1415,#1420);
#1415 = PLANE('',#1416);
#1416 = AXIS2_PLACEMENT_3D('',#1417,#1418,#1419);
#1417 = CARTESIAN_POINT('',(-50.,-86.60254037844,11.));
#1418 = DIRECTION('',(0.,0.,1.));
#1419 = DIRECTION('',(-0.5,-0.866025403784,0.));
#1420 = DEFINITIONAL_REPRESENTATION('',(#1421),#1425);
#1421 = CIRCLE('',#1422,100.);
#1422 = AXIS2_PLACEMENT_2D('',#1423,#1424);
#1423 = CARTESIAN_POINT('',(-100.,3.17010362996E-15));
#1424 = DIRECTION('',(-0.5,0.866025403784));
#1425 = ( GEOMETRIC_REPRESENTATION_CONTEXT(2) 
PARAMETRIC_REPRESENTATION_CONTEXT() REPRESENTATION_CONTEXT('2D SPACE',''
  ) );
#1426 = ORIENTED_EDGE('',*,*,#1427,.T.);
#1427 = EDGE_CURVE('',#1399,#1428,#1430,.T.);
#1428 = VERTEX_POINT('',#1429);
#1429 = CARTESIAN_POINT('',(-53.56501755027,-84.44399857206,17.5));
#1430 = SURFACE_CURVE('',#1431,(#1435,#1441),.PCURVE_S1.);
#1431 = LINE('',#1432,#1433);
#1432 = CARTESIAN_POINT('',(-53.56501755027,-84.44399857206,0.));
#1433 = VECTOR('',#1434,1.);
#1434 = DIRECTION('',(0.,0.,1.));
#1435 = PCURVE('',#31,#1436);
#1436 = DEFINITIONAL_REPRESENTATION('',(#1437),#1440);
#1437 = B_SPLINE_CURVE_WITH_KNOTS('',1,(#1438,#1439),.UNSPECIFIED.,.F.,
  .F.,(2,2),(10.1,17.5000006),.PIECEWISE_BEZIER_KNOTS.);
#1438 = CARTESIAN_POINT('',(4.147111472364,10.1));
#1439 = CARTESIAN_POINT('',(4.147111472364,17.5000006));
#1440 = ( GEOMETRIC_REPRESENTATION_CONTEXT(2) 
PARAMETRIC_REPRESENTATION_CONTEXT() REPRESENTATION_CONTEXT('2D SPACE',''
  ) );
#1441 = PCURVE('',#1442,#1447);
#1442 = PLANE('',#1443);
#1443 = AXIS2_PLACEMENT_3D('',#1444,#1445,#1446);
#1444 = CARTESIAN_POINT('',(-52.10843918243,-81.92113083375,20.));
#1445 = DIRECTION('',(-0.866025403784,0.5,0.));
#1446 = DIRECTION('',(-0.5,-0.866025403784,0.));
#1447 = DEFINITIONAL_REPRESENTATION('',(#1448),#1451);
#1448 = B_SPLINE_CURVE_WITH_KNOTS('',1,(#1449,#1450),.UNSPECIFIED.,.F.,
  .F.,(2,2),(10.1,17.5000006),.PIECEWISE_BEZIER_KNOTS.);
#1449 = CARTESIAN_POINT('',(2.913156735682,-9.9));
#1450 = CARTESIAN_POINT('',(2.913156735682,-2.4999994));
#1451 = ( GEOMETRIC_REPRESENTATION_CONTEXT(2) 
PARAMETRIC_REPRESENTATION_CONTEXT() REPRESENTATION_CONTEXT('2D SPACE',''
  ) );
#1452 = ORIENTED_EDGE('',*,*,#1453,.F.);
#1453 = EDGE_CURVE('',#1454,#1428,#1456,.T.);
#1454 = VERTEX_POINT('',#1455);
#1455 = CARTESIAN_POINT('',(-61.03108734803,-79.21620021887,17.5));
#1456 = SURFACE_CURVE('',#1457,(#1462,#1469),.PCURVE_S1.);
#1457 = CIRCLE('',#1458,100.);
#1458 = AXIS2_PLACEMENT_3D('',#1459,#1460,#1461);
#1459 = CARTESIAN_POINT('',(0.,0.,17.5));
#1460 = DIRECTION('',(0.,0.,1.));
#1461 = DIRECTION('',(1.,0.,-0.));
#1462 = PCURVE('',#31,#1463);
#1463 = DEFINITIONAL_REPRESENTATION('',(#1464),#1468);
#1464 = LINE('',#1465,#1466);
#1465 = CARTESIAN_POINT('',(0.,17.5));
#1466 = VECTOR('',#1467,1.);
#1467 = DIRECTION('',(1.,0.));
#1468 = ( GEOMETRIC_REPRESENTATION_CONTEXT(2) 
PARAMETRIC_REPRESENTATION_CONTEXT() REPRESENTATION_CONTEXT('2D SPACE',''
  ) );
#1469 = PCURVE('',#1470,#1475);
#1470 = CONICAL_SURFACE('',#1471,100.,0.785398163397);
#1471 = AXIS2_PLACEMENT_3D('',#1472,#1473,#1474);
#1472 = CARTESIAN_POINT('',(0.,0.,17.5));
#1473 = DIRECTION('',(-0.,-0.,-1.));
#1474 = DIRECTION('',(1.,0.,0.));
#1475 = DEFINITIONAL_REPRESENTATION('',(#1476),#1480);
#1476 = LINE('',#1477,#1478);
#1477 = CARTESIAN_POINT('',(-0.,-0.));
#1478 = VECTOR('',#1479,1.);
#1479 = DIRECTION('',(-1.,-0.));
#1480 = ( GEOMETRIC_REPRESENTATION_CONTEXT(2) 
PARAMETRIC_REPRESENTATION_CONTEXT() REPRESENTATION_CONTEXT('2D SPACE',''
  ) );
#1481 = ORIENTED_EDGE('',*,*,#1482,.F.);
#1482 = EDGE_CURVE('',#1483,#1454,#1485,.T.);
#1483 = VERTEX_POINT('',#1484);
#1484 = CARTESIAN_POINT('',(-61.03108734803,-79.21620021887,11.));
#1485 = SURFACE_CURVE('',#1486,(#1490,#1496),.PCURVE_S1.);
#1486 = LINE('',#1487,#1488);
#1487 = CARTESIAN_POINT('',(-61.03108734803,-79.21620021887,0.));
#1488 = VECTOR('',#1489,1.);
#1489 = DIRECTION('',(0.,0.,1.));
#1490 = PCURVE('',#31,#1491);
#1491 = DEFINITIONAL_REPRESENTATION('',(#1492),#1495);
#1492 = B_SPLINE_CURVE_WITH_KNOTS('',1,(#1493,#1494),.UNSPECIFIED.,.F.,
  .F.,(2,2),(10.1,17.5000006),.PIECEWISE_BEZIER_KNOTS.);
#1493 = CARTESIAN_POINT('',(4.05593601201,10.1));
#1494 = CARTESIAN_POINT('',(4.05593601201,17.5000006));
#1495 = ( GEOMETRIC_REPRESENTATION_CONTEXT(2) 
PARAMETRIC_REPRESENTATION_CONTEXT() REPRESENTATION_CONTEXT('2D SPACE',''
  ) );
#1496 = PCURVE('',#1497,#1502);
#1497 = PLANE('',#1498);
#1498 = AXIS2_PLACEMENT_3D('',#1499,#1500,#1501);
#1499 = CARTESIAN_POINT('',(-59.15854629326,-76.98459268956,20.));
#1500 = DIRECTION('',(-0.766044443119,0.642787609687,0.));
#1501 = DIRECTION('',(-0.642787609687,-0.766044443119,0.));
#1502 = DEFINITIONAL_REPRESENTATION('',(#1503),#1506);
#1503 = B_SPLINE_CURVE_WITH_KNOTS('',1,(#1504,#1505),.UNSPECIFIED.,.F.,
  .F.,(2,2),(10.1,17.5000006),.PIECEWISE_BEZIER_KNOTS.);
#1504 = CARTESIAN_POINT('',(2.913156735682,-9.9));
#1505 = CARTESIAN_POINT('',(2.913156735682,-2.4999994));
#1506 = ( GEOMETRIC_REPRESENTATION_CONTEXT(2) 
PARAMETRIC_REPRESENTATION_CONTEXT() REPRESENTATION_CONTEXT('2D SPACE',''
  ) );
#1507 = ORIENTED_EDGE('',*,*,#1508,.F.);
#1508 = EDGE_CURVE('',#1509,#1483,#1511,.T.);
#1509 = VERTEX_POINT('',#1510);
#1510 = CARTESIAN_POINT('',(-67.41479104069,-73.85963680481,11.));
#1511 = SURFACE_CURVE('',#1512,(#1517,#1524),.PCURVE_S1.);
#1512 = CIRCLE('',#1513,100.);
#1513 = AXIS2_PLACEMENT_3D('',#1514,#1515,#1516);
#1514 = CARTESIAN_POINT('',(0.,0.,11.));
#1515 = DIRECTION('',(0.,0.,1.));
#1516 = DIRECTION('',(1.,0.,-0.));
#1517 = PCURVE('',#31,#1518);
#1518 = DEFINITIONAL_REPRESENTATION('',(#1519),#1523);
#1519 = LINE('',#1520,#1521);
#1520 = CARTESIAN_POINT('',(0.,11.));
#1521 = VECTOR('',#1522,1.);
#1522 = DIRECTION('',(1.,0.));
#1523 = ( GEOMETRIC_REPRESENTATION_CONTEXT(2) 
PARAMETRIC_REPRESENTATION_CONTEXT() REPRESENTATION_CONTEXT('2D SPACE',''
  ) );
#1524 = PCURVE('',#1525,#1530);
#1525 = PLANE('',#1526);
#1526 = AXIS2_PLACEMENT_3D('',#1527,#1528,#1529);
#1527 = CARTESIAN_POINT('',(-64.27876096865,-76.60444431189,11.));
#1528 = DIRECTION('',(0.,0.,1.));
#1529 = DIRECTION('',(-0.642787609687,-0.766044443119,0.));
#1530 = DEFINITIONAL_REPRESENTATION('',(#1531),#1535);
#1531 = CIRCLE('',#1532,100.);
#1532 = AXIS2_PLACEMENT_2D('',#1533,#1534);
#1533 = CARTESIAN_POINT('',(-100.,-7.363867285374E-15));
#1534 = DIRECTION('',(-0.642787609687,0.766044443119));
#1535 = ( GEOMETRIC_REPRESENTATION_CONTEXT(2) 
PARAMETRIC_REPRESENTATION_CONTEXT() REPRESENTATION_CONTEXT('2D SPACE',''
  ) );
#1536 = ORIENTED_EDGE('',*,*,#1537,.T.);
#1537 = EDGE_CURVE('',#1509,#1538,#1540,.T.);
#1538 = VERTEX_POINT('',#1539);
#1539 = CARTESIAN_POINT('',(-67.41479104069,-73.85963680481,17.5));
#1540 = SURFACE_CURVE('',#1541,(#1545,#1551),.PCURVE_S1.);
#1541 = LINE('',#1542,#1543);
#1542 = CARTESIAN_POINT('',(-67.41479104069,-73.85963680481,0.));
#1543 = VECTOR('',#1544,1.);
#1544 = DIRECTION('',(0.,0.,1.));
#1545 = PCURVE('',#31,#1546);
#1546 = DEFINITIONAL_REPRESENTATION('',(#1547),#1550);
#1547 = B_SPLINE_CURVE_WITH_KNOTS('',1,(#1548,#1549),.UNSPECIFIED.,.F.,
  .F.,(2,2),(10.1,17.5000006),.PIECEWISE_BEZIER_KNOTS.);
#1548 = CARTESIAN_POINT('',(3.972578547164,10.1));
#1549 = CARTESIAN_POINT('',(3.972578547164,17.5000006));
#1550 = ( GEOMETRIC_REPRESENTATION_CONTEXT(2) 
PARAMETRIC_REPRESENTATION_CONTEXT() REPRESENTATION_CONTEXT('2D SPACE',''
  ) );
#1551 = PCURVE('',#1552,#1557);
#1552 = PLANE('',#1553);
#1553 = AXIS2_PLACEMENT_3D('',#1554,#1555,#1556);
#1554 = CARTESIAN_POINT('',(-65.54224998592,-71.62802927551,20.));
#1555 = DIRECTION('',(-0.766044443119,0.642787609687,0.));
#1556 = DIRECTION('',(-0.642787609687,-0.766044443119,0.));
#1557 = DEFINITIONAL_REPRESENTATION('',(#1558),#1561);
#1558 = B_SPLINE_CURVE_WITH_KNOTS('',1,(#1559,#1560),.UNSPECIFIED.,.F.,
  .F.,(2,2),(10.1,17.5000006),.PIECEWISE_BEZIER_KNOTS.);
#1559 = CARTESIAN_POINT('',(2.913156735682,-9.9));
#1560 = CARTESIAN_POINT('',(2.913156735682,-2.4999994));
#1561 = ( GEOMETRIC_REPRESENTATION_CONTEXT(2) 
PARAMETRIC_REPRESENTATION_CONTEXT() REPRESENTATION_CONTEXT('2D SPACE',''
  ) );
#1562 = ORIENTED_EDGE('',*,*,#1563,.F.);
#1563 = EDGE_CURVE('',#1564,#1538,#1566,.T.);
#1564 = VERTEX_POINT('',#1565);
#1565 = CARTESIAN_POINT('',(-73.85963680481,-67.41479104069,17.5));
#1566 = SURFACE_CURVE('',#1567,(#1572,#1579),.PCURVE_S1.);
#1567 = CIRCLE('',#1568,100.);
#1568 = AXIS2_PLACEMENT_3D('',#1569,#1570,#1571);
#1569 = CARTESIAN_POINT('',(0.,0.,17.5));
#1570 = DIRECTION('',(0.,0.,1.));
#1571 = DIRECTION('',(1.,0.,-0.));
#1572 = PCURVE('',#31,#1573);
#1573 = DEFINITIONAL_REPRESENTATION('',(#1574),#1578);
#1574 = LINE('',#1575,#1576);
#1575 = CARTESIAN_POINT('',(0.,17.5));
#1576 = VECTOR('',#1577,1.);
#1577 = DIRECTION('',(1.,0.));
#1578 = ( GEOMETRIC_REPRESENTATION_CONTEXT(2) 
PARAMETRIC_REPRESENTATION_CONTEXT() REPRESENTATION_CONTEXT('2D SPACE',''
  ) );
#1579 = PCURVE('',#1580,#1585);
#1580 = CONICAL_SURFACE('',#1581,100.,0.785398163397);
#1581 = AXIS2_PLACEMENT_3D('',#1582,#1583,#1584);
#1582 = CARTESIAN_POINT('',(0.,0.,17.5));
#1583 = DIRECTION('',(-0.,-0.,-1.));
#1584 = DIRECTION('',(1.,0.,0.));
#1585 = DEFINITIONAL_REPRESENTATION('',(#1586),#1590);
#1586 = LINE('',#1587,#1588);
#1587 = CARTESIAN_POINT('',(-0.,-0.));
#1588 = VECTOR('',#1589,1.);
#1589 = DIRECTION('',(-1.,-0.));
#1590 = ( GEOMETRIC_REPRESENTATION_CONTEXT(2) 
PARAMETRIC_REPRESENTATION_CONTEXT() REPRESENTATION_CONTEXT('2D SPACE',''
  ) );
#1591 = ORIENTED_EDGE('',*,*,#1592,.F.);
#1592 = EDGE_CURVE('',#1593,#1564,#1595,.T.);
#1593 = VERTEX_POINT('',#1594);
#1594 = CARTESIAN_POINT('',(-73.85963680481,-67.41479104069,11.));
#1595 = SURFACE_CURVE('',#1596,(#1600,#1606),.PCURVE_S1.);
#1596 = LINE('',#1597,#1598);
#1597 = CARTESIAN_POINT('',(-73.85963680481,-67.41479104069,0.));
#1598 = VECTOR('',#1599,1.);
#1599 = DIRECTION('',(0.,0.,1.));
#1600 = PCURVE('',#31,#1601);
#1601 = DEFINITIONAL_REPRESENTATION('',(#1602),#1605);
#1602 = B_SPLINE_CURVE_WITH_KNOTS('',1,(#1603,#1604),.UNSPECIFIED.,.F.,
  .F.,(2,2),(10.1,17.5000006),.PIECEWISE_BEZIER_KNOTS.);
#1603 = CARTESIAN_POINT('',(3.88140308681,10.1));
#1604 = CARTESIAN_POINT('',(3.88140308681,17.5000006));
#1605 = ( GEOMETRIC_REPRESENTATION_CONTEXT(2) 
PARAMETRIC_REPRESENTATION_CONTEXT() REPRESENTATION_CONTEXT('2D SPACE',''
  ) );
#1606 = PCURVE('',#1607,#1612);
#1607 = PLANE('',#1608);
#1608 = AXIS2_PLACEMENT_3D('',#1609,#1610,#1611);
#1609 = CARTESIAN_POINT('',(-71.62802927551,-65.54224998592,20.));
#1610 = DIRECTION('',(-0.642787609687,0.766044443119,0.));
#1611 = DIRECTION('',(-0.766044443119,-0.642787609687,0.));
#1612 = DEFINITIONAL_REPRESENTATION('',(#1613),#1616);
#1613 = B_SPLINE_CURVE_WITH_KNOTS('',1,(#1614,#1615),.UNSPECIFIED.,.F.,
  .F.,(2,2),(10.1,17.5000006),.PIECEWISE_BEZIER_KNOTS.);
#1614 = CARTESIAN_POINT('',(2.913156735682,-9.9));
#1615 = CARTESIAN_POINT('',(2.913156735682,-2.4999994));
#1616 = ( GEOMETRIC_REPRESENTATION_CONTEXT(2) 
PARAMETRIC_REPRESENTATION_CONTEXT() REPRESENTATION_CONTEXT('2D SPACE',''
  ) );
#1617 = ORIENTED_EDGE('',*,*,#1618,.F.);
#1618 = EDGE_CURVE('',#1619,#1593,#1621,.T.);
#1619 = VERTEX_POINT('',#1620);
#1620 = CARTESIAN_POINT('',(-79.21620021887,-61.03108734803,11.));
#1621 = SURFACE_CURVE('',#1622,(#1627,#1634),.PCURVE_S1.);
#1622 = CIRCLE('',#1623,100.);
#1623 = AXIS2_PLACEMENT_3D('',#1624,#1625,#1626);
#1624 = CARTESIAN_POINT('',(0.,0.,11.));
#1625 = DIRECTION('',(0.,0.,1.));
#1626 = DIRECTION('',(1.,0.,-0.));
#1627 = PCURVE('',#31,#1628);
#1628 = DEFINITIONAL_REPRESENTATION('',(#1629),#1633);
#1629 = LINE('',#1630,#1631);
#1630 = CARTESIAN_POINT('',(0.,11.));
#1631 = VECTOR('',#1632,1.);
#1632 = DIRECTION('',(1.,0.));
#1633 = ( GEOMETRIC_REPRESENTATION_CONTEXT(2) 
PARAMETRIC_REPRESENTATION_CONTEXT() REPRESENTATION_CONTEXT('2D SPACE',''
  ) );
#1634 = PCURVE('',#1635,#1640);
#1635 = PLANE('',#1636);
#1636 = AXIS2_PLACEMENT_3D('',#1637,#1638,#1639);
#1637 = CARTESIAN_POINT('',(-76.60444431189,-64.27876096865,11.));
#1638 = DIRECTION('',(0.,0.,1.));
#1639 = DIRECTION('',(-0.766044443119,-0.642787609687,0.));
#1640 = DEFINITIONAL_REPRESENTATION('',(#1641),#1645);
#1641 = CIRCLE('',#1642,100.);
#1642 = AXIS2_PLACEMENT_2D('',#1643,#1644);
#1643 = CARTESIAN_POINT('',(-100.,-1.716912380278E-15));
#1644 = DIRECTION('',(-0.766044443119,0.642787609687));
#1645 = ( GEOMETRIC_REPRESENTATION_CONTEXT(2) 
PARAMETRIC_REPRESENTATION_CONTEXT() REPRESENTATION_CONTEXT('2D SPACE',''
  ) );
#1646 = ORIENTED_EDGE('',*,*,#1647,.T.);
#1647 = EDGE_CURVE('',#1619,#1648,#1650,.T.);
#1648 = VERTEX_POINT('',#1649);
#1649 = CARTESIAN_POINT('',(-79.21620021887,-61.03108734803,17.5));
#1650 = SURFACE_CURVE('',#1651,(#1655,#1661),.PCURVE_S1.);
#1651 = LINE('',#1652,#1653);
#1652 = CARTESIAN_POINT('',(-79.21620021887,-61.03108734803,0.));
#1653 = VECTOR('',#1654,1.);
#1654 = DIRECTION('',(0.,0.,1.));
#1655 = PCURVE('',#31,#1656);
#1656 = DEFINITIONAL_REPRESENTATION('',(#1657),#1660);
#1657 = B_SPLINE_CURVE_WITH_KNOTS('',1,(#1658,#1659),.UNSPECIFIED.,.F.,
  .F.,(2,2),(10.1,17.5000006),.PIECEWISE_BEZIER_KNOTS.);
#1658 = CARTESIAN_POINT('',(3.798045621965,10.1));
#1659 = CARTESIAN_POINT('',(3.798045621965,17.5000006));
#1660 = ( GEOMETRIC_REPRESENTATION_CONTEXT(2) 
PARAMETRIC_REPRESENTATION_CONTEXT() REPRESENTATION_CONTEXT('2D SPACE',''
  ) );
#1661 = PCURVE('',#1662,#1667);
#1662 = PLANE('',#1663);
#1663 = AXIS2_PLACEMENT_3D('',#1664,#1665,#1666);
#1664 = CARTESIAN_POINT('',(-76.98459268956,-59.15854629326,20.));
#1665 = DIRECTION('',(-0.642787609687,0.766044443119,0.));
#1666 = DIRECTION('',(-0.766044443119,-0.642787609687,0.));
#1667 = DEFINITIONAL_REPRESENTATION('',(#1668),#1671);
#1668 = B_SPLINE_CURVE_WITH_KNOTS('',1,(#1669,#1670),.UNSPECIFIED.,.F.,
  .F.,(2,2),(10.1,17.5000006),.PIECEWISE_BEZIER_KNOTS.);
#1669 = CARTESIAN_POINT('',(2.913156735682,-9.9));
#1670 = CARTESIAN_POINT('',(2.913156735682,-2.4999994));
#1671 = ( GEOMETRIC_REPRESENTATION_CONTEXT(2) 
PARAMETRIC_REPRESENTATION_CONTEXT() REPRESENTATION_CONTEXT('2D SPACE',''
  ) );
#1672 = ORIENTED_EDGE('',*,*,#1673,.F.);
#1673 = EDGE_CURVE('',#1674,#1648,#1676,.T.);
#1674 = VERTEX_POINT('',#1675);
#1675 = CARTESIAN_POINT('',(-84.44399857206,-53.56501755027,17.5));
#1676 = SURFACE_CURVE('',#1677,(#1682,#1689),.PCURVE_S1.);
#1677 = CIRCLE('',#1678,100.);
#1678 = AXIS2_PLACEMENT_3D('',#1679,#1680,#1681);
#1679 = CARTESIAN_POINT('',(0.,0.,17.5));
#1680 = DIRECTION('',(0.,0.,1.));
#1681 = DIRECTION('',(1.,0.,-0.));
#1682 = PCURVE('',#31,#1683);
#1683 = DEFINITIONAL_REPRESENTATION('',(#1684),#1688);
#1684 = LINE('',#1685,#1686);
#1685 = CARTESIAN_POINT('',(0.,17.5));
#1686 = VECTOR('',#1687,1.);
#1687 = DIRECTION('',(1.,0.));
#1688 = ( GEOMETRIC_REPRESENTATION_CONTEXT(2) 
PARAMETRIC_REPRESENTATION_CONTEXT() REPRESENTATION_CONTEXT('2D SPACE',''
  ) );
#1689 = PCURVE('',#1690,#1695);
#1690 = CONICAL_SURFACE('',#1691,100.,0.785398163397);
#1691 = AXIS2_PLACEMENT_3D('',#1692,#1693,#1694);
#1692 = CARTESIAN_POINT('',(0.,0.,17.5));
#1693 = DIRECTION('',(-0.,-0.,-1.));
#1694 = DIRECTION('',(1.,0.,0.));
#1695 = DEFINITIONAL_REPRESENTATION('',(#1696),#1700);
#1696 = LINE('',#1697,#1698);
#1697 = CARTESIAN_POINT('',(-0.,-0.));
#1698 = VECTOR('',#1699,1.);
#1699 = DIRECTION('',(-1.,-0.));
#1700 = ( GEOMETRIC_REPRESENTATION_CONTEXT(2) 
PARAMETRIC_REPRESENTATION_CONTEXT() REPRESENTATION_CONTEXT('2D SPACE',''
  ) );
#1701 = ORIENTED_EDGE('',*,*,#1702,.F.);
#1702 = EDGE_CURVE('',#1703,#1674,#1705,.T.);
#1703 = VERTEX_POINT('',#1704);
#1704 = CARTESIAN_POINT('',(-84.44399857206,-53.56501755027,11.));
#1705 = SURFACE_CURVE('',#1706,(#1710,#1716),.PCURVE_S1.);
#1706 = LINE('',#1707,#1708);
#1707 = CARTESIAN_POINT('',(-84.44399857206,-53.56501755027,0.));
#1708 = VECTOR('',#1709,1.);
#1709 = DIRECTION('',(0.,0.,1.));
#1710 = PCURVE('',#31,#1711);
#1711 = DEFINITIONAL_REPRESENTATION('',(#1712),#1715);
#1712 = B_SPLINE_CURVE_WITH_KNOTS('',1,(#1713,#1714),.UNSPECIFIED.,.F.,
  .F.,(2,2),(10.1,17.5000006),.PIECEWISE_BEZIER_KNOTS.);
#1713 = CARTESIAN_POINT('',(3.706870161611,10.1));
#1714 = CARTESIAN_POINT('',(3.706870161611,17.5000006));
#1715 = ( GEOMETRIC_REPRESENTATION_CONTEXT(2) 
PARAMETRIC_REPRESENTATION_CONTEXT() REPRESENTATION_CONTEXT('2D SPACE',''
  ) );
#1716 = PCURVE('',#1717,#1722);
#1717 = PLANE('',#1718);
#1718 = AXIS2_PLACEMENT_3D('',#1719,#1720,#1721);
#1719 = CARTESIAN_POINT('',(-81.92113083375,-52.10843918243,20.));
#1720 = DIRECTION('',(-0.5,0.866025403784,0.));
#1721 = DIRECTION('',(-0.866025403784,-0.5,0.));
#1722 = DEFINITIONAL_REPRESENTATION('',(#1723),#1726);
#1723 = B_SPLINE_CURVE_WITH_KNOTS('',1,(#1724,#1725),.UNSPECIFIED.,.F.,
  .F.,(2,2),(10.1,17.5000006),.PIECEWISE_BEZIER_KNOTS.);
#1724 = CARTESIAN_POINT('',(2.913156735682,-9.9));
#1725 = CARTESIAN_POINT('',(2.913156735682,-2.4999994));
#1726 = ( GEOMETRIC_REPRESENTATION_CONTEXT(2) 
PARAMETRIC_REPRESENTATION_CONTEXT() REPRESENTATION_CONTEXT('2D SPACE',''
  ) );
#1727 = ORIENTED_EDGE('',*,*,#1728,.F.);
#1728 = EDGE_CURVE('',#1729,#1703,#1731,.T.);
#1729 = VERTEX_POINT('',#1730);
#1730 = CARTESIAN_POINT('',(-88.61066523873,-46.3481391854,11.));
#1731 = SURFACE_CURVE('',#1732,(#1737,#1744),.PCURVE_S1.);
#1732 = CIRCLE('',#1733,100.);
#1733 = AXIS2_PLACEMENT_3D('',#1734,#1735,#1736);
#1734 = CARTESIAN_POINT('',(0.,0.,11.));
#1735 = DIRECTION('',(0.,0.,1.));
#1736 = DIRECTION('',(1.,0.,-0.));
#1737 = PCURVE('',#31,#1738);
#1738 = DEFINITIONAL_REPRESENTATION('',(#1739),#1743);
#1739 = LINE('',#1740,#1741);
#1740 = CARTESIAN_POINT('',(0.,11.));
#1741 = VECTOR('',#1742,1.);
#1742 = DIRECTION('',(1.,0.));
#1743 = ( GEOMETRIC_REPRESENTATION_CONTEXT(2) 
PARAMETRIC_REPRESENTATION_CONTEXT() REPRESENTATION_CONTEXT('2D SPACE',''
  ) );
#1744 = PCURVE('',#1745,#1750);
#1745 = PLANE('',#1746);
#1746 = AXIS2_PLACEMENT_3D('',#1747,#1748,#1749);
#1747 = CARTESIAN_POINT('',(-86.60254037844,-50.,11.));
#1748 = DIRECTION('',(0.,0.,1.));
#1749 = DIRECTION('',(-0.866025403784,-0.5,0.));
#1750 = DEFINITIONAL_REPRESENTATION('',(#1751),#1755);
#1751 = CIRCLE('',#1752,100.);
#1752 = AXIS2_PLACEMENT_2D('',#1753,#1754);
#1753 = CARTESIAN_POINT('',(-100.,-4.596041283284E-15));
#1754 = DIRECTION('',(-0.866025403784,0.5));
#1755 = ( GEOMETRIC_REPRESENTATION_CONTEXT(2) 
PARAMETRIC_REPRESENTATION_CONTEXT() REPRESENTATION_CONTEXT('2D SPACE',''
  ) );
#1756 = ORIENTED_EDGE('',*,*,#1757,.T.);
#1757 = EDGE_CURVE('',#1729,#1758,#1760,.T.);
#1758 = VERTEX_POINT('',#1759);
#1759 = CARTESIAN_POINT('',(-88.61066523873,-46.3481391854,17.5));
#1760 = SURFACE_CURVE('',#1761,(#1765,#1771),.PCURVE_S1.);
#1761 = LINE('',#1762,#1763);
#1762 = CARTESIAN_POINT('',(-88.61066523873,-46.3481391854,0.));
#1763 = VECTOR('',#1764,1.);
#1764 = DIRECTION('',(0.,0.,1.));
#1765 = PCURVE('',#31,#1766);
#1766 = DEFINITIONAL_REPRESENTATION('',(#1767),#1770);
#1767 = B_SPLINE_CURVE_WITH_KNOTS('',1,(#1768,#1769),.UNSPECIFIED.,.F.,
  .F.,(2,2),(10.1,17.5000006),.PIECEWISE_BEZIER_KNOTS.);
#1768 = CARTESIAN_POINT('',(3.623512696766,10.1));
#1769 = CARTESIAN_POINT('',(3.623512696766,17.5000006));
#1770 = ( GEOMETRIC_REPRESENTATION_CONTEXT(2) 
PARAMETRIC_REPRESENTATION_CONTEXT() REPRESENTATION_CONTEXT('2D SPACE',''
  ) );
#1771 = PCURVE('',#1772,#1777);
#1772 = PLANE('',#1773);
#1773 = AXIS2_PLACEMENT_3D('',#1774,#1775,#1776);
#1774 = CARTESIAN_POINT('',(-86.08779750042,-44.89156081756,20.));
#1775 = DIRECTION('',(-0.5,0.866025403784,0.));
#1776 = DIRECTION('',(-0.866025403784,-0.5,0.));
#1777 = DEFINITIONAL_REPRESENTATION('',(#1778),#1781);
#1778 = B_SPLINE_CURVE_WITH_KNOTS('',1,(#1779,#1780),.UNSPECIFIED.,.F.,
  .F.,(2,2),(10.1,17.5000006),.PIECEWISE_BEZIER_KNOTS.);
#1779 = CARTESIAN_POINT('',(2.913156735682,-9.9));
#1780 = CARTESIAN_POINT('',(2.913156735682,-2.4999994));
#1781 = ( GEOMETRIC_REPRESENTATION_CONTEXT(2) 
PARAMETRIC_REPRESENTATION_CONTEXT() REPRESENTATION_CONTEXT('2D SPACE',''
  ) );
#1782 = ORIENTED_EDGE('',*,*,#1783,.F.);
#1783 = EDGE_CURVE('',#1784,#1758,#1786,.T.);
#1784 = VERTEX_POINT('',#1785);
#1785 = CARTESIAN_POINT('',(-92.46257217342,-38.08769810679,17.5));
#1786 = SURFACE_CURVE('',#1787,(#1792,#1799),.PCURVE_S1.);
#1787 = CIRCLE('',#1788,100.);
#1788 = AXIS2_PLACEMENT_3D('',#1789,#1790,#1791);
#1789 = CARTESIAN_POINT('',(0.,0.,17.5));
#1790 = DIRECTION('',(0.,0.,1.));
#1791 = DIRECTION('',(1.,0.,-0.));
#1792 = PCURVE('',#31,#1793);
#1793 = DEFINITIONAL_REPRESENTATION('',(#1794),#1798);
#1794 = LINE('',#1795,#1796);
#1795 = CARTESIAN_POINT('',(0.,17.5));
#1796 = VECTOR('',#1797,1.);
#1797 = DIRECTION('',(1.,0.));
#1798 = ( GEOMETRIC_REPRESENTATION_CONTEXT(2) 
PARAMETRIC_REPRESENTATION_CONTEXT() REPRESENTATION_CONTEXT('2D SPACE',''
  ) );
#1799 = PCURVE('',#1800,#1805);
#1800 = CONICAL_SURFACE('',#1801,100.,0.785398163397);
#1801 = AXIS2_PLACEMENT_3D('',#1802,#1803,#1804);
#1802 = CARTESIAN_POINT('',(0.,0.,17.5));
#1803 = DIRECTION('',(-0.,-0.,-1.));
#1804 = DIRECTION('',(1.,0.,0.));
#1805 = DEFINITIONAL_REPRESENTATION('',(#1806),#1810);
#1806 = LINE('',#1807,#1808);
#1807 = CARTESIAN_POINT('',(-0.,-0.));
#1808 = VECTOR('',#1809,1.);
#1809 = DIRECTION('',(-1.,-0.));
#1810 = ( GEOMETRIC_REPRESENTATION_CONTEXT(2) 
PARAMETRIC_REPRESENTATION_CONTEXT() REPRESENTATION_CONTEXT('2D SPACE',''
  ) );
#1811 = ORIENTED_EDGE('',*,*,#1812,.F.);
#1812 = EDGE_CURVE('',#1813,#1784,#1815,.T.);
#1813 = VERTEX_POINT('',#1814);
#1814 = CARTESIAN_POINT('',(-92.46257217342,-38.08769810679,11.));
#1815 = SURFACE_CURVE('',#1816,(#1820,#1826),.PCURVE_S1.);
#1816 = LINE('',#1817,#1818);
#1817 = CARTESIAN_POINT('',(-92.46257217342,-38.08769810679,0.));
#1818 = VECTOR('',#1819,1.);
#1819 = DIRECTION('',(0.,0.,1.));
#1820 = PCURVE('',#31,#1821);
#1821 = DEFINITIONAL_REPRESENTATION('',(#1822),#1825);
#1822 = B_SPLINE_CURVE_WITH_KNOTS('',1,(#1823,#1824),.UNSPECIFIED.,.F.,
  .F.,(2,2),(10.1,17.5000006),.PIECEWISE_BEZIER_KNOTS.);
#1823 = CARTESIAN_POINT('',(3.532337236411,10.1));
#1824 = CARTESIAN_POINT('',(3.532337236411,17.5000006));
#1825 = ( GEOMETRIC_REPRESENTATION_CONTEXT(2) 
PARAMETRIC_REPRESENTATION_CONTEXT() REPRESENTATION_CONTEXT('2D SPACE',''
  ) );
#1826 = PCURVE('',#1827,#1832);
#1827 = PLANE('',#1828);
#1828 = AXIS2_PLACEMENT_3D('',#1829,#1830,#1831);
#1829 = CARTESIAN_POINT('',(-89.72510028571,-37.09133982253,20.));
#1830 = DIRECTION('',(-0.342020143326,0.939692620786,0.));
#1831 = DIRECTION('',(-0.939692620786,-0.342020143326,0.));
#1832 = DEFINITIONAL_REPRESENTATION('',(#1833),#1836);
#1833 = B_SPLINE_CURVE_WITH_KNOTS('',1,(#1834,#1835),.UNSPECIFIED.,.F.,
  .F.,(2,2),(10.1,17.5000006),.PIECEWISE_BEZIER_KNOTS.);
#1834 = CARTESIAN_POINT('',(2.913156735682,-9.9));
#1835 = CARTESIAN_POINT('',(2.913156735682,-2.4999994));
#1836 = ( GEOMETRIC_REPRESENTATION_CONTEXT(2) 
PARAMETRIC_REPRESENTATION_CONTEXT() REPRESENTATION_CONTEXT('2D SPACE',''
  ) );
#1837 = ORIENTED_EDGE('',*,*,#1838,.F.);
#1838 = EDGE_CURVE('',#1839,#1813,#1841,.T.);
#1839 = VERTEX_POINT('',#1840);
#1840 = CARTESIAN_POINT('',(-95.31274003447,-30.25692626691,11.));
#1841 = SURFACE_CURVE('',#1842,(#1847,#1854),.PCURVE_S1.);
#1842 = CIRCLE('',#1843,100.);
#1843 = AXIS2_PLACEMENT_3D('',#1844,#1845,#1846);
#1844 = CARTESIAN_POINT('',(0.,0.,11.));
#1845 = DIRECTION('',(0.,0.,1.));
#1846 = DIRECTION('',(1.,0.,-0.));
#1847 = PCURVE('',#31,#1848);
#1848 = DEFINITIONAL_REPRESENTATION('',(#1849),#1853);
#1849 = LINE('',#1850,#1851);
#1850 = CARTESIAN_POINT('',(0.,11.));
#1851 = VECTOR('',#1852,1.);
#1852 = DIRECTION('',(1.,0.));
#1853 = ( GEOMETRIC_REPRESENTATION_CONTEXT(2) 
PARAMETRIC_REPRESENTATION_CONTEXT() REPRESENTATION_CONTEXT('2D SPACE',''
  ) );
#1854 = PCURVE('',#1855,#1860);
#1855 = PLANE('',#1856);
#1856 = AXIS2_PLACEMENT_3D('',#1857,#1858,#1859);
#1857 = CARTESIAN_POINT('',(-93.96926207859,-34.20201433256,11.));
#1858 = DIRECTION('',(0.,0.,1.));
#1859 = DIRECTION('',(-0.939692620786,-0.342020143326,0.));
#1860 = DEFINITIONAL_REPRESENTATION('',(#1861),#1865);
#1861 = CIRCLE('',#1862,100.);
#1862 = AXIS2_PLACEMENT_2D('',#1863,#1864);
#1863 = CARTESIAN_POINT('',(-100.,-2.168035725967E-15));
#1864 = DIRECTION('',(-0.939692620786,0.342020143326));
#1865 = ( GEOMETRIC_REPRESENTATION_CONTEXT(2) 
PARAMETRIC_REPRESENTATION_CONTEXT() REPRESENTATION_CONTEXT('2D SPACE',''
  ) );
#1866 = ORIENTED_EDGE('',*,*,#1867,.T.);
#1867 = EDGE_CURVE('',#1839,#1868,#1870,.T.);
#1868 = VERTEX_POINT('',#1869);
#1869 = CARTESIAN_POINT('',(-95.31274003447,-30.25692626691,17.5));
#1870 = SURFACE_CURVE('',#1871,(#1875,#1881),.PCURVE_S1.);
#1871 = LINE('',#1872,#1873);
#1872 = CARTESIAN_POINT('',(-95.31274003447,-30.25692626691,0.));
#1873 = VECTOR('',#1874,1.);
#1874 = DIRECTION('',(0.,0.,1.));
#1875 = PCURVE('',#31,#1876);
#1876 = DEFINITIONAL_REPRESENTATION('',(#1877),#1880);
#1877 = B_SPLINE_CURVE_WITH_KNOTS('',1,(#1878,#1879),.UNSPECIFIED.,.F.,
  .F.,(2,2),(10.1,17.5000006),.PIECEWISE_BEZIER_KNOTS.);
#1878 = CARTESIAN_POINT('',(3.448979771566,10.1));
#1879 = CARTESIAN_POINT('',(3.448979771566,17.5000006));
#1880 = ( GEOMETRIC_REPRESENTATION_CONTEXT(2) 
PARAMETRIC_REPRESENTATION_CONTEXT() REPRESENTATION_CONTEXT('2D SPACE',''
  ) );
#1881 = PCURVE('',#1882,#1887);
#1882 = PLANE('',#1883);
#1883 = AXIS2_PLACEMENT_3D('',#1884,#1885,#1886);
#1884 = CARTESIAN_POINT('',(-92.57526814675,-29.26056798264,20.));
#1885 = DIRECTION('',(-0.342020143326,0.939692620786,0.));
#1886 = DIRECTION('',(-0.939692620786,-0.342020143326,0.));
#1887 = DEFINITIONAL_REPRESENTATION('',(#1888),#1891);
#1888 = B_SPLINE_CURVE_WITH_KNOTS('',1,(#1889,#1890),.UNSPECIFIED.,.F.,
  .F.,(2,2),(10.1,17.5000006),.PIECEWISE_BEZIER_KNOTS.);
#1889 = CARTESIAN_POINT('',(2.913156735682,-9.9));
#1890 = CARTESIAN_POINT('',(2.913156735682,-2.4999994));
#1891 = ( GEOMETRIC_REPRESENTATION_CONTEXT(2) 
PARAMETRIC_REPRESENTATION_CONTEXT() REPRESENTATION_CONTEXT('2D SPACE',''
  ) );
#1892 = ORIENTED_EDGE('',*,*,#1893,.F.);
#1893 = EDGE_CURVE('',#1894,#1868,#1896,.T.);
#1894 = VERTEX_POINT('',#1895);
#1895 = CARTESIAN_POINT('',(-97.67171730761,-21.45310322965,17.5));
#1896 = SURFACE_CURVE('',#1897,(#1902,#1909),.PCURVE_S1.);
#1897 = CIRCLE('',#1898,100.);
#1898 = AXIS2_PLACEMENT_3D('',#1899,#1900,#1901);
#1899 = CARTESIAN_POINT('',(0.,0.,17.5));
#1900 = DIRECTION('',(0.,0.,1.));
#1901 = DIRECTION('',(1.,0.,-0.));
#1902 = PCURVE('',#31,#1903);
#1903 = DEFINITIONAL_REPRESENTATION('',(#1904),#1908);
#1904 = LINE('',#1905,#1906);
#1905 = CARTESIAN_POINT('',(0.,17.5));
#1906 = VECTOR('',#1907,1.);
#1907 = DIRECTION('',(1.,0.));
#1908 = ( GEOMETRIC_REPRESENTATION_CONTEXT(2) 
PARAMETRIC_REPRESENTATION_CONTEXT() REPRESENTATION_CONTEXT('2D SPACE',''
  ) );
#1909 = PCURVE('',#1910,#1915);
#1910 = CONICAL_SURFACE('',#1911,100.,0.785398163397);
#1911 = AXIS2_PLACEMENT_3D('',#1912,#1913,#1914);
#1912 = CARTESIAN_POINT('',(0.,0.,17.5));
#1913 = DIRECTION('',(-0.,-0.,-1.));
#1914 = DIRECTION('',(1.,0.,0.));
#1915 = DEFINITIONAL_REPRESENTATION('',(#1916),#1920);
#1916 = LINE('',#1917,#1918);
#1917 = CARTESIAN_POINT('',(-0.,-0.));
#1918 = VECTOR('',#1919,1.);
#1919 = DIRECTION('',(-1.,-0.));
#1920 = ( GEOMETRIC_REPRESENTATION_CONTEXT(2) 
PARAMETRIC_REPRESENTATION_CONTEXT() REPRESENTATION_CONTEXT('2D SPACE',''
  ) );
#1921 = ORIENTED_EDGE('',*,*,#1922,.F.);
#1922 = EDGE_CURVE('',#1923,#1894,#1925,.T.);
#1923 = VERTEX_POINT('',#1924);
#1924 = CARTESIAN_POINT('',(-97.67171730761,-21.45310322965,11.));
#1925 = SURFACE_CURVE('',#1926,(#1930,#1936),.PCURVE_S1.);
#1926 = LINE('',#1927,#1928);
#1927 = CARTESIAN_POINT('',(-97.67171730761,-21.45310322965,0.));
#1928 = VECTOR('',#1929,1.);
#1929 = DIRECTION('',(0.,0.,1.));
#1930 = PCURVE('',#31,#1931);
#1931 = DEFINITIONAL_REPRESENTATION('',(#1932),#1935);
#1932 = B_SPLINE_CURVE_WITH_KNOTS('',1,(#1933,#1934),.UNSPECIFIED.,.F.,
  .F.,(2,2),(10.1,17.5000006),.PIECEWISE_BEZIER_KNOTS.);
#1933 = CARTESIAN_POINT('',(3.357804311212,10.1));
#1934 = CARTESIAN_POINT('',(3.357804311212,17.5000006));
#1935 = ( GEOMETRIC_REPRESENTATION_CONTEXT(2) 
PARAMETRIC_REPRESENTATION_CONTEXT() REPRESENTATION_CONTEXT('2D SPACE',''
  ) );
#1936 = PCURVE('',#1937,#1942);
#1937 = PLANE('',#1938);
#1938 = AXIS2_PLACEMENT_3D('',#1939,#1940,#1941);
#1939 = CARTESIAN_POINT('',(-94.80281796857,-20.94723887124,20.));
#1940 = DIRECTION('',(-0.173648177667,0.984807753012,0.));
#1941 = DIRECTION('',(-0.984807753012,-0.173648177667,0.));
#1942 = DEFINITIONAL_REPRESENTATION('',(#1943),#1946);
#1943 = B_SPLINE_CURVE_WITH_KNOTS('',1,(#1944,#1945),.UNSPECIFIED.,.F.,
  .F.,(2,2),(10.1,17.5000006),.PIECEWISE_BEZIER_KNOTS.);
#1944 = CARTESIAN_POINT('',(2.913156735682,-9.9));
#1945 = CARTESIAN_POINT('',(2.913156735682,-2.4999994));
#1946 = ( GEOMETRIC_REPRESENTATION_CONTEXT(2) 
PARAMETRIC_REPRESENTATION_CONTEXT() REPRESENTATION_CONTEXT('2D SPACE',''
  ) );
#1947 = ORIENTED_EDGE('',*,*,#1948,.F.);
#1948 = EDGE_CURVE('',#1949,#1923,#1951,.T.);
#1949 = VERTEX_POINT('',#1950);
#1950 = CARTESIAN_POINT('',(-99.11878545483,-13.24637195455,11.));
#1951 = SURFACE_CURVE('',#1952,(#1957,#1964),.PCURVE_S1.);
#1952 = CIRCLE('',#1953,100.);
#1953 = AXIS2_PLACEMENT_3D('',#1954,#1955,#1956);
#1954 = CARTESIAN_POINT('',(0.,0.,11.));
#1955 = DIRECTION('',(0.,0.,1.));
#1956 = DIRECTION('',(1.,0.,-0.));
#1957 = PCURVE('',#31,#1958);
#1958 = DEFINITIONAL_REPRESENTATION('',(#1959),#1963);
#1959 = LINE('',#1960,#1961);
#1960 = CARTESIAN_POINT('',(0.,11.));
#1961 = VECTOR('',#1962,1.);
#1962 = DIRECTION('',(1.,0.));
#1963 = ( GEOMETRIC_REPRESENTATION_CONTEXT(2) 
PARAMETRIC_REPRESENTATION_CONTEXT() REPRESENTATION_CONTEXT('2D SPACE',''
  ) );
#1964 = PCURVE('',#1965,#1970);
#1965 = PLANE('',#1966);
#1966 = AXIS2_PLACEMENT_3D('',#1967,#1968,#1969);
#1967 = CARTESIAN_POINT('',(-98.48077530122,-17.36481776669,11.));
#1968 = DIRECTION('',(0.,0.,1.));
#1969 = DIRECTION('',(-0.984807753012,-0.173648177667,0.));
#1970 = DEFINITIONAL_REPRESENTATION('',(#1971),#1975);
#1971 = CIRCLE('',#1972,100.);
#1972 = AXIS2_PLACEMENT_2D('',#1973,#1974);
#1973 = CARTESIAN_POINT('',(-100.,2.033207340664E-15));
#1974 = DIRECTION('',(-0.984807753012,0.173648177667));
#1975 = ( GEOMETRIC_REPRESENTATION_CONTEXT(2) 
PARAMETRIC_REPRESENTATION_CONTEXT() REPRESENTATION_CONTEXT('2D SPACE',''
  ) );
#1976 = ORIENTED_EDGE('',*,*,#1977,.T.);
#1977 = EDGE_CURVE('',#1949,#1978,#1980,.T.);
#1978 = VERTEX_POINT('',#1979);
#1979 = CARTESIAN_POINT('',(-99.11878545483,-13.24637195455,17.5));
#1980 = SURFACE_CURVE('',#1981,(#1985,#1991),.PCURVE_S1.);
#1981 = LINE('',#1982,#1983);
#1982 = CARTESIAN_POINT('',(-99.11878545483,-13.24637195455,0.));
#1983 = VECTOR('',#1984,1.);
#1984 = DIRECTION('',(0.,0.,1.));
#1985 = PCURVE('',#31,#1986);
#1986 = DEFINITIONAL_REPRESENTATION('',(#1987),#1990);
#1987 = B_SPLINE_CURVE_WITH_KNOTS('',1,(#1988,#1989),.UNSPECIFIED.,.F.,
  .F.,(2,2),(10.1,17.5000006),.PIECEWISE_BEZIER_KNOTS.);
#1988 = CARTESIAN_POINT('',(3.274446846367,10.1));
#1989 = CARTESIAN_POINT('',(3.274446846367,17.5000006));
#1990 = ( GEOMETRIC_REPRESENTATION_CONTEXT(2) 
PARAMETRIC_REPRESENTATION_CONTEXT() REPRESENTATION_CONTEXT('2D SPACE',''
  ) );
#1991 = PCURVE('',#1992,#1997);
#1992 = PLANE('',#1993);
#1993 = AXIS2_PLACEMENT_3D('',#1994,#1995,#1996);
#1994 = CARTESIAN_POINT('',(-96.24988611579,-12.74050759614,20.));
#1995 = DIRECTION('',(-0.173648177667,0.984807753012,0.));
#1996 = DIRECTION('',(-0.984807753012,-0.173648177667,0.));
#1997 = DEFINITIONAL_REPRESENTATION('',(#1998),#2001);
#1998 = B_SPLINE_CURVE_WITH_KNOTS('',1,(#1999,#2000),.UNSPECIFIED.,.F.,
  .F.,(2,2),(10.1,17.5000006),.PIECEWISE_BEZIER_KNOTS.);
#1999 = CARTESIAN_POINT('',(2.913156735682,-9.9));
#2000 = CARTESIAN_POINT('',(2.913156735682,-2.4999994));
#2001 = ( GEOMETRIC_REPRESENTATION_CONTEXT(2) 
PARAMETRIC_REPRESENTATION_CONTEXT() REPRESENTATION_CONTEXT('2D SPACE',''
  ) );
#2002 = ORIENTED_EDGE('',*,*,#2003,.F.);
#2003 = EDGE_CURVE('',#2004,#1978,#2006,.T.);
#2004 = VERTEX_POINT('',#2005);
#2005 = CARTESIAN_POINT('',(-99.91315673568,-4.166666666667,17.5));
#2006 = SURFACE_CURVE('',#2007,(#2012,#2019),.PCURVE_S1.);
#2007 = CIRCLE('',#2008,100.);
#2008 = AXIS2_PLACEMENT_3D('',#2009,#2010,#2011);
#2009 = CARTESIAN_POINT('',(0.,0.,17.5));
#2010 = DIRECTION('',(0.,0.,1.));
#2011 = DIRECTION('',(1.,0.,-0.));
#2012 = PCURVE('',#31,#2013);
#2013 = DEFINITIONAL_REPRESENTATION('',(#2014),#2018);
#2014 = LINE('',#2015,#2016);
#2015 = CARTESIAN_POINT('',(0.,17.5));
#2016 = VECTOR('',#2017,1.);
#2017 = DIRECTION('',(1.,0.));
#2018 = ( GEOMETRIC_REPRESENTATION_CONTEXT(2) 
PARAMETRIC_REPRESENTATION_CONTEXT() REPRESENTATION_CONTEXT('2D SPACE',''
  ) );
#2019 = PCURVE('',#2020,#2025);
#2020 = CONICAL_SURFACE('',#2021,100.,0.785398163397);
#2021 = AXIS2_PLACEMENT_3D('',#2022,#2023,#2024);
#2022 = CARTESIAN_POINT('',(0.,0.,17.5));
#2023 = DIRECTION('',(-0.,-0.,-1.));
#2024 = DIRECTION('',(1.,0.,0.));
#2025 = DEFINITIONAL_REPRESENTATION('',(#2026),#2030);
#2026 = LINE('',#2027,#2028);
#2027 = CARTESIAN_POINT('',(-0.,-0.));
#2028 = VECTOR('',#2029,1.);
#2029 = DIRECTION('',(-1.,-0.));
#2030 = ( GEOMETRIC_REPRESENTATION_CONTEXT(2) 
PARAMETRIC_REPRESENTATION_CONTEXT() REPRESENTATION_CONTEXT('2D SPACE',''
  ) );
#2031 = ORIENTED_EDGE('',*,*,#2032,.F.);
#2032 = EDGE_CURVE('',#2033,#2004,#2035,.T.);
#2033 = VERTEX_POINT('',#2034);
#2034 = CARTESIAN_POINT('',(-99.91315673568,-4.166666666667,11.));
#2035 = SURFACE_CURVE('',#2036,(#2040,#2046),.PCURVE_S1.);
#2036 = LINE('',#2037,#2038);
#2037 = CARTESIAN_POINT('',(-99.91315673568,-4.166666666667,0.));
#2038 = VECTOR('',#2039,1.);
#2039 = DIRECTION('',(0.,0.,1.));
#2040 = PCURVE('',#31,#2041);
#2041 = DEFINITIONAL_REPRESENTATION('',(#2042),#2045);
#2042 = B_SPLINE_CURVE_WITH_KNOTS('',1,(#2043,#2044),.UNSPECIFIED.,.F.,
  .F.,(2,2),(10.1,17.5000006),.PIECEWISE_BEZIER_KNOTS.);
#2043 = CARTESIAN_POINT('',(3.183271386012,10.1));
#2044 = CARTESIAN_POINT('',(3.183271386012,17.5000006));
#2045 = ( GEOMETRIC_REPRESENTATION_CONTEXT(2) 
PARAMETRIC_REPRESENTATION_CONTEXT() REPRESENTATION_CONTEXT('2D SPACE',''
  ) );
#2046 = PCURVE('',#2047,#2052);
#2047 = PLANE('',#2048);
#2048 = AXIS2_PLACEMENT_3D('',#2049,#2050,#2051);
#2049 = CARTESIAN_POINT('',(-97.,-4.166666666667,20.));
#2050 = DIRECTION('',(1.224646799147E-16,1.,-0.));
#2051 = DIRECTION('',(-1.,1.224646799147E-16,0.));
#2052 = DEFINITIONAL_REPRESENTATION('',(#2053),#2056);
#2053 = B_SPLINE_CURVE_WITH_KNOTS('',1,(#2054,#2055),.UNSPECIFIED.,.F.,
  .F.,(2,2),(10.1,17.5000006),.PIECEWISE_BEZIER_KNOTS.);
#2054 = CARTESIAN_POINT('',(2.913156735682,-9.9));
#2055 = CARTESIAN_POINT('',(2.913156735682,-2.4999994));
#2056 = ( GEOMETRIC_REPRESENTATION_CONTEXT(2) 
PARAMETRIC_REPRESENTATION_CONTEXT() REPRESENTATION_CONTEXT('2D SPACE',''
  ) );
#2057 = ORIENTED_EDGE('',*,*,#2058,.F.);
#2058 = EDGE_CURVE('',#2059,#2033,#2061,.T.);
#2059 = VERTEX_POINT('',#2060);
#2060 = CARTESIAN_POINT('',(-99.91315673568,4.166666666667,11.));
#2061 = SURFACE_CURVE('',#2062,(#2067,#2074),.PCURVE_S1.);
#2062 = CIRCLE('',#2063,100.);
#2063 = AXIS2_PLACEMENT_3D('',#2064,#2065,#2066);
#2064 = CARTESIAN_POINT('',(0.,0.,11.));
#2065 = DIRECTION('',(0.,0.,1.));
#2066 = DIRECTION('',(1.,0.,-0.));
#2067 = PCURVE('',#31,#2068);
#2068 = DEFINITIONAL_REPRESENTATION('',(#2069),#2073);
#2069 = LINE('',#2070,#2071);
#2070 = CARTESIAN_POINT('',(0.,11.));
#2071 = VECTOR('',#2072,1.);
#2072 = DIRECTION('',(1.,0.));
#2073 = ( GEOMETRIC_REPRESENTATION_CONTEXT(2) 
PARAMETRIC_REPRESENTATION_CONTEXT() REPRESENTATION_CONTEXT('2D SPACE',''
  ) );
#2074 = PCURVE('',#2075,#2080);
#2075 = PLANE('',#2076);
#2076 = AXIS2_PLACEMENT_3D('',#2077,#2078,#2079);
#2077 = CARTESIAN_POINT('',(-100.,1.224646799147E-14,11.));
#2078 = DIRECTION('',(0.,0.,1.));
#2079 = DIRECTION('',(-1.,1.224646799147E-16,0.));
#2080 = DEFINITIONAL_REPRESENTATION('',(#2081),#2085);
#2081 = CIRCLE('',#2082,100.);
#2082 = AXIS2_PLACEMENT_2D('',#2083,#2084);
#2083 = CARTESIAN_POINT('',(-100.,9.860761315263E-32));
#2084 = DIRECTION('',(-1.,-1.224646799147E-16));
#2085 = ( GEOMETRIC_REPRESENTATION_CONTEXT(2) 
PARAMETRIC_REPRESENTATION_CONTEXT() REPRESENTATION_CONTEXT('2D SPACE',''
  ) );
#2086 = ORIENTED_EDGE('',*,*,#2087,.T.);
#2087 = EDGE_CURVE('',#2059,#2088,#2090,.T.);
#2088 = VERTEX_POINT('',#2089);
#2089 = CARTESIAN_POINT('',(-99.91315673568,4.166666666667,17.5));
#2090 = SURFACE_CURVE('',#2091,(#2095,#2101),.PCURVE_S1.);
#2091 = LINE('',#2092,#2093);
#2092 = CARTESIAN_POINT('',(-99.91315673568,4.166666666667,0.));
#2093 = VECTOR('',#2094,1.);
#2094 = DIRECTION('',(0.,0.,1.));
#2095 = PCURVE('',#31,#2096);
#2096 = DEFINITIONAL_REPRESENTATION('',(#2097),#2100);
#2097 = B_SPLINE_CURVE_WITH_KNOTS('',1,(#2098,#2099),.UNSPECIFIED.,.F.,
  .F.,(2,2),(10.1,17.5000006),.PIECEWISE_BEZIER_KNOTS.);
#2098 = CARTESIAN_POINT('',(3.099913921167,10.1));
#2099 = CARTESIAN_POINT('',(3.099913921167,17.5000006));
#2100 = ( GEOMETRIC_REPRESENTATION_CONTEXT(2) 
PARAMETRIC_REPRESENTATION_CONTEXT() REPRESENTATION_CONTEXT('2D SPACE',''
  ) );
#2101 = PCURVE('',#2102,#2107);
#2102 = PLANE('',#2103);
#2103 = AXIS2_PLACEMENT_3D('',#2104,#2105,#2106);
#2104 = CARTESIAN_POINT('',(-97.,4.166666666667,20.));
#2105 = DIRECTION('',(1.224646799147E-16,1.,-0.));
#2106 = DIRECTION('',(-1.,1.224646799147E-16,0.));
#2107 = DEFINITIONAL_REPRESENTATION('',(#2108),#2111);
#2108 = B_SPLINE_CURVE_WITH_KNOTS('',1,(#2109,#2110),.UNSPECIFIED.,.F.,
  .F.,(2,2),(10.1,17.5000006),.PIECEWISE_BEZIER_KNOTS.);
#2109 = CARTESIAN_POINT('',(2.913156735682,-9.9));
#2110 = CARTESIAN_POINT('',(2.913156735682,-2.4999994));
#2111 = ( GEOMETRIC_REPRESENTATION_CONTEXT(2) 
PARAMETRIC_REPRESENTATION_CONTEXT() REPRESENTATION_CONTEXT('2D SPACE',''
  ) );
#2112 = ORIENTED_EDGE('',*,*,#2113,.F.);
#2113 = EDGE_CURVE('',#2114,#2088,#2116,.T.);
#2114 = VERTEX_POINT('',#2115);
#2115 = CARTESIAN_POINT('',(-99.11878545483,13.246371954551,17.5));
#2116 = SURFACE_CURVE('',#2117,(#2122,#2129),.PCURVE_S1.);
#2117 = CIRCLE('',#2118,100.);
#2118 = AXIS2_PLACEMENT_3D('',#2119,#2120,#2121);
#2119 = CARTESIAN_POINT('',(0.,0.,17.5));
#2120 = DIRECTION('',(0.,0.,1.));
#2121 = DIRECTION('',(1.,0.,-0.));
#2122 = PCURVE('',#31,#2123);
#2123 = DEFINITIONAL_REPRESENTATION('',(#2124),#2128);
#2124 = LINE('',#2125,#2126);
#2125 = CARTESIAN_POINT('',(0.,17.5));
#2126 = VECTOR('',#2127,1.);
#2127 = DIRECTION('',(1.,0.));
#2128 = ( GEOMETRIC_REPRESENTATION_CONTEXT(2) 
PARAMETRIC_REPRESENTATION_CONTEXT() REPRESENTATION_CONTEXT('2D SPACE',''
  ) );
#2129 = PCURVE('',#2130,#2135);
#2130 = CONICAL_SURFACE('',#2131,100.,0.785398163397);
#2131 = AXIS2_PLACEMENT_3D('',#2132,#2133,#2134);
#2132 = CARTESIAN_POINT('',(0.,0.,17.5));
#2133 = DIRECTION('',(-0.,-0.,-1.));
#2134 = DIRECTION('',(1.,0.,0.));
#2135 = DEFINITIONAL_REPRESENTATION('',(#2136),#2140);
#2136 = LINE('',#2137,#2138);
#2137 = CARTESIAN_POINT('',(-0.,-0.));
#2138 = VECTOR('',#2139,1.);
#2139 = DIRECTION('',(-1.,-0.));
#2140 = ( GEOMETRIC_REPRESENTATION_CONTEXT(2) 
PARAMETRIC_REPRESENTATION_CONTEXT() REPRESENTATION_CONTEXT('2D SPACE',''
  ) );
#2141 = ORIENTED_EDGE('',*,*,#2142,.F.);
#2142 = EDGE_CURVE('',#2143,#2114,#2145,.T.);
#2143 = VERTEX_POINT('',#2144);
#2144 = CARTESIAN_POINT('',(-99.11878545483,13.246371954551,11.));
#2145 = SURFACE_CURVE('',#2146,(#2150,#2156),.PCURVE_S1.);
#2146 = LINE('',#2147,#2148);
#2147 = CARTESIAN_POINT('',(-99.11878545483,13.246371954551,0.));
#2148 = VECTOR('',#2149,1.);
#2149 = DIRECTION('',(0.,0.,1.));
#2150 = PCURVE('',#31,#2151);
#2151 = DEFINITIONAL_REPRESENTATION('',(#2152),#2155);
#2152 = B_SPLINE_CURVE_WITH_KNOTS('',1,(#2153,#2154),.UNSPECIFIED.,.F.,
  .F.,(2,2),(10.1,17.5000006),.PIECEWISE_BEZIER_KNOTS.);
#2153 = CARTESIAN_POINT('',(3.008738460813,10.1));
#2154 = CARTESIAN_POINT('',(3.008738460813,17.5000006));
#2155 = ( GEOMETRIC_REPRESENTATION_CONTEXT(2) 
PARAMETRIC_REPRESENTATION_CONTEXT() REPRESENTATION_CONTEXT('2D SPACE',''
  ) );
#2156 = PCURVE('',#2157,#2162);
#2157 = PLANE('',#2158);
#2158 = AXIS2_PLACEMENT_3D('',#2159,#2160,#2161);
#2159 = CARTESIAN_POINT('',(-96.24988611579,12.740507596141,20.));
#2160 = DIRECTION('',(0.173648177667,0.984807753012,-0.));
#2161 = DIRECTION('',(-0.984807753012,0.173648177667,0.));
#2162 = DEFINITIONAL_REPRESENTATION('',(#2163),#2166);
#2163 = B_SPLINE_CURVE_WITH_KNOTS('',1,(#2164,#2165),.UNSPECIFIED.,.F.,
  .F.,(2,2),(10.1,17.5000006),.PIECEWISE_BEZIER_KNOTS.);
#2164 = CARTESIAN_POINT('',(2.913156735682,-9.9));
#2165 = CARTESIAN_POINT('',(2.913156735682,-2.4999994));
#2166 = ( GEOMETRIC_REPRESENTATION_CONTEXT(2) 
PARAMETRIC_REPRESENTATION_CONTEXT() REPRESENTATION_CONTEXT('2D SPACE',''
  ) );
#2167 = ORIENTED_EDGE('',*,*,#2168,.F.);
#2168 = EDGE_CURVE('',#2169,#2143,#2171,.T.);
#2169 = VERTEX_POINT('',#2170);
#2170 = CARTESIAN_POINT('',(-97.67171730761,21.453103229652,11.));
#2171 = SURFACE_CURVE('',#2172,(#2177,#2184),.PCURVE_S1.);
#2172 = CIRCLE('',#2173,100.);
#2173 = AXIS2_PLACEMENT_3D('',#2174,#2175,#2176);
#2174 = CARTESIAN_POINT('',(0.,0.,11.));
#2175 = DIRECTION('',(0.,0.,1.));
#2176 = DIRECTION('',(1.,0.,-0.));
#2177 = PCURVE('',#31,#2178);
#2178 = DEFINITIONAL_REPRESENTATION('',(#2179),#2183);
#2179 = LINE('',#2180,#2181);
#2180 = CARTESIAN_POINT('',(0.,11.));
#2181 = VECTOR('',#2182,1.);
#2182 = DIRECTION('',(1.,0.));
#2183 = ( GEOMETRIC_REPRESENTATION_CONTEXT(2) 
PARAMETRIC_REPRESENTATION_CONTEXT() REPRESENTATION_CONTEXT('2D SPACE',''
  ) );
#2184 = PCURVE('',#2185,#2190);
#2185 = PLANE('',#2186);
#2186 = AXIS2_PLACEMENT_3D('',#2187,#2188,#2189);
#2187 = CARTESIAN_POINT('',(-98.48077530122,17.364817766693,11.));
#2188 = DIRECTION('',(0.,0.,1.));
#2189 = DIRECTION('',(-0.984807753012,0.173648177667,0.));
#2190 = DEFINITIONAL_REPRESENTATION('',(#2191),#2195);
#2191 = CIRCLE('',#2192,100.);
#2192 = AXIS2_PLACEMENT_2D('',#2193,#2194);
#2193 = CARTESIAN_POINT('',(-100.,-6.630414957548E-16));
#2194 = DIRECTION('',(-0.984807753012,-0.173648177667));
#2195 = ( GEOMETRIC_REPRESENTATION_CONTEXT(2) 
PARAMETRIC_REPRESENTATION_CONTEXT() REPRESENTATION_CONTEXT('2D SPACE',''
  ) );
#2196 = ORIENTED_EDGE('',*,*,#2197,.T.);
#2197 = EDGE_CURVE('',#2169,#2198,#2200,.T.);
#2198 = VERTEX_POINT('',#2199);
#2199 = CARTESIAN_POINT('',(-97.67171730761,21.453103229652,17.5));
#2200 = SURFACE_CURVE('',#2201,(#2205,#2211),.PCURVE_S1.);
#2201 = LINE('',#2202,#2203);
#2202 = CARTESIAN_POINT('',(-97.67171730761,21.453103229652,0.));
#2203 = VECTOR('',#2204,1.);
#2204 = DIRECTION('',(0.,0.,1.));
#2205 = PCURVE('',#31,#2206);
#2206 = DEFINITIONAL_REPRESENTATION('',(#2207),#2210);
#2207 = B_SPLINE_CURVE_WITH_KNOTS('',1,(#2208,#2209),.UNSPECIFIED.,.F.,
  .F.,(2,2),(10.1,17.5000006),.PIECEWISE_BEZIER_KNOTS.);
#2208 = CARTESIAN_POINT('',(2.925380995968,10.1));
#2209 = CARTESIAN_POINT('',(2.925380995968,17.5000006));
#2210 = ( GEOMETRIC_REPRESENTATION_CONTEXT(2) 
PARAMETRIC_REPRESENTATION_CONTEXT() REPRESENTATION_CONTEXT('2D SPACE',''
  ) );
#2211 = PCURVE('',#2212,#2217);
#2212 = PLANE('',#2213);
#2213 = AXIS2_PLACEMENT_3D('',#2214,#2215,#2216);
#2214 = CARTESIAN_POINT('',(-94.80281796857,20.947238871243,20.));
#2215 = DIRECTION('',(0.173648177667,0.984807753012,-0.));
#2216 = DIRECTION('',(-0.984807753012,0.173648177667,0.));
#2217 = DEFINITIONAL_REPRESENTATION('',(#2218),#2221);
#2218 = B_SPLINE_CURVE_WITH_KNOTS('',1,(#2219,#2220),.UNSPECIFIED.,.F.,
  .F.,(2,2),(10.1,17.5000006),.PIECEWISE_BEZIER_KNOTS.);
#2219 = CARTESIAN_POINT('',(2.913156735682,-9.9));
#2220 = CARTESIAN_POINT('',(2.913156735682,-2.4999994));
#2221 = ( GEOMETRIC_REPRESENTATION_CONTEXT(2) 
PARAMETRIC_REPRESENTATION_CONTEXT() REPRESENTATION_CONTEXT('2D SPACE',''
  ) );
#2222 = ORIENTED_EDGE('',*,*,#2223,.F.);
#2223 = EDGE_CURVE('',#2224,#2198,#2226,.T.);
#2224 = VERTEX_POINT('',#2225);
#2225 = CARTESIAN_POINT('',(-95.31274003447,30.256926266917,17.5));
#2226 = SURFACE_CURVE('',#2227,(#2232,#2239),.PCURVE_S1.);
#2227 = CIRCLE('',#2228,100.);
#2228 = AXIS2_PLACEMENT_3D('',#2229,#2230,#2231);
#2229 = CARTESIAN_POINT('',(0.,0.,17.5));
#2230 = DIRECTION('',(0.,0.,1.));
#2231 = DIRECTION('',(1.,0.,-0.));
#2232 = PCURVE('',#31,#2233);
#2233 = DEFINITIONAL_REPRESENTATION('',(#2234),#2238);
#2234 = LINE('',#2235,#2236);
#2235 = CARTESIAN_POINT('',(0.,17.5));
#2236 = VECTOR('',#2237,1.);
#2237 = DIRECTION('',(1.,0.));
#2238 = ( GEOMETRIC_REPRESENTATION_CONTEXT(2) 
PARAMETRIC_REPRESENTATION_CONTEXT() REPRESENTATION_CONTEXT('2D SPACE',''
  ) );
#2239 = PCURVE('',#2240,#2245);
#2240 = CONICAL_SURFACE('',#2241,100.,0.785398163397);
#2241 = AXIS2_PLACEMENT_3D('',#2242,#2243,#2244);
#2242 = CARTESIAN_POINT('',(0.,0.,17.5));
#2243 = DIRECTION('',(-0.,-0.,-1.));
#2244 = DIRECTION('',(1.,0.,0.));
#2245 = DEFINITIONAL_REPRESENTATION('',(#2246),#2250);
#2246 = LINE('',#2247,#2248);
#2247 = CARTESIAN_POINT('',(-0.,-0.));
#2248 = VECTOR('',#2249,1.);
#2249 = DIRECTION('',(-1.,-0.));
#2250 = ( GEOMETRIC_REPRESENTATION_CONTEXT(2) 
PARAMETRIC_REPRESENTATION_CONTEXT() REPRESENTATION_CONTEXT('2D SPACE',''
  ) );
#2251 = ORIENTED_EDGE('',*,*,#2252,.F.);
#2252 = EDGE_CURVE('',#2253,#2224,#2255,.T.);
#2253 = VERTEX_POINT('',#2254);
#2254 = CARTESIAN_POINT('',(-95.31274003447,30.256926266917,11.));
#2255 = SURFACE_CURVE('',#2256,(#2260,#2266),.PCURVE_S1.);
#2256 = LINE('',#2257,#2258);
#2257 = CARTESIAN_POINT('',(-95.31274003447,30.256926266917,0.));
#2258 = VECTOR('',#2259,1.);
#2259 = DIRECTION('',(0.,0.,1.));
#2260 = PCURVE('',#31,#2261);
#2261 = DEFINITIONAL_REPRESENTATION('',(#2262),#2265);
#2262 = B_SPLINE_CURVE_WITH_KNOTS('',1,(#2263,#2264),.UNSPECIFIED.,.F.,
  .F.,(2,2),(10.1,17.5000006),.PIECEWISE_BEZIER_KNOTS.);
#2263 = CARTESIAN_POINT('',(2.834205535614,10.1));
#2264 = CARTESIAN_POINT('',(2.834205535614,17.5000006));
#2265 = ( GEOMETRIC_REPRESENTATION_CONTEXT(2) 
PARAMETRIC_REPRESENTATION_CONTEXT() REPRESENTATION_CONTEXT('2D SPACE',''
  ) );
#2266 = PCURVE('',#2267,#2272);
#2267 = PLANE('',#2268);
#2268 = AXIS2_PLACEMENT_3D('',#2269,#2270,#2271);
#2269 = CARTESIAN_POINT('',(-92.57526814675,29.260567982649,20.));
#2270 = DIRECTION('',(0.342020143326,0.939692620786,-0.));
#2271 = DIRECTION('',(-0.939692620786,0.342020143326,0.));
#2272 = DEFINITIONAL_REPRESENTATION('',(#2273),#2276);
#2273 = B_SPLINE_CURVE_WITH_KNOTS('',1,(#2274,#2275),.UNSPECIFIED.,.F.,
  .F.,(2,2),(10.1,17.5000006),.PIECEWISE_BEZIER_KNOTS.);
#2274 = CARTESIAN_POINT('',(2.913156735682,-9.9));
#2275 = CARTESIAN_POINT('',(2.913156735682,-2.4999994));
#2276 = ( GEOMETRIC_REPRESENTATION_CONTEXT(2) 
PARAMETRIC_REPRESENTATION_CONTEXT() REPRESENTATION_CONTEXT('2D SPACE',''
  ) );
#2277 = ORIENTED_EDGE('',*,*,#2278,.F.);
#2278 = EDGE_CURVE('',#2279,#2253,#2281,.T.);
#2279 = VERTEX_POINT('',#2280);
#2280 = CARTESIAN_POINT('',(-92.46257217342,38.087698106799,11.));
#2281 = SURFACE_CURVE('',#2282,(#2287,#2294),.PCURVE_S1.);
#2282 = CIRCLE('',#2283,100.);
#2283 = AXIS2_PLACEMENT_3D('',#2284,#2285,#2286);
#2284 = CARTESIAN_POINT('',(0.,0.,11.));
#2285 = DIRECTION('',(0.,0.,1.));
#2286 = DIRECTION('',(1.,0.,-0.));
#2287 = PCURVE('',#31,#2288);
#2288 = DEFINITIONAL_REPRESENTATION('',(#2289),#2293);
#2289 = LINE('',#2290,#2291);
#2290 = CARTESIAN_POINT('',(0.,11.));
#2291 = VECTOR('',#2292,1.);
#2292 = DIRECTION('',(1.,0.));
#2293 = ( GEOMETRIC_REPRESENTATION_CONTEXT(2) 
PARAMETRIC_REPRESENTATION_CONTEXT() REPRESENTATION_CONTEXT('2D SPACE',''
  ) );
#2294 = PCURVE('',#2295,#2300);
#2295 = PLANE('',#2296);
#2296 = AXIS2_PLACEMENT_3D('',#2297,#2298,#2299);
#2297 = CARTESIAN_POINT('',(-93.96926207859,34.202014332567,11.));
#2298 = DIRECTION('',(0.,0.,1.));
#2299 = DIRECTION('',(-0.939692620786,0.342020143326,0.));
#2300 = DEFINITIONAL_REPRESENTATION('',(#2301),#2305);
#2301 = CIRCLE('',#2302,100.);
#2302 = AXIS2_PLACEMENT_2D('',#2303,#2304);
#2303 = CARTESIAN_POINT('',(-100.,2.618950125433E-15));
#2304 = DIRECTION('',(-0.939692620786,-0.342020143326));
#2305 = ( GEOMETRIC_REPRESENTATION_CONTEXT(2) 
PARAMETRIC_REPRESENTATION_CONTEXT() REPRESENTATION_CONTEXT('2D SPACE',''
  ) );
#2306 = ORIENTED_EDGE('',*,*,#2307,.T.);
#2307 = EDGE_CURVE('',#2279,#2308,#2310,.T.);
#2308 = VERTEX_POINT('',#2309);
#2309 = CARTESIAN_POINT('',(-92.46257217342,38.087698106799,17.5));
#2310 = SURFACE_CURVE('',#2311,(#2315,#2321),.PCURVE_S1.);
#2311 = LINE('',#2312,#2313);
#2312 = CARTESIAN_POINT('',(-92.46257217342,38.087698106799,0.));
#2313 = VECTOR('',#2314,1.);
#2314 = DIRECTION('',(0.,0.,1.));
#2315 = PCURVE('',#31,#2316);
#2316 = DEFINITIONAL_REPRESENTATION('',(#2317),#2320);
#2317 = B_SPLINE_CURVE_WITH_KNOTS('',1,(#2318,#2319),.UNSPECIFIED.,.F.,
  .F.,(2,2),(10.1,17.5000006),.PIECEWISE_BEZIER_KNOTS.);
#2318 = CARTESIAN_POINT('',(2.750848070768,10.1));
#2319 = CARTESIAN_POINT('',(2.750848070768,17.5000006));
#2320 = ( GEOMETRIC_REPRESENTATION_CONTEXT(2) 
PARAMETRIC_REPRESENTATION_CONTEXT() REPRESENTATION_CONTEXT('2D SPACE',''
  ) );
#2321 = PCURVE('',#2322,#2327);
#2322 = PLANE('',#2323);
#2323 = AXIS2_PLACEMENT_3D('',#2324,#2325,#2326);
#2324 = CARTESIAN_POINT('',(-89.7251002857,37.091339822531,20.));
#2325 = DIRECTION('',(0.342020143326,0.939692620786,-0.));
#2326 = DIRECTION('',(-0.939692620786,0.342020143326,0.));
#2327 = DEFINITIONAL_REPRESENTATION('',(#2328),#2331);
#2328 = B_SPLINE_CURVE_WITH_KNOTS('',1,(#2329,#2330),.UNSPECIFIED.,.F.,
  .F.,(2,2),(10.1,17.5000006),.PIECEWISE_BEZIER_KNOTS.);
#2329 = CARTESIAN_POINT('',(2.913156735682,-9.9));
#2330 = CARTESIAN_POINT('',(2.913156735682,-2.4999994));
#2331 = ( GEOMETRIC_REPRESENTATION_CONTEXT(2) 
PARAMETRIC_REPRESENTATION_CONTEXT() REPRESENTATION_CONTEXT('2D SPACE',''
  ) );
#2332 = ORIENTED_EDGE('',*,*,#2333,.F.);
#2333 = EDGE_CURVE('',#2334,#2308,#2336,.T.);
#2334 = VERTEX_POINT('',#2335);
#2335 = CARTESIAN_POINT('',(-88.61066523873,46.348139185406,17.5));
#2336 = SURFACE_CURVE('',#2337,(#2342,#2349),.PCURVE_S1.);
#2337 = CIRCLE('',#2338,100.);
#2338 = AXIS2_PLACEMENT_3D('',#2339,#2340,#2341);
#2339 = CARTESIAN_POINT('',(0.,0.,17.5));
#2340 = DIRECTION('',(0.,0.,1.));
#2341 = DIRECTION('',(1.,0.,-0.));
#2342 = PCURVE('',#31,#2343);
#2343 = DEFINITIONAL_REPRESENTATION('',(#2344),#2348);
#2344 = LINE('',#2345,#2346);
#2345 = CARTESIAN_POINT('',(0.,17.5));
#2346 = VECTOR('',#2347,1.);
#2347 = DIRECTION('',(1.,0.));
#2348 = ( GEOMETRIC_REPRESENTATION_CONTEXT(2) 
PARAMETRIC_REPRESENTATION_CONTEXT() REPRESENTATION_CONTEXT('2D SPACE',''
  ) );
#2349 = PCURVE('',#2350,#2355);
#2350 = CONICAL_SURFACE('',#2351,100.,0.785398163397);
#2351 = AXIS2_PLACEMENT_3D('',#2352,#2353,#2354);
#2352 = CARTESIAN_POINT('',(0.,0.,17.5));
#2353 = DIRECTION('',(-0.,-0.,-1.));
#2354 = DIRECTION('',(1.,0.,0.));
#2355 = DEFINITIONAL_REPRESENTATION('',(#2356),#2360);
#2356 = LINE('',#2357,#2358);
#2357 = CARTESIAN_POINT('',(-0.,-0.));
#2358 = VECTOR('',#2359,1.);
#2359 = DIRECTION('',(-1.,-0.));
#2360 = ( GEOMETRIC_REPRESENTATION_CONTEXT(2) 
PARAMETRIC_REPRESENTATION_CONTEXT() REPRESENTATION_CONTEXT('2D SPACE',''
  ) );
#2361 = ORIENTED_EDGE('',*,*,#2362,.F.);
#2362 = EDGE_CURVE('',#2363,#2334,#2365,.T.);
#2363 = VERTEX_POINT('',#2364);
#2364 = CARTESIAN_POINT('',(-88.61066523873,46.348139185406,11.));
#2365 = SURFACE_CURVE('',#2366,(#2370,#2376),.PCURVE_S1.);
#2366 = LINE('',#2367,#2368);
#2367 = CARTESIAN_POINT('',(-88.61066523873,46.348139185406,0.));
#2368 = VECTOR('',#2369,1.);
#2369 = DIRECTION('',(0.,0.,1.));
#2370 = PCURVE('',#31,#2371);
#2371 = DEFINITIONAL_REPRESENTATION('',(#2372),#2375);
#2372 = B_SPLINE_CURVE_WITH_KNOTS('',1,(#2373,#2374),.UNSPECIFIED.,.F.,
  .F.,(2,2),(10.1,17.5000006),.PIECEWISE_BEZIER_KNOTS.);
#2373 = CARTESIAN_POINT('',(2.659672610414,10.1));
#2374 = CARTESIAN_POINT('',(2.659672610414,17.5000006));
#2375 = ( GEOMETRIC_REPRESENTATION_CONTEXT(2) 
PARAMETRIC_REPRESENTATION_CONTEXT() REPRESENTATION_CONTEXT('2D SPACE',''
  ) );
#2376 = PCURVE('',#2377,#2382);
#2377 = PLANE('',#2378);
#2378 = AXIS2_PLACEMENT_3D('',#2379,#2380,#2381);
#2379 = CARTESIAN_POINT('',(-86.08779750042,44.891560817565,20.));
#2380 = DIRECTION('',(0.5,0.866025403784,-0.));
#2381 = DIRECTION('',(-0.866025403784,0.5,0.));
#2382 = DEFINITIONAL_REPRESENTATION('',(#2383),#2386);
#2383 = B_SPLINE_CURVE_WITH_KNOTS('',1,(#2384,#2385),.UNSPECIFIED.,.F.,
  .F.,(2,2),(10.1,17.5000006),.PIECEWISE_BEZIER_KNOTS.);
#2384 = CARTESIAN_POINT('',(2.913156735682,-9.9));
#2385 = CARTESIAN_POINT('',(2.913156735682,-2.4999994));
#2386 = ( GEOMETRIC_REPRESENTATION_CONTEXT(2) 
PARAMETRIC_REPRESENTATION_CONTEXT() REPRESENTATION_CONTEXT('2D SPACE',''
  ) );
#2387 = ORIENTED_EDGE('',*,*,#2388,.F.);
#2388 = EDGE_CURVE('',#2389,#2363,#2391,.T.);
#2389 = VERTEX_POINT('',#2390);
#2390 = CARTESIAN_POINT('',(-84.44399857206,53.565017550276,11.));
#2391 = SURFACE_CURVE('',#2392,(#2397,#2404),.PCURVE_S1.);
#2392 = CIRCLE('',#2393,100.);
#2393 = AXIS2_PLACEMENT_3D('',#2394,#2395,#2396);
#2394 = CARTESIAN_POINT('',(0.,0.,11.));
#2395 = DIRECTION('',(0.,0.,1.));
#2396 = DIRECTION('',(1.,0.,-0.));
#2397 = PCURVE('',#31,#2398);
#2398 = DEFINITIONAL_REPRESENTATION('',(#2399),#2403);
#2399 = LINE('',#2400,#2401);
#2400 = CARTESIAN_POINT('',(0.,11.));
#2401 = VECTOR('',#2402,1.);
#2402 = DIRECTION('',(1.,0.));
#2403 = ( GEOMETRIC_REPRESENTATION_CONTEXT(2) 
PARAMETRIC_REPRESENTATION_CONTEXT() REPRESENTATION_CONTEXT('2D SPACE',''
  ) );
#2404 = PCURVE('',#2405,#2410);
#2405 = PLANE('',#2406);
#2406 = AXIS2_PLACEMENT_3D('',#2407,#2408,#2409);
#2407 = CARTESIAN_POINT('',(-86.60254037844,50.,11.));
#2408 = DIRECTION('',(0.,0.,1.));
#2409 = DIRECTION('',(-0.866025403784,0.5,0.));
#2410 = DEFINITIONAL_REPRESENTATION('',(#2411),#2415);
#2411 = CIRCLE('',#2412,100.);
#2412 = AXIS2_PLACEMENT_2D('',#2413,#2414);
#2413 = CARTESIAN_POINT('',(-100.,4.807406715959E-15));
#2414 = DIRECTION('',(-0.866025403784,-0.5));
#2415 = ( GEOMETRIC_REPRESENTATION_CONTEXT(2) 
PARAMETRIC_REPRESENTATION_CONTEXT() REPRESENTATION_CONTEXT('2D SPACE',''
  ) );
#2416 = ORIENTED_EDGE('',*,*,#2417,.T.);
#2417 = EDGE_CURVE('',#2389,#2418,#2420,.T.);
#2418 = VERTEX_POINT('',#2419);
#2419 = CARTESIAN_POINT('',(-84.44399857206,53.565017550276,17.5));
#2420 = SURFACE_CURVE('',#2421,(#2425,#2431),.PCURVE_S1.);
#2421 = LINE('',#2422,#2423);
#2422 = CARTESIAN_POINT('',(-84.44399857206,53.565017550276,0.));
#2423 = VECTOR('',#2424,1.);
#2424 = DIRECTION('',(0.,0.,1.));
#2425 = PCURVE('',#31,#2426);
#2426 = DEFINITIONAL_REPRESENTATION('',(#2427),#2430);
#2427 = B_SPLINE_CURVE_WITH_KNOTS('',1,(#2428,#2429),.UNSPECIFIED.,.F.,
  .F.,(2,2),(10.1,17.5000006),.PIECEWISE_BEZIER_KNOTS.);
#2428 = CARTESIAN_POINT('',(2.576315145569,10.1));
#2429 = CARTESIAN_POINT('',(2.576315145569,17.5000006));
#2430 = ( GEOMETRIC_REPRESENTATION_CONTEXT(2) 
PARAMETRIC_REPRESENTATION_CONTEXT() REPRESENTATION_CONTEXT('2D SPACE',''
  ) );
#2431 = PCURVE('',#2432,#2437);
#2432 = PLANE('',#2433);
#2433 = AXIS2_PLACEMENT_3D('',#2434,#2435,#2436);
#2434 = CARTESIAN_POINT('',(-81.92113083375,52.108439182435,20.));
#2435 = DIRECTION('',(0.5,0.866025403784,-0.));
#2436 = DIRECTION('',(-0.866025403784,0.5,0.));
#2437 = DEFINITIONAL_REPRESENTATION('',(#2438),#2441);
#2438 = B_SPLINE_CURVE_WITH_KNOTS('',1,(#2439,#2440),.UNSPECIFIED.,.F.,
  .F.,(2,2),(10.1,17.5000006),.PIECEWISE_BEZIER_KNOTS.);
#2439 = CARTESIAN_POINT('',(2.913156735682,-9.9));
#2440 = CARTESIAN_POINT('',(2.913156735682,-2.4999994));
#2441 = ( GEOMETRIC_REPRESENTATION_CONTEXT(2) 
PARAMETRIC_REPRESENTATION_CONTEXT() REPRESENTATION_CONTEXT('2D SPACE',''
  ) );
#2442 = ORIENTED_EDGE('',*,*,#2443,.F.);
#2443 = EDGE_CURVE('',#2444,#2418,#2446,.T.);
#2444 = VERTEX_POINT('',#2445);
#2445 = CARTESIAN_POINT('',(-79.21620021887,61.031087348036,17.5));
#2446 = SURFACE_CURVE('',#2447,(#2452,#2459),.PCURVE_S1.);
#2447 = CIRCLE('',#2448,100.);
#2448 = AXIS2_PLACEMENT_3D('',#2449,#2450,#2451);
#2449 = CARTESIAN_POINT('',(0.,0.,17.5));
#2450 = DIRECTION('',(0.,0.,1.));
#2451 = DIRECTION('',(1.,0.,-0.));
#2452 = PCURVE('',#31,#2453);
#2453 = DEFINITIONAL_REPRESENTATION('',(#2454),#2458);
#2454 = LINE('',#2455,#2456);
#2455 = CARTESIAN_POINT('',(0.,17.5));
#2456 = VECTOR('',#2457,1.);
#2457 = DIRECTION('',(1.,0.));
#2458 = ( GEOMETRIC_REPRESENTATION_CONTEXT(2) 
PARAMETRIC_REPRESENTATION_CONTEXT() REPRESENTATION_CONTEXT('2D SPACE',''
  ) );
#2459 = PCURVE('',#2460,#2465);
#2460 = CONICAL_SURFACE('',#2461,100.,0.785398163397);
#2461 = AXIS2_PLACEMENT_3D('',#2462,#2463,#2464);
#2462 = CARTESIAN_POINT('',(0.,0.,17.5));
#2463 = DIRECTION('',(-0.,-0.,-1.));
#2464 = DIRECTION('',(1.,0.,0.));
#2465 = DEFINITIONAL_REPRESENTATION('',(#2466),#2470);
#2466 = LINE('',#2467,#2468);
#2467 = CARTESIAN_POINT('',(-0.,-0.));
#2468 = VECTOR('',#2469,1.);
#2469 = DIRECTION('',(-1.,-0.));
#2470 = ( GEOMETRIC_REPRESENTATION_CONTEXT(2) 
PARAMETRIC_REPRESENTATION_CONTEXT() REPRESENTATION_CONTEXT('2D SPACE',''
  ) );
#2471 = ORIENTED_EDGE('',*,*,#2472,.F.);
#2472 = EDGE_CURVE('',#2473,#2444,#2475,.T.);
#2473 = VERTEX_POINT('',#2474);
#2474 = CARTESIAN_POINT('',(-79.21620021887,61.031087348036,11.));
#2475 = SURFACE_CURVE('',#2476,(#2480,#2486),.PCURVE_S1.);
#2476 = LINE('',#2477,#2478);
#2477 = CARTESIAN_POINT('',(-79.21620021887,61.031087348036,0.));
#2478 = VECTOR('',#2479,1.);
#2479 = DIRECTION('',(0.,0.,1.));
#2480 = PCURVE('',#31,#2481);
#2481 = DEFINITIONAL_REPRESENTATION('',(#2482),#2485);
#2482 = B_SPLINE_CURVE_WITH_KNOTS('',1,(#2483,#2484),.UNSPECIFIED.,.F.,
  .F.,(2,2),(10.1,17.5000006),.PIECEWISE_BEZIER_KNOTS.);
#2483 = CARTESIAN_POINT('',(2.485139685215,10.1));
#2484 = CARTESIAN_POINT('',(2.485139685215,17.5000006));
#2485 = ( GEOMETRIC_REPRESENTATION_CONTEXT(2) 
PARAMETRIC_REPRESENTATION_CONTEXT() REPRESENTATION_CONTEXT('2D SPACE',''
  ) );
#2486 = PCURVE('',#2487,#2492);
#2487 = PLANE('',#2488);
#2488 = AXIS2_PLACEMENT_3D('',#2489,#2490,#2491);
#2489 = CARTESIAN_POINT('',(-76.98459268956,59.158546293265,20.));
#2490 = DIRECTION('',(0.642787609687,0.766044443119,-0.));
#2491 = DIRECTION('',(-0.766044443119,0.642787609687,0.));
#2492 = DEFINITIONAL_REPRESENTATION('',(#2493),#2496);
#2493 = B_SPLINE_CURVE_WITH_KNOTS('',1,(#2494,#2495),.UNSPECIFIED.,.F.,
  .F.,(2,2),(10.1,17.5000006),.PIECEWISE_BEZIER_KNOTS.);
#2494 = CARTESIAN_POINT('',(2.913156735682,-9.9));
#2495 = CARTESIAN_POINT('',(2.913156735682,-2.4999994));
#2496 = ( GEOMETRIC_REPRESENTATION_CONTEXT(2) 
PARAMETRIC_REPRESENTATION_CONTEXT() REPRESENTATION_CONTEXT('2D SPACE',''
  ) );
#2497 = ORIENTED_EDGE('',*,*,#2498,.F.);
#2498 = EDGE_CURVE('',#2499,#2473,#2501,.T.);
#2499 = VERTEX_POINT('',#2500);
#2500 = CARTESIAN_POINT('',(-73.85963680481,67.414791040694,11.));
#2501 = SURFACE_CURVE('',#2502,(#2507,#2514),.PCURVE_S1.);
#2502 = CIRCLE('',#2503,100.);
#2503 = AXIS2_PLACEMENT_3D('',#2504,#2505,#2506);
#2504 = CARTESIAN_POINT('',(0.,0.,11.));
#2505 = DIRECTION('',(0.,0.,1.));
#2506 = DIRECTION('',(1.,0.,-0.));
#2507 = PCURVE('',#31,#2508);
#2508 = DEFINITIONAL_REPRESENTATION('',(#2509),#2513);
#2509 = LINE('',#2510,#2511);
#2510 = CARTESIAN_POINT('',(0.,11.));
#2511 = VECTOR('',#2512,1.);
#2512 = DIRECTION('',(1.,0.));
#2513 = ( GEOMETRIC_REPRESENTATION_CONTEXT(2) 
PARAMETRIC_REPRESENTATION_CONTEXT() REPRESENTATION_CONTEXT('2D SPACE',''
  ) );
#2514 = PCURVE('',#2515,#2520);
#2515 = PLANE('',#2516);
#2516 = AXIS2_PLACEMENT_3D('',#2517,#2518,#2519);
#2517 = CARTESIAN_POINT('',(-76.60444431189,64.278760968654,11.));
#2518 = DIRECTION('',(0.,0.,1.));
#2519 = DIRECTION('',(-0.766044443119,0.642787609687,0.));
#2520 = DEFINITIONAL_REPRESENTATION('',(#2521),#2525);
#2521 = CIRCLE('',#2522,100.);
#2522 = AXIS2_PLACEMENT_2D('',#2523,#2524);
#2523 = CARTESIAN_POINT('',(-100.,-6.78788940609E-15));
#2524 = DIRECTION('',(-0.766044443119,-0.642787609687));
#2525 = ( GEOMETRIC_REPRESENTATION_CONTEXT(2) 
PARAMETRIC_REPRESENTATION_CONTEXT() REPRESENTATION_CONTEXT('2D SPACE',''
  ) );
#2526 = ORIENTED_EDGE('',*,*,#2527,.T.);
#2527 = EDGE_CURVE('',#2499,#2528,#2530,.T.);
#2528 = VERTEX_POINT('',#2529);
#2529 = CARTESIAN_POINT('',(-73.85963680481,67.414791040694,17.5));
#2530 = SURFACE_CURVE('',#2531,(#2535,#2541),.PCURVE_S1.);
#2531 = LINE('',#2532,#2533);
#2532 = CARTESIAN_POINT('',(-73.85963680481,67.414791040694,0.));
#2533 = VECTOR('',#2534,1.);
#2534 = DIRECTION('',(0.,0.,1.));
#2535 = PCURVE('',#31,#2536);
#2536 = DEFINITIONAL_REPRESENTATION('',(#2537),#2540);
#2537 = B_SPLINE_CURVE_WITH_KNOTS('',1,(#2538,#2539),.UNSPECIFIED.,.F.,
  .F.,(2,2),(10.1,17.5000006),.PIECEWISE_BEZIER_KNOTS.);
#2538 = CARTESIAN_POINT('',(2.401782220369,10.1));
#2539 = CARTESIAN_POINT('',(2.401782220369,17.5000006));
#2540 = ( GEOMETRIC_REPRESENTATION_CONTEXT(2) 
PARAMETRIC_REPRESENTATION_CONTEXT() REPRESENTATION_CONTEXT('2D SPACE',''
  ) );
#2541 = PCURVE('',#2542,#2547);
#2542 = PLANE('',#2543);
#2543 = AXIS2_PLACEMENT_3D('',#2544,#2545,#2546);
#2544 = CARTESIAN_POINT('',(-71.62802927551,65.542249985923,20.));
#2545 = DIRECTION('',(0.642787609687,0.766044443119,-0.));
#2546 = DIRECTION('',(-0.766044443119,0.642787609687,0.));
#2547 = DEFINITIONAL_REPRESENTATION('',(#2548),#2551);
#2548 = B_SPLINE_CURVE_WITH_KNOTS('',1,(#2549,#2550),.UNSPECIFIED.,.F.,
  .F.,(2,2),(10.1,17.5000006),.PIECEWISE_BEZIER_KNOTS.);
#2549 = CARTESIAN_POINT('',(2.913156735682,-9.9));
#2550 = CARTESIAN_POINT('',(2.913156735682,-2.4999994));
#2551 = ( GEOMETRIC_REPRESENTATION_CONTEXT(2) 
PARAMETRIC_REPRESENTATION_CONTEXT() REPRESENTATION_CONTEXT('2D SPACE',''
  ) );
#2552 = ORIENTED_EDGE('',*,*,#2553,.F.);
#2553 = EDGE_CURVE('',#2554,#2528,#2556,.T.);
#2554 = VERTEX_POINT('',#2555);
#2555 = CARTESIAN_POINT('',(-67.41479104069,73.859636804817,17.5));
#2556 = SURFACE_CURVE('',#2557,(#2562,#2569),.PCURVE_S1.);
#2557 = CIRCLE('',#2558,100.);
#2558 = AXIS2_PLACEMENT_3D('',#2559,#2560,#2561);
#2559 = CARTESIAN_POINT('',(0.,0.,17.5));
#2560 = DIRECTION('',(0.,0.,1.));
#2561 = DIRECTION('',(1.,0.,-0.));
#2562 = PCURVE('',#31,#2563);
#2563 = DEFINITIONAL_REPRESENTATION('',(#2564),#2568);
#2564 = LINE('',#2565,#2566);
#2565 = CARTESIAN_POINT('',(0.,17.5));
#2566 = VECTOR('',#2567,1.);
#2567 = DIRECTION('',(1.,0.));
#2568 = ( GEOMETRIC_REPRESENTATION_CONTEXT(2) 
PARAMETRIC_REPRESENTATION_CONTEXT() REPRESENTATION_CONTEXT('2D SPACE',''
  ) );
#2569 = PCURVE('',#2570,#2575);
#2570 = CONICAL_SURFACE('',#2571,100.,0.785398163397);
#2571 = AXIS2_PLACEMENT_3D('',#2572,#2573,#2574);
#2572 = CARTESIAN_POINT('',(0.,0.,17.5));
#2573 = DIRECTION('',(-0.,-0.,-1.));
#2574 = DIRECTION('',(1.,0.,0.));
#2575 = DEFINITIONAL_REPRESENTATION('',(#2576),#2580);
#2576 = LINE('',#2577,#2578);
#2577 = CARTESIAN_POINT('',(-0.,-0.));
#2578 = VECTOR('',#2579,1.);
#2579 = DIRECTION('',(-1.,-0.));
#2580 = ( GEOMETRIC_REPRESENTATION_CONTEXT(2) 
PARAMETRIC_REPRESENTATION_CONTEXT() REPRESENTATION_CONTEXT('2D SPACE',''
  ) );
#2581 = ORIENTED_EDGE('',*,*,#2582,.F.);
#2582 = EDGE_CURVE('',#2583,#2554,#2585,.T.);
#2583 = VERTEX_POINT('',#2584);
#2584 = CARTESIAN_POINT('',(-67.41479104069,73.859636804817,11.));
#2585 = SURFACE_CURVE('',#2586,(#2590,#2596),.PCURVE_S1.);
#2586 = LINE('',#2587,#2588);
#2587 = CARTESIAN_POINT('',(-67.41479104069,73.859636804817,0.));
#2588 = VECTOR('',#2589,1.);
#2589 = DIRECTION('',(0.,0.,1.));
#2590 = PCURVE('',#31,#2591);
#2591 = DEFINITIONAL_REPRESENTATION('',(#2592),#2595);
#2592 = B_SPLINE_CURVE_WITH_KNOTS('',1,(#2593,#2594),.UNSPECIFIED.,.F.,
  .F.,(2,2),(10.1,17.5000006),.PIECEWISE_BEZIER_KNOTS.);
#2593 = CARTESIAN_POINT('',(2.310606760015,10.1));
#2594 = CARTESIAN_POINT('',(2.310606760015,17.5000006));
#2595 = ( GEOMETRIC_REPRESENTATION_CONTEXT(2) 
PARAMETRIC_REPRESENTATION_CONTEXT() REPRESENTATION_CONTEXT('2D SPACE',''
  ) );
#2596 = PCURVE('',#2597,#2602);
#2597 = PLANE('',#2598);
#2598 = AXIS2_PLACEMENT_3D('',#2599,#2600,#2601);
#2599 = CARTESIAN_POINT('',(-65.54224998592,71.628029275514,20.));
#2600 = DIRECTION('',(0.766044443119,0.642787609687,-0.));
#2601 = DIRECTION('',(-0.642787609687,0.766044443119,0.));
#2602 = DEFINITIONAL_REPRESENTATION('',(#2603),#2606);
#2603 = B_SPLINE_CURVE_WITH_KNOTS('',1,(#2604,#2605),.UNSPECIFIED.,.F.,
  .F.,(2,2),(10.1,17.5000006),.PIECEWISE_BEZIER_KNOTS.);
#2604 = CARTESIAN_POINT('',(2.913156735682,-9.9));
#2605 = CARTESIAN_POINT('',(2.913156735682,-2.4999994));
#2606 = ( GEOMETRIC_REPRESENTATION_CONTEXT(2) 
PARAMETRIC_REPRESENTATION_CONTEXT() REPRESENTATION_CONTEXT('2D SPACE',''
  ) );
#2607 = ORIENTED_EDGE('',*,*,#2608,.F.);
#2608 = EDGE_CURVE('',#2609,#2583,#2611,.T.);
#2609 = VERTEX_POINT('',#2610);
#2610 = CARTESIAN_POINT('',(-61.03108734803,79.216200218872,11.));
#2611 = SURFACE_CURVE('',#2612,(#2617,#2624),.PCURVE_S1.);
#2612 = CIRCLE('',#2613,100.);
#2613 = AXIS2_PLACEMENT_3D('',#2614,#2615,#2616);
#2614 = CARTESIAN_POINT('',(0.,0.,11.));
#2615 = DIRECTION('',(0.,0.,1.));
#2616 = DIRECTION('',(1.,0.,-0.));
#2617 = PCURVE('',#31,#2618);
#2618 = DEFINITIONAL_REPRESENTATION('',(#2619),#2623);
#2619 = LINE('',#2620,#2621);
#2620 = CARTESIAN_POINT('',(0.,11.));
#2621 = VECTOR('',#2622,1.);
#2622 = DIRECTION('',(1.,0.));
#2623 = ( GEOMETRIC_REPRESENTATION_CONTEXT(2) 
PARAMETRIC_REPRESENTATION_CONTEXT() REPRESENTATION_CONTEXT('2D SPACE',''
  ) );
#2624 = PCURVE('',#2625,#2630);
#2625 = PLANE('',#2626);
#2626 = AXIS2_PLACEMENT_3D('',#2627,#2628,#2629);
#2627 = CARTESIAN_POINT('',(-64.27876096865,76.604444311898,11.));
#2628 = DIRECTION('',(0.,0.,1.));
#2629 = DIRECTION('',(-0.642787609687,0.766044443119,0.));
#2630 = DEFINITIONAL_REPRESENTATION('',(#2631),#2635);
#2631 = CIRCLE('',#2632,100.);
#2632 = AXIS2_PLACEMENT_2D('',#2633,#2634);
#2633 = CARTESIAN_POINT('',(-100.,3.97726148757E-15));
#2634 = DIRECTION('',(-0.642787609687,-0.766044443119));
#2635 = ( GEOMETRIC_REPRESENTATION_CONTEXT(2) 
PARAMETRIC_REPRESENTATION_CONTEXT() REPRESENTATION_CONTEXT('2D SPACE',''
  ) );
#2636 = ORIENTED_EDGE('',*,*,#2637,.T.);
#2637 = EDGE_CURVE('',#2609,#2638,#2640,.T.);
#2638 = VERTEX_POINT('',#2639);
#2639 = CARTESIAN_POINT('',(-61.03108734803,79.216200218872,17.5));
#2640 = SURFACE_CURVE('',#2641,(#2645,#2651),.PCURVE_S1.);
#2641 = LINE('',#2642,#2643);
#2642 = CARTESIAN_POINT('',(-61.03108734803,79.216200218872,0.));
#2643 = VECTOR('',#2644,1.);
#2644 = DIRECTION('',(0.,0.,1.));
#2645 = PCURVE('',#31,#2646);
#2646 = DEFINITIONAL_REPRESENTATION('',(#2647),#2650);
#2647 = B_SPLINE_CURVE_WITH_KNOTS('',1,(#2648,#2649),.UNSPECIFIED.,.F.,
  .F.,(2,2),(10.1,17.5000006),.PIECEWISE_BEZIER_KNOTS.);
#2648 = CARTESIAN_POINT('',(2.22724929517,10.1));
#2649 = CARTESIAN_POINT('',(2.22724929517,17.5000006));
#2650 = ( GEOMETRIC_REPRESENTATION_CONTEXT(2) 
PARAMETRIC_REPRESENTATION_CONTEXT() REPRESENTATION_CONTEXT('2D SPACE',''
  ) );
#2651 = PCURVE('',#2652,#2657);
#2652 = PLANE('',#2653);
#2653 = AXIS2_PLACEMENT_3D('',#2654,#2655,#2656);
#2654 = CARTESIAN_POINT('',(-59.15854629326,76.984592689568,20.));
#2655 = DIRECTION('',(0.766044443119,0.642787609687,-0.));
#2656 = DIRECTION('',(-0.642787609687,0.766044443119,0.));
#2657 = DEFINITIONAL_REPRESENTATION('',(#2658),#2661);
#2658 = B_SPLINE_CURVE_WITH_KNOTS('',1,(#2659,#2660),.UNSPECIFIED.,.F.,
  .F.,(2,2),(10.1,17.5000006),.PIECEWISE_BEZIER_KNOTS.);
#2659 = CARTESIAN_POINT('',(2.913156735682,-9.9));
#2660 = CARTESIAN_POINT('',(2.913156735682,-2.4999994));
#2661 = ( GEOMETRIC_REPRESENTATION_CONTEXT(2) 
PARAMETRIC_REPRESENTATION_CONTEXT() REPRESENTATION_CONTEXT('2D SPACE',''
  ) );
#2662 = ORIENTED_EDGE('',*,*,#2663,.F.);
#2663 = EDGE_CURVE('',#2664,#2638,#2666,.T.);
#2664 = VERTEX_POINT('',#2665);
#2665 = CARTESIAN_POINT('',(-53.56501755027,84.443998572063,17.5));
#2666 = SURFACE_CURVE('',#2667,(#2672,#2679),.PCURVE_S1.);
#2667 = CIRCLE('',#2668,100.);
#2668 = AXIS2_PLACEMENT_3D('',#2669,#2670,#2671);
#2669 = CARTESIAN_POINT('',(0.,0.,17.5));
#2670 = DIRECTION('',(0.,0.,1.));
#2671 = DIRECTION('',(1.,0.,-0.));
#2672 = PCURVE('',#31,#2673);
#2673 = DEFINITIONAL_REPRESENTATION('',(#2674),#2678);
#2674 = LINE('',#2675,#2676);
#2675 = CARTESIAN_POINT('',(0.,17.5));
#2676 = VECTOR('',#2677,1.);
#2677 = DIRECTION('',(1.,0.));
#2678 = ( GEOMETRIC_REPRESENTATION_CONTEXT(2) 
PARAMETRIC_REPRESENTATION_CONTEXT() REPRESENTATION_CONTEXT('2D SPACE',''
  ) );
#2679 = PCURVE('',#2680,#2685);
#2680 = CONICAL_SURFACE('',#2681,100.,0.785398163397);
#2681 = AXIS2_PLACEMENT_3D('',#2682,#2683,#2684);
#2682 = CARTESIAN_POINT('',(0.,0.,17.5));
#2683 = DIRECTION('',(-0.,-0.,-1.));
#2684 = DIRECTION('',(1.,0.,0.));
#2685 = DEFINITIONAL_REPRESENTATION('',(#2686),#2690);
#2686 = LINE('',#2687,#2688);
#2687 = CARTESIAN_POINT('',(-0.,-0.));
#2688 = VECTOR('',#2689,1.);
#2689 = DIRECTION('',(-1.,-0.));
#2690 = ( GEOMETRIC_REPRESENTATION_CONTEXT(2) 
PARAMETRIC_REPRESENTATION_CONTEXT() REPRESENTATION_CONTEXT('2D SPACE',''
  ) );
#2691 = ORIENTED_EDGE('',*,*,#2692,.F.);
#2692 = EDGE_CURVE('',#2693,#2664,#2695,.T.);
#2693 = VERTEX_POINT('',#2694);
#2694 = CARTESIAN_POINT('',(-53.56501755027,84.443998572063,11.));
#2695 = SURFACE_CURVE('',#2696,(#2700,#2706),.PCURVE_S1.);
#2696 = LINE('',#2697,#2698);
#2697 = CARTESIAN_POINT('',(-53.56501755027,84.443998572063,0.));
#2698 = VECTOR('',#2699,1.);
#2699 = DIRECTION('',(0.,0.,1.));
#2700 = PCURVE('',#31,#2701);
#2701 = DEFINITIONAL_REPRESENTATION('',(#2702),#2705);
#2702 = B_SPLINE_CURVE_WITH_KNOTS('',1,(#2703,#2704),.UNSPECIFIED.,.F.,
  .F.,(2,2),(10.1,17.5000006),.PIECEWISE_BEZIER_KNOTS.);
#2703 = CARTESIAN_POINT('',(2.136073834816,10.1));
#2704 = CARTESIAN_POINT('',(2.136073834816,17.5000006));
#2705 = ( GEOMETRIC_REPRESENTATION_CONTEXT(2) 
PARAMETRIC_REPRESENTATION_CONTEXT() REPRESENTATION_CONTEXT('2D SPACE',''
  ) );
#2706 = PCURVE('',#2707,#2712);
#2707 = PLANE('',#2708);
#2708 = AXIS2_PLACEMENT_3D('',#2709,#2710,#2711);
#2709 = CARTESIAN_POINT('',(-52.10843918243,81.921130833757,20.));
#2710 = DIRECTION('',(0.866025403784,0.5,-0.));
#2711 = DIRECTION('',(-0.5,0.866025403784,0.));
#2712 = DEFINITIONAL_REPRESENTATION('',(#2713),#2716);
#2713 = B_SPLINE_CURVE_WITH_KNOTS('',1,(#2714,#2715),.UNSPECIFIED.,.F.,
  .F.,(2,2),(10.1,17.5000006),.PIECEWISE_BEZIER_KNOTS.);
#2714 = CARTESIAN_POINT('',(2.913156735682,-9.9));
#2715 = CARTESIAN_POINT('',(2.913156735682,-2.4999994));
#2716 = ( GEOMETRIC_REPRESENTATION_CONTEXT(2) 
PARAMETRIC_REPRESENTATION_CONTEXT() REPRESENTATION_CONTEXT('2D SPACE',''
  ) );
#2717 = ORIENTED_EDGE('',*,*,#2718,.F.);
#2718 = EDGE_CURVE('',#2719,#2693,#2721,.T.);
#2719 = VERTEX_POINT('',#2720);
#2720 = CARTESIAN_POINT('',(-46.3481391854,88.61066523873,11.));
#2721 = SURFACE_CURVE('',#2722,(#2727,#2734),.PCURVE_S1.);
#2722 = CIRCLE('',#2723,100.);
#2723 = AXIS2_PLACEMENT_3D('',#2724,#2725,#2726);
#2724 = CARTESIAN_POINT('',(0.,0.,11.));
#2725 = DIRECTION('',(0.,0.,1.));
#2726 = DIRECTION('',(1.,0.,-0.));
#2727 = PCURVE('',#31,#2728);
#2728 = DEFINITIONAL_REPRESENTATION('',(#2729),#2733);
#2729 = LINE('',#2730,#2731);
#2730 = CARTESIAN_POINT('',(0.,11.));
#2731 = VECTOR('',#2732,1.);
#2732 = DIRECTION('',(1.,0.));
#2733 = ( GEOMETRIC_REPRESENTATION_CONTEXT(2) 
PARAMETRIC_REPRESENTATION_CONTEXT() REPRESENTATION_CONTEXT('2D SPACE',''
  ) );
#2734 = PCURVE('',#2735,#2740);
#2735 = PLANE('',#2736);
#2736 = AXIS2_PLACEMENT_3D('',#2737,#2738,#2739);
#2737 = CARTESIAN_POINT('',(-50.,86.602540378444,11.));
#2738 = DIRECTION('',(0.,0.,1.));
#2739 = DIRECTION('',(-0.5,0.866025403784,0.));
#2740 = DEFINITIONAL_REPRESENTATION('',(#2741),#2745);
#2741 = CIRCLE('',#2742,100.);
#2742 = AXIS2_PLACEMENT_2D('',#2743,#2744);
#2743 = CARTESIAN_POINT('',(-100.,1.58505181498E-15));
#2744 = DIRECTION('',(-0.5,-0.866025403784));
#2745 = ( GEOMETRIC_REPRESENTATION_CONTEXT(2) 
PARAMETRIC_REPRESENTATION_CONTEXT() REPRESENTATION_CONTEXT('2D SPACE',''
  ) );
#2746 = ORIENTED_EDGE('',*,*,#2747,.T.);
#2747 = EDGE_CURVE('',#2719,#2748,#2750,.T.);
#2748 = VERTEX_POINT('',#2749);
#2749 = CARTESIAN_POINT('',(-46.3481391854,88.61066523873,17.5));
#2750 = SURFACE_CURVE('',#2751,(#2755,#2761),.PCURVE_S1.);
#2751 = LINE('',#2752,#2753);
#2752 = CARTESIAN_POINT('',(-46.3481391854,88.61066523873,0.));
#2753 = VECTOR('',#2754,1.);
#2754 = DIRECTION('',(0.,0.,1.));
#2755 = PCURVE('',#31,#2756);
#2756 = DEFINITIONAL_REPRESENTATION('',(#2757),#2760);
#2757 = B_SPLINE_CURVE_WITH_KNOTS('',1,(#2758,#2759),.UNSPECIFIED.,.F.,
  .F.,(2,2),(10.1,17.5000006),.PIECEWISE_BEZIER_KNOTS.);
#2758 = CARTESIAN_POINT('',(2.052716369971,10.1));
#2759 = CARTESIAN_POINT('',(2.052716369971,17.5000006));
#2760 = ( GEOMETRIC_REPRESENTATION_CONTEXT(2) 
PARAMETRIC_REPRESENTATION_CONTEXT() REPRESENTATION_CONTEXT('2D SPACE',''
  ) );
#2761 = PCURVE('',#2762,#2767);
#2762 = PLANE('',#2763);
#2763 = AXIS2_PLACEMENT_3D('',#2764,#2765,#2766);
#2764 = CARTESIAN_POINT('',(-44.89156081756,86.087797500424,20.));
#2765 = DIRECTION('',(0.866025403784,0.5,-0.));
#2766 = DIRECTION('',(-0.5,0.866025403784,0.));
#2767 = DEFINITIONAL_REPRESENTATION('',(#2768),#2771);
#2768 = B_SPLINE_CURVE_WITH_KNOTS('',1,(#2769,#2770),.UNSPECIFIED.,.F.,
  .F.,(2,2),(10.1,17.5000006),.PIECEWISE_BEZIER_KNOTS.);
#2769 = CARTESIAN_POINT('',(2.913156735682,-9.9));
#2770 = CARTESIAN_POINT('',(2.913156735682,-2.4999994));
#2771 = ( GEOMETRIC_REPRESENTATION_CONTEXT(2) 
PARAMETRIC_REPRESENTATION_CONTEXT() REPRESENTATION_CONTEXT('2D SPACE',''
  ) );
#2772 = ORIENTED_EDGE('',*,*,#2773,.F.);
#2773 = EDGE_CURVE('',#2774,#2748,#2776,.T.);
#2774 = VERTEX_POINT('',#2775);
#2775 = CARTESIAN_POINT('',(-38.08769810679,92.462572173422,17.5));
#2776 = SURFACE_CURVE('',#2777,(#2782,#2789),.PCURVE_S1.);
#2777 = CIRCLE('',#2778,100.);
#2778 = AXIS2_PLACEMENT_3D('',#2779,#2780,#2781);
#2779 = CARTESIAN_POINT('',(0.,0.,17.5));
#2780 = DIRECTION('',(0.,0.,1.));
#2781 = DIRECTION('',(1.,0.,-0.));
#2782 = PCURVE('',#31,#2783);
#2783 = DEFINITIONAL_REPRESENTATION('',(#2784),#2788);
#2784 = LINE('',#2785,#2786);
#2785 = CARTESIAN_POINT('',(0.,17.5));
#2786 = VECTOR('',#2787,1.);
#2787 = DIRECTION('',(1.,0.));
#2788 = ( GEOMETRIC_REPRESENTATION_CONTEXT(2) 
PARAMETRIC_REPRESENTATION_CONTEXT() REPRESENTATION_CONTEXT('2D SPACE',''
  ) );
#2789 = PCURVE('',#2790,#2795);
#2790 = CONICAL_SURFACE('',#2791,100.,0.785398163397);
#2791 = AXIS2_PLACEMENT_3D('',#2792,#2793,#2794);
#2792 = CARTESIAN_POINT('',(0.,0.,17.5));
#2793 = DIRECTION('',(-0.,-0.,-1.));
#2794 = DIRECTION('',(1.,0.,0.));
#2795 = DEFINITIONAL_REPRESENTATION('',(#2796),#2800);
#2796 = LINE('',#2797,#2798);
#2797 = CARTESIAN_POINT('',(-0.,-0.));
#2798 = VECTOR('',#2799,1.);
#2799 = DIRECTION('',(-1.,-0.));
#2800 = ( GEOMETRIC_REPRESENTATION_CONTEXT(2) 
PARAMETRIC_REPRESENTATION_CONTEXT() REPRESENTATION_CONTEXT('2D SPACE',''
  ) );
#2801 = ORIENTED_EDGE('',*,*,#2802,.F.);
#2802 = EDGE_CURVE('',#2803,#2774,#2805,.T.);
#2803 = VERTEX_POINT('',#2804);
#2804 = CARTESIAN_POINT('',(-38.08769810679,92.462572173422,11.));
#2805 = SURFACE_CURVE('',#2806,(#2810,#2816),.PCURVE_S1.);
#2806 = LINE('',#2807,#2808);
#2807 = CARTESIAN_POINT('',(-38.08769810679,92.462572173422,0.));
#2808 = VECTOR('',#2809,1.);
#2809 = DIRECTION('',(0.,0.,1.));
#2810 = PCURVE('',#31,#2811);
#2811 = DEFINITIONAL_REPRESENTATION('',(#2812),#2815);
#2812 = B_SPLINE_CURVE_WITH_KNOTS('',1,(#2813,#2814),.UNSPECIFIED.,.F.,
  .F.,(2,2),(10.1,17.5000006),.PIECEWISE_BEZIER_KNOTS.);
#2813 = CARTESIAN_POINT('',(1.961540909616,10.1));
#2814 = CARTESIAN_POINT('',(1.961540909616,17.5000006));
#2815 = ( GEOMETRIC_REPRESENTATION_CONTEXT(2) 
PARAMETRIC_REPRESENTATION_CONTEXT() REPRESENTATION_CONTEXT('2D SPACE',''
  ) );
#2816 = PCURVE('',#2817,#2822);
#2817 = PLANE('',#2818);
#2818 = AXIS2_PLACEMENT_3D('',#2819,#2820,#2821);
#2819 = CARTESIAN_POINT('',(-37.09133982253,89.72510028571,20.));
#2820 = DIRECTION('',(0.939692620786,0.342020143326,-0.));
#2821 = DIRECTION('',(-0.342020143326,0.939692620786,0.));
#2822 = DEFINITIONAL_REPRESENTATION('',(#2823),#2826);
#2823 = B_SPLINE_CURVE_WITH_KNOTS('',1,(#2824,#2825),.UNSPECIFIED.,.F.,
  .F.,(2,2),(10.1,17.5000006),.PIECEWISE_BEZIER_KNOTS.);
#2824 = CARTESIAN_POINT('',(2.913156735682,-9.9));
#2825 = CARTESIAN_POINT('',(2.913156735682,-2.4999994));
#2826 = ( GEOMETRIC_REPRESENTATION_CONTEXT(2) 
PARAMETRIC_REPRESENTATION_CONTEXT() REPRESENTATION_CONTEXT('2D SPACE',''
  ) );
#2827 = ORIENTED_EDGE('',*,*,#2828,.F.);
#2828 = EDGE_CURVE('',#2829,#2803,#2831,.T.);
#2829 = VERTEX_POINT('',#2830);
#2830 = CARTESIAN_POINT('',(-30.25692626691,95.31274003447,11.));
#2831 = SURFACE_CURVE('',#2832,(#2837,#2844),.PCURVE_S1.);
#2832 = CIRCLE('',#2833,100.);
#2833 = AXIS2_PLACEMENT_3D('',#2834,#2835,#2836);
#2834 = CARTESIAN_POINT('',(0.,0.,11.));
#2835 = DIRECTION('',(0.,0.,1.));
#2836 = DIRECTION('',(1.,0.,-0.));
#2837 = PCURVE('',#31,#2838);
#2838 = DEFINITIONAL_REPRESENTATION('',(#2839),#2843);
#2839 = LINE('',#2840,#2841);
#2840 = CARTESIAN_POINT('',(0.,11.));
#2841 = VECTOR('',#2842,1.);
#2842 = DIRECTION('',(1.,0.));
#2843 = ( GEOMETRIC_REPRESENTATION_CONTEXT(2) 
PARAMETRIC_REPRESENTATION_CONTEXT() REPRESENTATION_CONTEXT('2D SPACE',''
  ) );
#2844 = PCURVE('',#2845,#2850);
#2845 = PLANE('',#2846);
#2846 = AXIS2_PLACEMENT_3D('',#2847,#2848,#2849);
#2847 = CARTESIAN_POINT('',(-34.20201433256,93.969262078591,11.));
#2848 = DIRECTION('',(0.,0.,1.));
#2849 = DIRECTION('',(-0.342020143326,0.939692620786,0.));
#2850 = DEFINITIONAL_REPRESENTATION('',(#2851),#2855);
#2851 = CIRCLE('',#2852,100.);
#2852 = AXIS2_PLACEMENT_2D('',#2853,#2854);
#2853 = CARTESIAN_POINT('',(-100.,2.717414259757E-16));
#2854 = DIRECTION('',(-0.342020143326,-0.939692620786));
#2855 = ( GEOMETRIC_REPRESENTATION_CONTEXT(2) 
PARAMETRIC_REPRESENTATION_CONTEXT() REPRESENTATION_CONTEXT('2D SPACE',''
  ) );
#2856 = ORIENTED_EDGE('',*,*,#2857,.T.);
#2857 = EDGE_CURVE('',#2829,#2858,#2860,.T.);
#2858 = VERTEX_POINT('',#2859);
#2859 = CARTESIAN_POINT('',(-30.25692626691,95.31274003447,17.5));
#2860 = SURFACE_CURVE('',#2861,(#2865,#2871),.PCURVE_S1.);
#2861 = LINE('',#2862,#2863);
#2862 = CARTESIAN_POINT('',(-30.25692626691,95.31274003447,0.));
#2863 = VECTOR('',#2864,1.);
#2864 = DIRECTION('',(0.,0.,1.));
#2865 = PCURVE('',#31,#2866);
#2866 = DEFINITIONAL_REPRESENTATION('',(#2867),#2870);
#2867 = B_SPLINE_CURVE_WITH_KNOTS('',1,(#2868,#2869),.UNSPECIFIED.,.F.,
  .F.,(2,2),(10.1,17.5000006),.PIECEWISE_BEZIER_KNOTS.);
#2868 = CARTESIAN_POINT('',(1.878183444771,10.1));
#2869 = CARTESIAN_POINT('',(1.878183444771,17.5000006));
#2870 = ( GEOMETRIC_REPRESENTATION_CONTEXT(2) 
PARAMETRIC_REPRESENTATION_CONTEXT() REPRESENTATION_CONTEXT('2D SPACE',''
  ) );
#2871 = PCURVE('',#2872,#2877);
#2872 = PLANE('',#2873);
#2873 = AXIS2_PLACEMENT_3D('',#2874,#2875,#2876);
#2874 = CARTESIAN_POINT('',(-29.26056798264,92.575268146757,20.));
#2875 = DIRECTION('',(0.939692620786,0.342020143326,-0.));
#2876 = DIRECTION('',(-0.342020143326,0.939692620786,0.));
#2877 = DEFINITIONAL_REPRESENTATION('',(#2878),#2881);
#2878 = B_SPLINE_CURVE_WITH_KNOTS('',1,(#2879,#2880),.UNSPECIFIED.,.F.,
  .F.,(2,2),(10.1,17.5000006),.PIECEWISE_BEZIER_KNOTS.);
#2879 = CARTESIAN_POINT('',(2.913156735682,-9.9));
#2880 = CARTESIAN_POINT('',(2.913156735682,-2.4999994));
#2881 = ( GEOMETRIC_REPRESENTATION_CONTEXT(2) 
PARAMETRIC_REPRESENTATION_CONTEXT() REPRESENTATION_CONTEXT('2D SPACE',''
  ) );
#2882 = ORIENTED_EDGE('',*,*,#2883,.F.);
#2883 = EDGE_CURVE('',#2884,#2858,#2886,.T.);
#2884 = VERTEX_POINT('',#2885);
#2885 = CARTESIAN_POINT('',(-21.45310322965,97.671717307611,17.5));
#2886 = SURFACE_CURVE('',#2887,(#2892,#2899),.PCURVE_S1.);
#2887 = CIRCLE('',#2888,100.);
#2888 = AXIS2_PLACEMENT_3D('',#2889,#2890,#2891);
#2889 = CARTESIAN_POINT('',(0.,0.,17.5));
#2890 = DIRECTION('',(0.,0.,1.));
#2891 = DIRECTION('',(1.,0.,-0.));
#2892 = PCURVE('',#31,#2893);
#2893 = DEFINITIONAL_REPRESENTATION('',(#2894),#2898);
#2894 = LINE('',#2895,#2896);
#2895 = CARTESIAN_POINT('',(0.,17.5));
#2896 = VECTOR('',#2897,1.);
#2897 = DIRECTION('',(1.,0.));
#2898 = ( GEOMETRIC_REPRESENTATION_CONTEXT(2) 
PARAMETRIC_REPRESENTATION_CONTEXT() REPRESENTATION_CONTEXT('2D SPACE',''
  ) );
#2899 = PCURVE('',#2900,#2905);
#2900 = CONICAL_SURFACE('',#2901,100.,0.785398163397);
#2901 = AXIS2_PLACEMENT_3D('',#2902,#2903,#2904);
#2902 = CARTESIAN_POINT('',(0.,0.,17.5));
#2903 = DIRECTION('',(-0.,-0.,-1.));
#2904 = DIRECTION('',(1.,0.,0.));
#2905 = DEFINITIONAL_REPRESENTATION('',(#2906),#2910);
#2906 = LINE('',#2907,#2908);
#2907 = CARTESIAN_POINT('',(-0.,-0.));
#2908 = VECTOR('',#2909,1.);
#2909 = DIRECTION('',(-1.,-0.));
#2910 = ( GEOMETRIC_REPRESENTATION_CONTEXT(2) 
PARAMETRIC_REPRESENTATION_CONTEXT() REPRESENTATION_CONTEXT('2D SPACE',''
  ) );
#2911 = ORIENTED_EDGE('',*,*,#2912,.F.);
#2912 = EDGE_CURVE('',#2913,#2884,#2915,.T.);
#2913 = VERTEX_POINT('',#2914);
#2914 = CARTESIAN_POINT('',(-21.45310322965,97.671717307611,11.));
#2915 = SURFACE_CURVE('',#2916,(#2920,#2926),.PCURVE_S1.);
#2916 = LINE('',#2917,#2918);
#2917 = CARTESIAN_POINT('',(-21.45310322965,97.671717307611,0.));
#2918 = VECTOR('',#2919,1.);
#2919 = DIRECTION('',(0.,0.,1.));
#2920 = PCURVE('',#31,#2921);
#2921 = DEFINITIONAL_REPRESENTATION('',(#2922),#2925);
#2922 = B_SPLINE_CURVE_WITH_KNOTS('',1,(#2923,#2924),.UNSPECIFIED.,.F.,
  .F.,(2,2),(10.1,17.5000006),.PIECEWISE_BEZIER_KNOTS.);
#2923 = CARTESIAN_POINT('',(1.787007984417,10.1));
#2924 = CARTESIAN_POINT('',(1.787007984417,17.5000006));
#2925 = ( GEOMETRIC_REPRESENTATION_CONTEXT(2) 
PARAMETRIC_REPRESENTATION_CONTEXT() REPRESENTATION_CONTEXT('2D SPACE',''
  ) );
#2926 = PCURVE('',#2927,#2932);
#2927 = PLANE('',#2928);
#2928 = AXIS2_PLACEMENT_3D('',#2929,#2930,#2931);
#2929 = CARTESIAN_POINT('',(-20.94723887124,94.802817968572,20.));
#2930 = DIRECTION('',(0.984807753012,0.173648177667,-0.));
#2931 = DIRECTION('',(-0.173648177667,0.984807753012,0.));
#2932 = DEFINITIONAL_REPRESENTATION('',(#2933),#2936);
#2933 = B_SPLINE_CURVE_WITH_KNOTS('',1,(#2934,#2935),.UNSPECIFIED.,.F.,
  .F.,(2,2),(10.1,17.5000006),.PIECEWISE_BEZIER_KNOTS.);
#2934 = CARTESIAN_POINT('',(2.913156735682,-9.9));
#2935 = CARTESIAN_POINT('',(2.913156735682,-2.4999994));
#2936 = ( GEOMETRIC_REPRESENTATION_CONTEXT(2) 
PARAMETRIC_REPRESENTATION_CONTEXT() REPRESENTATION_CONTEXT('2D SPACE',''
  ) );
#2937 = ORIENTED_EDGE('',*,*,#2938,.F.);
#2938 = EDGE_CURVE('',#2939,#2913,#2941,.T.);
#2939 = VERTEX_POINT('',#2940);
#2940 = CARTESIAN_POINT('',(-13.24637195455,99.118785454835,11.));
#2941 = SURFACE_CURVE('',#2942,(#2947,#2954),.PCURVE_S1.);
#2942 = CIRCLE('',#2943,100.);
#2943 = AXIS2_PLACEMENT_3D('',#2944,#2945,#2946);
#2944 = CARTESIAN_POINT('',(0.,0.,11.));
#2945 = DIRECTION('',(0.,0.,1.));
#2946 = DIRECTION('',(1.,0.,-0.));
#2947 = PCURVE('',#31,#2948);
#2948 = DEFINITIONAL_REPRESENTATION('',(#2949),#2953);
#2949 = LINE('',#2950,#2951);
#2950 = CARTESIAN_POINT('',(0.,11.));
#2951 = VECTOR('',#2952,1.);
#2952 = DIRECTION('',(1.,0.));
#2953 = ( GEOMETRIC_REPRESENTATION_CONTEXT(2) 
PARAMETRIC_REPRESENTATION_CONTEXT() REPRESENTATION_CONTEXT('2D SPACE',''
  ) );
#2954 = PCURVE('',#2955,#2960);
#2955 = PLANE('',#2956);
#2956 = AXIS2_PLACEMENT_3D('',#2957,#2958,#2959);
#2957 = CARTESIAN_POINT('',(-17.36481776669,98.480775301221,11.));
#2958 = DIRECTION('',(0.,0.,1.));
#2959 = DIRECTION('',(-0.173648177667,0.984807753012,0.));
#2960 = DEFINITIONAL_REPRESENTATION('',(#2961),#2965);
#2961 = CIRCLE('',#2962,100.);
#2962 = AXIS2_PLACEMENT_2D('',#2963,#2964);
#2963 = CARTESIAN_POINT('',(-100.,1.647888827362E-15));
#2964 = DIRECTION('',(-0.173648177667,-0.984807753012));
#2965 = ( GEOMETRIC_REPRESENTATION_CONTEXT(2) 
PARAMETRIC_REPRESENTATION_CONTEXT() REPRESENTATION_CONTEXT('2D SPACE',''
  ) );
#2966 = ORIENTED_EDGE('',*,*,#2967,.T.);
#2967 = EDGE_CURVE('',#2939,#2968,#2970,.T.);
#2968 = VERTEX_POINT('',#2969);
#2969 = CARTESIAN_POINT('',(-13.24637195455,99.118785454835,17.5));
#2970 = SURFACE_CURVE('',#2971,(#2975,#2981),.PCURVE_S1.);
#2971 = LINE('',#2972,#2973);
#2972 = CARTESIAN_POINT('',(-13.24637195455,99.118785454835,0.));
#2973 = VECTOR('',#2974,1.);
#2974 = DIRECTION('',(0.,0.,1.));
#2975 = PCURVE('',#31,#2976);
#2976 = DEFINITIONAL_REPRESENTATION('',(#2977),#2980);
#2977 = B_SPLINE_CURVE_WITH_KNOTS('',1,(#2978,#2979),.UNSPECIFIED.,.F.,
  .F.,(2,2),(10.1,17.5000006),.PIECEWISE_BEZIER_KNOTS.);
#2978 = CARTESIAN_POINT('',(1.703650519572,10.1));
#2979 = CARTESIAN_POINT('',(1.703650519572,17.5000006));
#2980 = ( GEOMETRIC_REPRESENTATION_CONTEXT(2) 
PARAMETRIC_REPRESENTATION_CONTEXT() REPRESENTATION_CONTEXT('2D SPACE',''
  ) );
#2981 = PCURVE('',#2982,#2987);
#2982 = PLANE('',#2983);
#2983 = AXIS2_PLACEMENT_3D('',#2984,#2985,#2986);
#2984 = CARTESIAN_POINT('',(-12.74050759614,96.249886115796,20.));
#2985 = DIRECTION('',(0.984807753012,0.173648177667,-0.));
#2986 = DIRECTION('',(-0.173648177667,0.984807753012,0.));
#2987 = DEFINITIONAL_REPRESENTATION('',(#2988),#2991);
#2988 = B_SPLINE_CURVE_WITH_KNOTS('',1,(#2989,#2990),.UNSPECIFIED.,.F.,
  .F.,(2,2),(10.1,17.5000006),.PIECEWISE_BEZIER_KNOTS.);
#2989 = CARTESIAN_POINT('',(2.913156735682,-9.9));
#2990 = CARTESIAN_POINT('',(2.913156735682,-2.4999994));
#2991 = ( GEOMETRIC_REPRESENTATION_CONTEXT(2) 
PARAMETRIC_REPRESENTATION_CONTEXT() REPRESENTATION_CONTEXT('2D SPACE',''
  ) );
#2992 = ORIENTED_EDGE('',*,*,#2993,.F.);
#2993 = EDGE_CURVE('',#2994,#2968,#2996,.T.);
#2994 = VERTEX_POINT('',#2995);
#2995 = CARTESIAN_POINT('',(-4.166666666667,99.913156735682,17.5));
#2996 = SURFACE_CURVE('',#2997,(#3002,#3009),.PCURVE_S1.);
#2997 = CIRCLE('',#2998,100.);
#2998 = AXIS2_PLACEMENT_3D('',#2999,#3000,#3001);
#2999 = CARTESIAN_POINT('',(0.,0.,17.5));
#3000 = DIRECTION('',(0.,0.,1.));
#3001 = DIRECTION('',(1.,0.,-0.));
#3002 = PCURVE('',#31,#3003);
#3003 = DEFINITIONAL_REPRESENTATION('',(#3004),#3008);
#3004 = LINE('',#3005,#3006);
#3005 = CARTESIAN_POINT('',(0.,17.5));
#3006 = VECTOR('',#3007,1.);
#3007 = DIRECTION('',(1.,0.));
#3008 = ( GEOMETRIC_REPRESENTATION_CONTEXT(2) 
PARAMETRIC_REPRESENTATION_CONTEXT() REPRESENTATION_CONTEXT('2D SPACE',''
  ) );
#3009 = PCURVE('',#3010,#3015);
#3010 = CONICAL_SURFACE('',#3011,100.,0.785398163397);
#3011 = AXIS2_PLACEMENT_3D('',#3012,#3013,#3014);
#3012 = CARTESIAN_POINT('',(0.,0.,17.5));
#3013 = DIRECTION('',(-0.,-0.,-1.));
#3014 = DIRECTION('',(1.,0.,0.));
#3015 = DEFINITIONAL_REPRESENTATION('',(#3016),#3020);
#3016 = LINE('',#3017,#3018);
#3017 = CARTESIAN_POINT('',(-0.,-0.));
#3018 = VECTOR('',#3019,1.);
#3019 = DIRECTION('',(-1.,-0.));
#3020 = ( GEOMETRIC_REPRESENTATION_CONTEXT(2) 
PARAMETRIC_REPRESENTATION_CONTEXT() REPRESENTATION_CONTEXT('2D SPACE',''
  ) );
#3021 = ORIENTED_EDGE('',*,*,#3022,.F.);
#3022 = EDGE_CURVE('',#3023,#2994,#3025,.T.);
#3023 = VERTEX_POINT('',#3024);
#3024 = CARTESIAN_POINT('',(-4.166666666667,99.913156735682,11.));
#3025 = SURFACE_CURVE('',#3026,(#3030,#3036),.PCURVE_S1.);
#3026 = LINE('',#3027,#3028);
#3027 = CARTESIAN_POINT('',(-4.166666666667,99.913156735682,0.));
#3028 = VECTOR('',#3029,1.);
#3029 = DIRECTION('',(0.,0.,1.));
#3030 = PCURVE('',#31,#3031);
#3031 = DEFINITIONAL_REPRESENTATION('',(#3032),#3035);
#3032 = B_SPLINE_CURVE_WITH_KNOTS('',1,(#3033,#3034),.UNSPECIFIED.,.F.,
  .F.,(2,2),(10.1,17.5000006),.PIECEWISE_BEZIER_KNOTS.);
#3033 = CARTESIAN_POINT('',(1.612475059217,10.1));
#3034 = CARTESIAN_POINT('',(1.612475059217,17.5000006));
#3035 = ( GEOMETRIC_REPRESENTATION_CONTEXT(2) 
PARAMETRIC_REPRESENTATION_CONTEXT() REPRESENTATION_CONTEXT('2D SPACE',''
  ) );
#3036 = PCURVE('',#3037,#3042);
#3037 = PLANE('',#3038);
#3038 = AXIS2_PLACEMENT_3D('',#3039,#3040,#3041);
#3039 = CARTESIAN_POINT('',(-4.166666666667,97.,20.));
#3040 = DIRECTION('',(1.,-1.110223024625E-16,0.));
#3041 = DIRECTION('',(1.110223024625E-16,1.,0.));
#3042 = DEFINITIONAL_REPRESENTATION('',(#3043),#3046);
#3043 = B_SPLINE_CURVE_WITH_KNOTS('',1,(#3044,#3045),.UNSPECIFIED.,.F.,
  .F.,(2,2),(10.1,17.5000006),.PIECEWISE_BEZIER_KNOTS.);
#3044 = CARTESIAN_POINT('',(2.913156735682,-9.9));
#3045 = CARTESIAN_POINT('',(2.913156735682,-2.4999994));
#3046 = ( GEOMETRIC_REPRESENTATION_CONTEXT(2) 
PARAMETRIC_REPRESENTATION_CONTEXT() REPRESENTATION_CONTEXT('2D SPACE',''
  ) );
#3047 = ORIENTED_EDGE('',*,*,#3048,.F.);
#3048 = EDGE_CURVE('',#3049,#3023,#3051,.T.);
#3049 = VERTEX_POINT('',#3050);
#3050 = CARTESIAN_POINT('',(4.166666666667,99.913156735682,11.));
#3051 = SURFACE_CURVE('',#3052,(#3057,#3064),.PCURVE_S1.);
#3052 = CIRCLE('',#3053,100.);
#3053 = AXIS2_PLACEMENT_3D('',#3054,#3055,#3056);
#3054 = CARTESIAN_POINT('',(0.,0.,11.));
#3055 = DIRECTION('',(0.,0.,1.));
#3056 = DIRECTION('',(1.,0.,-0.));
#3057 = PCURVE('',#31,#3058);
#3058 = DEFINITIONAL_REPRESENTATION('',(#3059),#3063);
#3059 = LINE('',#3060,#3061);
#3060 = CARTESIAN_POINT('',(0.,11.));
#3061 = VECTOR('',#3062,1.);
#3062 = DIRECTION('',(1.,0.));
#3063 = ( GEOMETRIC_REPRESENTATION_CONTEXT(2) 
PARAMETRIC_REPRESENTATION_CONTEXT() REPRESENTATION_CONTEXT('2D SPACE',''
  ) );
#3064 = PCURVE('',#3065,#3070);
#3065 = PLANE('',#3066);
#3066 = AXIS2_PLACEMENT_3D('',#3067,#3068,#3069);
#3067 = CARTESIAN_POINT('',(1.110223024625E-14,100.,11.));
#3068 = DIRECTION('',(0.,0.,1.));
#3069 = DIRECTION('',(1.110223024625E-16,1.,0.));
#3070 = DEFINITIONAL_REPRESENTATION('',(#3071),#3075);
#3071 = CIRCLE('',#3072,100.);
#3072 = AXIS2_PLACEMENT_2D('',#3073,#3074);
#3073 = CARTESIAN_POINT('',(-100.,0.));
#3074 = DIRECTION('',(1.110223024625E-16,-1.));
#3075 = ( GEOMETRIC_REPRESENTATION_CONTEXT(2) 
PARAMETRIC_REPRESENTATION_CONTEXT() REPRESENTATION_CONTEXT('2D SPACE',''
  ) );
#3076 = ORIENTED_EDGE('',*,*,#3077,.T.);
#3077 = EDGE_CURVE('',#3049,#3078,#3080,.T.);
#3078 = VERTEX_POINT('',#3079);
#3079 = CARTESIAN_POINT('',(4.166666666667,99.913156735682,17.5));
#3080 = SURFACE_CURVE('',#3081,(#3085,#3091),.PCURVE_S1.);
#3081 = LINE('',#3082,#3083);
#3082 = CARTESIAN_POINT('',(4.166666666667,99.913156735682,0.));
#3083 = VECTOR('',#3084,1.);
#3084 = DIRECTION('',(0.,0.,1.));
#3085 = PCURVE('',#31,#3086);
#3086 = DEFINITIONAL_REPRESENTATION('',(#3087),#3090);
#3087 = B_SPLINE_CURVE_WITH_KNOTS('',1,(#3088,#3089),.UNSPECIFIED.,.F.,
  .F.,(2,2),(10.1,17.5000006),.PIECEWISE_BEZIER_KNOTS.);
#3088 = CARTESIAN_POINT('',(1.529117594372,10.1));
#3089 = CARTESIAN_POINT('',(1.529117594372,17.5000006));
#3090 = ( GEOMETRIC_REPRESENTATION_CONTEXT(2) 
PARAMETRIC_REPRESENTATION_CONTEXT() REPRESENTATION_CONTEXT('2D SPACE',''
  ) );
#3091 = PCURVE('',#3092,#3097);
#3092 = PLANE('',#3093);
#3093 = AXIS2_PLACEMENT_3D('',#3094,#3095,#3096);
#3094 = CARTESIAN_POINT('',(4.166666666667,97.,20.));
#3095 = DIRECTION('',(1.,-1.110223024625E-16,0.));
#3096 = DIRECTION('',(1.110223024625E-16,1.,0.));
#3097 = DEFINITIONAL_REPRESENTATION('',(#3098),#3101);
#3098 = B_SPLINE_CURVE_WITH_KNOTS('',1,(#3099,#3100),.UNSPECIFIED.,.F.,
  .F.,(2,2),(10.1,17.5000006),.PIECEWISE_BEZIER_KNOTS.);
#3099 = CARTESIAN_POINT('',(2.913156735682,-9.9));
#3100 = CARTESIAN_POINT('',(2.913156735682,-2.4999994));
#3101 = ( GEOMETRIC_REPRESENTATION_CONTEXT(2) 
PARAMETRIC_REPRESENTATION_CONTEXT() REPRESENTATION_CONTEXT('2D SPACE',''
  ) );
#3102 = ORIENTED_EDGE('',*,*,#3103,.F.);
#3103 = EDGE_CURVE('',#3104,#3078,#3106,.T.);
#3104 = VERTEX_POINT('',#3105);
#3105 = CARTESIAN_POINT('',(13.246371954551,99.118785454835,17.5));
#3106 = SURFACE_CURVE('',#3107,(#3112,#3119),.PCURVE_S1.);
#3107 = CIRCLE('',#3108,100.);
#3108 = AXIS2_PLACEMENT_3D('',#3109,#3110,#3111);
#3109 = CARTESIAN_POINT('',(0.,0.,17.5));
#3110 = DIRECTION('',(0.,0.,1.));
#3111 = DIRECTION('',(1.,0.,-0.));
#3112 = PCURVE('',#31,#3113);
#3113 = DEFINITIONAL_REPRESENTATION('',(#3114),#3118);
#3114 = LINE('',#3115,#3116);
#3115 = CARTESIAN_POINT('',(0.,17.5));
#3116 = VECTOR('',#3117,1.);
#3117 = DIRECTION('',(1.,0.));
#3118 = ( GEOMETRIC_REPRESENTATION_CONTEXT(2) 
PARAMETRIC_REPRESENTATION_CONTEXT() REPRESENTATION_CONTEXT('2D SPACE',''
  ) );
#3119 = PCURVE('',#3120,#3125);
#3120 = CONICAL_SURFACE('',#3121,100.,0.785398163397);
#3121 = AXIS2_PLACEMENT_3D('',#3122,#3123,#3124);
#3122 = CARTESIAN_POINT('',(0.,0.,17.5));
#3123 = DIRECTION('',(-0.,-0.,-1.));
#3124 = DIRECTION('',(1.,0.,0.));
#3125 = DEFINITIONAL_REPRESENTATION('',(#3126),#3130);
#3126 = LINE('',#3127,#3128);
#3127 = CARTESIAN_POINT('',(-0.,-0.));
#3128 = VECTOR('',#3129,1.);
#3129 = DIRECTION('',(-1.,-0.));
#3130 = ( GEOMETRIC_REPRESENTATION_CONTEXT(2) 
PARAMETRIC_REPRESENTATION_CONTEXT() REPRESENTATION_CONTEXT('2D SPACE',''
  ) );
#3131 = ORIENTED_EDGE('',*,*,#3132,.F.);
#3132 = EDGE_CURVE('',#3133,#3104,#3135,.T.);
#3133 = VERTEX_POINT('',#3134);
#3134 = CARTESIAN_POINT('',(13.246371954551,99.118785454835,11.));
#3135 = SURFACE_CURVE('',#3136,(#3140,#3146),.PCURVE_S1.);
#3136 = LINE('',#3137,#3138);
#3137 = CARTESIAN_POINT('',(13.246371954551,99.118785454835,0.));
#3138 = VECTOR('',#3139,1.);
#3139 = DIRECTION('',(0.,0.,1.));
#3140 = PCURVE('',#31,#3141);
#3141 = DEFINITIONAL_REPRESENTATION('',(#3142),#3145);
#3142 = B_SPLINE_CURVE_WITH_KNOTS('',1,(#3143,#3144),.UNSPECIFIED.,.F.,
  .F.,(2,2),(10.1,17.5000006),.PIECEWISE_BEZIER_KNOTS.);
#3143 = CARTESIAN_POINT('',(1.437942134018,10.1));
#3144 = CARTESIAN_POINT('',(1.437942134018,17.5000006));
#3145 = ( GEOMETRIC_REPRESENTATION_CONTEXT(2) 
PARAMETRIC_REPRESENTATION_CONTEXT() REPRESENTATION_CONTEXT('2D SPACE',''
  ) );
#3146 = PCURVE('',#3147,#3152);
#3147 = PLANE('',#3148);
#3148 = AXIS2_PLACEMENT_3D('',#3149,#3150,#3151);
#3149 = CARTESIAN_POINT('',(12.740507596141,96.249886115796,20.));
#3150 = DIRECTION('',(0.984807753012,-0.173648177667,0.));
#3151 = DIRECTION('',(0.173648177667,0.984807753012,0.));
#3152 = DEFINITIONAL_REPRESENTATION('',(#3153),#3156);
#3153 = B_SPLINE_CURVE_WITH_KNOTS('',1,(#3154,#3155),.UNSPECIFIED.,.F.,
  .F.,(2,2),(10.1,17.5000006),.PIECEWISE_BEZIER_KNOTS.);
#3154 = CARTESIAN_POINT('',(2.913156735682,-9.9));
#3155 = CARTESIAN_POINT('',(2.913156735682,-2.4999994));
#3156 = ( GEOMETRIC_REPRESENTATION_CONTEXT(2) 
PARAMETRIC_REPRESENTATION_CONTEXT() REPRESENTATION_CONTEXT('2D SPACE',''
  ) );
#3157 = ORIENTED_EDGE('',*,*,#3158,.F.);
#3158 = EDGE_CURVE('',#3159,#3133,#3161,.T.);
#3159 = VERTEX_POINT('',#3160);
#3160 = CARTESIAN_POINT('',(21.453103229652,97.671717307611,11.));
#3161 = SURFACE_CURVE('',#3162,(#3167,#3174),.PCURVE_S1.);
#3162 = CIRCLE('',#3163,100.);
#3163 = AXIS2_PLACEMENT_3D('',#3164,#3165,#3166);
#3164 = CARTESIAN_POINT('',(0.,0.,11.));
#3165 = DIRECTION('',(0.,0.,1.));
#3166 = DIRECTION('',(1.,0.,-0.));
#3167 = PCURVE('',#31,#3168);
#3168 = DEFINITIONAL_REPRESENTATION('',(#3169),#3173);
#3169 = LINE('',#3170,#3171);
#3170 = CARTESIAN_POINT('',(0.,11.));
#3171 = VECTOR('',#3172,1.);
#3172 = DIRECTION('',(1.,0.));
#3173 = ( GEOMETRIC_REPRESENTATION_CONTEXT(2) 
PARAMETRIC_REPRESENTATION_CONTEXT() REPRESENTATION_CONTEXT('2D SPACE',''
  ) );
#3174 = PCURVE('',#3175,#3180);
#3175 = PLANE('',#3176);
#3176 = AXIS2_PLACEMENT_3D('',#3177,#3178,#3179);
#3177 = CARTESIAN_POINT('',(17.364817766693,98.480775301221,11.));
#3178 = DIRECTION('',(0.,0.,1.));
#3179 = DIRECTION('',(0.173648177667,0.984807753012,0.));
#3180 = DEFINITIONAL_REPRESENTATION('',(#3181),#3185);
#3181 = CIRCLE('',#3182,100.);
#3182 = AXIS2_PLACEMENT_2D('',#3183,#3184);
#3183 = CARTESIAN_POINT('',(-100.,-1.849783099173E-16));
#3184 = DIRECTION('',(0.173648177667,-0.984807753012));
#3185 = ( GEOMETRIC_REPRESENTATION_CONTEXT(2) 
PARAMETRIC_REPRESENTATION_CONTEXT() REPRESENTATION_CONTEXT('2D SPACE',''
  ) );
#3186 = ORIENTED_EDGE('',*,*,#3187,.T.);
#3187 = EDGE_CURVE('',#3159,#3188,#3190,.T.);
#3188 = VERTEX_POINT('',#3189);
#3189 = CARTESIAN_POINT('',(21.453103229652,97.671717307611,17.5));
#3190 = SURFACE_CURVE('',#3191,(#3195,#3201),.PCURVE_S1.);
#3191 = LINE('',#3192,#3193);
#3192 = CARTESIAN_POINT('',(21.453103229652,97.671717307611,0.));
#3193 = VECTOR('',#3194,1.);
#3194 = DIRECTION('',(0.,0.,1.));
#3195 = PCURVE('',#31,#3196);
#3196 = DEFINITIONAL_REPRESENTATION('',(#3197),#3200);
#3197 = B_SPLINE_CURVE_WITH_KNOTS('',1,(#3198,#3199),.UNSPECIFIED.,.F.,
  .F.,(2,2),(10.1,17.5000006),.PIECEWISE_BEZIER_KNOTS.);
#3198 = CARTESIAN_POINT('',(1.354584669173,10.1));
#3199 = CARTESIAN_POINT('',(1.354584669173,17.5000006));
#3200 = ( GEOMETRIC_REPRESENTATION_CONTEXT(2) 
PARAMETRIC_REPRESENTATION_CONTEXT() REPRESENTATION_CONTEXT('2D SPACE',''
  ) );
#3201 = PCURVE('',#3202,#3207);
#3202 = PLANE('',#3203);
#3203 = AXIS2_PLACEMENT_3D('',#3204,#3205,#3206);
#3204 = CARTESIAN_POINT('',(20.947238871243,94.802817968572,20.));
#3205 = DIRECTION('',(0.984807753012,-0.173648177667,0.));
#3206 = DIRECTION('',(0.173648177667,0.984807753012,0.));
#3207 = DEFINITIONAL_REPRESENTATION('',(#3208),#3211);
#3208 = B_SPLINE_CURVE_WITH_KNOTS('',1,(#3209,#3210),.UNSPECIFIED.,.F.,
  .F.,(2,2),(10.1,17.5000006),.PIECEWISE_BEZIER_KNOTS.);
#3209 = CARTESIAN_POINT('',(2.913156735682,-9.9));
#3210 = CARTESIAN_POINT('',(2.913156735682,-2.4999994));
#3211 = ( GEOMETRIC_REPRESENTATION_CONTEXT(2) 
PARAMETRIC_REPRESENTATION_CONTEXT() REPRESENTATION_CONTEXT('2D SPACE',''
  ) );
#3212 = ORIENTED_EDGE('',*,*,#3213,.F.);
#3213 = EDGE_CURVE('',#3214,#3188,#3216,.T.);
#3214 = VERTEX_POINT('',#3215);
#3215 = CARTESIAN_POINT('',(30.256926266917,95.31274003447,17.5));
#3216 = SURFACE_CURVE('',#3217,(#3222,#3229),.PCURVE_S1.);
#3217 = CIRCLE('',#3218,100.);
#3218 = AXIS2_PLACEMENT_3D('',#3219,#3220,#3221);
#3219 = CARTESIAN_POINT('',(0.,0.,17.5));
#3220 = DIRECTION('',(0.,0.,1.));
#3221 = DIRECTION('',(1.,0.,-0.));
#3222 = PCURVE('',#31,#3223);
#3223 = DEFINITIONAL_REPRESENTATION('',(#3224),#3228);
#3224 = LINE('',#3225,#3226);
#3225 = CARTESIAN_POINT('',(0.,17.5));
#3226 = VECTOR('',#3227,1.);
#3227 = DIRECTION('',(1.,0.));
#3228 = ( GEOMETRIC_REPRESENTATION_CONTEXT(2) 
PARAMETRIC_REPRESENTATION_CONTEXT() REPRESENTATION_CONTEXT('2D SPACE',''
  ) );
#3229 = PCURVE('',#3230,#3235);
#3230 = CONICAL_SURFACE('',#3231,100.,0.785398163397);
#3231 = AXIS2_PLACEMENT_3D('',#3232,#3233,#3234);
#3232 = CARTESIAN_POINT('',(0.,0.,17.5));
#3233 = DIRECTION('',(-0.,-0.,-1.));
#3234 = DIRECTION('',(1.,0.,0.));
#3235 = DEFINITIONAL_REPRESENTATION('',(#3236),#3240);
#3236 = LINE('',#3237,#3238);
#3237 = CARTESIAN_POINT('',(-0.,-0.));
#3238 = VECTOR('',#3239,1.);
#3239 = DIRECTION('',(-1.,-0.));
#3240 = ( GEOMETRIC_REPRESENTATION_CONTEXT(2) 
PARAMETRIC_REPRESENTATION_CONTEXT() REPRESENTATION_CONTEXT('2D SPACE',''
  ) );
#3241 = ORIENTED_EDGE('',*,*,#3242,.F.);
#3242 = EDGE_CURVE('',#3243,#3214,#3245,.T.);
#3243 = VERTEX_POINT('',#3244);
#3244 = CARTESIAN_POINT('',(30.256926266917,95.31274003447,11.));
#3245 = SURFACE_CURVE('',#3246,(#3250,#3256),.PCURVE_S1.);
#3246 = LINE('',#3247,#3248);
#3247 = CARTESIAN_POINT('',(30.256926266917,95.31274003447,0.));
#3248 = VECTOR('',#3249,1.);
#3249 = DIRECTION('',(0.,0.,1.));
#3250 = PCURVE('',#31,#3251);
#3251 = DEFINITIONAL_REPRESENTATION('',(#3252),#3255);
#3252 = B_SPLINE_CURVE_WITH_KNOTS('',1,(#3253,#3254),.UNSPECIFIED.,.F.,
  .F.,(2,2),(10.1,17.5000006),.PIECEWISE_BEZIER_KNOTS.);
#3253 = CARTESIAN_POINT('',(1.263409208819,10.1));
#3254 = CARTESIAN_POINT('',(1.263409208819,17.5000006));
#3255 = ( GEOMETRIC_REPRESENTATION_CONTEXT(2) 
PARAMETRIC_REPRESENTATION_CONTEXT() REPRESENTATION_CONTEXT('2D SPACE',''
  ) );
#3256 = PCURVE('',#3257,#3262);
#3257 = PLANE('',#3258);
#3258 = AXIS2_PLACEMENT_3D('',#3259,#3260,#3261);
#3259 = CARTESIAN_POINT('',(29.260567982649,92.575268146757,20.));
#3260 = DIRECTION('',(0.939692620786,-0.342020143326,0.));
#3261 = DIRECTION('',(0.342020143326,0.939692620786,0.));
#3262 = DEFINITIONAL_REPRESENTATION('',(#3263),#3266);
#3263 = B_SPLINE_CURVE_WITH_KNOTS('',1,(#3264,#3265),.UNSPECIFIED.,.F.,
  .F.,(2,2),(10.1,17.5000006),.PIECEWISE_BEZIER_KNOTS.);
#3264 = CARTESIAN_POINT('',(2.913156735682,-9.9));
#3265 = CARTESIAN_POINT('',(2.913156735682,-2.4999994));
#3266 = ( GEOMETRIC_REPRESENTATION_CONTEXT(2) 
PARAMETRIC_REPRESENTATION_CONTEXT() REPRESENTATION_CONTEXT('2D SPACE',''
  ) );
#3267 = ORIENTED_EDGE('',*,*,#3268,.F.);
#3268 = EDGE_CURVE('',#3269,#3243,#3271,.T.);
#3269 = VERTEX_POINT('',#3270);
#3270 = CARTESIAN_POINT('',(38.087698106799,92.462572173422,11.));
#3271 = SURFACE_CURVE('',#3272,(#3277,#3284),.PCURVE_S1.);
#3272 = CIRCLE('',#3273,100.);
#3273 = AXIS2_PLACEMENT_3D('',#3274,#3275,#3276);
#3274 = CARTESIAN_POINT('',(0.,0.,11.));
#3275 = DIRECTION('',(0.,0.,1.));
#3276 = DIRECTION('',(1.,0.,-0.));
#3277 = PCURVE('',#31,#3278);
#3278 = DEFINITIONAL_REPRESENTATION('',(#3279),#3283);
#3279 = LINE('',#3280,#3281);
#3280 = CARTESIAN_POINT('',(0.,11.));
#3281 = VECTOR('',#3282,1.);
#3282 = DIRECTION('',(1.,0.));
#3283 = ( GEOMETRIC_REPRESENTATION_CONTEXT(2) 
PARAMETRIC_REPRESENTATION_CONTEXT() REPRESENTATION_CONTEXT('2D SPACE',''
  ) );
#3284 = PCURVE('',#3285,#3290);
#3285 = PLANE('',#3286);
#3286 = AXIS2_PLACEMENT_3D('',#3287,#3288,#3289);
#3287 = CARTESIAN_POINT('',(34.202014332567,93.969262078591,11.));
#3288 = DIRECTION('',(0.,0.,1.));
#3289 = DIRECTION('',(0.342020143326,0.939692620786,0.));
#3290 = DEFINITIONAL_REPRESENTATION('',(#3291),#3295);
#3291 = CIRCLE('',#3292,100.);
#3292 = AXIS2_PLACEMENT_2D('',#3293,#3294);
#3293 = CARTESIAN_POINT('',(-100.,1.750970445169E-15));
#3294 = DIRECTION('',(0.342020143326,-0.939692620786));
#3295 = ( GEOMETRIC_REPRESENTATION_CONTEXT(2) 
PARAMETRIC_REPRESENTATION_CONTEXT() REPRESENTATION_CONTEXT('2D SPACE',''
  ) );
#3296 = ORIENTED_EDGE('',*,*,#3297,.T.);
#3297 = EDGE_CURVE('',#3269,#3298,#3300,.T.);
#3298 = VERTEX_POINT('',#3299);
#3299 = CARTESIAN_POINT('',(38.087698106799,92.462572173422,17.5));
#3300 = SURFACE_CURVE('',#3301,(#3305,#3311),.PCURVE_S1.);
#3301 = LINE('',#3302,#3303);
#3302 = CARTESIAN_POINT('',(38.087698106799,92.462572173422,0.));
#3303 = VECTOR('',#3304,1.);
#3304 = DIRECTION('',(0.,0.,1.));
#3305 = PCURVE('',#31,#3306);
#3306 = DEFINITIONAL_REPRESENTATION('',(#3307),#3310);
#3307 = B_SPLINE_CURVE_WITH_KNOTS('',1,(#3308,#3309),.UNSPECIFIED.,.F.,
  .F.,(2,2),(10.1,17.5000006),.PIECEWISE_BEZIER_KNOTS.);
#3308 = CARTESIAN_POINT('',(1.180051743973,10.1));
#3309 = CARTESIAN_POINT('',(1.180051743973,17.5000006));
#3310 = ( GEOMETRIC_REPRESENTATION_CONTEXT(2) 
PARAMETRIC_REPRESENTATION_CONTEXT() REPRESENTATION_CONTEXT('2D SPACE',''
  ) );
#3311 = PCURVE('',#3312,#3317);
#3312 = PLANE('',#3313);
#3313 = AXIS2_PLACEMENT_3D('',#3314,#3315,#3316);
#3314 = CARTESIAN_POINT('',(37.091339822531,89.725100285709,20.));
#3315 = DIRECTION('',(0.939692620786,-0.342020143326,0.));
#3316 = DIRECTION('',(0.342020143326,0.939692620786,0.));
#3317 = DEFINITIONAL_REPRESENTATION('',(#3318),#3321);
#3318 = B_SPLINE_CURVE_WITH_KNOTS('',1,(#3319,#3320),.UNSPECIFIED.,.F.,
  .F.,(2,2),(10.1,17.5000006),.PIECEWISE_BEZIER_KNOTS.);
#3319 = CARTESIAN_POINT('',(2.913156735682,-9.9));
#3320 = CARTESIAN_POINT('',(2.913156735682,-2.4999994));
#3321 = ( GEOMETRIC_REPRESENTATION_CONTEXT(2) 
PARAMETRIC_REPRESENTATION_CONTEXT() REPRESENTATION_CONTEXT('2D SPACE',''
  ) );
#3322 = ORIENTED_EDGE('',*,*,#3323,.F.);
#3323 = EDGE_CURVE('',#3324,#3298,#3326,.T.);
#3324 = VERTEX_POINT('',#3325);
#3325 = CARTESIAN_POINT('',(46.348139185406,88.61066523873,17.5));
#3326 = SURFACE_CURVE('',#3327,(#3332,#3339),.PCURVE_S1.);
#3327 = CIRCLE('',#3328,100.);
#3328 = AXIS2_PLACEMENT_3D('',#3329,#3330,#3331);
#3329 = CARTESIAN_POINT('',(0.,0.,17.5));
#3330 = DIRECTION('',(0.,0.,1.));
#3331 = DIRECTION('',(1.,0.,-0.));
#3332 = PCURVE('',#31,#3333);
#3333 = DEFINITIONAL_REPRESENTATION('',(#3334),#3338);
#3334 = LINE('',#3335,#3336);
#3335 = CARTESIAN_POINT('',(0.,17.5));
#3336 = VECTOR('',#3337,1.);
#3337 = DIRECTION('',(1.,0.));
#3338 = ( GEOMETRIC_REPRESENTATION_CONTEXT(2) 
PARAMETRIC_REPRESENTATION_CONTEXT() REPRESENTATION_CONTEXT('2D SPACE',''
  ) );
#3339 = PCURVE('',#3340,#3345);
#3340 = CONICAL_SURFACE('',#3341,100.,0.785398163397);
#3341 = AXIS2_PLACEMENT_3D('',#3342,#3343,#3344);
#3342 = CARTESIAN_POINT('',(0.,0.,17.5));
#3343 = DIRECTION('',(-0.,-0.,-1.));
#3344 = DIRECTION('',(1.,0.,0.));
#3345 = DEFINITIONAL_REPRESENTATION('',(#3346),#3350);
#3346 = LINE('',#3347,#3348);
#3347 = CARTESIAN_POINT('',(-0.,-0.));
#3348 = VECTOR('',#3349,1.);
#3349 = DIRECTION('',(-1.,-0.));
#3350 = ( GEOMETRIC_REPRESENTATION_CONTEXT(2) 
PARAMETRIC_REPRESENTATION_CONTEXT() REPRESENTATION_CONTEXT('2D SPACE',''
  ) );
#3351 = ORIENTED_EDGE('',*,*,#3352,.F.);
#3352 = EDGE_CURVE('',#3353,#3324,#3355,.T.);
#3353 = VERTEX_POINT('',#3354);
#3354 = CARTESIAN_POINT('',(46.348139185406,88.61066523873,11.));
#3355 = SURFACE_CURVE('',#3356,(#3360,#3366),.PCURVE_S1.);
#3356 = LINE('',#3357,#3358);
#3357 = CARTESIAN_POINT('',(46.348139185406,88.61066523873,0.));
#3358 = VECTOR('',#3359,1.);
#3359 = DIRECTION('',(0.,0.,1.));
#3360 = PCURVE('',#31,#3361);
#3361 = DEFINITIONAL_REPRESENTATION('',(#3362),#3365);
#3362 = B_SPLINE_CURVE_WITH_KNOTS('',1,(#3363,#3364),.UNSPECIFIED.,.F.,
  .F.,(2,2),(10.1,17.5000006),.PIECEWISE_BEZIER_KNOTS.);
#3363 = CARTESIAN_POINT('',(1.088876283619,10.1));
#3364 = CARTESIAN_POINT('',(1.088876283619,17.5000006));
#3365 = ( GEOMETRIC_REPRESENTATION_CONTEXT(2) 
PARAMETRIC_REPRESENTATION_CONTEXT() REPRESENTATION_CONTEXT('2D SPACE',''
  ) );
#3366 = PCURVE('',#3367,#3372);
#3367 = PLANE('',#3368);
#3368 = AXIS2_PLACEMENT_3D('',#3369,#3370,#3371);
#3369 = CARTESIAN_POINT('',(44.891560817565,86.087797500424,20.));
#3370 = DIRECTION('',(0.866025403784,-0.5,0.));
#3371 = DIRECTION('',(0.5,0.866025403784,0.));
#3372 = DEFINITIONAL_REPRESENTATION('',(#3373),#3376);
#3373 = B_SPLINE_CURVE_WITH_KNOTS('',1,(#3374,#3375),.UNSPECIFIED.,.F.,
  .F.,(2,2),(10.1,17.5000006),.PIECEWISE_BEZIER_KNOTS.);
#3374 = CARTESIAN_POINT('',(2.913156735682,-9.9));
#3375 = CARTESIAN_POINT('',(2.913156735682,-2.4999994));
#3376 = ( GEOMETRIC_REPRESENTATION_CONTEXT(2) 
PARAMETRIC_REPRESENTATION_CONTEXT() REPRESENTATION_CONTEXT('2D SPACE',''
  ) );
#3377 = ORIENTED_EDGE('',*,*,#3378,.F.);
#3378 = EDGE_CURVE('',#3379,#3353,#3381,.T.);
#3379 = VERTEX_POINT('',#3380);
#3380 = CARTESIAN_POINT('',(53.565017550276,84.443998572063,11.));
#3381 = SURFACE_CURVE('',#3382,(#3387,#3394),.PCURVE_S1.);
#3382 = CIRCLE('',#3383,100.);
#3383 = AXIS2_PLACEMENT_3D('',#3384,#3385,#3386);
#3384 = CARTESIAN_POINT('',(0.,0.,11.));
#3385 = DIRECTION('',(0.,0.,1.));
#3386 = DIRECTION('',(1.,0.,-0.));
#3387 = PCURVE('',#31,#3388);
#3388 = DEFINITIONAL_REPRESENTATION('',(#3389),#3393);
#3389 = LINE('',#3390,#3391);
#3390 = CARTESIAN_POINT('',(0.,11.));
#3391 = VECTOR('',#3392,1.);
#3392 = DIRECTION('',(1.,0.));
#3393 = ( GEOMETRIC_REPRESENTATION_CONTEXT(2) 
PARAMETRIC_REPRESENTATION_CONTEXT() REPRESENTATION_CONTEXT('2D SPACE',''
  ) );
#3394 = PCURVE('',#3395,#3400);
#3395 = PLANE('',#3396);
#3396 = AXIS2_PLACEMENT_3D('',#3397,#3398,#3399);
#3397 = CARTESIAN_POINT('',(50.,86.602540378444,11.));
#3398 = DIRECTION('',(0.,0.,1.));
#3399 = DIRECTION('',(0.5,0.866025403784,0.));
#3400 = DEFINITIONAL_REPRESENTATION('',(#3401),#3405);
#3401 = CIRCLE('',#3402,100.);
#3402 = AXIS2_PLACEMENT_2D('',#3403,#3404);
#3403 = CARTESIAN_POINT('',(-100.,3.869266205704E-15));
#3404 = DIRECTION('',(0.5,-0.866025403784));
#3405 = ( GEOMETRIC_REPRESENTATION_CONTEXT(2) 
PARAMETRIC_REPRESENTATION_CONTEXT() REPRESENTATION_CONTEXT('2D SPACE',''
  ) );
#3406 = ORIENTED_EDGE('',*,*,#3407,.T.);
#3407 = EDGE_CURVE('',#3379,#3408,#3410,.T.);
#3408 = VERTEX_POINT('',#3409);
#3409 = CARTESIAN_POINT('',(53.565017550276,84.443998572063,17.5));
#3410 = SURFACE_CURVE('',#3411,(#3415,#3421),.PCURVE_S1.);
#3411 = LINE('',#3412,#3413);
#3412 = CARTESIAN_POINT('',(53.565017550276,84.443998572063,0.));
#3413 = VECTOR('',#3414,1.);
#3414 = DIRECTION('',(0.,0.,1.));
#3415 = PCURVE('',#31,#3416);
#3416 = DEFINITIONAL_REPRESENTATION('',(#3417),#3420);
#3417 = B_SPLINE_CURVE_WITH_KNOTS('',1,(#3418,#3419),.UNSPECIFIED.,.F.,
  .F.,(2,2),(10.1,17.5000006),.PIECEWISE_BEZIER_KNOTS.);
#3418 = CARTESIAN_POINT('',(1.005518818774,10.1));
#3419 = CARTESIAN_POINT('',(1.005518818774,17.5000006));
#3420 = ( GEOMETRIC_REPRESENTATION_CONTEXT(2) 
PARAMETRIC_REPRESENTATION_CONTEXT() REPRESENTATION_CONTEXT('2D SPACE',''
  ) );
#3421 = PCURVE('',#3422,#3427);
#3422 = PLANE('',#3423);
#3423 = AXIS2_PLACEMENT_3D('',#3424,#3425,#3426);
#3424 = CARTESIAN_POINT('',(52.108439182435,81.921130833757,20.));
#3425 = DIRECTION('',(0.866025403784,-0.5,0.));
#3426 = DIRECTION('',(0.5,0.866025403784,0.));
#3427 = DEFINITIONAL_REPRESENTATION('',(#3428),#3431);
#3428 = B_SPLINE_CURVE_WITH_KNOTS('',1,(#3429,#3430),.UNSPECIFIED.,.F.,
  .F.,(2,2),(10.1,17.5000006),.PIECEWISE_BEZIER_KNOTS.);
#3429 = CARTESIAN_POINT('',(2.913156735682,-9.9));
#3430 = CARTESIAN_POINT('',(2.913156735682,-2.4999994));
#3431 = ( GEOMETRIC_REPRESENTATION_CONTEXT(2) 
PARAMETRIC_REPRESENTATION_CONTEXT() REPRESENTATION_CONTEXT('2D SPACE',''
  ) );
#3432 = ORIENTED_EDGE('',*,*,#3433,.F.);
#3433 = EDGE_CURVE('',#3434,#3408,#3436,.T.);
#3434 = VERTEX_POINT('',#3435);
#3435 = CARTESIAN_POINT('',(61.031087348036,79.216200218872,17.5));
#3436 = SURFACE_CURVE('',#3437,(#3442,#3449),.PCURVE_S1.);
#3437 = CIRCLE('',#3438,100.);
#3438 = AXIS2_PLACEMENT_3D('',#3439,#3440,#3441);
#3439 = CARTESIAN_POINT('',(0.,0.,17.5));
#3440 = DIRECTION('',(0.,0.,1.));
#3441 = DIRECTION('',(1.,0.,-0.));
#3442 = PCURVE('',#31,#3443);
#3443 = DEFINITIONAL_REPRESENTATION('',(#3444),#3448);
#3444 = LINE('',#3445,#3446);
#3445 = CARTESIAN_POINT('',(0.,17.5));
#3446 = VECTOR('',#3447,1.);
#3447 = DIRECTION('',(1.,0.));
#3448 = ( GEOMETRIC_REPRESENTATION_CONTEXT(2) 
PARAMETRIC_REPRESENTATION_CONTEXT() REPRESENTATION_CONTEXT('2D SPACE',''
  ) );
#3449 = PCURVE('',#3450,#3455);
#3450 = CONICAL_SURFACE('',#3451,100.,0.785398163397);
#3451 = AXIS2_PLACEMENT_3D('',#3452,#3453,#3454);
#3452 = CARTESIAN_POINT('',(0.,0.,17.5));
#3453 = DIRECTION('',(-0.,-0.,-1.));
#3454 = DIRECTION('',(1.,0.,0.));
#3455 = DEFINITIONAL_REPRESENTATION('',(#3456),#3460);
#3456 = LINE('',#3457,#3458);
#3457 = CARTESIAN_POINT('',(-0.,-0.));
#3458 = VECTOR('',#3459,1.);
#3459 = DIRECTION('',(-1.,-0.));
#3460 = ( GEOMETRIC_REPRESENTATION_CONTEXT(2) 
PARAMETRIC_REPRESENTATION_CONTEXT() REPRESENTATION_CONTEXT('2D SPACE',''
  ) );
#3461 = ORIENTED_EDGE('',*,*,#3462,.F.);
#3462 = EDGE_CURVE('',#3463,#3434,#3465,.T.);
#3463 = VERTEX_POINT('',#3464);
#3464 = CARTESIAN_POINT('',(61.031087348036,79.216200218872,11.));
#3465 = SURFACE_CURVE('',#3466,(#3470,#3476),.PCURVE_S1.);
#3466 = LINE('',#3467,#3468);
#3467 = CARTESIAN_POINT('',(61.031087348036,79.216200218872,0.));
#3468 = VECTOR('',#3469,1.);
#3469 = DIRECTION('',(0.,0.,1.));
#3470 = PCURVE('',#31,#3471);
#3471 = DEFINITIONAL_REPRESENTATION('',(#3472),#3475);
#3472 = B_SPLINE_CURVE_WITH_KNOTS('',1,(#3473,#3474),.UNSPECIFIED.,.F.,
  .F.,(2,2),(10.1,17.5000006),.PIECEWISE_BEZIER_KNOTS.);
#3473 = CARTESIAN_POINT('',(0.91434335842,10.1));
#3474 = CARTESIAN_POINT('',(0.91434335842,17.5000006));
#3475 = ( GEOMETRIC_REPRESENTATION_CONTEXT(2) 
PARAMETRIC_REPRESENTATION_CONTEXT() REPRESENTATION_CONTEXT('2D SPACE',''
  ) );
#3476 = PCURVE('',#3477,#3482);
#3477 = PLANE('',#3478);
#3478 = AXIS2_PLACEMENT_3D('',#3479,#3480,#3481);
#3479 = CARTESIAN_POINT('',(59.158546293265,76.984592689568,20.));
#3480 = DIRECTION('',(0.766044443119,-0.642787609687,0.));
#3481 = DIRECTION('',(0.642787609687,0.766044443119,0.));
#3482 = DEFINITIONAL_REPRESENTATION('',(#3483),#3486);
#3483 = B_SPLINE_CURVE_WITH_KNOTS('',1,(#3484,#3485),.UNSPECIFIED.,.F.,
  .F.,(2,2),(10.1,17.5000006),.PIECEWISE_BEZIER_KNOTS.);
#3484 = CARTESIAN_POINT('',(2.913156735682,-9.9));
#3485 = CARTESIAN_POINT('',(2.913156735682,-2.4999994));
#3486 = ( GEOMETRIC_REPRESENTATION_CONTEXT(2) 
PARAMETRIC_REPRESENTATION_CONTEXT() REPRESENTATION_CONTEXT('2D SPACE',''
  ) );
#3487 = ORIENTED_EDGE('',*,*,#3488,.F.);
#3488 = EDGE_CURVE('',#3489,#3463,#3491,.T.);
#3489 = VERTEX_POINT('',#3490);
#3490 = CARTESIAN_POINT('',(67.414791040694,73.859636804817,11.));
#3491 = SURFACE_CURVE('',#3492,(#3497,#3504),.PCURVE_S1.);
#3492 = CIRCLE('',#3493,100.);
#3493 = AXIS2_PLACEMENT_3D('',#3494,#3495,#3496);
#3494 = CARTESIAN_POINT('',(0.,0.,11.));
#3495 = DIRECTION('',(0.,0.,1.));
#3496 = DIRECTION('',(1.,0.,-0.));
#3497 = PCURVE('',#31,#3498);
#3498 = DEFINITIONAL_REPRESENTATION('',(#3499),#3503);
#3499 = LINE('',#3500,#3501);
#3500 = CARTESIAN_POINT('',(0.,11.));
#3501 = VECTOR('',#3502,1.);
#3502 = DIRECTION('',(1.,0.));
#3503 = ( GEOMETRIC_REPRESENTATION_CONTEXT(2) 
PARAMETRIC_REPRESENTATION_CONTEXT() REPRESENTATION_CONTEXT('2D SPACE',''
  ) );
#3504 = PCURVE('',#3505,#3510);
#3505 = PLANE('',#3506);
#3506 = AXIS2_PLACEMENT_3D('',#3507,#3508,#3509);
#3507 = CARTESIAN_POINT('',(64.278760968654,76.604444311898,11.));
#3508 = DIRECTION('',(0.,0.,1.));
#3509 = DIRECTION('',(0.642787609687,0.766044443119,0.));
#3510 = DEFINITIONAL_REPRESENTATION('',(#3511),#3515);
#3511 = CIRCLE('',#3512,100.);
#3512 = AXIS2_PLACEMENT_2D('',#3513,#3514);
#3513 = CARTESIAN_POINT('',(-100.,-2.274912431964E-16));
#3514 = DIRECTION('',(0.642787609687,-0.766044443119));
#3515 = ( GEOMETRIC_REPRESENTATION_CONTEXT(2) 
PARAMETRIC_REPRESENTATION_CONTEXT() REPRESENTATION_CONTEXT('2D SPACE',''
  ) );
#3516 = ORIENTED_EDGE('',*,*,#3517,.T.);
#3517 = EDGE_CURVE('',#3489,#3518,#3520,.T.);
#3518 = VERTEX_POINT('',#3519);
#3519 = CARTESIAN_POINT('',(67.414791040694,73.859636804817,17.5));
#3520 = SURFACE_CURVE('',#3521,(#3525,#3531),.PCURVE_S1.);
#3521 = LINE('',#3522,#3523);
#3522 = CARTESIAN_POINT('',(67.414791040694,73.859636804817,0.));
#3523 = VECTOR('',#3524,1.);
#3524 = DIRECTION('',(0.,0.,1.));
#3525 = PCURVE('',#31,#3526);
#3526 = DEFINITIONAL_REPRESENTATION('',(#3527),#3530);
#3527 = B_SPLINE_CURVE_WITH_KNOTS('',1,(#3528,#3529),.UNSPECIFIED.,.F.,
  .F.,(2,2),(10.1,17.5000006),.PIECEWISE_BEZIER_KNOTS.);
#3528 = CARTESIAN_POINT('',(0.830985893575,10.1));
#3529 = CARTESIAN_POINT('',(0.830985893575,17.5000006));
#3530 = ( GEOMETRIC_REPRESENTATION_CONTEXT(2) 
PARAMETRIC_REPRESENTATION_CONTEXT() REPRESENTATION_CONTEXT('2D SPACE',''
  ) );
#3531 = PCURVE('',#3532,#3537);
#3532 = PLANE('',#3533);
#3533 = AXIS2_PLACEMENT_3D('',#3534,#3535,#3536);
#3534 = CARTESIAN_POINT('',(65.542249985923,71.628029275514,20.));
#3535 = DIRECTION('',(0.766044443119,-0.642787609687,0.));
#3536 = DIRECTION('',(0.642787609687,0.766044443119,0.));
#3537 = DEFINITIONAL_REPRESENTATION('',(#3538),#3541);
#3538 = B_SPLINE_CURVE_WITH_KNOTS('',1,(#3539,#3540),.UNSPECIFIED.,.F.,
  .F.,(2,2),(10.1,17.5000006),.PIECEWISE_BEZIER_KNOTS.);
#3539 = CARTESIAN_POINT('',(2.913156735682,-9.9));
#3540 = CARTESIAN_POINT('',(2.913156735682,-2.4999994));
#3541 = ( GEOMETRIC_REPRESENTATION_CONTEXT(2) 
PARAMETRIC_REPRESENTATION_CONTEXT() REPRESENTATION_CONTEXT('2D SPACE',''
  ) );
#3542 = ORIENTED_EDGE('',*,*,#3543,.F.);
#3543 = EDGE_CURVE('',#3544,#3518,#3546,.T.);
#3544 = VERTEX_POINT('',#3545);
#3545 = CARTESIAN_POINT('',(73.859636804817,67.414791040694,17.5));
#3546 = SURFACE_CURVE('',#3547,(#3552,#3559),.PCURVE_S1.);
#3547 = CIRCLE('',#3548,100.);
#3548 = AXIS2_PLACEMENT_3D('',#3549,#3550,#3551);
#3549 = CARTESIAN_POINT('',(0.,0.,17.5));
#3550 = DIRECTION('',(0.,0.,1.));
#3551 = DIRECTION('',(1.,0.,-0.));
#3552 = PCURVE('',#31,#3553);
#3553 = DEFINITIONAL_REPRESENTATION('',(#3554),#3558);
#3554 = LINE('',#3555,#3556);
#3555 = CARTESIAN_POINT('',(0.,17.5));
#3556 = VECTOR('',#3557,1.);
#3557 = DIRECTION('',(1.,0.));
#3558 = ( GEOMETRIC_REPRESENTATION_CONTEXT(2) 
PARAMETRIC_REPRESENTATION_CONTEXT() REPRESENTATION_CONTEXT('2D SPACE',''
  ) );
#3559 = PCURVE('',#3560,#3565);
#3560 = CONICAL_SURFACE('',#3561,100.,0.785398163397);
#3561 = AXIS2_PLACEMENT_3D('',#3562,#3563,#3564);
#3562 = CARTESIAN_POINT('',(0.,0.,17.5));
#3563 = DIRECTION('',(-0.,-0.,-1.));
#3564 = DIRECTION('',(1.,0.,0.));
#3565 = DEFINITIONAL_REPRESENTATION('',(#3566),#3570);
#3566 = LINE('',#3567,#3568);
#3567 = CARTESIAN_POINT('',(-0.,-0.));
#3568 = VECTOR('',#3569,1.);
#3569 = DIRECTION('',(-1.,-0.));
#3570 = ( GEOMETRIC_REPRESENTATION_CONTEXT(2) 
PARAMETRIC_REPRESENTATION_CONTEXT() REPRESENTATION_CONTEXT('2D SPACE',''
  ) );
#3571 = ORIENTED_EDGE('',*,*,#3572,.F.);
#3572 = EDGE_CURVE('',#3573,#3544,#3575,.T.);
#3573 = VERTEX_POINT('',#3574);
#3574 = CARTESIAN_POINT('',(73.859636804817,67.414791040694,11.));
#3575 = SURFACE_CURVE('',#3576,(#3580,#3586),.PCURVE_S1.);
#3576 = LINE('',#3577,#3578);
#3577 = CARTESIAN_POINT('',(73.859636804817,67.414791040694,0.));
#3578 = VECTOR('',#3579,1.);
#3579 = DIRECTION('',(0.,0.,1.));
#3580 = PCURVE('',#31,#3581);
#3581 = DEFINITIONAL_REPRESENTATION('',(#3582),#3585);
#3582 = B_SPLINE_CURVE_WITH_KNOTS('',1,(#3583,#3584),.UNSPECIFIED.,.F.,
  .F.,(2,2),(10.1,17.5000006),.PIECEWISE_BEZIER_KNOTS.);
#3583 = CARTESIAN_POINT('',(0.73981043322,10.1));
#3584 = CARTESIAN_POINT('',(0.73981043322,17.5000006));
#3585 = ( GEOMETRIC_REPRESENTATION_CONTEXT(2) 
PARAMETRIC_REPRESENTATION_CONTEXT() REPRESENTATION_CONTEXT('2D SPACE',''
  ) );
#3586 = PCURVE('',#3587,#3592);
#3587 = PLANE('',#3588);
#3588 = AXIS2_PLACEMENT_3D('',#3589,#3590,#3591);
#3589 = CARTESIAN_POINT('',(71.628029275514,65.542249985923,20.));
#3590 = DIRECTION('',(0.642787609687,-0.766044443119,0.));
#3591 = DIRECTION('',(0.766044443119,0.642787609687,0.));
#3592 = DEFINITIONAL_REPRESENTATION('',(#3593),#3596);
#3593 = B_SPLINE_CURVE_WITH_KNOTS('',1,(#3594,#3595),.UNSPECIFIED.,.F.,
  .F.,(2,2),(10.1,17.5000006),.PIECEWISE_BEZIER_KNOTS.);
#3594 = CARTESIAN_POINT('',(2.913156735682,-9.9));
#3595 = CARTESIAN_POINT('',(2.913156735682,-2.4999994));
#3596 = ( GEOMETRIC_REPRESENTATION_CONTEXT(2) 
PARAMETRIC_REPRESENTATION_CONTEXT() REPRESENTATION_CONTEXT('2D SPACE',''
  ) );
#3597 = ORIENTED_EDGE('',*,*,#3598,.F.);
#3598 = EDGE_CURVE('',#3599,#3573,#3601,.T.);
#3599 = VERTEX_POINT('',#3600);
#3600 = CARTESIAN_POINT('',(79.216200218872,61.031087348036,11.));
#3601 = SURFACE_CURVE('',#3602,(#3607,#3614),.PCURVE_S1.);
#3602 = CIRCLE('',#3603,100.);
#3603 = AXIS2_PLACEMENT_3D('',#3604,#3605,#3606);
#3604 = CARTESIAN_POINT('',(0.,0.,11.));
#3605 = DIRECTION('',(0.,0.,1.));
#3606 = DIRECTION('',(1.,0.,-0.));
#3607 = PCURVE('',#31,#3608);
#3608 = DEFINITIONAL_REPRESENTATION('',(#3609),#3613);
#3609 = LINE('',#3610,#3611);
#3610 = CARTESIAN_POINT('',(0.,11.));
#3611 = VECTOR('',#3612,1.);
#3612 = DIRECTION('',(1.,0.));
#3613 = ( GEOMETRIC_REPRESENTATION_CONTEXT(2) 
PARAMETRIC_REPRESENTATION_CONTEXT() REPRESENTATION_CONTEXT('2D SPACE',''
  ) );
#3614 = PCURVE('',#3615,#3620);
#3615 = PLANE('',#3616);
#3616 = AXIS2_PLACEMENT_3D('',#3617,#3618,#3619);
#3617 = CARTESIAN_POINT('',(76.604444311898,64.278760968654,11.));
#3618 = DIRECTION('',(0.,0.,1.));
#3619 = DIRECTION('',(0.766044443119,0.642787609687,0.));
#3620 = DEFINITIONAL_REPRESENTATION('',(#3621),#3625);
#3621 = CIRCLE('',#3622,100.);
#3622 = AXIS2_PLACEMENT_2D('',#3623,#3624);
#3623 = CARTESIAN_POINT('',(-100.,7.417648953709E-15));
#3624 = DIRECTION('',(0.766044443119,-0.642787609687));
#3625 = ( GEOMETRIC_REPRESENTATION_CONTEXT(2) 
PARAMETRIC_REPRESENTATION_CONTEXT() REPRESENTATION_CONTEXT('2D SPACE',''
  ) );
#3626 = ORIENTED_EDGE('',*,*,#3627,.T.);
#3627 = EDGE_CURVE('',#3599,#3628,#3630,.T.);
#3628 = VERTEX_POINT('',#3629);
#3629 = CARTESIAN_POINT('',(79.216200218872,61.031087348036,17.5));
#3630 = SURFACE_CURVE('',#3631,(#3635,#3641),.PCURVE_S1.);
#3631 = LINE('',#3632,#3633);
#3632 = CARTESIAN_POINT('',(79.216200218872,61.031087348036,0.));
#3633 = VECTOR('',#3634,1.);
#3634 = DIRECTION('',(0.,0.,1.));
#3635 = PCURVE('',#31,#3636);
#3636 = DEFINITIONAL_REPRESENTATION('',(#3637),#3640);
#3637 = B_SPLINE_CURVE_WITH_KNOTS('',1,(#3638,#3639),.UNSPECIFIED.,.F.,
  .F.,(2,2),(10.1,17.5000006),.PIECEWISE_BEZIER_KNOTS.);
#3638 = CARTESIAN_POINT('',(0.656452968375,10.1));
#3639 = CARTESIAN_POINT('',(0.656452968375,17.5000006));
#3640 = ( GEOMETRIC_REPRESENTATION_CONTEXT(2) 
PARAMETRIC_REPRESENTATION_CONTEXT() REPRESENTATION_CONTEXT('2D SPACE',''
  ) );
#3641 = PCURVE('',#3642,#3647);
#3642 = PLANE('',#3643);
#3643 = AXIS2_PLACEMENT_3D('',#3644,#3645,#3646);
#3644 = CARTESIAN_POINT('',(76.984592689568,59.158546293265,20.));
#3645 = DIRECTION('',(0.642787609687,-0.766044443119,0.));
#3646 = DIRECTION('',(0.766044443119,0.642787609687,0.));
#3647 = DEFINITIONAL_REPRESENTATION('',(#3648),#3651);
#3648 = B_SPLINE_CURVE_WITH_KNOTS('',1,(#3649,#3650),.UNSPECIFIED.,.F.,
  .F.,(2,2),(10.1,17.5000006),.PIECEWISE_BEZIER_KNOTS.);
#3649 = CARTESIAN_POINT('',(2.913156735682,-9.9));
#3650 = CARTESIAN_POINT('',(2.913156735682,-2.4999994));
#3651 = ( GEOMETRIC_REPRESENTATION_CONTEXT(2) 
PARAMETRIC_REPRESENTATION_CONTEXT() REPRESENTATION_CONTEXT('2D SPACE',''
  ) );
#3652 = ORIENTED_EDGE('',*,*,#3653,.F.);
#3653 = EDGE_CURVE('',#3654,#3628,#3656,.T.);
#3654 = VERTEX_POINT('',#3655);
#3655 = CARTESIAN_POINT('',(84.443998572063,53.565017550276,17.5));
#3656 = SURFACE_CURVE('',#3657,(#3662,#3669),.PCURVE_S1.);
#3657 = CIRCLE('',#3658,100.);
#3658 = AXIS2_PLACEMENT_3D('',#3659,#3660,#3661);
#3659 = CARTESIAN_POINT('',(0.,0.,17.5));
#3660 = DIRECTION('',(0.,0.,1.));
#3661 = DIRECTION('',(1.,0.,-0.));
#3662 = PCURVE('',#31,#3663);
#3663 = DEFINITIONAL_REPRESENTATION('',(#3664),#3668);
#3664 = LINE('',#3665,#3666);
#3665 = CARTESIAN_POINT('',(0.,17.5));
#3666 = VECTOR('',#3667,1.);
#3667 = DIRECTION('',(1.,0.));
#3668 = ( GEOMETRIC_REPRESENTATION_CONTEXT(2) 
PARAMETRIC_REPRESENTATION_CONTEXT() REPRESENTATION_CONTEXT('2D SPACE',''
  ) );
#3669 = PCURVE('',#3670,#3675);
#3670 = CONICAL_SURFACE('',#3671,100.,0.785398163397);
#3671 = AXIS2_PLACEMENT_3D('',#3672,#3673,#3674);
#3672 = CARTESIAN_POINT('',(0.,0.,17.5));
#3673 = DIRECTION('',(-0.,-0.,-1.));
#3674 = DIRECTION('',(1.,0.,0.));
#3675 = DEFINITIONAL_REPRESENTATION('',(#3676),#3680);
#3676 = LINE('',#3677,#3678);
#3677 = CARTESIAN_POINT('',(-0.,-0.));
#3678 = VECTOR('',#3679,1.);
#3679 = DIRECTION('',(-1.,-0.));
#3680 = ( GEOMETRIC_REPRESENTATION_CONTEXT(2) 
PARAMETRIC_REPRESENTATION_CONTEXT() REPRESENTATION_CONTEXT('2D SPACE',''
  ) );
#3681 = ORIENTED_EDGE('',*,*,#3682,.F.);
#3682 = EDGE_CURVE('',#3683,#3654,#3685,.T.);
#3683 = VERTEX_POINT('',#3684);
#3684 = CARTESIAN_POINT('',(84.443998572063,53.565017550276,11.));
#3685 = SURFACE_CURVE('',#3686,(#3690,#3696),.PCURVE_S1.);
#3686 = LINE('',#3687,#3688);
#3687 = CARTESIAN_POINT('',(84.443998572063,53.565017550276,0.));
#3688 = VECTOR('',#3689,1.);
#3689 = DIRECTION('',(0.,0.,1.));
#3690 = PCURVE('',#31,#3691);
#3691 = DEFINITIONAL_REPRESENTATION('',(#3692),#3695);
#3692 = B_SPLINE_CURVE_WITH_KNOTS('',1,(#3693,#3694),.UNSPECIFIED.,.F.,
  .F.,(2,2),(10.1,17.5000006),.PIECEWISE_BEZIER_KNOTS.);
#3693 = CARTESIAN_POINT('',(0.565277508021,10.1));
#3694 = CARTESIAN_POINT('',(0.565277508021,17.5000006));
#3695 = ( GEOMETRIC_REPRESENTATION_CONTEXT(2) 
PARAMETRIC_REPRESENTATION_CONTEXT() REPRESENTATION_CONTEXT('2D SPACE',''
  ) );
#3696 = PCURVE('',#3697,#3702);
#3697 = PLANE('',#3698);
#3698 = AXIS2_PLACEMENT_3D('',#3699,#3700,#3701);
#3699 = CARTESIAN_POINT('',(81.921130833757,52.108439182435,20.));
#3700 = DIRECTION('',(0.5,-0.866025403784,0.));
#3701 = DIRECTION('',(0.866025403784,0.5,0.));
#3702 = DEFINITIONAL_REPRESENTATION('',(#3703),#3706);
#3703 = B_SPLINE_CURVE_WITH_KNOTS('',1,(#3704,#3705),.UNSPECIFIED.,.F.,
  .F.,(2,2),(10.1,17.5000006),.PIECEWISE_BEZIER_KNOTS.);
#3704 = CARTESIAN_POINT('',(2.913156735682,-9.9));
#3705 = CARTESIAN_POINT('',(2.913156735682,-2.4999994));
#3706 = ( GEOMETRIC_REPRESENTATION_CONTEXT(2) 
PARAMETRIC_REPRESENTATION_CONTEXT() REPRESENTATION_CONTEXT('2D SPACE',''
  ) );
#3707 = ORIENTED_EDGE('',*,*,#3708,.F.);
#3708 = EDGE_CURVE('',#3709,#3683,#3711,.T.);
#3709 = VERTEX_POINT('',#3710);
#3710 = CARTESIAN_POINT('',(88.61066523873,46.348139185406,11.));
#3711 = SURFACE_CURVE('',#3712,(#3717,#3724),.PCURVE_S1.);
#3712 = CIRCLE('',#3713,100.);
#3713 = AXIS2_PLACEMENT_3D('',#3714,#3715,#3716);
#3714 = CARTESIAN_POINT('',(0.,0.,11.));
#3715 = DIRECTION('',(0.,0.,1.));
#3716 = DIRECTION('',(1.,0.,-0.));
#3717 = PCURVE('',#31,#3718);
#3718 = DEFINITIONAL_REPRESENTATION('',(#3719),#3723);
#3719 = LINE('',#3720,#3721);
#3720 = CARTESIAN_POINT('',(0.,11.));
#3721 = VECTOR('',#3722,1.);
#3722 = DIRECTION('',(1.,0.));
#3723 = ( GEOMETRIC_REPRESENTATION_CONTEXT(2) 
PARAMETRIC_REPRESENTATION_CONTEXT() REPRESENTATION_CONTEXT('2D SPACE',''
  ) );
#3724 = PCURVE('',#3725,#3730);
#3725 = PLANE('',#3726);
#3726 = AXIS2_PLACEMENT_3D('',#3727,#3728,#3729);
#3727 = CARTESIAN_POINT('',(86.602540378444,50.,11.));
#3728 = DIRECTION('',(0.,0.,1.));
#3729 = DIRECTION('',(0.866025403784,0.5,0.));
#3730 = DEFINITIONAL_REPRESENTATION('',(#3731),#3735);
#3731 = CIRCLE('',#3732,100.);
#3732 = AXIS2_PLACEMENT_2D('',#3733,#3734);
#3733 = CARTESIAN_POINT('',(-100.,2.298020641642E-15));
#3734 = DIRECTION('',(0.866025403784,-0.5));
#3735 = ( GEOMETRIC_REPRESENTATION_CONTEXT(2) 
PARAMETRIC_REPRESENTATION_CONTEXT() REPRESENTATION_CONTEXT('2D SPACE',''
  ) );
#3736 = ORIENTED_EDGE('',*,*,#3737,.T.);
#3737 = EDGE_CURVE('',#3709,#3738,#3740,.T.);
#3738 = VERTEX_POINT('',#3739);
#3739 = CARTESIAN_POINT('',(88.61066523873,46.348139185406,17.5));
#3740 = SURFACE_CURVE('',#3741,(#3745,#3751),.PCURVE_S1.);
#3741 = LINE('',#3742,#3743);
#3742 = CARTESIAN_POINT('',(88.61066523873,46.348139185406,0.));
#3743 = VECTOR('',#3744,1.);
#3744 = DIRECTION('',(0.,0.,1.));
#3745 = PCURVE('',#31,#3746);
#3746 = DEFINITIONAL_REPRESENTATION('',(#3747),#3750);
#3747 = B_SPLINE_CURVE_WITH_KNOTS('',1,(#3748,#3749),.UNSPECIFIED.,.F.,
  .F.,(2,2),(10.1,17.5000006),.PIECEWISE_BEZIER_KNOTS.);
#3748 = CARTESIAN_POINT('',(0.481920043176,10.1));
#3749 = CARTESIAN_POINT('',(0.481920043176,17.5000006));
#3750 = ( GEOMETRIC_REPRESENTATION_CONTEXT(2) 
PARAMETRIC_REPRESENTATION_CONTEXT() REPRESENTATION_CONTEXT('2D SPACE',''
  ) );
#3751 = PCURVE('',#3752,#3757);
#3752 = PLANE('',#3753);
#3753 = AXIS2_PLACEMENT_3D('',#3754,#3755,#3756);
#3754 = CARTESIAN_POINT('',(86.087797500424,44.891560817565,20.));
#3755 = DIRECTION('',(0.5,-0.866025403784,0.));
#3756 = DIRECTION('',(0.866025403784,0.5,0.));
#3757 = DEFINITIONAL_REPRESENTATION('',(#3758),#3761);
#3758 = B_SPLINE_CURVE_WITH_KNOTS('',1,(#3759,#3760),.UNSPECIFIED.,.F.,
  .F.,(2,2),(10.1,17.5000006),.PIECEWISE_BEZIER_KNOTS.);
#3759 = CARTESIAN_POINT('',(2.913156735682,-9.9));
#3760 = CARTESIAN_POINT('',(2.913156735682,-2.4999994));
#3761 = ( GEOMETRIC_REPRESENTATION_CONTEXT(2) 
PARAMETRIC_REPRESENTATION_CONTEXT() REPRESENTATION_CONTEXT('2D SPACE',''
  ) );
#3762 = ORIENTED_EDGE('',*,*,#3763,.F.);
#3763 = EDGE_CURVE('',#3764,#3738,#3766,.T.);
#3764 = VERTEX_POINT('',#3765);
#3765 = CARTESIAN_POINT('',(92.462572173422,38.087698106799,17.5));
#3766 = SURFACE_CURVE('',#3767,(#3772,#3779),.PCURVE_S1.);
#3767 = CIRCLE('',#3768,100.);
#3768 = AXIS2_PLACEMENT_3D('',#3769,#3770,#3771);
#3769 = CARTESIAN_POINT('',(0.,0.,17.5));
#3770 = DIRECTION('',(0.,0.,1.));
#3771 = DIRECTION('',(1.,0.,-0.));
#3772 = PCURVE('',#31,#3773);
#3773 = DEFINITIONAL_REPRESENTATION('',(#3774),#3778);
#3774 = LINE('',#3775,#3776);
#3775 = CARTESIAN_POINT('',(0.,17.5));
#3776 = VECTOR('',#3777,1.);
#3777 = DIRECTION('',(1.,0.));
#3778 = ( GEOMETRIC_REPRESENTATION_CONTEXT(2) 
PARAMETRIC_REPRESENTATION_CONTEXT() REPRESENTATION_CONTEXT('2D SPACE',''
  ) );
#3779 = PCURVE('',#3780,#3785);
#3780 = CONICAL_SURFACE('',#3781,100.,0.785398163397);
#3781 = AXIS2_PLACEMENT_3D('',#3782,#3783,#3784);
#3782 = CARTESIAN_POINT('',(0.,0.,17.5));
#3783 = DIRECTION('',(-0.,-0.,-1.));
#3784 = DIRECTION('',(1.,0.,0.));
#3785 = DEFINITIONAL_REPRESENTATION('',(#3786),#3790);
#3786 = LINE('',#3787,#3788);
#3787 = CARTESIAN_POINT('',(-0.,-0.));
#3788 = VECTOR('',#3789,1.);
#3789 = DIRECTION('',(-1.,-0.));
#3790 = ( GEOMETRIC_REPRESENTATION_CONTEXT(2) 
PARAMETRIC_REPRESENTATION_CONTEXT() REPRESENTATION_CONTEXT('2D SPACE',''
  ) );
#3791 = ORIENTED_EDGE('',*,*,#3792,.F.);
#3792 = EDGE_CURVE('',#3793,#3764,#3795,.T.);
#3793 = VERTEX_POINT('',#3794);
#3794 = CARTESIAN_POINT('',(92.462572173422,38.087698106799,11.));
#3795 = SURFACE_CURVE('',#3796,(#3800,#3806),.PCURVE_S1.);
#3796 = LINE('',#3797,#3798);
#3797 = CARTESIAN_POINT('',(92.462572173422,38.087698106799,0.));
#3798 = VECTOR('',#3799,1.);
#3799 = DIRECTION('',(0.,0.,1.));
#3800 = PCURVE('',#31,#3801);
#3801 = DEFINITIONAL_REPRESENTATION('',(#3802),#3805);
#3802 = B_SPLINE_CURVE_WITH_KNOTS('',1,(#3803,#3804),.UNSPECIFIED.,.F.,
  .F.,(2,2),(10.1,17.5000006),.PIECEWISE_BEZIER_KNOTS.);
#3803 = CARTESIAN_POINT('',(0.390744582821,10.1));
#3804 = CARTESIAN_POINT('',(0.390744582821,17.5000006));
#3805 = ( GEOMETRIC_REPRESENTATION_CONTEXT(2) 
PARAMETRIC_REPRESENTATION_CONTEXT() REPRESENTATION_CONTEXT('2D SPACE',''
  ) );
#3806 = PCURVE('',#3807,#3812);
#3807 = PLANE('',#3808);
#3808 = AXIS2_PLACEMENT_3D('',#3809,#3810,#3811);
#3809 = CARTESIAN_POINT('',(89.72510028571,37.091339822531,20.));
#3810 = DIRECTION('',(0.342020143326,-0.939692620786,0.));
#3811 = DIRECTION('',(0.939692620786,0.342020143326,0.));
#3812 = DEFINITIONAL_REPRESENTATION('',(#3813),#3816);
#3813 = B_SPLINE_CURVE_WITH_KNOTS('',1,(#3814,#3815),.UNSPECIFIED.,.F.,
  .F.,(2,2),(10.1,17.5000006),.PIECEWISE_BEZIER_KNOTS.);
#3814 = CARTESIAN_POINT('',(2.913156735682,-9.9));
#3815 = CARTESIAN_POINT('',(2.913156735682,-2.4999994));
#3816 = ( GEOMETRIC_REPRESENTATION_CONTEXT(2) 
PARAMETRIC_REPRESENTATION_CONTEXT() REPRESENTATION_CONTEXT('2D SPACE',''
  ) );
#3817 = ORIENTED_EDGE('',*,*,#3818,.F.);
#3818 = EDGE_CURVE('',#3819,#3793,#3821,.T.);
#3819 = VERTEX_POINT('',#3820);
#3820 = CARTESIAN_POINT('',(95.31274003447,30.256926266917,11.));
#3821 = SURFACE_CURVE('',#3822,(#3827,#3834),.PCURVE_S1.);
#3822 = CIRCLE('',#3823,100.);
#3823 = AXIS2_PLACEMENT_3D('',#3824,#3825,#3826);
#3824 = CARTESIAN_POINT('',(0.,0.,11.));
#3825 = DIRECTION('',(0.,0.,1.));
#3826 = DIRECTION('',(1.,0.,-0.));
#3827 = PCURVE('',#31,#3828);
#3828 = DEFINITIONAL_REPRESENTATION('',(#3829),#3833);
#3829 = LINE('',#3830,#3831);
#3830 = CARTESIAN_POINT('',(0.,11.));
#3831 = VECTOR('',#3832,1.);
#3832 = DIRECTION('',(1.,0.));
#3833 = ( GEOMETRIC_REPRESENTATION_CONTEXT(2) 
PARAMETRIC_REPRESENTATION_CONTEXT() REPRESENTATION_CONTEXT('2D SPACE',''
  ) );
#3834 = PCURVE('',#3835,#3840);
#3835 = PLANE('',#3836);
#3836 = AXIS2_PLACEMENT_3D('',#3837,#3838,#3839);
#3837 = CARTESIAN_POINT('',(93.969262078591,34.202014332567,11.));
#3838 = DIRECTION('',(0.,0.,1.));
#3839 = DIRECTION('',(0.939692620786,0.342020143326,0.));
#3840 = DEFINITIONAL_REPRESENTATION('',(#3841),#3845);
#3841 = CIRCLE('',#3842,100.);
#3842 = AXIS2_PLACEMENT_2D('',#3843,#3844);
#3843 = CARTESIAN_POINT('',(-100.,3.048306192367E-15));
#3844 = DIRECTION('',(0.939692620786,-0.342020143326));
#3845 = ( GEOMETRIC_REPRESENTATION_CONTEXT(2) 
PARAMETRIC_REPRESENTATION_CONTEXT() REPRESENTATION_CONTEXT('2D SPACE',''
  ) );
#3846 = ORIENTED_EDGE('',*,*,#3847,.T.);
#3847 = EDGE_CURVE('',#3819,#3848,#3850,.T.);
#3848 = VERTEX_POINT('',#3849);
#3849 = CARTESIAN_POINT('',(95.31274003447,30.256926266917,17.5));
#3850 = SURFACE_CURVE('',#3851,(#3855,#3861),.PCURVE_S1.);
#3851 = LINE('',#3852,#3853);
#3852 = CARTESIAN_POINT('',(95.31274003447,30.256926266917,0.));
#3853 = VECTOR('',#3854,1.);
#3854 = DIRECTION('',(0.,0.,1.));
#3855 = PCURVE('',#31,#3856);
#3856 = DEFINITIONAL_REPRESENTATION('',(#3857),#3860);
#3857 = B_SPLINE_CURVE_WITH_KNOTS('',1,(#3858,#3859),.UNSPECIFIED.,.F.,
  .F.,(2,2),(10.1,17.5000006),.PIECEWISE_BEZIER_KNOTS.);
#3858 = CARTESIAN_POINT('',(0.307387117976,10.1));
#3859 = CARTESIAN_POINT('',(0.307387117976,17.5000006));
#3860 = ( GEOMETRIC_REPRESENTATION_CONTEXT(2) 
PARAMETRIC_REPRESENTATION_CONTEXT() REPRESENTATION_CONTEXT('2D SPACE',''
  ) );
#3861 = PCURVE('',#3862,#3867);
#3862 = PLANE('',#3863);
#3863 = AXIS2_PLACEMENT_3D('',#3864,#3865,#3866);
#3864 = CARTESIAN_POINT('',(92.575268146757,29.260567982649,20.));
#3865 = DIRECTION('',(0.342020143326,-0.939692620786,0.));
#3866 = DIRECTION('',(0.939692620786,0.342020143326,0.));
#3867 = DEFINITIONAL_REPRESENTATION('',(#3868),#3871);
#3868 = B_SPLINE_CURVE_WITH_KNOTS('',1,(#3869,#3870),.UNSPECIFIED.,.F.,
  .F.,(2,2),(10.1,17.5000006),.PIECEWISE_BEZIER_KNOTS.);
#3869 = CARTESIAN_POINT('',(2.913156735682,-9.9));
#3870 = CARTESIAN_POINT('',(2.913156735682,-2.4999994));
#3871 = ( GEOMETRIC_REPRESENTATION_CONTEXT(2) 
PARAMETRIC_REPRESENTATION_CONTEXT() REPRESENTATION_CONTEXT('2D SPACE',''
  ) );
#3872 = ORIENTED_EDGE('',*,*,#3873,.F.);
#3873 = EDGE_CURVE('',#3874,#3848,#3876,.T.);
#3874 = VERTEX_POINT('',#3875);
#3875 = CARTESIAN_POINT('',(97.671717307611,21.453103229652,17.5));
#3876 = SURFACE_CURVE('',#3877,(#3882,#3889),.PCURVE_S1.);
#3877 = CIRCLE('',#3878,100.);
#3878 = AXIS2_PLACEMENT_3D('',#3879,#3880,#3881);
#3879 = CARTESIAN_POINT('',(0.,0.,17.5));
#3880 = DIRECTION('',(0.,0.,1.));
#3881 = DIRECTION('',(1.,0.,-0.));
#3882 = PCURVE('',#31,#3883);
#3883 = DEFINITIONAL_REPRESENTATION('',(#3884),#3888);
#3884 = LINE('',#3885,#3886);
#3885 = CARTESIAN_POINT('',(0.,17.5));
#3886 = VECTOR('',#3887,1.);
#3887 = DIRECTION('',(1.,0.));
#3888 = ( GEOMETRIC_REPRESENTATION_CONTEXT(2) 
PARAMETRIC_REPRESENTATION_CONTEXT() REPRESENTATION_CONTEXT('2D SPACE',''
  ) );
#3889 = PCURVE('',#3890,#3895);
#3890 = CONICAL_SURFACE('',#3891,100.,0.785398163397);
#3891 = AXIS2_PLACEMENT_3D('',#3892,#3893,#3894);
#3892 = CARTESIAN_POINT('',(0.,0.,17.5));
#3893 = DIRECTION('',(-0.,-0.,-1.));
#3894 = DIRECTION('',(1.,0.,0.));
#3895 = DEFINITIONAL_REPRESENTATION('',(#3896),#3900);
#3896 = LINE('',#3897,#3898);
#3897 = CARTESIAN_POINT('',(-0.,-0.));
#3898 = VECTOR('',#3899,1.);
#3899 = DIRECTION('',(-1.,-0.));
#3900 = ( GEOMETRIC_REPRESENTATION_CONTEXT(2) 
PARAMETRIC_REPRESENTATION_CONTEXT() REPRESENTATION_CONTEXT('2D SPACE',''
  ) );
#3901 = ORIENTED_EDGE('',*,*,#3902,.F.);
#3902 = EDGE_CURVE('',#3903,#3874,#3905,.T.);
#3903 = VERTEX_POINT('',#3904);
#3904 = CARTESIAN_POINT('',(97.671717307611,21.453103229652,11.));
#3905 = SURFACE_CURVE('',#3906,(#3910,#3916),.PCURVE_S1.);
#3906 = LINE('',#3907,#3908);
#3907 = CARTESIAN_POINT('',(97.671717307611,21.453103229652,0.));
#3908 = VECTOR('',#3909,1.);
#3909 = DIRECTION('',(0.,0.,1.));
#3910 = PCURVE('',#31,#3911);
#3911 = DEFINITIONAL_REPRESENTATION('',(#3912),#3915);
#3912 = B_SPLINE_CURVE_WITH_KNOTS('',1,(#3913,#3914),.UNSPECIFIED.,.F.,
  .F.,(2,2),(10.1,17.5000006),.PIECEWISE_BEZIER_KNOTS.);
#3913 = CARTESIAN_POINT('',(0.216211657622,10.1));
#3914 = CARTESIAN_POINT('',(0.216211657622,17.5000006));
#3915 = ( GEOMETRIC_REPRESENTATION_CONTEXT(2) 
PARAMETRIC_REPRESENTATION_CONTEXT() REPRESENTATION_CONTEXT('2D SPACE',''
  ) );
#3916 = PCURVE('',#3917,#3922);
#3917 = PLANE('',#3918);
#3918 = AXIS2_PLACEMENT_3D('',#3919,#3920,#3921);
#3919 = CARTESIAN_POINT('',(94.802817968572,20.947238871243,20.));
#3920 = DIRECTION('',(0.173648177667,-0.984807753012,0.));
#3921 = DIRECTION('',(0.984807753012,0.173648177667,0.));
#3922 = DEFINITIONAL_REPRESENTATION('',(#3923),#3926);
#3923 = B_SPLINE_CURVE_WITH_KNOTS('',1,(#3924,#3925),.UNSPECIFIED.,.F.,
  .F.,(2,2),(10.1,17.5000006),.PIECEWISE_BEZIER_KNOTS.);
#3924 = CARTESIAN_POINT('',(2.913156735682,-9.9));
#3925 = CARTESIAN_POINT('',(2.913156735682,-2.4999994));
#3926 = ( GEOMETRIC_REPRESENTATION_CONTEXT(2) 
PARAMETRIC_REPRESENTATION_CONTEXT() REPRESENTATION_CONTEXT('2D SPACE',''
  ) );
#3927 = ORIENTED_EDGE('',*,*,#3928,.F.);
#3928 = EDGE_CURVE('',#3929,#3903,#3931,.T.);
#3929 = VERTEX_POINT('',#3930);
#3930 = CARTESIAN_POINT('',(99.118785454835,13.246371954551,11.));
#3931 = SURFACE_CURVE('',#3932,(#3937,#3944),.PCURVE_S1.);
#3932 = CIRCLE('',#3933,100.);
#3933 = AXIS2_PLACEMENT_3D('',#3934,#3935,#3936);
#3934 = CARTESIAN_POINT('',(0.,0.,11.));
#3935 = DIRECTION('',(0.,0.,1.));
#3936 = DIRECTION('',(1.,0.,-0.));
#3937 = PCURVE('',#31,#3938);
#3938 = DEFINITIONAL_REPRESENTATION('',(#3939),#3943);
#3939 = LINE('',#3940,#3941);
#3940 = CARTESIAN_POINT('',(0.,11.));
#3941 = VECTOR('',#3942,1.);
#3942 = DIRECTION('',(1.,0.));
#3943 = ( GEOMETRIC_REPRESENTATION_CONTEXT(2) 
PARAMETRIC_REPRESENTATION_CONTEXT() REPRESENTATION_CONTEXT('2D SPACE',''
  ) );
#3944 = PCURVE('',#3945,#3950);
#3945 = PLANE('',#3946);
#3946 = AXIS2_PLACEMENT_3D('',#3947,#3948,#3949);
#3947 = CARTESIAN_POINT('',(98.480775301221,17.364817766693,11.));
#3948 = DIRECTION('',(0.,0.,1.));
#3949 = DIRECTION('',(0.984807753012,0.173648177667,0.));
#3950 = DEFINITIONAL_REPRESENTATION('',(#3951),#3955);
#3951 = CIRCLE('',#3952,100.);
#3952 = AXIS2_PLACEMENT_2D('',#3953,#3954);
#3953 = CARTESIAN_POINT('',(-100.,-7.099030695542E-16));
#3954 = DIRECTION('',(0.984807753012,-0.173648177667));
#3955 = ( GEOMETRIC_REPRESENTATION_CONTEXT(2) 
PARAMETRIC_REPRESENTATION_CONTEXT() REPRESENTATION_CONTEXT('2D SPACE',''
  ) );
#3956 = ORIENTED_EDGE('',*,*,#3957,.T.);
#3957 = EDGE_CURVE('',#3929,#3958,#3960,.T.);
#3958 = VERTEX_POINT('',#3959);
#3959 = CARTESIAN_POINT('',(99.118785454835,13.246371954551,17.5));
#3960 = SURFACE_CURVE('',#3961,(#3965,#3971),.PCURVE_S1.);
#3961 = LINE('',#3962,#3963);
#3962 = CARTESIAN_POINT('',(99.118785454835,13.246371954551,0.));
#3963 = VECTOR('',#3964,1.);
#3964 = DIRECTION('',(0.,0.,1.));
#3965 = PCURVE('',#31,#3966);
#3966 = DEFINITIONAL_REPRESENTATION('',(#3967),#3970);
#3967 = B_SPLINE_CURVE_WITH_KNOTS('',1,(#3968,#3969),.UNSPECIFIED.,.F.,
  .F.,(2,2),(10.1,17.5000006),.PIECEWISE_BEZIER_KNOTS.);
#3968 = CARTESIAN_POINT('',(0.132854192777,10.1));
#3969 = CARTESIAN_POINT('',(0.132854192777,17.5000006));
#3970 = ( GEOMETRIC_REPRESENTATION_CONTEXT(2) 
PARAMETRIC_REPRESENTATION_CONTEXT() REPRESENTATION_CONTEXT('2D SPACE',''
  ) );
#3971 = PCURVE('',#3972,#3977);
#3972 = PLANE('',#3973);
#3973 = AXIS2_PLACEMENT_3D('',#3974,#3975,#3976);
#3974 = CARTESIAN_POINT('',(96.249886115796,12.740507596141,20.));
#3975 = DIRECTION('',(0.173648177667,-0.984807753012,0.));
#3976 = DIRECTION('',(0.984807753012,0.173648177667,0.));
#3977 = DEFINITIONAL_REPRESENTATION('',(#3978),#3981);
#3978 = B_SPLINE_CURVE_WITH_KNOTS('',1,(#3979,#3980),.UNSPECIFIED.,.F.,
  .F.,(2,2),(10.1,17.5000006),.PIECEWISE_BEZIER_KNOTS.);
#3979 = CARTESIAN_POINT('',(2.913156735682,-9.9));
#3980 = CARTESIAN_POINT('',(2.913156735682,-2.4999994));
#3981 = ( GEOMETRIC_REPRESENTATION_CONTEXT(2) 
PARAMETRIC_REPRESENTATION_CONTEXT() REPRESENTATION_CONTEXT('2D SPACE',''
  ) );
#3982 = ORIENTED_EDGE('',*,*,#3983,.F.);
#3983 = EDGE_CURVE('',#3984,#3958,#3986,.T.);
#3984 = VERTEX_POINT('',#3985);
#3985 = CARTESIAN_POINT('',(99.913156735682,4.166666666667,17.5));
#3986 = SURFACE_CURVE('',#3987,(#3992,#3999),.PCURVE_S1.);
#3987 = CIRCLE('',#3988,100.);
#3988 = AXIS2_PLACEMENT_3D('',#3989,#3990,#3991);
#3989 = CARTESIAN_POINT('',(0.,0.,17.5));
#3990 = DIRECTION('',(0.,0.,1.));
#3991 = DIRECTION('',(1.,0.,-0.));
#3992 = PCURVE('',#31,#3993);
#3993 = DEFINITIONAL_REPRESENTATION('',(#3994),#3998);
#3994 = LINE('',#3995,#3996);
#3995 = CARTESIAN_POINT('',(0.,17.5));
#3996 = VECTOR('',#3997,1.);
#3997 = DIRECTION('',(1.,0.));
#3998 = ( GEOMETRIC_REPRESENTATION_CONTEXT(2) 
PARAMETRIC_REPRESENTATION_CONTEXT() REPRESENTATION_CONTEXT('2D SPACE',''
  ) );
#3999 = PCURVE('',#4000,#4005);
#4000 = CONICAL_SURFACE('',#4001,100.,0.785398163397);
#4001 = AXIS2_PLACEMENT_3D('',#4002,#4003,#4004);
#4002 = CARTESIAN_POINT('',(0.,0.,17.5));
#4003 = DIRECTION('',(-0.,-0.,-1.));
#4004 = DIRECTION('',(1.,0.,0.));
#4005 = DEFINITIONAL_REPRESENTATION('',(#4006),#4010);
#4006 = LINE('',#4007,#4008);
#4007 = CARTESIAN_POINT('',(-0.,-0.));
#4008 = VECTOR('',#4009,1.);
#4009 = DIRECTION('',(-1.,-0.));
#4010 = ( GEOMETRIC_REPRESENTATION_CONTEXT(2) 
PARAMETRIC_REPRESENTATION_CONTEXT() REPRESENTATION_CONTEXT('2D SPACE',''
  ) );
#4011 = ORIENTED_EDGE('',*,*,#4012,.F.);
#4012 = EDGE_CURVE('',#4013,#3984,#4015,.T.);
#4013 = VERTEX_POINT('',#4014);
#4014 = CARTESIAN_POINT('',(99.913156735682,4.166666666667,11.));
#4015 = SURFACE_CURVE('',#4016,(#4020,#4026),.PCURVE_S1.);
#4016 = LINE('',#4017,#4018);
#4017 = CARTESIAN_POINT('',(99.913156735682,4.166666666667,0.));
#4018 = VECTOR('',#4019,1.);
#4019 = DIRECTION('',(0.,0.,1.));
#4020 = PCURVE('',#31,#4021);
#4021 = DEFINITIONAL_REPRESENTATION('',(#4022),#4025);
#4022 = B_SPLINE_CURVE_WITH_KNOTS('',1,(#4023,#4024),.UNSPECIFIED.,.F.,
  .F.,(2,2),(10.1,17.5000006),.PIECEWISE_BEZIER_KNOTS.);
#4023 = CARTESIAN_POINT('',(4.167873242258E-02,10.1));
#4024 = CARTESIAN_POINT('',(4.167873242258E-02,17.5000006));
#4025 = ( GEOMETRIC_REPRESENTATION_CONTEXT(2) 
PARAMETRIC_REPRESENTATION_CONTEXT() REPRESENTATION_CONTEXT('2D SPACE',''
  ) );
#4026 = PCURVE('',#4027,#4032);
#4027 = PLANE('',#4028);
#4028 = AXIS2_PLACEMENT_3D('',#4029,#4030,#4031);
#4029 = CARTESIAN_POINT('',(97.,4.166666666667,20.));
#4030 = DIRECTION('',(0.,-1.,0.));
#4031 = DIRECTION('',(1.,0.,0.));
#4032 = DEFINITIONAL_REPRESENTATION('',(#4033),#4036);
#4033 = B_SPLINE_CURVE_WITH_KNOTS('',1,(#4034,#4035),.UNSPECIFIED.,.F.,
  .F.,(2,2),(10.1,17.5000006),.PIECEWISE_BEZIER_KNOTS.);
#4034 = CARTESIAN_POINT('',(2.913156735682,-9.9));
#4035 = CARTESIAN_POINT('',(2.913156735682,-2.4999994));
#4036 = ( GEOMETRIC_REPRESENTATION_CONTEXT(2) 
PARAMETRIC_REPRESENTATION_CONTEXT() REPRESENTATION_CONTEXT('2D SPACE',''
  ) );
#4037 = ORIENTED_EDGE('',*,*,#4038,.F.);
#4038 = EDGE_CURVE('',#56,#4013,#4039,.T.);
#4039 = SURFACE_CURVE('',#4040,(#4045,#4052),.PCURVE_S1.);
#4040 = CIRCLE('',#4041,100.);
#4041 = AXIS2_PLACEMENT_3D('',#4042,#4043,#4044);
#4042 = CARTESIAN_POINT('',(0.,0.,11.));
#4043 = DIRECTION('',(0.,0.,1.));
#4044 = DIRECTION('',(1.,0.,-0.));
#4045 = PCURVE('',#31,#4046);
#4046 = DEFINITIONAL_REPRESENTATION('',(#4047),#4051);
#4047 = LINE('',#4048,#4049);
#4048 = CARTESIAN_POINT('',(0.,11.));
#4049 = VECTOR('',#4050,1.);
#4050 = DIRECTION('',(1.,0.));
#4051 = ( GEOMETRIC_REPRESENTATION_CONTEXT(2) 
PARAMETRIC_REPRESENTATION_CONTEXT() REPRESENTATION_CONTEXT('2D SPACE',''
  ) );
#4052 = PCURVE('',#95,#4053);
#4053 = DEFINITIONAL_REPRESENTATION('',(#4054),#4058);
#4054 = CIRCLE('',#4055,100.);
#4055 = AXIS2_PLACEMENT_2D('',#4056,#4057);
#4056 = CARTESIAN_POINT('',(-100.,0.));
#4057 = DIRECTION('',(1.,0.));
#4058 = ( GEOMETRIC_REPRESENTATION_CONTEXT(2) 
PARAMETRIC_REPRESENTATION_CONTEXT() REPRESENTATION_CONTEXT('2D SPACE',''
  ) );
#4059 = ORIENTED_EDGE('',*,*,#55,.F.);
#4060 = ADVANCED_FACE('',(#4061),#43,.T.);
#4061 = FACE_BOUND('',#4062,.F.);
#4062 = EDGE_LOOP('',(#4063,#4084,#4085,#4086));
#4063 = ORIENTED_EDGE('',*,*,#4064,.F.);
#4064 = EDGE_CURVE('',#22,#4065,#4067,.T.);
#4065 = VERTEX_POINT('',#4066);
#4066 = CARTESIAN_POINT('',(98.5,0.,0.));
#4067 = SEAM_CURVE('',#4068,(#4072,#4078),.PCURVE_S1.);
#4068 = LINE('',#4069,#4070);
#4069 = CARTESIAN_POINT('',(100.,0.,1.5));
#4070 = VECTOR('',#4071,1.);
#4071 = DIRECTION('',(-0.707106781187,-0.,-0.707106781187));
#4072 = PCURVE('',#43,#4073);
#4073 = DEFINITIONAL_REPRESENTATION('',(#4074),#4077);
#4074 = B_SPLINE_CURVE_WITH_KNOTS('',1,(#4075,#4076),.UNSPECIFIED.,.F.,
  .F.,(2,2),(0.,2.12132034356),.PIECEWISE_BEZIER_KNOTS.);
#4075 = CARTESIAN_POINT('',(0.,0.));
#4076 = CARTESIAN_POINT('',(0.,-1.5));
#4077 = ( GEOMETRIC_REPRESENTATION_CONTEXT(2) 
PARAMETRIC_REPRESENTATION_CONTEXT() REPRESENTATION_CONTEXT('2D SPACE',''
  ) );
#4078 = PCURVE('',#43,#4079);
#4079 = DEFINITIONAL_REPRESENTATION('',(#4080),#4083);
#4080 = B_SPLINE_CURVE_WITH_KNOTS('',1,(#4081,#4082),.UNSPECIFIED.,.F.,
  .F.,(2,2),(0.,2.12132034356),.PIECEWISE_BEZIER_KNOTS.);
#4081 = CARTESIAN_POINT('',(6.28318530718,0.));
#4082 = CARTESIAN_POINT('',(6.28318530718,-1.5));
#4083 = ( GEOMETRIC_REPRESENTATION_CONTEXT(2) 
PARAMETRIC_REPRESENTATION_CONTEXT() REPRESENTATION_CONTEXT('2D SPACE',''
  ) );
#4084 = ORIENTED_EDGE('',*,*,#21,.T.);
#4085 = ORIENTED_EDGE('',*,*,#4064,.T.);
#4086 = ORIENTED_EDGE('',*,*,#4087,.F.);
#4087 = EDGE_CURVE('',#4065,#4065,#4088,.T.);
#4088 = SURFACE_CURVE('',#4089,(#4094,#4101),.PCURVE_S1.);
#4089 = CIRCLE('',#4090,98.5);
#4090 = AXIS2_PLACEMENT_3D('',#4091,#4092,#4093);
#4091 = CARTESIAN_POINT('',(0.,0.,0.));
#4092 = DIRECTION('',(0.,0.,1.));
#4093 = DIRECTION('',(1.,0.,-0.));
#4094 = PCURVE('',#43,#4095);
#4095 = DEFINITIONAL_REPRESENTATION('',(#4096),#4100);
#4096 = LINE('',#4097,#4098);
#4097 = CARTESIAN_POINT('',(0.,-1.5));
#4098 = VECTOR('',#4099,1.);
#4099 = DIRECTION('',(1.,-0.));
#4100 = ( GEOMETRIC_REPRESENTATION_CONTEXT(2) 
PARAMETRIC_REPRESENTATION_CONTEXT() REPRESENTATION_CONTEXT('2D SPACE',''
  ) );
#4101 = PCURVE('',#4102,#4107);
#4102 = PLANE('',#4103);
#4103 = AXIS2_PLACEMENT_3D('',#4104,#4105,#4106);
#4104 = CARTESIAN_POINT('',(0.,0.,0.));
#4105 = DIRECTION('',(0.,0.,1.));
#4106 = DIRECTION('',(1.,0.,-0.));
#4107 = DEFINITIONAL_REPRESENTATION('',(#4108),#4112);
#4108 = CIRCLE('',#4109,98.5);
#4109 = AXIS2_PLACEMENT_2D('',#4110,#4111);
#4110 = CARTESIAN_POINT('',(0.,0.));
#4111 = DIRECTION('',(1.,0.));
#4112 = ( GEOMETRIC_REPRESENTATION_CONTEXT(2) 
PARAMETRIC_REPRESENTATION_CONTEXT() REPRESENTATION_CONTEXT('2D SPACE',''
  ) );
#4113 = ADVANCED_FACE('',(#4114),#95,.T.);
#4114 = FACE_BOUND('',#4115,.T.);
#4115 = EDGE_LOOP('',(#4116,#4146,#4167,#4168,#4169));
#4116 = ORIENTED_EDGE('',*,*,#4117,.F.);
#4117 = EDGE_CURVE('',#4118,#4120,#4122,.T.);
#4118 = VERTEX_POINT('',#4119);
#4119 = CARTESIAN_POINT('',(97.,-4.166666666667,11.));
#4120 = VERTEX_POINT('',#4121);
#4121 = CARTESIAN_POINT('',(97.,4.166666666667,11.));
#4122 = SURFACE_CURVE('',#4123,(#4127,#4134),.PCURVE_S1.);
#4123 = LINE('',#4124,#4125);
#4124 = CARTESIAN_POINT('',(97.,0.,11.));
#4125 = VECTOR('',#4126,1.);
#4126 = DIRECTION('',(0.,1.,0.));
#4127 = PCURVE('',#95,#4128);
#4128 = DEFINITIONAL_REPRESENTATION('',(#4129),#4133);
#4129 = LINE('',#4130,#4131);
#4130 = CARTESIAN_POINT('',(-3.,0.));
#4131 = VECTOR('',#4132,1.);
#4132 = DIRECTION('',(0.,1.));
#4133 = ( GEOMETRIC_REPRESENTATION_CONTEXT(2) 
PARAMETRIC_REPRESENTATION_CONTEXT() REPRESENTATION_CONTEXT('2D SPACE',''
  ) );
#4134 = PCURVE('',#4135,#4140);
#4135 = PLANE('',#4136);
#4136 = AXIS2_PLACEMENT_3D('',#4137,#4138,#4139);
#4137 = CARTESIAN_POINT('',(97.,-4.166666666667,20.));
#4138 = DIRECTION('',(1.,0.,0.));
#4139 = DIRECTION('',(-0.,1.,0.));
#4140 = DEFINITIONAL_REPRESENTATION('',(#4141),#4145);
#4141 = LINE('',#4142,#4143);
#4142 = CARTESIAN_POINT('',(4.166666666667,-9.));
#4143 = VECTOR('',#4144,1.);
#4144 = DIRECTION('',(1.,0.));
#4145 = ( GEOMETRIC_REPRESENTATION_CONTEXT(2) 
PARAMETRIC_REPRESENTATION_CONTEXT() REPRESENTATION_CONTEXT('2D SPACE',''
  ) );
#4146 = ORIENTED_EDGE('',*,*,#4147,.T.);
#4147 = EDGE_CURVE('',#4118,#79,#4148,.T.);
#4148 = SURFACE_CURVE('',#4149,(#4153,#4160),.PCURVE_S1.);
#4149 = LINE('',#4150,#4151);
#4150 = CARTESIAN_POINT('',(100.,-4.166666666667,11.));
#4151 = VECTOR('',#4152,1.);
#4152 = DIRECTION('',(1.,0.,0.));
#4153 = PCURVE('',#95,#4154);
#4154 = DEFINITIONAL_REPRESENTATION('',(#4155),#4159);
#4155 = LINE('',#4156,#4157);
#4156 = CARTESIAN_POINT('',(0.,-4.166666666667));
#4157 = VECTOR('',#4158,1.);
#4158 = DIRECTION('',(1.,0.));
#4159 = ( GEOMETRIC_REPRESENTATION_CONTEXT(2) 
PARAMETRIC_REPRESENTATION_CONTEXT() REPRESENTATION_CONTEXT('2D SPACE',''
  ) );
#4160 = PCURVE('',#122,#4161);
#4161 = DEFINITIONAL_REPRESENTATION('',(#4162),#4166);
#4162 = LINE('',#4163,#4164);
#4163 = CARTESIAN_POINT('',(3.,-9.));
#4164 = VECTOR('',#4165,1.);
#4165 = DIRECTION('',(1.,0.));
#4166 = ( GEOMETRIC_REPRESENTATION_CONTEXT(2) 
PARAMETRIC_REPRESENTATION_CONTEXT() REPRESENTATION_CONTEXT('2D SPACE',''
  ) );
#4167 = ORIENTED_EDGE('',*,*,#78,.T.);
#4168 = ORIENTED_EDGE('',*,*,#4038,.T.);
#4169 = ORIENTED_EDGE('',*,*,#4170,.F.);
#4170 = EDGE_CURVE('',#4120,#4013,#4171,.T.);
#4171 = SURFACE_CURVE('',#4172,(#4176,#4183),.PCURVE_S1.);
#4172 = LINE('',#4173,#4174);
#4173 = CARTESIAN_POINT('',(100.,4.166666666667,11.));
#4174 = VECTOR('',#4175,1.);
#4175 = DIRECTION('',(1.,0.,0.));
#4176 = PCURVE('',#95,#4177);
#4177 = DEFINITIONAL_REPRESENTATION('',(#4178),#4182);
#4178 = LINE('',#4179,#4180);
#4179 = CARTESIAN_POINT('',(0.,4.166666666667));
#4180 = VECTOR('',#4181,1.);
#4181 = DIRECTION('',(1.,0.));
#4182 = ( GEOMETRIC_REPRESENTATION_CONTEXT(2) 
PARAMETRIC_REPRESENTATION_CONTEXT() REPRESENTATION_CONTEXT('2D SPACE',''
  ) );
#4183 = PCURVE('',#4027,#4184);
#4184 = DEFINITIONAL_REPRESENTATION('',(#4185),#4189);
#4185 = LINE('',#4186,#4187);
#4186 = CARTESIAN_POINT('',(3.,-9.));
#4187 = VECTOR('',#4188,1.);
#4188 = DIRECTION('',(1.,0.));
#4189 = ( GEOMETRIC_REPRESENTATION_CONTEXT(2) 
PARAMETRIC_REPRESENTATION_CONTEXT() REPRESENTATION_CONTEXT('2D SPACE',''
  ) );
#4190 = ADVANCED_FACE('',(#4191),#4027,.T.);
#4191 = FACE_BOUND('',#4192,.T.);
#4192 = EDGE_LOOP('',(#4193,#4221,#4242,#4243,#4244));
#4193 = ORIENTED_EDGE('',*,*,#4194,.F.);
#4194 = EDGE_CURVE('',#4195,#4197,#4199,.T.);
#4195 = VERTEX_POINT('',#4196);
#4196 = CARTESIAN_POINT('',(97.,4.166666666667,19.));
#4197 = VERTEX_POINT('',#4198);
#4198 = CARTESIAN_POINT('',(98.411833073512,4.166666666667,19.));
#4199 = SURFACE_CURVE('',#4200,(#4204,#4210),.PCURVE_S1.);
#4200 = LINE('',#4201,#4202);
#4201 = CARTESIAN_POINT('',(48.5,4.166666666667,19.));
#4202 = VECTOR('',#4203,1.);
#4203 = DIRECTION('',(1.,0.,-0.));
#4204 = PCURVE('',#4027,#4205);
#4205 = DEFINITIONAL_REPRESENTATION('',(#4206),#4209);
#4206 = B_SPLINE_CURVE_WITH_KNOTS('',1,(#4207,#4208),.UNSPECIFIED.,.F.,
  .F.,(2,2),(48.5,50.),.PIECEWISE_BEZIER_KNOTS.);
#4207 = CARTESIAN_POINT('',(0.,-1.));
#4208 = CARTESIAN_POINT('',(1.5,-1.));
#4209 = ( GEOMETRIC_REPRESENTATION_CONTEXT(2) 
PARAMETRIC_REPRESENTATION_CONTEXT() REPRESENTATION_CONTEXT('2D SPACE',''
  ) );
#4210 = PCURVE('',#4211,#4216);
#4211 = PLANE('',#4212);
#4212 = AXIS2_PLACEMENT_3D('',#4213,#4214,#4215);
#4213 = CARTESIAN_POINT('',(0.,0.,19.));
#4214 = DIRECTION('',(0.,0.,1.));
#4215 = DIRECTION('',(1.,0.,-0.));
#4216 = DEFINITIONAL_REPRESENTATION('',(#4217),#4220);
#4217 = B_SPLINE_CURVE_WITH_KNOTS('',1,(#4218,#4219),.UNSPECIFIED.,.F.,
  .F.,(2,2),(48.5,50.),.PIECEWISE_BEZIER_KNOTS.);
#4218 = CARTESIAN_POINT('',(97.,4.166666666667));
#4219 = CARTESIAN_POINT('',(98.5,4.166666666667));
#4220 = ( GEOMETRIC_REPRESENTATION_CONTEXT(2) 
PARAMETRIC_REPRESENTATION_CONTEXT() REPRESENTATION_CONTEXT('2D SPACE',''
  ) );
#4221 = ORIENTED_EDGE('',*,*,#4222,.T.);
#4222 = EDGE_CURVE('',#4195,#4120,#4223,.T.);
#4223 = SURFACE_CURVE('',#4224,(#4228,#4235),.PCURVE_S1.);
#4224 = LINE('',#4225,#4226);
#4225 = CARTESIAN_POINT('',(97.,4.166666666667,20.));
#4226 = VECTOR('',#4227,1.);
#4227 = DIRECTION('',(-0.,-0.,-1.));
#4228 = PCURVE('',#4027,#4229);
#4229 = DEFINITIONAL_REPRESENTATION('',(#4230),#4234);
#4230 = LINE('',#4231,#4232);
#4231 = CARTESIAN_POINT('',(0.,0.));
#4232 = VECTOR('',#4233,1.);
#4233 = DIRECTION('',(0.,-1.));
#4234 = ( GEOMETRIC_REPRESENTATION_CONTEXT(2) 
PARAMETRIC_REPRESENTATION_CONTEXT() REPRESENTATION_CONTEXT('2D SPACE',''
  ) );
#4235 = PCURVE('',#4135,#4236);
#4236 = DEFINITIONAL_REPRESENTATION('',(#4237),#4241);
#4237 = LINE('',#4238,#4239);
#4238 = CARTESIAN_POINT('',(8.333333333333,0.));
#4239 = VECTOR('',#4240,1.);
#4240 = DIRECTION('',(0.,-1.));
#4241 = ( GEOMETRIC_REPRESENTATION_CONTEXT(2) 
PARAMETRIC_REPRESENTATION_CONTEXT() REPRESENTATION_CONTEXT('2D SPACE',''
  ) );
#4242 = ORIENTED_EDGE('',*,*,#4170,.T.);
#4243 = ORIENTED_EDGE('',*,*,#4012,.T.);
#4244 = ORIENTED_EDGE('',*,*,#4245,.F.);
#4245 = EDGE_CURVE('',#4197,#3984,#4246,.T.);
#4246 = SURFACE_CURVE('',#4247,(#4252,#4259),.PCURVE_S1.);
#4247 = HYPERBOLA('',#4248,4.166666666667,4.166666666667);
#4248 = AXIS2_PLACEMENT_3D('',#4249,#4250,#4251);
#4249 = CARTESIAN_POINT('',(0.,4.166666666667,117.5));
#4250 = DIRECTION('',(0.,-1.,0.));
#4251 = DIRECTION('',(-0.,-0.,-1.));
#4252 = PCURVE('',#4027,#4253);
#4253 = DEFINITIONAL_REPRESENTATION('',(#4254),#4258);
#4254 = ( BOUNDED_CURVE() B_SPLINE_CURVE(2,(#4255,#4256,#4257),
.UNSPECIFIED.,.F.,.F.) B_SPLINE_CURVE_WITH_KNOTS((3,3),(3.855639725068,
3.870766700287),.PIECEWISE_BEZIER_KNOTS.) CURVE() 
GEOMETRIC_REPRESENTATION_ITEM() RATIONAL_B_SPLINE_CURVE((1.,
1.000028603309,1.)) REPRESENTATION_ITEM('') );
#4255 = CARTESIAN_POINT('',(1.411833073512,-1.));
#4256 = CARTESIAN_POINT('',(2.156822397057,-1.744322486804));
#4257 = CARTESIAN_POINT('',(2.913156735682,-2.5));
#4258 = ( GEOMETRIC_REPRESENTATION_CONTEXT(2) 
PARAMETRIC_REPRESENTATION_CONTEXT() REPRESENTATION_CONTEXT('2D SPACE',''
  ) );
#4259 = PCURVE('',#4000,#4260);
#4260 = DEFINITIONAL_REPRESENTATION('',(#4261),#4268);
#4261 = B_SPLINE_CURVE_WITH_KNOTS('',5,(#4262,#4263,#4264,#4265,#4266,
    #4267),.UNSPECIFIED.,.F.,.F.,(6,6),(3.855639725068,3.870766700287),
  .PIECEWISE_BEZIER_KNOTS.);
#4262 = CARTESIAN_POINT('',(-4.231381015654E-02,-1.5));
#4263 = CARTESIAN_POINT('',(-4.218583236281E-02,-1.202265327971));
#4264 = CARTESIAN_POINT('',(-4.20583381151E-02,-0.903403690948));
#4265 = CARTESIAN_POINT('',(-4.193132498177E-02,-0.603409411496));
#4266 = CARTESIAN_POINT('',(-4.18047905494E-02,-0.302276769196));
#4267 = CARTESIAN_POINT('',(-4.167873242258E-02,7.105427357601E-15));
#4268 = ( GEOMETRIC_REPRESENTATION_CONTEXT(2) 
PARAMETRIC_REPRESENTATION_CONTEXT() REPRESENTATION_CONTEXT('2D SPACE',''
  ) );
#4269 = ADVANCED_FACE('',(#4270),#4000,.T.);
#4270 = FACE_BOUND('',#4271,.T.);
#4271 = EDGE_LOOP('',(#4272,#4273,#4274,#4301));
#4272 = ORIENTED_EDGE('',*,*,#4245,.T.);
#4273 = ORIENTED_EDGE('',*,*,#3983,.T.);
#4274 = ORIENTED_EDGE('',*,*,#4275,.F.);
#4275 = EDGE_CURVE('',#4276,#3958,#4278,.T.);
#4276 = VERTEX_POINT('',#4277);
#4277 = CARTESIAN_POINT('',(97.640270272551,12.985669836527,19.));
#4278 = SURFACE_CURVE('',#4279,(#4284,#4294),.PCURVE_S1.);
#4279 = HYPERBOLA('',#4280,4.166666666667,4.166666666667);
#4280 = AXIS2_PLACEMENT_3D('',#4281,#4282,#4283);
#4281 = CARTESIAN_POINT('',(0.723534073612,-4.103365637551,117.5));
#4282 = DIRECTION('',(0.173648177667,-0.984807753012,0.));
#4283 = DIRECTION('',(0.,-0.,-1.));
#4284 = PCURVE('',#4000,#4285);
#4285 = DEFINITIONAL_REPRESENTATION('',(#4286),#4293);
#4286 = B_SPLINE_CURVE_WITH_KNOTS('',5,(#4287,#4288,#4289,#4290,#4291,
    #4292),.UNSPECIFIED.,.F.,.F.,(6,6),(3.855639725068,3.870766700287),
  .PIECEWISE_BEZIER_KNOTS.);
#4287 = CARTESIAN_POINT('',(-0.132219115043,-1.5));
#4288 = CARTESIAN_POINT('',(-0.132347092837,-1.202265327971));
#4289 = CARTESIAN_POINT('',(-0.132474587084,-0.903403690948));
#4290 = CARTESIAN_POINT('',(-0.132601600218,-0.603409411496));
#4291 = CARTESIAN_POINT('',(-0.13272813465,-0.302276769196));
#4292 = CARTESIAN_POINT('',(-0.132854192777,-7.105427357601E-15));
#4293 = ( GEOMETRIC_REPRESENTATION_CONTEXT(2) 
PARAMETRIC_REPRESENTATION_CONTEXT() REPRESENTATION_CONTEXT('2D SPACE',''
  ) );
#4294 = PCURVE('',#3972,#4295);
#4295 = DEFINITIONAL_REPRESENTATION('',(#4296),#4300);
#4296 = ( BOUNDED_CURVE() B_SPLINE_CURVE(2,(#4297,#4298,#4299),
.UNSPECIFIED.,.F.,.F.) B_SPLINE_CURVE_WITH_KNOTS((3,3),(3.855639725068,
3.870766700287),.PIECEWISE_BEZIER_KNOTS.) CURVE() 
GEOMETRIC_REPRESENTATION_ITEM() RATIONAL_B_SPLINE_CURVE((1.,
1.000028603309,1.)) REPRESENTATION_ITEM('') );
#4297 = CARTESIAN_POINT('',(1.411833073513,-1.));
#4298 = CARTESIAN_POINT('',(2.156822397057,-1.744322486804));
#4299 = CARTESIAN_POINT('',(2.913156735682,-2.5));
#4300 = ( GEOMETRIC_REPRESENTATION_CONTEXT(2) 
PARAMETRIC_REPRESENTATION_CONTEXT() REPRESENTATION_CONTEXT('2D SPACE',''
  ) );
#4301 = ORIENTED_EDGE('',*,*,#4302,.F.);
#4302 = EDGE_CURVE('',#4197,#4276,#4303,.T.);
#4303 = SURFACE_CURVE('',#4304,(#4309,#4316),.PCURVE_S1.);
#4304 = CIRCLE('',#4305,98.5);
#4305 = AXIS2_PLACEMENT_3D('',#4306,#4307,#4308);
#4306 = CARTESIAN_POINT('',(0.,0.,19.));
#4307 = DIRECTION('',(0.,0.,1.));
#4308 = DIRECTION('',(1.,0.,-0.));
#4309 = PCURVE('',#4000,#4310);
#4310 = DEFINITIONAL_REPRESENTATION('',(#4311),#4315);
#4311 = LINE('',#4312,#4313);
#4312 = CARTESIAN_POINT('',(-0.,-1.5));
#4313 = VECTOR('',#4314,1.);
#4314 = DIRECTION('',(-1.,-0.));
#4315 = ( GEOMETRIC_REPRESENTATION_CONTEXT(2) 
PARAMETRIC_REPRESENTATION_CONTEXT() REPRESENTATION_CONTEXT('2D SPACE',''
  ) );
#4316 = PCURVE('',#4211,#4317);
#4317 = DEFINITIONAL_REPRESENTATION('',(#4318),#4322);
#4318 = CIRCLE('',#4319,98.5);
#4319 = AXIS2_PLACEMENT_2D('',#4320,#4321);
#4320 = CARTESIAN_POINT('',(0.,0.));
#4321 = DIRECTION('',(1.,0.));
#4322 = ( GEOMETRIC_REPRESENTATION_CONTEXT(2) 
PARAMETRIC_REPRESENTATION_CONTEXT() REPRESENTATION_CONTEXT('2D SPACE',''
  ) );
#4323 = ADVANCED_FACE('',(#4324),#3972,.F.);
#4324 = FACE_BOUND('',#4325,.F.);
#4325 = EDGE_LOOP('',(#4326,#4347,#4375,#4396,#4397));
#4326 = ORIENTED_EDGE('',*,*,#4327,.F.);
#4327 = EDGE_CURVE('',#4328,#4276,#4330,.T.);
#4328 = VERTEX_POINT('',#4329);
#4329 = CARTESIAN_POINT('',(96.249886115796,12.740507596141,19.));
#4330 = SURFACE_CURVE('',#4331,(#4335,#4341),.PCURVE_S1.);
#4331 = LINE('',#4332,#4333);
#4332 = CARTESIAN_POINT('',(48.486710094704,4.318570979295,19.));
#4333 = VECTOR('',#4334,1.);
#4334 = DIRECTION('',(0.984807753012,0.173648177667,-0.));
#4335 = PCURVE('',#3972,#4336);
#4336 = DEFINITIONAL_REPRESENTATION('',(#4337),#4340);
#4337 = B_SPLINE_CURVE_WITH_KNOTS('',1,(#4338,#4339),.UNSPECIFIED.,.F.,
  .F.,(2,2),(48.5,50.784825517794),.PIECEWISE_BEZIER_KNOTS.);
#4338 = CARTESIAN_POINT('',(0.,-1.));
#4339 = CARTESIAN_POINT('',(2.284825517794,-1.));
#4340 = ( GEOMETRIC_REPRESENTATION_CONTEXT(2) 
PARAMETRIC_REPRESENTATION_CONTEXT() REPRESENTATION_CONTEXT('2D SPACE',''
  ) );
#4341 = PCURVE('',#4211,#4342);
#4342 = DEFINITIONAL_REPRESENTATION('',(#4343),#4346);
#4343 = B_SPLINE_CURVE_WITH_KNOTS('',1,(#4344,#4345),.UNSPECIFIED.,.F.,
  .F.,(2,2),(48.5,50.784825517794),.PIECEWISE_BEZIER_KNOTS.);
#4344 = CARTESIAN_POINT('',(96.249886115796,12.740507596141));
#4345 = CARTESIAN_POINT('',(98.5,13.137263383593));
#4346 = ( GEOMETRIC_REPRESENTATION_CONTEXT(2) 
PARAMETRIC_REPRESENTATION_CONTEXT() REPRESENTATION_CONTEXT('2D SPACE',''
  ) );
#4347 = ORIENTED_EDGE('',*,*,#4348,.T.);
#4348 = EDGE_CURVE('',#4328,#4349,#4351,.T.);
#4349 = VERTEX_POINT('',#4350);
#4350 = CARTESIAN_POINT('',(96.249886115796,12.740507596141,11.));
#4351 = SURFACE_CURVE('',#4352,(#4356,#4363),.PCURVE_S1.);
#4352 = LINE('',#4353,#4354);
#4353 = CARTESIAN_POINT('',(96.249886115796,12.740507596141,20.));
#4354 = VECTOR('',#4355,1.);
#4355 = DIRECTION('',(-0.,-0.,-1.));
#4356 = PCURVE('',#3972,#4357);
#4357 = DEFINITIONAL_REPRESENTATION('',(#4358),#4362);
#4358 = LINE('',#4359,#4360);
#4359 = CARTESIAN_POINT('',(0.,0.));
#4360 = VECTOR('',#4361,1.);
#4361 = DIRECTION('',(0.,-1.));
#4362 = ( GEOMETRIC_REPRESENTATION_CONTEXT(2) 
PARAMETRIC_REPRESENTATION_CONTEXT() REPRESENTATION_CONTEXT('2D SPACE',''
  ) );
#4363 = PCURVE('',#4364,#4369);
#4364 = PLANE('',#4365);
#4365 = AXIS2_PLACEMENT_3D('',#4366,#4367,#4368);
#4366 = CARTESIAN_POINT('',(96.249886115796,12.740507596141,20.));
#4367 = DIRECTION('',(0.984807753012,0.173648177667,-0.));
#4368 = DIRECTION('',(-0.173648177667,0.984807753012,0.));
#4369 = DEFINITIONAL_REPRESENTATION('',(#4370),#4374);
#4370 = LINE('',#4371,#4372);
#4371 = CARTESIAN_POINT('',(-1.749369987558E-15,0.));
#4372 = VECTOR('',#4373,1.);
#4373 = DIRECTION('',(0.,-1.));
#4374 = ( GEOMETRIC_REPRESENTATION_CONTEXT(2) 
PARAMETRIC_REPRESENTATION_CONTEXT() REPRESENTATION_CONTEXT('2D SPACE',''
  ) );
#4375 = ORIENTED_EDGE('',*,*,#4376,.T.);
#4376 = EDGE_CURVE('',#4349,#3929,#4377,.T.);
#4377 = SURFACE_CURVE('',#4378,(#4382,#4389),.PCURVE_S1.);
#4378 = LINE('',#4379,#4380);
#4379 = CARTESIAN_POINT('',(99.204309374833,13.261452129142,11.));
#4380 = VECTOR('',#4381,1.);
#4381 = DIRECTION('',(0.984807753012,0.173648177667,0.));
#4382 = PCURVE('',#3972,#4383);
#4383 = DEFINITIONAL_REPRESENTATION('',(#4384),#4388);
#4384 = LINE('',#4385,#4386);
#4385 = CARTESIAN_POINT('',(3.,-9.));
#4386 = VECTOR('',#4387,1.);
#4387 = DIRECTION('',(1.,0.));
#4388 = ( GEOMETRIC_REPRESENTATION_CONTEXT(2) 
PARAMETRIC_REPRESENTATION_CONTEXT() REPRESENTATION_CONTEXT('2D SPACE',''
  ) );
#4389 = PCURVE('',#3945,#4390);
#4390 = DEFINITIONAL_REPRESENTATION('',(#4391),#4395);
#4391 = LINE('',#4392,#4393);
#4392 = CARTESIAN_POINT('',(0.,-4.166666666667));
#4393 = VECTOR('',#4394,1.);
#4394 = DIRECTION('',(1.,0.));
#4395 = ( GEOMETRIC_REPRESENTATION_CONTEXT(2) 
PARAMETRIC_REPRESENTATION_CONTEXT() REPRESENTATION_CONTEXT('2D SPACE',''
  ) );
#4396 = ORIENTED_EDGE('',*,*,#3957,.T.);
#4397 = ORIENTED_EDGE('',*,*,#4275,.F.);
#4398 = ADVANCED_FACE('',(#4399),#3945,.T.);
#4399 = FACE_BOUND('',#4400,.T.);
#4400 = EDGE_LOOP('',(#4401,#4424,#4425,#4426));
#4401 = ORIENTED_EDGE('',*,*,#4402,.F.);
#4402 = EDGE_CURVE('',#4349,#4403,#4405,.T.);
#4403 = VERTEX_POINT('',#4404);
#4404 = CARTESIAN_POINT('',(94.802817968572,20.947238871243,11.));
#4405 = SURFACE_CURVE('',#4406,(#4410,#4417),.PCURVE_S1.);
#4406 = LINE('',#4407,#4408);
#4407 = CARTESIAN_POINT('',(95.526352042184,16.843873233692,11.));
#4408 = VECTOR('',#4409,1.);
#4409 = DIRECTION('',(-0.173648177667,0.984807753012,0.));
#4410 = PCURVE('',#3945,#4411);
#4411 = DEFINITIONAL_REPRESENTATION('',(#4412),#4416);
#4412 = LINE('',#4413,#4414);
#4413 = CARTESIAN_POINT('',(-3.,0.));
#4414 = VECTOR('',#4415,1.);
#4415 = DIRECTION('',(0.,1.));
#4416 = ( GEOMETRIC_REPRESENTATION_CONTEXT(2) 
PARAMETRIC_REPRESENTATION_CONTEXT() REPRESENTATION_CONTEXT('2D SPACE',''
  ) );
#4417 = PCURVE('',#4364,#4418);
#4418 = DEFINITIONAL_REPRESENTATION('',(#4419),#4423);
#4419 = LINE('',#4420,#4421);
#4420 = CARTESIAN_POINT('',(4.166666666667,-9.));
#4421 = VECTOR('',#4422,1.);
#4422 = DIRECTION('',(1.,0.));
#4423 = ( GEOMETRIC_REPRESENTATION_CONTEXT(2) 
PARAMETRIC_REPRESENTATION_CONTEXT() REPRESENTATION_CONTEXT('2D SPACE',''
  ) );
#4424 = ORIENTED_EDGE('',*,*,#4376,.T.);
#4425 = ORIENTED_EDGE('',*,*,#3928,.T.);
#4426 = ORIENTED_EDGE('',*,*,#4427,.F.);
#4427 = EDGE_CURVE('',#4403,#3903,#4428,.T.);
#4428 = SURFACE_CURVE('',#4429,(#4433,#4440),.PCURVE_S1.);
#4429 = LINE('',#4430,#4431);
#4430 = CARTESIAN_POINT('',(97.757241227609,21.468183404244,11.));
#4431 = VECTOR('',#4432,1.);
#4432 = DIRECTION('',(0.984807753012,0.173648177667,0.));
#4433 = PCURVE('',#3945,#4434);
#4434 = DEFINITIONAL_REPRESENTATION('',(#4435),#4439);
#4435 = LINE('',#4436,#4437);
#4436 = CARTESIAN_POINT('',(0.,4.166666666667));
#4437 = VECTOR('',#4438,1.);
#4438 = DIRECTION('',(1.,0.));
#4439 = ( GEOMETRIC_REPRESENTATION_CONTEXT(2) 
PARAMETRIC_REPRESENTATION_CONTEXT() REPRESENTATION_CONTEXT('2D SPACE',''
  ) );
#4440 = PCURVE('',#3917,#4441);
#4441 = DEFINITIONAL_REPRESENTATION('',(#4442),#4446);
#4442 = LINE('',#4443,#4444);
#4443 = CARTESIAN_POINT('',(3.,-9.));
#4444 = VECTOR('',#4445,1.);
#4445 = DIRECTION('',(1.,0.));
#4446 = ( GEOMETRIC_REPRESENTATION_CONTEXT(2) 
PARAMETRIC_REPRESENTATION_CONTEXT() REPRESENTATION_CONTEXT('2D SPACE',''
  ) );
#4447 = ADVANCED_FACE('',(#4448),#3917,.T.);
#4448 = FACE_BOUND('',#4449,.T.);
#4449 = EDGE_LOOP('',(#4450,#4473,#4494,#4495,#4496));
#4450 = ORIENTED_EDGE('',*,*,#4451,.F.);
#4451 = EDGE_CURVE('',#4452,#4454,#4456,.T.);
#4452 = VERTEX_POINT('',#4453);
#4453 = CARTESIAN_POINT('',(94.802817968572,20.947238871243,19.));
#4454 = VERTEX_POINT('',#4455);
#4455 = CARTESIAN_POINT('',(96.193202125326,21.192401111628,19.));
#4456 = SURFACE_CURVE('',#4457,(#4461,#4467),.PCURVE_S1.);
#4457 = LINE('',#4458,#4459);
#4458 = CARTESIAN_POINT('',(47.03964194748,12.525302254397,19.));
#4459 = VECTOR('',#4460,1.);
#4460 = DIRECTION('',(0.984807753012,0.173648177667,-0.));
#4461 = PCURVE('',#3917,#4462);
#4462 = DEFINITIONAL_REPRESENTATION('',(#4463),#4466);
#4463 = B_SPLINE_CURVE_WITH_KNOTS('',1,(#4464,#4465),.UNSPECIFIED.,.F.,
  .F.,(2,2),(48.5,52.254217023698),.PIECEWISE_BEZIER_KNOTS.);
#4464 = CARTESIAN_POINT('',(7.105427357601E-15,-1.));
#4465 = CARTESIAN_POINT('',(3.754217023698,-1.));
#4466 = ( GEOMETRIC_REPRESENTATION_CONTEXT(2) 
PARAMETRIC_REPRESENTATION_CONTEXT() REPRESENTATION_CONTEXT('2D SPACE',''
  ) );
#4467 = PCURVE('',#4211,#4468);
#4468 = DEFINITIONAL_REPRESENTATION('',(#4469),#4472);
#4469 = B_SPLINE_CURVE_WITH_KNOTS('',1,(#4470,#4471),.UNSPECIFIED.,.F.,
  .F.,(2,2),(48.5,52.254217023698),.PIECEWISE_BEZIER_KNOTS.);
#4470 = CARTESIAN_POINT('',(94.802817968572,20.947238871243));
#4471 = CARTESIAN_POINT('',(98.5,21.599151815974));
#4472 = ( GEOMETRIC_REPRESENTATION_CONTEXT(2) 
PARAMETRIC_REPRESENTATION_CONTEXT() REPRESENTATION_CONTEXT('2D SPACE',''
  ) );
#4473 = ORIENTED_EDGE('',*,*,#4474,.T.);
#4474 = EDGE_CURVE('',#4452,#4403,#4475,.T.);
#4475 = SURFACE_CURVE('',#4476,(#4480,#4487),.PCURVE_S1.);
#4476 = LINE('',#4477,#4478);
#4477 = CARTESIAN_POINT('',(94.802817968572,20.947238871243,20.));
#4478 = VECTOR('',#4479,1.);
#4479 = DIRECTION('',(-0.,-0.,-1.));
#4480 = PCURVE('',#3917,#4481);
#4481 = DEFINITIONAL_REPRESENTATION('',(#4482),#4486);
#4482 = LINE('',#4483,#4484);
#4483 = CARTESIAN_POINT('',(1.461188215656E-14,0.));
#4484 = VECTOR('',#4485,1.);
#4485 = DIRECTION('',(0.,-1.));
#4486 = ( GEOMETRIC_REPRESENTATION_CONTEXT(2) 
PARAMETRIC_REPRESENTATION_CONTEXT() REPRESENTATION_CONTEXT('2D SPACE',''
  ) );
#4487 = PCURVE('',#4364,#4488);
#4488 = DEFINITIONAL_REPRESENTATION('',(#4489),#4493);
#4489 = LINE('',#4490,#4491);
#4490 = CARTESIAN_POINT('',(8.333333333333,0.));
#4491 = VECTOR('',#4492,1.);
#4492 = DIRECTION('',(0.,-1.));
#4493 = ( GEOMETRIC_REPRESENTATION_CONTEXT(2) 
PARAMETRIC_REPRESENTATION_CONTEXT() REPRESENTATION_CONTEXT('2D SPACE',''
  ) );
#4494 = ORIENTED_EDGE('',*,*,#4427,.T.);
#4495 = ORIENTED_EDGE('',*,*,#3902,.T.);
#4496 = ORIENTED_EDGE('',*,*,#4497,.F.);
#4497 = EDGE_CURVE('',#4454,#3874,#4498,.T.);
#4498 = SURFACE_CURVE('',#4499,(#4504,#4511),.PCURVE_S1.);
#4499 = HYPERBOLA('',#4500,4.166666666667,4.166666666667);
#4500 = AXIS2_PLACEMENT_3D('',#4501,#4502,#4503);
#4501 = CARTESIAN_POINT('',(-0.723534073612,4.103365637551,117.5));
#4502 = DIRECTION('',(0.173648177667,-0.984807753012,0.));
#4503 = DIRECTION('',(0.,-0.,-1.));
#4504 = PCURVE('',#3917,#4505);
#4505 = DEFINITIONAL_REPRESENTATION('',(#4506),#4510);
#4506 = ( BOUNDED_CURVE() B_SPLINE_CURVE(2,(#4507,#4508,#4509),
.UNSPECIFIED.,.F.,.F.) B_SPLINE_CURVE_WITH_KNOTS((3,3),(3.855639725068,
3.870766700287),.PIECEWISE_BEZIER_KNOTS.) CURVE() 
GEOMETRIC_REPRESENTATION_ITEM() RATIONAL_B_SPLINE_CURVE((1.,
1.000028603309,1.)) REPRESENTATION_ITEM('') );
#4507 = CARTESIAN_POINT('',(1.411833073513,-1.));
#4508 = CARTESIAN_POINT('',(2.156822397057,-1.744322486804));
#4509 = CARTESIAN_POINT('',(2.913156735682,-2.5));
#4510 = ( GEOMETRIC_REPRESENTATION_CONTEXT(2) 
PARAMETRIC_REPRESENTATION_CONTEXT() REPRESENTATION_CONTEXT('2D SPACE',''
  ) );
#4511 = PCURVE('',#3890,#4512);
#4512 = DEFINITIONAL_REPRESENTATION('',(#4513),#4520);
#4513 = B_SPLINE_CURVE_WITH_KNOTS('',5,(#4514,#4515,#4516,#4517,#4518,
    #4519),.UNSPECIFIED.,.F.,.F.,(6,6),(3.855639725068,3.870766700287),
  .PIECEWISE_BEZIER_KNOTS.);
#4514 = CARTESIAN_POINT('',(-0.216846735356,-1.5));
#4515 = CARTESIAN_POINT('',(-0.216718757562,-1.202265327971));
#4516 = CARTESIAN_POINT('',(-0.216591263315,-0.903403690948));
#4517 = CARTESIAN_POINT('',(-0.216464250181,-0.603409411496));
#4518 = CARTESIAN_POINT('',(-0.216337715749,-0.302276769196));
#4519 = CARTESIAN_POINT('',(-0.216211657622,2.84217094304E-14));
#4520 = ( GEOMETRIC_REPRESENTATION_CONTEXT(2) 
PARAMETRIC_REPRESENTATION_CONTEXT() REPRESENTATION_CONTEXT('2D SPACE',''
  ) );
#4521 = ADVANCED_FACE('',(#4522),#3890,.T.);
#4522 = FACE_BOUND('',#4523,.T.);
#4523 = EDGE_LOOP('',(#4524,#4525,#4526,#4553));
#4524 = ORIENTED_EDGE('',*,*,#4497,.T.);
#4525 = ORIENTED_EDGE('',*,*,#3873,.T.);
#4526 = ORIENTED_EDGE('',*,*,#4527,.F.);
#4527 = EDGE_CURVE('',#4528,#3848,#4530,.T.);
#4528 = VERTEX_POINT('',#4529);
#4529 = CARTESIAN_POINT('',(93.901957267718,29.743443332803,19.));
#4530 = SURFACE_CURVE('',#4531,(#4536,#4546),.PCURVE_S1.);
#4531 = HYPERBOLA('',#4532,4.166666666667,4.166666666667);
#4532 = AXIS2_PLACEMENT_3D('',#4533,#4534,#4535);
#4533 = CARTESIAN_POINT('',(1.425083930524,-3.915385919941,117.5));
#4534 = DIRECTION('',(0.342020143326,-0.939692620786,0.));
#4535 = DIRECTION('',(0.,-0.,-1.));
#4536 = PCURVE('',#3890,#4537);
#4537 = DEFINITIONAL_REPRESENTATION('',(#4538),#4545);
#4538 = B_SPLINE_CURVE_WITH_KNOTS('',5,(#4539,#4540,#4541,#4542,#4543,
    #4544),.UNSPECIFIED.,.F.,.F.,(6,6),(3.855639725068,3.870766700287),
  .PIECEWISE_BEZIER_KNOTS.);
#4539 = CARTESIAN_POINT('',(-0.306752040242,-1.5));
#4540 = CARTESIAN_POINT('',(-0.306880018036,-1.202265327971));
#4541 = CARTESIAN_POINT('',(-0.307007512284,-0.903403690949));
#4542 = CARTESIAN_POINT('',(-0.307134525417,-0.603409411496));
#4543 = CARTESIAN_POINT('',(-0.307261059849,-0.302276769196));
#4544 = CARTESIAN_POINT('',(-0.307387117976,1.42108547152E-14));
#4545 = ( GEOMETRIC_REPRESENTATION_CONTEXT(2) 
PARAMETRIC_REPRESENTATION_CONTEXT() REPRESENTATION_CONTEXT('2D SPACE',''
  ) );
#4546 = PCURVE('',#3862,#4547);
#4547 = DEFINITIONAL_REPRESENTATION('',(#4548),#4552);
#4548 = ( BOUNDED_CURVE() B_SPLINE_CURVE(2,(#4549,#4550,#4551),
.UNSPECIFIED.,.F.,.F.) B_SPLINE_CURVE_WITH_KNOTS((3,3),(3.855639725068,
3.870766700287),.PIECEWISE_BEZIER_KNOTS.) CURVE() 
GEOMETRIC_REPRESENTATION_ITEM() RATIONAL_B_SPLINE_CURVE((1.,
1.000028603309,1.)) REPRESENTATION_ITEM('') );
#4549 = CARTESIAN_POINT('',(1.411833073512,-1.));
#4550 = CARTESIAN_POINT('',(2.156822397057,-1.744322486804));
#4551 = CARTESIAN_POINT('',(2.913156735682,-2.5));
#4552 = ( GEOMETRIC_REPRESENTATION_CONTEXT(2) 
PARAMETRIC_REPRESENTATION_CONTEXT() REPRESENTATION_CONTEXT('2D SPACE',''
  ) );
#4553 = ORIENTED_EDGE('',*,*,#4554,.F.);
#4554 = EDGE_CURVE('',#4454,#4528,#4555,.T.);
#4555 = SURFACE_CURVE('',#4556,(#4561,#4568),.PCURVE_S1.);
#4556 = CIRCLE('',#4557,98.5);
#4557 = AXIS2_PLACEMENT_3D('',#4558,#4559,#4560);
#4558 = CARTESIAN_POINT('',(0.,0.,19.));
#4559 = DIRECTION('',(0.,0.,1.));
#4560 = DIRECTION('',(1.,0.,-0.));
#4561 = PCURVE('',#3890,#4562);
#4562 = DEFINITIONAL_REPRESENTATION('',(#4563),#4567);
#4563 = LINE('',#4564,#4565);
#4564 = CARTESIAN_POINT('',(-0.,-1.5));
#4565 = VECTOR('',#4566,1.);
#4566 = DIRECTION('',(-1.,-0.));
#4567 = ( GEOMETRIC_REPRESENTATION_CONTEXT(2) 
PARAMETRIC_REPRESENTATION_CONTEXT() REPRESENTATION_CONTEXT('2D SPACE',''
  ) );
#4568 = PCURVE('',#4211,#4569);
#4569 = DEFINITIONAL_REPRESENTATION('',(#4570),#4574);
#4570 = CIRCLE('',#4571,98.5);
#4571 = AXIS2_PLACEMENT_2D('',#4572,#4573);
#4572 = CARTESIAN_POINT('',(0.,0.));
#4573 = DIRECTION('',(1.,0.));
#4574 = ( GEOMETRIC_REPRESENTATION_CONTEXT(2) 
PARAMETRIC_REPRESENTATION_CONTEXT() REPRESENTATION_CONTEXT('2D SPACE',''
  ) );
#4575 = ADVANCED_FACE('',(#4576),#3862,.F.);
#4576 = FACE_BOUND('',#4577,.F.);
#4577 = EDGE_LOOP('',(#4578,#4599,#4627,#4648,#4649));
#4578 = ORIENTED_EDGE('',*,*,#4579,.F.);
#4579 = EDGE_CURVE('',#4580,#4528,#4582,.T.);
#4580 = VERTEX_POINT('',#4581);
#4581 = CARTESIAN_POINT('',(92.575268146757,29.260567982649,19.));
#4582 = SURFACE_CURVE('',#4583,(#4587,#4593),.PCURVE_S1.);
#4583 = LINE('',#4584,#4585);
#4584 = CARTESIAN_POINT('',(47.00017603864,12.672591031354,19.));
#4585 = VECTOR('',#4586,1.);
#4586 = DIRECTION('',(0.939692620786,0.342020143326,-0.));
#4587 = PCURVE('',#3862,#4588);
#4588 = DEFINITIONAL_REPRESENTATION('',(#4589),#4592);
#4589 = B_SPLINE_CURVE_WITH_KNOTS('',1,(#4590,#4591),.UNSPECIFIED.,.F.,
  .F.,(2,2),(48.5,54.5),.PIECEWISE_BEZIER_KNOTS.);
#4590 = CARTESIAN_POINT('',(7.105427357601E-15,-1.));
#4591 = CARTESIAN_POINT('',(6.,-1.));
#4592 = ( GEOMETRIC_REPRESENTATION_CONTEXT(2) 
PARAMETRIC_REPRESENTATION_CONTEXT() REPRESENTATION_CONTEXT('2D SPACE',''
  ) );
#4593 = PCURVE('',#4211,#4594);
#4594 = DEFINITIONAL_REPRESENTATION('',(#4595),#4598);
#4595 = B_SPLINE_CURVE_WITH_KNOTS('',1,(#4596,#4597),.UNSPECIFIED.,.F.,
  .F.,(2,2),(48.5,54.5),.PIECEWISE_BEZIER_KNOTS.);
#4596 = CARTESIAN_POINT('',(92.575268146757,29.260567982649));
#4597 = CARTESIAN_POINT('',(98.213423871472,31.312688842603));
#4598 = ( GEOMETRIC_REPRESENTATION_CONTEXT(2) 
PARAMETRIC_REPRESENTATION_CONTEXT() REPRESENTATION_CONTEXT('2D SPACE',''
  ) );
#4599 = ORIENTED_EDGE('',*,*,#4600,.T.);
#4600 = EDGE_CURVE('',#4580,#4601,#4603,.T.);
#4601 = VERTEX_POINT('',#4602);
#4602 = CARTESIAN_POINT('',(92.575268146757,29.260567982649,11.));
#4603 = SURFACE_CURVE('',#4604,(#4608,#4615),.PCURVE_S1.);
#4604 = LINE('',#4605,#4606);
#4605 = CARTESIAN_POINT('',(92.575268146757,29.260567982649,20.));
#4606 = VECTOR('',#4607,1.);
#4607 = DIRECTION('',(-0.,-0.,-1.));
#4608 = PCURVE('',#3862,#4609);
#4609 = DEFINITIONAL_REPRESENTATION('',(#4610),#4614);
#4610 = LINE('',#4611,#4612);
#4611 = CARTESIAN_POINT('',(1.456893495255E-14,0.));
#4612 = VECTOR('',#4613,1.);
#4613 = DIRECTION('',(0.,-1.));
#4614 = ( GEOMETRIC_REPRESENTATION_CONTEXT(2) 
PARAMETRIC_REPRESENTATION_CONTEXT() REPRESENTATION_CONTEXT('2D SPACE',''
  ) );
#4615 = PCURVE('',#4616,#4621);
#4616 = PLANE('',#4617);
#4617 = AXIS2_PLACEMENT_3D('',#4618,#4619,#4620);
#4618 = CARTESIAN_POINT('',(92.575268146757,29.260567982649,20.));
#4619 = DIRECTION('',(0.939692620786,0.342020143326,-0.));
#4620 = DIRECTION('',(-0.342020143326,0.939692620786,0.));
#4621 = DEFINITIONAL_REPRESENTATION('',(#4622),#4626);
#4622 = LINE('',#4623,#4624);
#4623 = CARTESIAN_POINT('',(0.,0.));
#4624 = VECTOR('',#4625,1.);
#4625 = DIRECTION('',(0.,-1.));
#4626 = ( GEOMETRIC_REPRESENTATION_CONTEXT(2) 
PARAMETRIC_REPRESENTATION_CONTEXT() REPRESENTATION_CONTEXT('2D SPACE',''
  ) );
#4627 = ORIENTED_EDGE('',*,*,#4628,.T.);
#4628 = EDGE_CURVE('',#4601,#3819,#4629,.T.);
#4629 = SURFACE_CURVE('',#4630,(#4634,#4641),.PCURVE_S1.);
#4630 = LINE('',#4631,#4632);
#4631 = CARTESIAN_POINT('',(95.394346009114,30.286628412626,11.));
#4632 = VECTOR('',#4633,1.);
#4633 = DIRECTION('',(0.939692620786,0.342020143326,0.));
#4634 = PCURVE('',#3862,#4635);
#4635 = DEFINITIONAL_REPRESENTATION('',(#4636),#4640);
#4636 = LINE('',#4637,#4638);
#4637 = CARTESIAN_POINT('',(3.,-9.));
#4638 = VECTOR('',#4639,1.);
#4639 = DIRECTION('',(1.,0.));
#4640 = ( GEOMETRIC_REPRESENTATION_CONTEXT(2) 
PARAMETRIC_REPRESENTATION_CONTEXT() REPRESENTATION_CONTEXT('2D SPACE',''
  ) );
#4641 = PCURVE('',#3835,#4642);
#4642 = DEFINITIONAL_REPRESENTATION('',(#4643),#4647);
#4643 = LINE('',#4644,#4645);
#4644 = CARTESIAN_POINT('',(0.,-4.166666666667));
#4645 = VECTOR('',#4646,1.);
#4646 = DIRECTION('',(1.,0.));
#4647 = ( GEOMETRIC_REPRESENTATION_CONTEXT(2) 
PARAMETRIC_REPRESENTATION_CONTEXT() REPRESENTATION_CONTEXT('2D SPACE',''
  ) );
#4648 = ORIENTED_EDGE('',*,*,#3847,.T.);
#4649 = ORIENTED_EDGE('',*,*,#4527,.F.);
#4650 = ADVANCED_FACE('',(#4651),#3835,.T.);
#4651 = FACE_BOUND('',#4652,.T.);
#4652 = EDGE_LOOP('',(#4653,#4676,#4677,#4678));
#4653 = ORIENTED_EDGE('',*,*,#4654,.F.);
#4654 = EDGE_CURVE('',#4601,#4655,#4657,.T.);
#4655 = VERTEX_POINT('',#4656);
#4656 = CARTESIAN_POINT('',(89.72510028571,37.091339822531,11.));
#4657 = SURFACE_CURVE('',#4658,(#4662,#4669),.PCURVE_S1.);
#4658 = LINE('',#4659,#4660);
#4659 = CARTESIAN_POINT('',(91.150184216233,33.17595390259,11.));
#4660 = VECTOR('',#4661,1.);
#4661 = DIRECTION('',(-0.342020143326,0.939692620786,0.));
#4662 = PCURVE('',#3835,#4663);
#4663 = DEFINITIONAL_REPRESENTATION('',(#4664),#4668);
#4664 = LINE('',#4665,#4666);
#4665 = CARTESIAN_POINT('',(-3.,0.));
#4666 = VECTOR('',#4667,1.);
#4667 = DIRECTION('',(0.,1.));
#4668 = ( GEOMETRIC_REPRESENTATION_CONTEXT(2) 
PARAMETRIC_REPRESENTATION_CONTEXT() REPRESENTATION_CONTEXT('2D SPACE',''
  ) );
#4669 = PCURVE('',#4616,#4670);
#4670 = DEFINITIONAL_REPRESENTATION('',(#4671),#4675);
#4671 = LINE('',#4672,#4673);
#4672 = CARTESIAN_POINT('',(4.166666666667,-9.));
#4673 = VECTOR('',#4674,1.);
#4674 = DIRECTION('',(1.,0.));
#4675 = ( GEOMETRIC_REPRESENTATION_CONTEXT(2) 
PARAMETRIC_REPRESENTATION_CONTEXT() REPRESENTATION_CONTEXT('2D SPACE',''
  ) );
#4676 = ORIENTED_EDGE('',*,*,#4628,.T.);
#4677 = ORIENTED_EDGE('',*,*,#3818,.T.);
#4678 = ORIENTED_EDGE('',*,*,#4679,.F.);
#4679 = EDGE_CURVE('',#4655,#3793,#4680,.T.);
#4680 = SURFACE_CURVE('',#4681,(#4685,#4692),.PCURVE_S1.);
#4681 = LINE('',#4682,#4683);
#4682 = CARTESIAN_POINT('',(92.544178148067,38.117400252508,11.));
#4683 = VECTOR('',#4684,1.);
#4684 = DIRECTION('',(0.939692620786,0.342020143326,0.));
#4685 = PCURVE('',#3835,#4686);
#4686 = DEFINITIONAL_REPRESENTATION('',(#4687),#4691);
#4687 = LINE('',#4688,#4689);
#4688 = CARTESIAN_POINT('',(0.,4.166666666667));
#4689 = VECTOR('',#4690,1.);
#4690 = DIRECTION('',(1.,0.));
#4691 = ( GEOMETRIC_REPRESENTATION_CONTEXT(2) 
PARAMETRIC_REPRESENTATION_CONTEXT() REPRESENTATION_CONTEXT('2D SPACE',''
  ) );
#4692 = PCURVE('',#3807,#4693);
#4693 = DEFINITIONAL_REPRESENTATION('',(#4694),#4698);
#4694 = LINE('',#4695,#4696);
#4695 = CARTESIAN_POINT('',(3.,-9.));
#4696 = VECTOR('',#4697,1.);
#4697 = DIRECTION('',(1.,0.));
#4698 = ( GEOMETRIC_REPRESENTATION_CONTEXT(2) 
PARAMETRIC_REPRESENTATION_CONTEXT() REPRESENTATION_CONTEXT('2D SPACE',''
  ) );
#4699 = ADVANCED_FACE('',(#4700),#3807,.T.);
#4700 = FACE_BOUND('',#4701,.T.);
#4701 = EDGE_LOOP('',(#4702,#4725,#4746,#4747,#4748));
#4702 = ORIENTED_EDGE('',*,*,#4703,.F.);
#4703 = EDGE_CURVE('',#4704,#4706,#4708,.T.);
#4704 = VERTEX_POINT('',#4705);
#4705 = CARTESIAN_POINT('',(89.72510028571,37.091339822531,19.));
#4706 = VERTEX_POINT('',#4707);
#4707 = CARTESIAN_POINT('',(91.051789406671,37.574215172686,19.));
#4708 = SURFACE_CURVE('',#4709,(#4713,#4719),.PCURVE_S1.);
#4709 = LINE('',#4710,#4711);
#4710 = CARTESIAN_POINT('',(44.150008177593,20.503362871236,19.));
#4711 = VECTOR('',#4712,1.);
#4712 = DIRECTION('',(0.939692620786,0.342020143326,-0.));
#4713 = PCURVE('',#3807,#4714);
#4714 = DEFINITIONAL_REPRESENTATION('',(#4715),#4718);
#4715 = B_SPLINE_CURVE_WITH_KNOTS('',1,(#4716,#4717),.UNSPECIFIED.,.F.,
  .F.,(2,2),(48.5,54.5),.PIECEWISE_BEZIER_KNOTS.);
#4716 = CARTESIAN_POINT('',(0.,-1.));
#4717 = CARTESIAN_POINT('',(6.,-1.));
#4718 = ( GEOMETRIC_REPRESENTATION_CONTEXT(2) 
PARAMETRIC_REPRESENTATION_CONTEXT() REPRESENTATION_CONTEXT('2D SPACE',''
  ) );
#4719 = PCURVE('',#4211,#4720);
#4720 = DEFINITIONAL_REPRESENTATION('',(#4721),#4724);
#4721 = B_SPLINE_CURVE_WITH_KNOTS('',1,(#4722,#4723),.UNSPECIFIED.,.F.,
  .F.,(2,2),(48.5,54.5),.PIECEWISE_BEZIER_KNOTS.);
#4722 = CARTESIAN_POINT('',(89.72510028571,37.091339822531));
#4723 = CARTESIAN_POINT('',(95.363256010425,39.143460682485));
#4724 = ( GEOMETRIC_REPRESENTATION_CONTEXT(2) 
PARAMETRIC_REPRESENTATION_CONTEXT() REPRESENTATION_CONTEXT('2D SPACE',''
  ) );
#4725 = ORIENTED_EDGE('',*,*,#4726,.T.);
#4726 = EDGE_CURVE('',#4704,#4655,#4727,.T.);
#4727 = SURFACE_CURVE('',#4728,(#4732,#4739),.PCURVE_S1.);
#4728 = LINE('',#4729,#4730);
#4729 = CARTESIAN_POINT('',(89.72510028571,37.091339822531,20.));
#4730 = VECTOR('',#4731,1.);
#4731 = DIRECTION('',(-0.,-0.,-1.));
#4732 = PCURVE('',#3807,#4733);
#4733 = DEFINITIONAL_REPRESENTATION('',(#4734),#4738);
#4734 = LINE('',#4735,#4736);
#4735 = CARTESIAN_POINT('',(0.,0.));
#4736 = VECTOR('',#4737,1.);
#4737 = DIRECTION('',(0.,-1.));
#4738 = ( GEOMETRIC_REPRESENTATION_CONTEXT(2) 
PARAMETRIC_REPRESENTATION_CONTEXT() REPRESENTATION_CONTEXT('2D SPACE',''
  ) );
#4739 = PCURVE('',#4616,#4740);
#4740 = DEFINITIONAL_REPRESENTATION('',(#4741),#4745);
#4741 = LINE('',#4742,#4743);
#4742 = CARTESIAN_POINT('',(8.333333333333,0.));
#4743 = VECTOR('',#4744,1.);
#4744 = DIRECTION('',(0.,-1.));
#4745 = ( GEOMETRIC_REPRESENTATION_CONTEXT(2) 
PARAMETRIC_REPRESENTATION_CONTEXT() REPRESENTATION_CONTEXT('2D SPACE',''
  ) );
#4746 = ORIENTED_EDGE('',*,*,#4679,.T.);
#4747 = ORIENTED_EDGE('',*,*,#3792,.T.);
#4748 = ORIENTED_EDGE('',*,*,#4749,.F.);
#4749 = EDGE_CURVE('',#4706,#3764,#4750,.T.);
#4750 = SURFACE_CURVE('',#4751,(#4756,#4763),.PCURVE_S1.);
#4751 = HYPERBOLA('',#4752,4.166666666667,4.166666666667);
#4752 = AXIS2_PLACEMENT_3D('',#4753,#4754,#4755);
#4753 = CARTESIAN_POINT('',(-1.425083930524,3.915385919941,117.5));
#4754 = DIRECTION('',(0.342020143326,-0.939692620786,0.));
#4755 = DIRECTION('',(0.,-0.,-1.));
#4756 = PCURVE('',#3807,#4757);
#4757 = DEFINITIONAL_REPRESENTATION('',(#4758),#4762);
#4758 = ( BOUNDED_CURVE() B_SPLINE_CURVE(2,(#4759,#4760,#4761),
.UNSPECIFIED.,.F.,.F.) B_SPLINE_CURVE_WITH_KNOTS((3,3),(3.855639725068,
3.870766700287),.PIECEWISE_BEZIER_KNOTS.) CURVE() 
GEOMETRIC_REPRESENTATION_ITEM() RATIONAL_B_SPLINE_CURVE((1.,
1.000028603309,1.)) REPRESENTATION_ITEM('') );
#4759 = CARTESIAN_POINT('',(1.411833073512,-1.));
#4760 = CARTESIAN_POINT('',(2.156822397058,-1.744322486804));
#4761 = CARTESIAN_POINT('',(2.913156735682,-2.5));
#4762 = ( GEOMETRIC_REPRESENTATION_CONTEXT(2) 
PARAMETRIC_REPRESENTATION_CONTEXT() REPRESENTATION_CONTEXT('2D SPACE',''
  ) );
#4763 = PCURVE('',#3780,#4764);
#4764 = DEFINITIONAL_REPRESENTATION('',(#4765),#4772);
#4765 = B_SPLINE_CURVE_WITH_KNOTS('',5,(#4766,#4767,#4768,#4769,#4770,
    #4771),.UNSPECIFIED.,.F.,.F.,(6,6),(3.855639725068,3.870766700287),
  .PIECEWISE_BEZIER_KNOTS.);
#4766 = CARTESIAN_POINT('',(-0.391379660555,-1.5));
#4767 = CARTESIAN_POINT('',(-0.391251682762,-1.202265327971));
#4768 = CARTESIAN_POINT('',(-0.391124188514,-0.903403690949));
#4769 = CARTESIAN_POINT('',(-0.390997175381,-0.603409411496));
#4770 = CARTESIAN_POINT('',(-0.390870640948,-0.302276769196));
#4771 = CARTESIAN_POINT('',(-0.390744582821,1.42108547152E-14));
#4772 = ( GEOMETRIC_REPRESENTATION_CONTEXT(2) 
PARAMETRIC_REPRESENTATION_CONTEXT() REPRESENTATION_CONTEXT('2D SPACE',''
  ) );
#4773 = ADVANCED_FACE('',(#4774),#3780,.T.);
#4774 = FACE_BOUND('',#4775,.T.);
#4775 = EDGE_LOOP('',(#4776,#4777,#4778,#4805));
#4776 = ORIENTED_EDGE('',*,*,#4749,.T.);
#4777 = ORIENTED_EDGE('',*,*,#3763,.T.);
#4778 = ORIENTED_EDGE('',*,*,#4779,.F.);
#4779 = EDGE_CURVE('',#4780,#3738,#4782,.T.);
#4780 = VERTEX_POINT('',#4781);
#4781 = CARTESIAN_POINT('',(87.310480807989,45.597477354321,19.));
#4782 = SURFACE_CURVE('',#4783,(#4788,#4798),.PCURVE_S1.);
#4783 = HYPERBOLA('',#4784,4.166666666667,4.166666666667);
#4784 = AXIS2_PLACEMENT_3D('',#4785,#4786,#4787);
#4785 = CARTESIAN_POINT('',(2.083333333333,-3.608439182435,117.5));
#4786 = DIRECTION('',(0.5,-0.866025403784,0.));
#4787 = DIRECTION('',(0.,-0.,-1.));
#4788 = PCURVE('',#3780,#4789);
#4789 = DEFINITIONAL_REPRESENTATION('',(#4790),#4797);
#4790 = B_SPLINE_CURVE_WITH_KNOTS('',5,(#4791,#4792,#4793,#4794,#4795,
    #4796),.UNSPECIFIED.,.F.,.F.,(6,6),(3.855639725068,3.870766700287),
  .PIECEWISE_BEZIER_KNOTS.);
#4791 = CARTESIAN_POINT('',(-0.481284965442,-1.5));
#4792 = CARTESIAN_POINT('',(-0.481412943235,-1.202265327971));
#4793 = CARTESIAN_POINT('',(-0.481540437483,-0.903403690948));
#4794 = CARTESIAN_POINT('',(-0.481667450617,-0.603409411496));
#4795 = CARTESIAN_POINT('',(-0.481793985049,-0.302276769196));
#4796 = CARTESIAN_POINT('',(-0.481920043176,7.105427357601E-15));
#4797 = ( GEOMETRIC_REPRESENTATION_CONTEXT(2) 
PARAMETRIC_REPRESENTATION_CONTEXT() REPRESENTATION_CONTEXT('2D SPACE',''
  ) );
#4798 = PCURVE('',#3752,#4799);
#4799 = DEFINITIONAL_REPRESENTATION('',(#4800),#4804);
#4800 = ( BOUNDED_CURVE() B_SPLINE_CURVE(2,(#4801,#4802,#4803),
.UNSPECIFIED.,.F.,.F.) B_SPLINE_CURVE_WITH_KNOTS((3,3),(3.855639725068,
3.870766700287),.PIECEWISE_BEZIER_KNOTS.) CURVE() 
GEOMETRIC_REPRESENTATION_ITEM() RATIONAL_B_SPLINE_CURVE((1.,
1.000028603309,1.)) REPRESENTATION_ITEM('') );
#4801 = CARTESIAN_POINT('',(1.411833073512,-1.));
#4802 = CARTESIAN_POINT('',(2.156822397057,-1.744322486804));
#4803 = CARTESIAN_POINT('',(2.913156735682,-2.5));
#4804 = ( GEOMETRIC_REPRESENTATION_CONTEXT(2) 
PARAMETRIC_REPRESENTATION_CONTEXT() REPRESENTATION_CONTEXT('2D SPACE',''
  ) );
#4805 = ORIENTED_EDGE('',*,*,#4806,.F.);
#4806 = EDGE_CURVE('',#4706,#4780,#4807,.T.);
#4807 = SURFACE_CURVE('',#4808,(#4813,#4820),.PCURVE_S1.);
#4808 = CIRCLE('',#4809,98.5);
#4809 = AXIS2_PLACEMENT_3D('',#4810,#4811,#4812);
#4810 = CARTESIAN_POINT('',(0.,0.,19.));
#4811 = DIRECTION('',(0.,0.,1.));
#4812 = DIRECTION('',(1.,0.,-0.));
#4813 = PCURVE('',#3780,#4814);
#4814 = DEFINITIONAL_REPRESENTATION('',(#4815),#4819);
#4815 = LINE('',#4816,#4817);
#4816 = CARTESIAN_POINT('',(-0.,-1.5));
#4817 = VECTOR('',#4818,1.);
#4818 = DIRECTION('',(-1.,-0.));
#4819 = ( GEOMETRIC_REPRESENTATION_CONTEXT(2) 
PARAMETRIC_REPRESENTATION_CONTEXT() REPRESENTATION_CONTEXT('2D SPACE',''
  ) );
#4820 = PCURVE('',#4211,#4821);
#4821 = DEFINITIONAL_REPRESENTATION('',(#4822),#4826);
#4822 = CIRCLE('',#4823,98.5);
#4823 = AXIS2_PLACEMENT_2D('',#4824,#4825);
#4824 = CARTESIAN_POINT('',(0.,0.));
#4825 = DIRECTION('',(1.,0.));
#4826 = ( GEOMETRIC_REPRESENTATION_CONTEXT(2) 
PARAMETRIC_REPRESENTATION_CONTEXT() REPRESENTATION_CONTEXT('2D SPACE',''
  ) );
#4827 = ADVANCED_FACE('',(#4828),#3752,.F.);
#4828 = FACE_BOUND('',#4829,.F.);
#4829 = EDGE_LOOP('',(#4830,#4851,#4879,#4900,#4901));
#4830 = ORIENTED_EDGE('',*,*,#4831,.F.);
#4831 = EDGE_CURVE('',#4832,#4780,#4834,.T.);
#4832 = VERTEX_POINT('',#4833);
#4833 = CARTESIAN_POINT('',(86.087797500424,44.891560817565,19.));
#4834 = SURFACE_CURVE('',#4835,(#4839,#4845),.PCURVE_S1.);
#4835 = LINE('',#4836,#4837);
#4836 = CARTESIAN_POINT('',(44.085565416879,20.641560817565,19.));
#4837 = VECTOR('',#4838,1.);
#4838 = DIRECTION('',(0.866025403784,0.5,-0.));
#4839 = PCURVE('',#3752,#4840);
#4840 = DEFINITIONAL_REPRESENTATION('',(#4841),#4844);
#4841 = B_SPLINE_CURVE_WITH_KNOTS('',1,(#4842,#4843),.UNSPECIFIED.,.F.,
  .F.,(2,2),(48.5,54.5),.PIECEWISE_BEZIER_KNOTS.);
#4842 = CARTESIAN_POINT('',(0.,-1.));
#4843 = CARTESIAN_POINT('',(6.,-1.));
#4844 = ( GEOMETRIC_REPRESENTATION_CONTEXT(2) 
PARAMETRIC_REPRESENTATION_CONTEXT() REPRESENTATION_CONTEXT('2D SPACE',''
  ) );
#4845 = PCURVE('',#4211,#4846);
#4846 = DEFINITIONAL_REPRESENTATION('',(#4847),#4850);
#4847 = B_SPLINE_CURVE_WITH_KNOTS('',1,(#4848,#4849),.UNSPECIFIED.,.F.,
  .F.,(2,2),(48.5,54.5),.PIECEWISE_BEZIER_KNOTS.);
#4848 = CARTESIAN_POINT('',(86.087797500424,44.891560817565));
#4849 = CARTESIAN_POINT('',(91.283949923131,47.891560817565));
#4850 = ( GEOMETRIC_REPRESENTATION_CONTEXT(2) 
PARAMETRIC_REPRESENTATION_CONTEXT() REPRESENTATION_CONTEXT('2D SPACE',''
  ) );
#4851 = ORIENTED_EDGE('',*,*,#4852,.T.);
#4852 = EDGE_CURVE('',#4832,#4853,#4855,.T.);
#4853 = VERTEX_POINT('',#4854);
#4854 = CARTESIAN_POINT('',(86.087797500424,44.891560817565,11.));
#4855 = SURFACE_CURVE('',#4856,(#4860,#4867),.PCURVE_S1.);
#4856 = LINE('',#4857,#4858);
#4857 = CARTESIAN_POINT('',(86.087797500424,44.891560817565,20.));
#4858 = VECTOR('',#4859,1.);
#4859 = DIRECTION('',(-0.,-0.,-1.));
#4860 = PCURVE('',#3752,#4861);
#4861 = DEFINITIONAL_REPRESENTATION('',(#4862),#4866);
#4862 = LINE('',#4863,#4864);
#4863 = CARTESIAN_POINT('',(0.,0.));
#4864 = VECTOR('',#4865,1.);
#4865 = DIRECTION('',(0.,-1.));
#4866 = ( GEOMETRIC_REPRESENTATION_CONTEXT(2) 
PARAMETRIC_REPRESENTATION_CONTEXT() REPRESENTATION_CONTEXT('2D SPACE',''
  ) );
#4867 = PCURVE('',#4868,#4873);
#4868 = PLANE('',#4869);
#4869 = AXIS2_PLACEMENT_3D('',#4870,#4871,#4872);
#4870 = CARTESIAN_POINT('',(86.087797500424,44.891560817565,20.));
#4871 = DIRECTION('',(0.866025403784,0.5,-0.));
#4872 = DIRECTION('',(-0.5,0.866025403784,0.));
#4873 = DEFINITIONAL_REPRESENTATION('',(#4874),#4878);
#4874 = LINE('',#4875,#4876);
#4875 = CARTESIAN_POINT('',(0.,0.));
#4876 = VECTOR('',#4877,1.);
#4877 = DIRECTION('',(0.,-1.));
#4878 = ( GEOMETRIC_REPRESENTATION_CONTEXT(2) 
PARAMETRIC_REPRESENTATION_CONTEXT() REPRESENTATION_CONTEXT('2D SPACE',''
  ) );
#4879 = ORIENTED_EDGE('',*,*,#4880,.T.);
#4880 = EDGE_CURVE('',#4853,#3709,#4881,.T.);
#4881 = SURFACE_CURVE('',#4882,(#4886,#4893),.PCURVE_S1.);
#4882 = LINE('',#4883,#4884);
#4883 = CARTESIAN_POINT('',(88.685873711777,46.391560817565,11.));
#4884 = VECTOR('',#4885,1.);
#4885 = DIRECTION('',(0.866025403784,0.5,0.));
#4886 = PCURVE('',#3752,#4887);
#4887 = DEFINITIONAL_REPRESENTATION('',(#4888),#4892);
#4888 = LINE('',#4889,#4890);
#4889 = CARTESIAN_POINT('',(3.,-9.));
#4890 = VECTOR('',#4891,1.);
#4891 = DIRECTION('',(1.,0.));
#4892 = ( GEOMETRIC_REPRESENTATION_CONTEXT(2) 
PARAMETRIC_REPRESENTATION_CONTEXT() REPRESENTATION_CONTEXT('2D SPACE',''
  ) );
#4893 = PCURVE('',#3725,#4894);
#4894 = DEFINITIONAL_REPRESENTATION('',(#4895),#4899);
#4895 = LINE('',#4896,#4897);
#4896 = CARTESIAN_POINT('',(0.,-4.166666666667));
#4897 = VECTOR('',#4898,1.);
#4898 = DIRECTION('',(1.,0.));
#4899 = ( GEOMETRIC_REPRESENTATION_CONTEXT(2) 
PARAMETRIC_REPRESENTATION_CONTEXT() REPRESENTATION_CONTEXT('2D SPACE',''
  ) );
#4900 = ORIENTED_EDGE('',*,*,#3737,.T.);
#4901 = ORIENTED_EDGE('',*,*,#4779,.F.);
#4902 = ADVANCED_FACE('',(#4903),#3725,.T.);
#4903 = FACE_BOUND('',#4904,.T.);
#4904 = EDGE_LOOP('',(#4905,#4928,#4929,#4930));
#4905 = ORIENTED_EDGE('',*,*,#4906,.F.);
#4906 = EDGE_CURVE('',#4853,#4907,#4909,.T.);
#4907 = VERTEX_POINT('',#4908);
#4908 = CARTESIAN_POINT('',(81.921130833757,52.108439182435,11.));
#4909 = SURFACE_CURVE('',#4910,(#4914,#4921),.PCURVE_S1.);
#4910 = LINE('',#4911,#4912);
#4911 = CARTESIAN_POINT('',(84.004464167091,48.5,11.));
#4912 = VECTOR('',#4913,1.);
#4913 = DIRECTION('',(-0.5,0.866025403784,0.));
#4914 = PCURVE('',#3725,#4915);
#4915 = DEFINITIONAL_REPRESENTATION('',(#4916),#4920);
#4916 = LINE('',#4917,#4918);
#4917 = CARTESIAN_POINT('',(-3.,0.));
#4918 = VECTOR('',#4919,1.);
#4919 = DIRECTION('',(0.,1.));
#4920 = ( GEOMETRIC_REPRESENTATION_CONTEXT(2) 
PARAMETRIC_REPRESENTATION_CONTEXT() REPRESENTATION_CONTEXT('2D SPACE',''
  ) );
#4921 = PCURVE('',#4868,#4922);
#4922 = DEFINITIONAL_REPRESENTATION('',(#4923),#4927);
#4923 = LINE('',#4924,#4925);
#4924 = CARTESIAN_POINT('',(4.166666666667,-9.));
#4925 = VECTOR('',#4926,1.);
#4926 = DIRECTION('',(1.,0.));
#4927 = ( GEOMETRIC_REPRESENTATION_CONTEXT(2) 
PARAMETRIC_REPRESENTATION_CONTEXT() REPRESENTATION_CONTEXT('2D SPACE',''
  ) );
#4928 = ORIENTED_EDGE('',*,*,#4880,.T.);
#4929 = ORIENTED_EDGE('',*,*,#3708,.T.);
#4930 = ORIENTED_EDGE('',*,*,#4931,.F.);
#4931 = EDGE_CURVE('',#4907,#3683,#4932,.T.);
#4932 = SURFACE_CURVE('',#4933,(#4937,#4944),.PCURVE_S1.);
#4933 = LINE('',#4934,#4935);
#4934 = CARTESIAN_POINT('',(84.519207045111,53.608439182435,11.));
#4935 = VECTOR('',#4936,1.);
#4936 = DIRECTION('',(0.866025403784,0.5,0.));
#4937 = PCURVE('',#3725,#4938);
#4938 = DEFINITIONAL_REPRESENTATION('',(#4939),#4943);
#4939 = LINE('',#4940,#4941);
#4940 = CARTESIAN_POINT('',(0.,4.166666666667));
#4941 = VECTOR('',#4942,1.);
#4942 = DIRECTION('',(1.,0.));
#4943 = ( GEOMETRIC_REPRESENTATION_CONTEXT(2) 
PARAMETRIC_REPRESENTATION_CONTEXT() REPRESENTATION_CONTEXT('2D SPACE',''
  ) );
#4944 = PCURVE('',#3697,#4945);
#4945 = DEFINITIONAL_REPRESENTATION('',(#4946),#4950);
#4946 = LINE('',#4947,#4948);
#4947 = CARTESIAN_POINT('',(3.,-9.));
#4948 = VECTOR('',#4949,1.);
#4949 = DIRECTION('',(1.,0.));
#4950 = ( GEOMETRIC_REPRESENTATION_CONTEXT(2) 
PARAMETRIC_REPRESENTATION_CONTEXT() REPRESENTATION_CONTEXT('2D SPACE',''
  ) );
#4951 = ADVANCED_FACE('',(#4952),#3697,.T.);
#4952 = FACE_BOUND('',#4953,.T.);
#4953 = EDGE_LOOP('',(#4954,#4977,#4998,#4999,#5000));
#4954 = ORIENTED_EDGE('',*,*,#4955,.F.);
#4955 = EDGE_CURVE('',#4956,#4958,#4960,.T.);
#4956 = VERTEX_POINT('',#4957);
#4957 = CARTESIAN_POINT('',(81.921130833757,52.108439182435,19.));
#4958 = VERTEX_POINT('',#4959);
#4959 = CARTESIAN_POINT('',(83.143814141322,52.814355719191,19.));
#4960 = SURFACE_CURVE('',#4961,(#4965,#4971),.PCURVE_S1.);
#4961 = LINE('',#4962,#4963);
#4962 = CARTESIAN_POINT('',(39.918898750212,27.858439182435,19.));
#4963 = VECTOR('',#4964,1.);
#4964 = DIRECTION('',(0.866025403784,0.5,-0.));
#4965 = PCURVE('',#3697,#4966);
#4966 = DEFINITIONAL_REPRESENTATION('',(#4967),#4970);
#4967 = B_SPLINE_CURVE_WITH_KNOTS('',1,(#4968,#4969),.UNSPECIFIED.,.F.,
  .F.,(2,2),(48.5,54.5),.PIECEWISE_BEZIER_KNOTS.);
#4968 = CARTESIAN_POINT('',(0.,-1.));
#4969 = CARTESIAN_POINT('',(6.,-1.));
#4970 = ( GEOMETRIC_REPRESENTATION_CONTEXT(2) 
PARAMETRIC_REPRESENTATION_CONTEXT() REPRESENTATION_CONTEXT('2D SPACE',''
  ) );
#4971 = PCURVE('',#4211,#4972);
#4972 = DEFINITIONAL_REPRESENTATION('',(#4973),#4976);
#4973 = B_SPLINE_CURVE_WITH_KNOTS('',1,(#4974,#4975),.UNSPECIFIED.,.F.,
  .F.,(2,2),(48.5,54.5),.PIECEWISE_BEZIER_KNOTS.);
#4974 = CARTESIAN_POINT('',(81.921130833757,52.108439182435));
#4975 = CARTESIAN_POINT('',(87.117283256464,55.108439182435));
#4976 = ( GEOMETRIC_REPRESENTATION_CONTEXT(2) 
PARAMETRIC_REPRESENTATION_CONTEXT() REPRESENTATION_CONTEXT('2D SPACE',''
  ) );
#4977 = ORIENTED_EDGE('',*,*,#4978,.T.);
#4978 = EDGE_CURVE('',#4956,#4907,#4979,.T.);
#4979 = SURFACE_CURVE('',#4980,(#4984,#4991),.PCURVE_S1.);
#4980 = LINE('',#4981,#4982);
#4981 = CARTESIAN_POINT('',(81.921130833757,52.108439182435,20.));
#4982 = VECTOR('',#4983,1.);
#4983 = DIRECTION('',(-0.,-0.,-1.));
#4984 = PCURVE('',#3697,#4985);
#4985 = DEFINITIONAL_REPRESENTATION('',(#4986),#4990);
#4986 = LINE('',#4987,#4988);
#4987 = CARTESIAN_POINT('',(0.,0.));
#4988 = VECTOR('',#4989,1.);
#4989 = DIRECTION('',(0.,-1.));
#4990 = ( GEOMETRIC_REPRESENTATION_CONTEXT(2) 
PARAMETRIC_REPRESENTATION_CONTEXT() REPRESENTATION_CONTEXT('2D SPACE',''
  ) );
#4991 = PCURVE('',#4868,#4992);
#4992 = DEFINITIONAL_REPRESENTATION('',(#4993),#4997);
#4993 = LINE('',#4994,#4995);
#4994 = CARTESIAN_POINT('',(8.333333333333,0.));
#4995 = VECTOR('',#4996,1.);
#4996 = DIRECTION('',(0.,-1.));
#4997 = ( GEOMETRIC_REPRESENTATION_CONTEXT(2) 
PARAMETRIC_REPRESENTATION_CONTEXT() REPRESENTATION_CONTEXT('2D SPACE',''
  ) );
#4998 = ORIENTED_EDGE('',*,*,#4931,.T.);
#4999 = ORIENTED_EDGE('',*,*,#3682,.T.);
#5000 = ORIENTED_EDGE('',*,*,#5001,.F.);
#5001 = EDGE_CURVE('',#4958,#3654,#5002,.T.);
#5002 = SURFACE_CURVE('',#5003,(#5008,#5015),.PCURVE_S1.);
#5003 = HYPERBOLA('',#5004,4.166666666667,4.166666666667);
#5004 = AXIS2_PLACEMENT_3D('',#5005,#5006,#5007);
#5005 = CARTESIAN_POINT('',(-2.083333333333,3.608439182435,117.5));
#5006 = DIRECTION('',(0.5,-0.866025403784,0.));
#5007 = DIRECTION('',(0.,-0.,-1.));
#5008 = PCURVE('',#3697,#5009);
#5009 = DEFINITIONAL_REPRESENTATION('',(#5010),#5014);
#5010 = ( BOUNDED_CURVE() B_SPLINE_CURVE(2,(#5011,#5012,#5013),
.UNSPECIFIED.,.F.,.F.) B_SPLINE_CURVE_WITH_KNOTS((3,3),(3.855639725068,
3.870766700287),.PIECEWISE_BEZIER_KNOTS.) CURVE() 
GEOMETRIC_REPRESENTATION_ITEM() RATIONAL_B_SPLINE_CURVE((1.,
1.000028603309,1.)) REPRESENTATION_ITEM('') );
#5011 = CARTESIAN_POINT('',(1.411833073512,-1.));
#5012 = CARTESIAN_POINT('',(2.156822397058,-1.744322486804));
#5013 = CARTESIAN_POINT('',(2.913156735682,-2.5));
#5014 = ( GEOMETRIC_REPRESENTATION_CONTEXT(2) 
PARAMETRIC_REPRESENTATION_CONTEXT() REPRESENTATION_CONTEXT('2D SPACE',''
  ) );
#5015 = PCURVE('',#3670,#5016);
#5016 = DEFINITIONAL_REPRESENTATION('',(#5017),#5024);
#5017 = B_SPLINE_CURVE_WITH_KNOTS('',5,(#5018,#5019,#5020,#5021,#5022,
    #5023),.UNSPECIFIED.,.F.,.F.,(6,6),(3.855639725068,3.870766700287),
  .PIECEWISE_BEZIER_KNOTS.);
#5018 = CARTESIAN_POINT('',(-0.565912585755,-1.5));
#5019 = CARTESIAN_POINT('',(-0.565784607961,-1.202265327971));
#5020 = CARTESIAN_POINT('',(-0.565657113713,-0.903403690949));
#5021 = CARTESIAN_POINT('',(-0.56553010058,-0.603409411496));
#5022 = CARTESIAN_POINT('',(-0.565403566148,-0.302276769196));
#5023 = CARTESIAN_POINT('',(-0.565277508021,7.105427357601E-15));
#5024 = ( GEOMETRIC_REPRESENTATION_CONTEXT(2) 
PARAMETRIC_REPRESENTATION_CONTEXT() REPRESENTATION_CONTEXT('2D SPACE',''
  ) );
#5025 = ADVANCED_FACE('',(#5026),#3670,.T.);
#5026 = FACE_BOUND('',#5027,.T.);
#5027 = EDGE_LOOP('',(#5028,#5029,#5030,#5057));
#5028 = ORIENTED_EDGE('',*,*,#5001,.T.);
#5029 = ORIENTED_EDGE('',*,*,#3653,.T.);
#5030 = ORIENTED_EDGE('',*,*,#5031,.F.);
#5031 = EDGE_CURVE('',#5032,#3628,#5034,.T.);
#5032 = VERTEX_POINT('',#5033);
#5033 = CARTESIAN_POINT('',(78.066119570144,60.066055099865,19.));
#5034 = SURFACE_CURVE('',#5035,(#5040,#5050),.PCURVE_S1.);
#5035 = HYPERBOLA('',#5036,4.166666666667,4.166666666667);
#5036 = AXIS2_PLACEMENT_3D('',#5037,#5038,#5039);
#5037 = CARTESIAN_POINT('',(2.678281707027,-3.191851846329,117.5));
#5038 = DIRECTION('',(0.642787609687,-0.766044443119,0.));
#5039 = DIRECTION('',(0.,-0.,-1.));
#5040 = PCURVE('',#3670,#5041);
#5041 = DEFINITIONAL_REPRESENTATION('',(#5042),#5049);
#5042 = B_SPLINE_CURVE_WITH_KNOTS('',5,(#5043,#5044,#5045,#5046,#5047,
    #5048),.UNSPECIFIED.,.F.,.F.,(6,6),(3.855639725068,3.870766700287),
  .PIECEWISE_BEZIER_KNOTS.);
#5043 = CARTESIAN_POINT('',(-0.655817890641,-1.5));
#5044 = CARTESIAN_POINT('',(-0.655945868435,-1.202265327971));
#5045 = CARTESIAN_POINT('',(-0.656073362683,-0.903403690948));
#5046 = CARTESIAN_POINT('',(-0.656200375816,-0.603409411495));
#5047 = CARTESIAN_POINT('',(-0.656326910248,-0.302276769196));
#5048 = CARTESIAN_POINT('',(-0.656452968375,0.));
#5049 = ( GEOMETRIC_REPRESENTATION_CONTEXT(2) 
PARAMETRIC_REPRESENTATION_CONTEXT() REPRESENTATION_CONTEXT('2D SPACE',''
  ) );
#5050 = PCURVE('',#3642,#5051);
#5051 = DEFINITIONAL_REPRESENTATION('',(#5052),#5056);
#5052 = ( BOUNDED_CURVE() B_SPLINE_CURVE(2,(#5053,#5054,#5055),
.UNSPECIFIED.,.F.,.F.) B_SPLINE_CURVE_WITH_KNOTS((3,3),(3.855639725068,
3.870766700287),.PIECEWISE_BEZIER_KNOTS.) CURVE() 
GEOMETRIC_REPRESENTATION_ITEM() RATIONAL_B_SPLINE_CURVE((1.,
1.000028603309,1.)) REPRESENTATION_ITEM('') );
#5053 = CARTESIAN_POINT('',(1.411833073512,-1.));
#5054 = CARTESIAN_POINT('',(2.156822397057,-1.744322486804));
#5055 = CARTESIAN_POINT('',(2.913156735682,-2.5));
#5056 = ( GEOMETRIC_REPRESENTATION_CONTEXT(2) 
PARAMETRIC_REPRESENTATION_CONTEXT() REPRESENTATION_CONTEXT('2D SPACE',''
  ) );
#5057 = ORIENTED_EDGE('',*,*,#5058,.F.);
#5058 = EDGE_CURVE('',#4958,#5032,#5059,.T.);
#5059 = SURFACE_CURVE('',#5060,(#5065,#5072),.PCURVE_S1.);
#5060 = CIRCLE('',#5061,98.5);
#5061 = AXIS2_PLACEMENT_3D('',#5062,#5063,#5064);
#5062 = CARTESIAN_POINT('',(0.,0.,19.));
#5063 = DIRECTION('',(0.,0.,1.));
#5064 = DIRECTION('',(1.,0.,-0.));
#5065 = PCURVE('',#3670,#5066);
#5066 = DEFINITIONAL_REPRESENTATION('',(#5067),#5071);
#5067 = LINE('',#5068,#5069);
#5068 = CARTESIAN_POINT('',(-0.,-1.5));
#5069 = VECTOR('',#5070,1.);
#5070 = DIRECTION('',(-1.,-0.));
#5071 = ( GEOMETRIC_REPRESENTATION_CONTEXT(2) 
PARAMETRIC_REPRESENTATION_CONTEXT() REPRESENTATION_CONTEXT('2D SPACE',''
  ) );
#5072 = PCURVE('',#4211,#5073);
#5073 = DEFINITIONAL_REPRESENTATION('',(#5074),#5078);
#5074 = CIRCLE('',#5075,98.5);
#5075 = AXIS2_PLACEMENT_2D('',#5076,#5077);
#5076 = CARTESIAN_POINT('',(0.,0.));
#5077 = DIRECTION('',(1.,0.));
#5078 = ( GEOMETRIC_REPRESENTATION_CONTEXT(2) 
PARAMETRIC_REPRESENTATION_CONTEXT() REPRESENTATION_CONTEXT('2D SPACE',''
  ) );
#5079 = ADVANCED_FACE('',(#5080),#3642,.F.);
#5080 = FACE_BOUND('',#5081,.F.);
#5081 = EDGE_LOOP('',(#5082,#5103,#5131,#5152,#5153));
#5082 = ORIENTED_EDGE('',*,*,#5083,.F.);
#5083 = EDGE_CURVE('',#5084,#5032,#5086,.T.);
#5084 = VERTEX_POINT('',#5085);
#5085 = CARTESIAN_POINT('',(76.984592689568,59.158546293265,19.));
#5086 = SURFACE_CURVE('',#5087,(#5091,#5097),.PCURVE_S1.);
#5087 = LINE('',#5088,#5089);
#5088 = CARTESIAN_POINT('',(39.831437198298,27.983347223468,19.));
#5089 = VECTOR('',#5090,1.);
#5090 = DIRECTION('',(0.766044443119,0.642787609687,-0.));
#5091 = PCURVE('',#3642,#5092);
#5092 = DEFINITIONAL_REPRESENTATION('',(#5093),#5096);
#5093 = B_SPLINE_CURVE_WITH_KNOTS('',1,(#5094,#5095),.UNSPECIFIED.,.F.,
  .F.,(2,2),(48.5,54.5),.PIECEWISE_BEZIER_KNOTS.);
#5094 = CARTESIAN_POINT('',(-1.42108547152E-14,-1.));
#5095 = CARTESIAN_POINT('',(6.,-1.));
#5096 = ( GEOMETRIC_REPRESENTATION_CONTEXT(2) 
PARAMETRIC_REPRESENTATION_CONTEXT() REPRESENTATION_CONTEXT('2D SPACE',''
  ) );
#5097 = PCURVE('',#4211,#5098);
#5098 = DEFINITIONAL_REPRESENTATION('',(#5099),#5102);
#5099 = B_SPLINE_CURVE_WITH_KNOTS('',1,(#5100,#5101),.UNSPECIFIED.,.F.,
  .F.,(2,2),(48.5,54.5),.PIECEWISE_BEZIER_KNOTS.);
#5100 = CARTESIAN_POINT('',(76.984592689568,59.158546293265));
#5101 = CARTESIAN_POINT('',(81.580859348282,63.015271951384));
#5102 = ( GEOMETRIC_REPRESENTATION_CONTEXT(2) 
PARAMETRIC_REPRESENTATION_CONTEXT() REPRESENTATION_CONTEXT('2D SPACE',''
  ) );
#5103 = ORIENTED_EDGE('',*,*,#5104,.T.);
#5104 = EDGE_CURVE('',#5084,#5105,#5107,.T.);
#5105 = VERTEX_POINT('',#5106);
#5106 = CARTESIAN_POINT('',(76.984592689568,59.158546293265,11.));
#5107 = SURFACE_CURVE('',#5108,(#5112,#5119),.PCURVE_S1.);
#5108 = LINE('',#5109,#5110);
#5109 = CARTESIAN_POINT('',(76.984592689568,59.158546293265,20.));
#5110 = VECTOR('',#5111,1.);
#5111 = DIRECTION('',(-0.,-0.,-1.));
#5112 = PCURVE('',#3642,#5113);
#5113 = DEFINITIONAL_REPRESENTATION('',(#5114),#5118);
#5114 = LINE('',#5115,#5116);
#5115 = CARTESIAN_POINT('',(-1.545342695355E-14,0.));
#5116 = VECTOR('',#5117,1.);
#5117 = DIRECTION('',(0.,-1.));
#5118 = ( GEOMETRIC_REPRESENTATION_CONTEXT(2) 
PARAMETRIC_REPRESENTATION_CONTEXT() REPRESENTATION_CONTEXT('2D SPACE',''
  ) );
#5119 = PCURVE('',#5120,#5125);
#5120 = PLANE('',#5121);
#5121 = AXIS2_PLACEMENT_3D('',#5122,#5123,#5124);
#5122 = CARTESIAN_POINT('',(76.984592689568,59.158546293265,20.));
#5123 = DIRECTION('',(0.766044443119,0.642787609687,-0.));
#5124 = DIRECTION('',(-0.642787609687,0.766044443119,0.));
#5125 = DEFINITIONAL_REPRESENTATION('',(#5126),#5130);
#5126 = LINE('',#5127,#5128);
#5127 = CARTESIAN_POINT('',(0.,0.));
#5128 = VECTOR('',#5129,1.);
#5129 = DIRECTION('',(0.,-1.));
#5130 = ( GEOMETRIC_REPRESENTATION_CONTEXT(2) 
PARAMETRIC_REPRESENTATION_CONTEXT() REPRESENTATION_CONTEXT('2D SPACE',''
  ) );
#5131 = ORIENTED_EDGE('',*,*,#5132,.T.);
#5132 = EDGE_CURVE('',#5105,#3599,#5133,.T.);
#5133 = SURFACE_CURVE('',#5134,(#5138,#5145),.PCURVE_S1.);
#5134 = LINE('',#5135,#5136);
#5135 = CARTESIAN_POINT('',(79.282726018925,61.086909122325,11.));
#5136 = VECTOR('',#5137,1.);
#5137 = DIRECTION('',(0.766044443119,0.642787609687,0.));
#5138 = PCURVE('',#3642,#5139);
#5139 = DEFINITIONAL_REPRESENTATION('',(#5140),#5144);
#5140 = LINE('',#5141,#5142);
#5141 = CARTESIAN_POINT('',(3.,-9.));
#5142 = VECTOR('',#5143,1.);
#5143 = DIRECTION('',(1.,0.));
#5144 = ( GEOMETRIC_REPRESENTATION_CONTEXT(2) 
PARAMETRIC_REPRESENTATION_CONTEXT() REPRESENTATION_CONTEXT('2D SPACE',''
  ) );
#5145 = PCURVE('',#3615,#5146);
#5146 = DEFINITIONAL_REPRESENTATION('',(#5147),#5151);
#5147 = LINE('',#5148,#5149);
#5148 = CARTESIAN_POINT('',(0.,-4.166666666667));
#5149 = VECTOR('',#5150,1.);
#5150 = DIRECTION('',(1.,0.));
#5151 = ( GEOMETRIC_REPRESENTATION_CONTEXT(2) 
PARAMETRIC_REPRESENTATION_CONTEXT() REPRESENTATION_CONTEXT('2D SPACE',''
  ) );
#5152 = ORIENTED_EDGE('',*,*,#3627,.T.);
#5153 = ORIENTED_EDGE('',*,*,#5031,.F.);
#5154 = ADVANCED_FACE('',(#5155),#3615,.T.);
#5155 = FACE_BOUND('',#5156,.T.);
#5156 = EDGE_LOOP('',(#5157,#5180,#5181,#5182));
#5157 = ORIENTED_EDGE('',*,*,#5158,.F.);
#5158 = EDGE_CURVE('',#5105,#5159,#5161,.T.);
#5159 = VERTEX_POINT('',#5160);
#5160 = CARTESIAN_POINT('',(71.628029275514,65.542249985923,11.));
#5161 = SURFACE_CURVE('',#5162,(#5166,#5173),.PCURVE_S1.);
#5162 = LINE('',#5163,#5164);
#5163 = CARTESIAN_POINT('',(74.306310982541,62.350398139594,11.));
#5164 = VECTOR('',#5165,1.);
#5165 = DIRECTION('',(-0.642787609687,0.766044443119,0.));
#5166 = PCURVE('',#3615,#5167);
#5167 = DEFINITIONAL_REPRESENTATION('',(#5168),#5172);
#5168 = LINE('',#5169,#5170);
#5169 = CARTESIAN_POINT('',(-3.,0.));
#5170 = VECTOR('',#5171,1.);
#5171 = DIRECTION('',(0.,1.));
#5172 = ( GEOMETRIC_REPRESENTATION_CONTEXT(2) 
PARAMETRIC_REPRESENTATION_CONTEXT() REPRESENTATION_CONTEXT('2D SPACE',''
  ) );
#5173 = PCURVE('',#5120,#5174);
#5174 = DEFINITIONAL_REPRESENTATION('',(#5175),#5179);
#5175 = LINE('',#5176,#5177);
#5176 = CARTESIAN_POINT('',(4.166666666667,-9.));
#5177 = VECTOR('',#5178,1.);
#5178 = DIRECTION('',(1.,0.));
#5179 = ( GEOMETRIC_REPRESENTATION_CONTEXT(2) 
PARAMETRIC_REPRESENTATION_CONTEXT() REPRESENTATION_CONTEXT('2D SPACE',''
  ) );
#5180 = ORIENTED_EDGE('',*,*,#5132,.T.);
#5181 = ORIENTED_EDGE('',*,*,#3598,.T.);
#5182 = ORIENTED_EDGE('',*,*,#5183,.F.);
#5183 = EDGE_CURVE('',#5159,#3573,#5184,.T.);
#5184 = SURFACE_CURVE('',#5185,(#5189,#5196),.PCURVE_S1.);
#5185 = LINE('',#5186,#5187);
#5186 = CARTESIAN_POINT('',(73.926162604871,67.470612814983,11.));
#5187 = VECTOR('',#5188,1.);
#5188 = DIRECTION('',(0.766044443119,0.642787609687,0.));
#5189 = PCURVE('',#3615,#5190);
#5190 = DEFINITIONAL_REPRESENTATION('',(#5191),#5195);
#5191 = LINE('',#5192,#5193);
#5192 = CARTESIAN_POINT('',(0.,4.166666666667));
#5193 = VECTOR('',#5194,1.);
#5194 = DIRECTION('',(1.,0.));
#5195 = ( GEOMETRIC_REPRESENTATION_CONTEXT(2) 
PARAMETRIC_REPRESENTATION_CONTEXT() REPRESENTATION_CONTEXT('2D SPACE',''
  ) );
#5196 = PCURVE('',#3587,#5197);
#5197 = DEFINITIONAL_REPRESENTATION('',(#5198),#5202);
#5198 = LINE('',#5199,#5200);
#5199 = CARTESIAN_POINT('',(3.,-9.));
#5200 = VECTOR('',#5201,1.);
#5201 = DIRECTION('',(1.,0.));
#5202 = ( GEOMETRIC_REPRESENTATION_CONTEXT(2) 
PARAMETRIC_REPRESENTATION_CONTEXT() REPRESENTATION_CONTEXT('2D SPACE',''
  ) );
#5203 = ADVANCED_FACE('',(#5204),#3587,.T.);
#5204 = FACE_BOUND('',#5205,.T.);
#5205 = EDGE_LOOP('',(#5206,#5229,#5250,#5251,#5252));
#5206 = ORIENTED_EDGE('',*,*,#5207,.F.);
#5207 = EDGE_CURVE('',#5208,#5210,#5212,.T.);
#5208 = VERTEX_POINT('',#5209);
#5209 = CARTESIAN_POINT('',(71.628029275514,65.542249985923,19.));
#5210 = VERTEX_POINT('',#5211);
#5211 = CARTESIAN_POINT('',(72.709556156089,66.449758792523,19.));
#5212 = SURFACE_CURVE('',#5213,(#5217,#5223),.PCURVE_S1.);
#5213 = LINE('',#5214,#5215);
#5214 = CARTESIAN_POINT('',(34.474873784243,34.367050916126,19.));
#5215 = VECTOR('',#5216,1.);
#5216 = DIRECTION('',(0.766044443119,0.642787609687,-0.));
#5217 = PCURVE('',#3587,#5218);
#5218 = DEFINITIONAL_REPRESENTATION('',(#5219),#5222);
#5219 = B_SPLINE_CURVE_WITH_KNOTS('',1,(#5220,#5221),.UNSPECIFIED.,.F.,
  .F.,(2,2),(48.5,54.5),.PIECEWISE_BEZIER_KNOTS.);
#5220 = CARTESIAN_POINT('',(0.,-1.));
#5221 = CARTESIAN_POINT('',(6.,-1.));
#5222 = ( GEOMETRIC_REPRESENTATION_CONTEXT(2) 
PARAMETRIC_REPRESENTATION_CONTEXT() REPRESENTATION_CONTEXT('2D SPACE',''
  ) );
#5223 = PCURVE('',#4211,#5224);
#5224 = DEFINITIONAL_REPRESENTATION('',(#5225),#5228);
#5225 = B_SPLINE_CURVE_WITH_KNOTS('',1,(#5226,#5227),.UNSPECIFIED.,.F.,
  .F.,(2,2),(48.5,54.5),.PIECEWISE_BEZIER_KNOTS.);
#5226 = CARTESIAN_POINT('',(71.628029275514,65.542249985923));
#5227 = CARTESIAN_POINT('',(76.224295934228,69.398975644043));
#5228 = ( GEOMETRIC_REPRESENTATION_CONTEXT(2) 
PARAMETRIC_REPRESENTATION_CONTEXT() REPRESENTATION_CONTEXT('2D SPACE',''
  ) );
#5229 = ORIENTED_EDGE('',*,*,#5230,.T.);
#5230 = EDGE_CURVE('',#5208,#5159,#5231,.T.);
#5231 = SURFACE_CURVE('',#5232,(#5236,#5243),.PCURVE_S1.);
#5232 = LINE('',#5233,#5234);
#5233 = CARTESIAN_POINT('',(71.628029275514,65.542249985923,20.));
#5234 = VECTOR('',#5235,1.);
#5235 = DIRECTION('',(-0.,-0.,-1.));
#5236 = PCURVE('',#3587,#5237);
#5237 = DEFINITIONAL_REPRESENTATION('',(#5238),#5242);
#5238 = LINE('',#5239,#5240);
#5239 = CARTESIAN_POINT('',(0.,0.));
#5240 = VECTOR('',#5241,1.);
#5241 = DIRECTION('',(0.,-1.));
#5242 = ( GEOMETRIC_REPRESENTATION_CONTEXT(2) 
PARAMETRIC_REPRESENTATION_CONTEXT() REPRESENTATION_CONTEXT('2D SPACE',''
  ) );
#5243 = PCURVE('',#5120,#5244);
#5244 = DEFINITIONAL_REPRESENTATION('',(#5245),#5249);
#5245 = LINE('',#5246,#5247);
#5246 = CARTESIAN_POINT('',(8.333333333333,0.));
#5247 = VECTOR('',#5248,1.);
#5248 = DIRECTION('',(0.,-1.));
#5249 = ( GEOMETRIC_REPRESENTATION_CONTEXT(2) 
PARAMETRIC_REPRESENTATION_CONTEXT() REPRESENTATION_CONTEXT('2D SPACE',''
  ) );
#5250 = ORIENTED_EDGE('',*,*,#5183,.T.);
#5251 = ORIENTED_EDGE('',*,*,#3572,.T.);
#5252 = ORIENTED_EDGE('',*,*,#5253,.F.);
#5253 = EDGE_CURVE('',#5210,#3544,#5254,.T.);
#5254 = SURFACE_CURVE('',#5255,(#5260,#5267),.PCURVE_S1.);
#5255 = HYPERBOLA('',#5256,4.166666666667,4.166666666667);
#5256 = AXIS2_PLACEMENT_3D('',#5257,#5258,#5259);
#5257 = CARTESIAN_POINT('',(-2.678281707027,3.191851846329,117.5));
#5258 = DIRECTION('',(0.642787609687,-0.766044443119,0.));
#5259 = DIRECTION('',(0.,-0.,-1.));
#5260 = PCURVE('',#3587,#5261);
#5261 = DEFINITIONAL_REPRESENTATION('',(#5262),#5266);
#5262 = ( BOUNDED_CURVE() B_SPLINE_CURVE(2,(#5263,#5264,#5265),
.UNSPECIFIED.,.F.,.F.) B_SPLINE_CURVE_WITH_KNOTS((3,3),(3.855639725068,
3.870766700287),.PIECEWISE_BEZIER_KNOTS.) CURVE() 
GEOMETRIC_REPRESENTATION_ITEM() RATIONAL_B_SPLINE_CURVE((1.,
1.000028603309,1.)) REPRESENTATION_ITEM('') );
#5263 = CARTESIAN_POINT('',(1.411833073513,-1.));
#5264 = CARTESIAN_POINT('',(2.156822397057,-1.744322486804));
#5265 = CARTESIAN_POINT('',(2.913156735682,-2.5));
#5266 = ( GEOMETRIC_REPRESENTATION_CONTEXT(2) 
PARAMETRIC_REPRESENTATION_CONTEXT() REPRESENTATION_CONTEXT('2D SPACE',''
  ) );
#5267 = PCURVE('',#3560,#5268);
#5268 = DEFINITIONAL_REPRESENTATION('',(#5269),#5276);
#5269 = B_SPLINE_CURVE_WITH_KNOTS('',5,(#5270,#5271,#5272,#5273,#5274,
    #5275),.UNSPECIFIED.,.F.,.F.,(6,6),(3.855639725068,3.870766700287),
  .PIECEWISE_BEZIER_KNOTS.);
#5270 = CARTESIAN_POINT('',(-0.740445510954,-1.5));
#5271 = CARTESIAN_POINT('',(-0.740317533161,-1.202265327971));
#5272 = CARTESIAN_POINT('',(-0.740190038913,-0.903403690948));
#5273 = CARTESIAN_POINT('',(-0.74006302578,-0.603409411496));
#5274 = CARTESIAN_POINT('',(-0.739936491347,-0.302276769196));
#5275 = CARTESIAN_POINT('',(-0.73981043322,3.552713678801E-14));
#5276 = ( GEOMETRIC_REPRESENTATION_CONTEXT(2) 
PARAMETRIC_REPRESENTATION_CONTEXT() REPRESENTATION_CONTEXT('2D SPACE',''
  ) );
#5277 = ADVANCED_FACE('',(#5278),#3560,.T.);
#5278 = FACE_BOUND('',#5279,.T.);
#5279 = EDGE_LOOP('',(#5280,#5281,#5282,#5309));
#5280 = ORIENTED_EDGE('',*,*,#5253,.T.);
#5281 = ORIENTED_EDGE('',*,*,#3543,.T.);
#5282 = ORIENTED_EDGE('',*,*,#5283,.F.);
#5283 = EDGE_CURVE('',#5284,#3518,#5286,.T.);
#5284 = VERTEX_POINT('',#5285);
#5285 = CARTESIAN_POINT('',(66.449758792523,72.709556156089,19.));
#5286 = SURFACE_CURVE('',#5287,(#5292,#5302),.PCURVE_S1.);
#5287 = HYPERBOLA('',#5288,4.166666666667,4.166666666667);
#5288 = AXIS2_PLACEMENT_3D('',#5289,#5290,#5291);
#5289 = CARTESIAN_POINT('',(3.191851846329,-2.678281707027,117.5));
#5290 = DIRECTION('',(0.766044443119,-0.642787609687,0.));
#5291 = DIRECTION('',(0.,-0.,-1.));
#5292 = PCURVE('',#3560,#5293);
#5293 = DEFINITIONAL_REPRESENTATION('',(#5294),#5301);
#5294 = B_SPLINE_CURVE_WITH_KNOTS('',5,(#5295,#5296,#5297,#5298,#5299,
    #5300),.UNSPECIFIED.,.F.,.F.,(6,6),(3.855639725068,3.870766700287),
  .PIECEWISE_BEZIER_KNOTS.);
#5295 = CARTESIAN_POINT('',(-0.830350815841,-1.5));
#5296 = CARTESIAN_POINT('',(-0.830478793634,-1.202265327971));
#5297 = CARTESIAN_POINT('',(-0.830606287882,-0.903403690948));
#5298 = CARTESIAN_POINT('',(-0.830733301015,-0.603409411496));
#5299 = CARTESIAN_POINT('',(-0.830859835448,-0.302276769196));
#5300 = CARTESIAN_POINT('',(-0.830985893575,0.));
#5301 = ( GEOMETRIC_REPRESENTATION_CONTEXT(2) 
PARAMETRIC_REPRESENTATION_CONTEXT() REPRESENTATION_CONTEXT('2D SPACE',''
  ) );
#5302 = PCURVE('',#3532,#5303);
#5303 = DEFINITIONAL_REPRESENTATION('',(#5304),#5308);
#5304 = ( BOUNDED_CURVE() B_SPLINE_CURVE(2,(#5305,#5306,#5307),
.UNSPECIFIED.,.F.,.F.) B_SPLINE_CURVE_WITH_KNOTS((3,3),(3.855639725068,
3.870766700287),.PIECEWISE_BEZIER_KNOTS.) CURVE() 
GEOMETRIC_REPRESENTATION_ITEM() RATIONAL_B_SPLINE_CURVE((1.,
1.000028603309,1.)) REPRESENTATION_ITEM('') );
#5305 = CARTESIAN_POINT('',(1.411833073512,-1.));
#5306 = CARTESIAN_POINT('',(2.156822397057,-1.744322486804));
#5307 = CARTESIAN_POINT('',(2.913156735682,-2.5));
#5308 = ( GEOMETRIC_REPRESENTATION_CONTEXT(2) 
PARAMETRIC_REPRESENTATION_CONTEXT() REPRESENTATION_CONTEXT('2D SPACE',''
  ) );
#5309 = ORIENTED_EDGE('',*,*,#5310,.F.);
#5310 = EDGE_CURVE('',#5210,#5284,#5311,.T.);
#5311 = SURFACE_CURVE('',#5312,(#5317,#5324),.PCURVE_S1.);
#5312 = CIRCLE('',#5313,98.5);
#5313 = AXIS2_PLACEMENT_3D('',#5314,#5315,#5316);
#5314 = CARTESIAN_POINT('',(0.,0.,19.));
#5315 = DIRECTION('',(0.,0.,1.));
#5316 = DIRECTION('',(1.,0.,-0.));
#5317 = PCURVE('',#3560,#5318);
#5318 = DEFINITIONAL_REPRESENTATION('',(#5319),#5323);
#5319 = LINE('',#5320,#5321);
#5320 = CARTESIAN_POINT('',(-0.,-1.5));
#5321 = VECTOR('',#5322,1.);
#5322 = DIRECTION('',(-1.,-0.));
#5323 = ( GEOMETRIC_REPRESENTATION_CONTEXT(2) 
PARAMETRIC_REPRESENTATION_CONTEXT() REPRESENTATION_CONTEXT('2D SPACE',''
  ) );
#5324 = PCURVE('',#4211,#5325);
#5325 = DEFINITIONAL_REPRESENTATION('',(#5326),#5330);
#5326 = CIRCLE('',#5327,98.5);
#5327 = AXIS2_PLACEMENT_2D('',#5328,#5329);
#5328 = CARTESIAN_POINT('',(0.,0.));
#5329 = DIRECTION('',(1.,0.));
#5330 = ( GEOMETRIC_REPRESENTATION_CONTEXT(2) 
PARAMETRIC_REPRESENTATION_CONTEXT() REPRESENTATION_CONTEXT('2D SPACE',''
  ) );
#5331 = ADVANCED_FACE('',(#5332),#3532,.F.);
#5332 = FACE_BOUND('',#5333,.F.);
#5333 = EDGE_LOOP('',(#5334,#5355,#5383,#5404,#5405));
#5334 = ORIENTED_EDGE('',*,*,#5335,.F.);
#5335 = EDGE_CURVE('',#5336,#5284,#5338,.T.);
#5336 = VERTEX_POINT('',#5337);
#5337 = CARTESIAN_POINT('',(65.542249985923,71.628029275514,19.));
#5338 = SURFACE_CURVE('',#5339,(#5343,#5349),.PCURVE_S1.);
#5339 = LINE('',#5340,#5341);
#5340 = CARTESIAN_POINT('',(34.367050916126,34.474873784243,19.));
#5341 = VECTOR('',#5342,1.);
#5342 = DIRECTION('',(0.642787609687,0.766044443119,-0.));
#5343 = PCURVE('',#3532,#5344);
#5344 = DEFINITIONAL_REPRESENTATION('',(#5345),#5348);
#5345 = B_SPLINE_CURVE_WITH_KNOTS('',1,(#5346,#5347),.UNSPECIFIED.,.F.,
  .F.,(2,2),(48.5,54.5),.PIECEWISE_BEZIER_KNOTS.);
#5346 = CARTESIAN_POINT('',(0.,-1.));
#5347 = CARTESIAN_POINT('',(6.,-1.));
#5348 = ( GEOMETRIC_REPRESENTATION_CONTEXT(2) 
PARAMETRIC_REPRESENTATION_CONTEXT() REPRESENTATION_CONTEXT('2D SPACE',''
  ) );
#5349 = PCURVE('',#4211,#5350);
#5350 = DEFINITIONAL_REPRESENTATION('',(#5351),#5354);
#5351 = B_SPLINE_CURVE_WITH_KNOTS('',1,(#5352,#5353),.UNSPECIFIED.,.F.,
  .F.,(2,2),(48.5,54.5),.PIECEWISE_BEZIER_KNOTS.);
#5352 = CARTESIAN_POINT('',(65.542249985923,71.628029275514));
#5353 = CARTESIAN_POINT('',(69.398975644043,76.224295934227));
#5354 = ( GEOMETRIC_REPRESENTATION_CONTEXT(2) 
PARAMETRIC_REPRESENTATION_CONTEXT() REPRESENTATION_CONTEXT('2D SPACE',''
  ) );
#5355 = ORIENTED_EDGE('',*,*,#5356,.T.);
#5356 = EDGE_CURVE('',#5336,#5357,#5359,.T.);
#5357 = VERTEX_POINT('',#5358);
#5358 = CARTESIAN_POINT('',(65.542249985923,71.628029275514,11.));
#5359 = SURFACE_CURVE('',#5360,(#5364,#5371),.PCURVE_S1.);
#5360 = LINE('',#5361,#5362);
#5361 = CARTESIAN_POINT('',(65.542249985923,71.628029275514,20.));
#5362 = VECTOR('',#5363,1.);
#5363 = DIRECTION('',(-0.,-0.,-1.));
#5364 = PCURVE('',#3532,#5365);
#5365 = DEFINITIONAL_REPRESENTATION('',(#5366),#5370);
#5366 = LINE('',#5367,#5368);
#5367 = CARTESIAN_POINT('',(0.,0.));
#5368 = VECTOR('',#5369,1.);
#5369 = DIRECTION('',(0.,-1.));
#5370 = ( GEOMETRIC_REPRESENTATION_CONTEXT(2) 
PARAMETRIC_REPRESENTATION_CONTEXT() REPRESENTATION_CONTEXT('2D SPACE',''
  ) );
#5371 = PCURVE('',#5372,#5377);
#5372 = PLANE('',#5373);
#5373 = AXIS2_PLACEMENT_3D('',#5374,#5375,#5376);
#5374 = CARTESIAN_POINT('',(65.542249985923,71.628029275514,20.));
#5375 = DIRECTION('',(0.642787609687,0.766044443119,-0.));
#5376 = DIRECTION('',(-0.766044443119,0.642787609687,0.));
#5377 = DEFINITIONAL_REPRESENTATION('',(#5378),#5382);
#5378 = LINE('',#5379,#5380);
#5379 = CARTESIAN_POINT('',(0.,0.));
#5380 = VECTOR('',#5381,1.);
#5381 = DIRECTION('',(0.,-1.));
#5382 = ( GEOMETRIC_REPRESENTATION_CONTEXT(2) 
PARAMETRIC_REPRESENTATION_CONTEXT() REPRESENTATION_CONTEXT('2D SPACE',''
  ) );
#5383 = ORIENTED_EDGE('',*,*,#5384,.T.);
#5384 = EDGE_CURVE('',#5357,#3489,#5385,.T.);
#5385 = SURFACE_CURVE('',#5386,(#5390,#5397),.PCURVE_S1.);
#5386 = LINE('',#5387,#5388);
#5387 = CARTESIAN_POINT('',(67.470612814983,73.926162604871,11.));
#5388 = VECTOR('',#5389,1.);
#5389 = DIRECTION('',(0.642787609687,0.766044443119,0.));
#5390 = PCURVE('',#3532,#5391);
#5391 = DEFINITIONAL_REPRESENTATION('',(#5392),#5396);
#5392 = LINE('',#5393,#5394);
#5393 = CARTESIAN_POINT('',(3.,-9.));
#5394 = VECTOR('',#5395,1.);
#5395 = DIRECTION('',(1.,0.));
#5396 = ( GEOMETRIC_REPRESENTATION_CONTEXT(2) 
PARAMETRIC_REPRESENTATION_CONTEXT() REPRESENTATION_CONTEXT('2D SPACE',''
  ) );
#5397 = PCURVE('',#3505,#5398);
#5398 = DEFINITIONAL_REPRESENTATION('',(#5399),#5403);
#5399 = LINE('',#5400,#5401);
#5400 = CARTESIAN_POINT('',(0.,-4.166666666667));
#5401 = VECTOR('',#5402,1.);
#5402 = DIRECTION('',(1.,0.));
#5403 = ( GEOMETRIC_REPRESENTATION_CONTEXT(2) 
PARAMETRIC_REPRESENTATION_CONTEXT() REPRESENTATION_CONTEXT('2D SPACE',''
  ) );
#5404 = ORIENTED_EDGE('',*,*,#3517,.T.);
#5405 = ORIENTED_EDGE('',*,*,#5283,.F.);
#5406 = ADVANCED_FACE('',(#5407),#3505,.T.);
#5407 = FACE_BOUND('',#5408,.T.);
#5408 = EDGE_LOOP('',(#5409,#5432,#5433,#5434));
#5409 = ORIENTED_EDGE('',*,*,#5410,.F.);
#5410 = EDGE_CURVE('',#5357,#5411,#5413,.T.);
#5411 = VERTEX_POINT('',#5412);
#5412 = CARTESIAN_POINT('',(59.158546293265,76.984592689568,11.));
#5413 = SURFACE_CURVE('',#5414,(#5418,#5425),.PCURVE_S1.);
#5414 = LINE('',#5415,#5416);
#5415 = CARTESIAN_POINT('',(62.350398139594,74.306310982541,11.));
#5416 = VECTOR('',#5417,1.);
#5417 = DIRECTION('',(-0.766044443119,0.642787609687,0.));
#5418 = PCURVE('',#3505,#5419);
#5419 = DEFINITIONAL_REPRESENTATION('',(#5420),#5424);
#5420 = LINE('',#5421,#5422);
#5421 = CARTESIAN_POINT('',(-3.,0.));
#5422 = VECTOR('',#5423,1.);
#5423 = DIRECTION('',(0.,1.));
#5424 = ( GEOMETRIC_REPRESENTATION_CONTEXT(2) 
PARAMETRIC_REPRESENTATION_CONTEXT() REPRESENTATION_CONTEXT('2D SPACE',''
  ) );
#5425 = PCURVE('',#5372,#5426);
#5426 = DEFINITIONAL_REPRESENTATION('',(#5427),#5431);
#5427 = LINE('',#5428,#5429);
#5428 = CARTESIAN_POINT('',(4.166666666667,-9.));
#5429 = VECTOR('',#5430,1.);
#5430 = DIRECTION('',(1.,0.));
#5431 = ( GEOMETRIC_REPRESENTATION_CONTEXT(2) 
PARAMETRIC_REPRESENTATION_CONTEXT() REPRESENTATION_CONTEXT('2D SPACE',''
  ) );
#5432 = ORIENTED_EDGE('',*,*,#5384,.T.);
#5433 = ORIENTED_EDGE('',*,*,#3488,.T.);
#5434 = ORIENTED_EDGE('',*,*,#5435,.F.);
#5435 = EDGE_CURVE('',#5411,#3463,#5436,.T.);
#5436 = SURFACE_CURVE('',#5437,(#5441,#5448),.PCURVE_S1.);
#5437 = LINE('',#5438,#5439);
#5438 = CARTESIAN_POINT('',(61.086909122325,79.282726018925,11.));
#5439 = VECTOR('',#5440,1.);
#5440 = DIRECTION('',(0.642787609687,0.766044443119,0.));
#5441 = PCURVE('',#3505,#5442);
#5442 = DEFINITIONAL_REPRESENTATION('',(#5443),#5447);
#5443 = LINE('',#5444,#5445);
#5444 = CARTESIAN_POINT('',(0.,4.166666666667));
#5445 = VECTOR('',#5446,1.);
#5446 = DIRECTION('',(1.,0.));
#5447 = ( GEOMETRIC_REPRESENTATION_CONTEXT(2) 
PARAMETRIC_REPRESENTATION_CONTEXT() REPRESENTATION_CONTEXT('2D SPACE',''
  ) );
#5448 = PCURVE('',#3477,#5449);
#5449 = DEFINITIONAL_REPRESENTATION('',(#5450),#5454);
#5450 = LINE('',#5451,#5452);
#5451 = CARTESIAN_POINT('',(3.,-9.));
#5452 = VECTOR('',#5453,1.);
#5453 = DIRECTION('',(1.,0.));
#5454 = ( GEOMETRIC_REPRESENTATION_CONTEXT(2) 
PARAMETRIC_REPRESENTATION_CONTEXT() REPRESENTATION_CONTEXT('2D SPACE',''
  ) );
#5455 = ADVANCED_FACE('',(#5456),#3477,.T.);
#5456 = FACE_BOUND('',#5457,.T.);
#5457 = EDGE_LOOP('',(#5458,#5481,#5502,#5503,#5504));
#5458 = ORIENTED_EDGE('',*,*,#5459,.F.);
#5459 = EDGE_CURVE('',#5460,#5462,#5464,.T.);
#5460 = VERTEX_POINT('',#5461);
#5461 = CARTESIAN_POINT('',(59.158546293265,76.984592689568,19.));
#5462 = VERTEX_POINT('',#5463);
#5463 = CARTESIAN_POINT('',(60.066055099865,78.066119570144,19.));
#5464 = SURFACE_CURVE('',#5465,(#5469,#5475),.PCURVE_S1.);
#5465 = LINE('',#5466,#5467);
#5466 = CARTESIAN_POINT('',(27.983347223468,39.831437198298,19.));
#5467 = VECTOR('',#5468,1.);
#5468 = DIRECTION('',(0.642787609687,0.766044443119,-0.));
#5469 = PCURVE('',#3477,#5470);
#5470 = DEFINITIONAL_REPRESENTATION('',(#5471),#5474);
#5471 = B_SPLINE_CURVE_WITH_KNOTS('',1,(#5472,#5473),.UNSPECIFIED.,.F.,
  .F.,(2,2),(48.5,54.5),.PIECEWISE_BEZIER_KNOTS.);
#5472 = CARTESIAN_POINT('',(-1.42108547152E-14,-1.));
#5473 = CARTESIAN_POINT('',(6.,-1.));
#5474 = ( GEOMETRIC_REPRESENTATION_CONTEXT(2) 
PARAMETRIC_REPRESENTATION_CONTEXT() REPRESENTATION_CONTEXT('2D SPACE',''
  ) );
#5475 = PCURVE('',#4211,#5476);
#5476 = DEFINITIONAL_REPRESENTATION('',(#5477),#5480);
#5477 = B_SPLINE_CURVE_WITH_KNOTS('',1,(#5478,#5479),.UNSPECIFIED.,.F.,
  .F.,(2,2),(48.5,54.5),.PIECEWISE_BEZIER_KNOTS.);
#5478 = CARTESIAN_POINT('',(59.158546293265,76.984592689568));
#5479 = CARTESIAN_POINT('',(63.015271951384,81.580859348282));
#5480 = ( GEOMETRIC_REPRESENTATION_CONTEXT(2) 
PARAMETRIC_REPRESENTATION_CONTEXT() REPRESENTATION_CONTEXT('2D SPACE',''
  ) );
#5481 = ORIENTED_EDGE('',*,*,#5482,.T.);
#5482 = EDGE_CURVE('',#5460,#5411,#5483,.T.);
#5483 = SURFACE_CURVE('',#5484,(#5488,#5495),.PCURVE_S1.);
#5484 = LINE('',#5485,#5486);
#5485 = CARTESIAN_POINT('',(59.158546293265,76.984592689568,20.));
#5486 = VECTOR('',#5487,1.);
#5487 = DIRECTION('',(-0.,-0.,-1.));
#5488 = PCURVE('',#3477,#5489);
#5489 = DEFINITIONAL_REPRESENTATION('',(#5490),#5494);
#5490 = LINE('',#5491,#5492);
#5491 = CARTESIAN_POINT('',(-1.545342695355E-14,0.));
#5492 = VECTOR('',#5493,1.);
#5493 = DIRECTION('',(0.,-1.));
#5494 = ( GEOMETRIC_REPRESENTATION_CONTEXT(2) 
PARAMETRIC_REPRESENTATION_CONTEXT() REPRESENTATION_CONTEXT('2D SPACE',''
  ) );
#5495 = PCURVE('',#5372,#5496);
#5496 = DEFINITIONAL_REPRESENTATION('',(#5497),#5501);
#5497 = LINE('',#5498,#5499);
#5498 = CARTESIAN_POINT('',(8.333333333333,0.));
#5499 = VECTOR('',#5500,1.);
#5500 = DIRECTION('',(0.,-1.));
#5501 = ( GEOMETRIC_REPRESENTATION_CONTEXT(2) 
PARAMETRIC_REPRESENTATION_CONTEXT() REPRESENTATION_CONTEXT('2D SPACE',''
  ) );
#5502 = ORIENTED_EDGE('',*,*,#5435,.T.);
#5503 = ORIENTED_EDGE('',*,*,#3462,.T.);
#5504 = ORIENTED_EDGE('',*,*,#5505,.F.);
#5505 = EDGE_CURVE('',#5462,#3434,#5506,.T.);
#5506 = SURFACE_CURVE('',#5507,(#5512,#5519),.PCURVE_S1.);
#5507 = HYPERBOLA('',#5508,4.166666666667,4.166666666667);
#5508 = AXIS2_PLACEMENT_3D('',#5509,#5510,#5511);
#5509 = CARTESIAN_POINT('',(-3.191851846329,2.678281707027,117.5));
#5510 = DIRECTION('',(0.766044443119,-0.642787609687,0.));
#5511 = DIRECTION('',(0.,-0.,-1.));
#5512 = PCURVE('',#3477,#5513);
#5513 = DEFINITIONAL_REPRESENTATION('',(#5514),#5518);
#5514 = ( BOUNDED_CURVE() B_SPLINE_CURVE(2,(#5515,#5516,#5517),
.UNSPECIFIED.,.F.,.F.) B_SPLINE_CURVE_WITH_KNOTS((3,3),(3.855639725068,
3.870766700287),.PIECEWISE_BEZIER_KNOTS.) CURVE() 
GEOMETRIC_REPRESENTATION_ITEM() RATIONAL_B_SPLINE_CURVE((1.,
1.000028603309,1.)) REPRESENTATION_ITEM('') );
#5515 = CARTESIAN_POINT('',(1.411833073512,-1.));
#5516 = CARTESIAN_POINT('',(2.156822397057,-1.744322486804));
#5517 = CARTESIAN_POINT('',(2.913156735682,-2.5));
#5518 = ( GEOMETRIC_REPRESENTATION_CONTEXT(2) 
PARAMETRIC_REPRESENTATION_CONTEXT() REPRESENTATION_CONTEXT('2D SPACE',''
  ) );
#5519 = PCURVE('',#3450,#5520);
#5520 = DEFINITIONAL_REPRESENTATION('',(#5521),#5528);
#5521 = B_SPLINE_CURVE_WITH_KNOTS('',5,(#5522,#5523,#5524,#5525,#5526,
    #5527),.UNSPECIFIED.,.F.,.F.,(6,6),(3.855639725068,3.870766700287),
  .PIECEWISE_BEZIER_KNOTS.);
#5522 = CARTESIAN_POINT('',(-0.914978436154,-1.5));
#5523 = CARTESIAN_POINT('',(-0.91485045836,-1.202265327971));
#5524 = CARTESIAN_POINT('',(-0.914722964112,-0.903403690948));
#5525 = CARTESIAN_POINT('',(-0.914595950979,-0.603409411496));
#5526 = CARTESIAN_POINT('',(-0.914469416547,-0.302276769196));
#5527 = CARTESIAN_POINT('',(-0.91434335842,1.42108547152E-14));
#5528 = ( GEOMETRIC_REPRESENTATION_CONTEXT(2) 
PARAMETRIC_REPRESENTATION_CONTEXT() REPRESENTATION_CONTEXT('2D SPACE',''
  ) );
#5529 = ADVANCED_FACE('',(#5530),#3450,.T.);
#5530 = FACE_BOUND('',#5531,.T.);
#5531 = EDGE_LOOP('',(#5532,#5533,#5534,#5561));
#5532 = ORIENTED_EDGE('',*,*,#5505,.T.);
#5533 = ORIENTED_EDGE('',*,*,#3433,.T.);
#5534 = ORIENTED_EDGE('',*,*,#5535,.F.);
#5535 = EDGE_CURVE('',#5536,#3408,#5538,.T.);
#5536 = VERTEX_POINT('',#5537);
#5537 = CARTESIAN_POINT('',(52.814355719191,83.143814141322,19.));
#5538 = SURFACE_CURVE('',#5539,(#5544,#5554),.PCURVE_S1.);
#5539 = HYPERBOLA('',#5540,4.166666666667,4.166666666667);
#5540 = AXIS2_PLACEMENT_3D('',#5541,#5542,#5543);
#5541 = CARTESIAN_POINT('',(3.608439182435,-2.083333333333,117.5));
#5542 = DIRECTION('',(0.866025403784,-0.5,0.));
#5543 = DIRECTION('',(0.,-0.,-1.));
#5544 = PCURVE('',#3450,#5545);
#5545 = DEFINITIONAL_REPRESENTATION('',(#5546),#5553);
#5546 = B_SPLINE_CURVE_WITH_KNOTS('',5,(#5547,#5548,#5549,#5550,#5551,
    #5552),.UNSPECIFIED.,.F.,.F.,(6,6),(3.855639725068,3.870766700287),
  .PIECEWISE_BEZIER_KNOTS.);
#5547 = CARTESIAN_POINT('',(-1.00488374104,-1.5));
#5548 = CARTESIAN_POINT('',(-1.005011718834,-1.202265327971));
#5549 = CARTESIAN_POINT('',(-1.005139213081,-0.903403690948));
#5550 = CARTESIAN_POINT('',(-1.005266226215,-0.603409411496));
#5551 = CARTESIAN_POINT('',(-1.005392760647,-0.302276769196));
#5552 = CARTESIAN_POINT('',(-1.005518818774,-1.42108547152E-14));
#5553 = ( GEOMETRIC_REPRESENTATION_CONTEXT(2) 
PARAMETRIC_REPRESENTATION_CONTEXT() REPRESENTATION_CONTEXT('2D SPACE',''
  ) );
#5554 = PCURVE('',#3422,#5555);
#5555 = DEFINITIONAL_REPRESENTATION('',(#5556),#5560);
#5556 = ( BOUNDED_CURVE() B_SPLINE_CURVE(2,(#5557,#5558,#5559),
.UNSPECIFIED.,.F.,.F.) B_SPLINE_CURVE_WITH_KNOTS((3,3),(3.855639725068,
3.870766700287),.PIECEWISE_BEZIER_KNOTS.) CURVE() 
GEOMETRIC_REPRESENTATION_ITEM() RATIONAL_B_SPLINE_CURVE((1.,
1.000028603309,1.)) REPRESENTATION_ITEM('') );
#5557 = CARTESIAN_POINT('',(1.411833073512,-1.));
#5558 = CARTESIAN_POINT('',(2.156822397057,-1.744322486804));
#5559 = CARTESIAN_POINT('',(2.913156735682,-2.5));
#5560 = ( GEOMETRIC_REPRESENTATION_CONTEXT(2) 
PARAMETRIC_REPRESENTATION_CONTEXT() REPRESENTATION_CONTEXT('2D SPACE',''
  ) );
#5561 = ORIENTED_EDGE('',*,*,#5562,.F.);
#5562 = EDGE_CURVE('',#5462,#5536,#5563,.T.);
#5563 = SURFACE_CURVE('',#5564,(#5569,#5576),.PCURVE_S1.);
#5564 = CIRCLE('',#5565,98.5);
#5565 = AXIS2_PLACEMENT_3D('',#5566,#5567,#5568);
#5566 = CARTESIAN_POINT('',(0.,0.,19.));
#5567 = DIRECTION('',(0.,0.,1.));
#5568 = DIRECTION('',(1.,0.,-0.));
#5569 = PCURVE('',#3450,#5570);
#5570 = DEFINITIONAL_REPRESENTATION('',(#5571),#5575);
#5571 = LINE('',#5572,#5573);
#5572 = CARTESIAN_POINT('',(-0.,-1.5));
#5573 = VECTOR('',#5574,1.);
#5574 = DIRECTION('',(-1.,-0.));
#5575 = ( GEOMETRIC_REPRESENTATION_CONTEXT(2) 
PARAMETRIC_REPRESENTATION_CONTEXT() REPRESENTATION_CONTEXT('2D SPACE',''
  ) );
#5576 = PCURVE('',#4211,#5577);
#5577 = DEFINITIONAL_REPRESENTATION('',(#5578),#5582);
#5578 = CIRCLE('',#5579,98.5);
#5579 = AXIS2_PLACEMENT_2D('',#5580,#5581);
#5580 = CARTESIAN_POINT('',(0.,0.));
#5581 = DIRECTION('',(1.,0.));
#5582 = ( GEOMETRIC_REPRESENTATION_CONTEXT(2) 
PARAMETRIC_REPRESENTATION_CONTEXT() REPRESENTATION_CONTEXT('2D SPACE',''
  ) );
#5583 = ADVANCED_FACE('',(#5584),#3422,.F.);
#5584 = FACE_BOUND('',#5585,.F.);
#5585 = EDGE_LOOP('',(#5586,#5607,#5635,#5656,#5657));
#5586 = ORIENTED_EDGE('',*,*,#5587,.F.);
#5587 = EDGE_CURVE('',#5588,#5536,#5590,.T.);
#5588 = VERTEX_POINT('',#5589);
#5589 = CARTESIAN_POINT('',(52.108439182435,81.921130833757,19.));
#5590 = SURFACE_CURVE('',#5591,(#5595,#5601),.PCURVE_S1.);
#5591 = LINE('',#5592,#5593);
#5592 = CARTESIAN_POINT('',(27.858439182435,39.918898750212,19.));
#5593 = VECTOR('',#5594,1.);
#5594 = DIRECTION('',(0.5,0.866025403784,-0.));
#5595 = PCURVE('',#3422,#5596);
#5596 = DEFINITIONAL_REPRESENTATION('',(#5597),#5600);
#5597 = B_SPLINE_CURVE_WITH_KNOTS('',1,(#5598,#5599),.UNSPECIFIED.,.F.,
  .F.,(2,2),(48.5,54.5),.PIECEWISE_BEZIER_KNOTS.);
#5598 = CARTESIAN_POINT('',(0.,-1.));
#5599 = CARTESIAN_POINT('',(6.,-1.));
#5600 = ( GEOMETRIC_REPRESENTATION_CONTEXT(2) 
PARAMETRIC_REPRESENTATION_CONTEXT() REPRESENTATION_CONTEXT('2D SPACE',''
  ) );
#5601 = PCURVE('',#4211,#5602);
#5602 = DEFINITIONAL_REPRESENTATION('',(#5603),#5606);
#5603 = B_SPLINE_CURVE_WITH_KNOTS('',1,(#5604,#5605),.UNSPECIFIED.,.F.,
  .F.,(2,2),(48.5,54.5),.PIECEWISE_BEZIER_KNOTS.);
#5604 = CARTESIAN_POINT('',(52.108439182435,81.921130833757));
#5605 = CARTESIAN_POINT('',(55.108439182435,87.117283256464));
#5606 = ( GEOMETRIC_REPRESENTATION_CONTEXT(2) 
PARAMETRIC_REPRESENTATION_CONTEXT() REPRESENTATION_CONTEXT('2D SPACE',''
  ) );
#5607 = ORIENTED_EDGE('',*,*,#5608,.T.);
#5608 = EDGE_CURVE('',#5588,#5609,#5611,.T.);
#5609 = VERTEX_POINT('',#5610);
#5610 = CARTESIAN_POINT('',(52.108439182435,81.921130833757,11.));
#5611 = SURFACE_CURVE('',#5612,(#5616,#5623),.PCURVE_S1.);
#5612 = LINE('',#5613,#5614);
#5613 = CARTESIAN_POINT('',(52.108439182435,81.921130833757,20.));
#5614 = VECTOR('',#5615,1.);
#5615 = DIRECTION('',(-0.,-0.,-1.));
#5616 = PCURVE('',#3422,#5617);
#5617 = DEFINITIONAL_REPRESENTATION('',(#5618),#5622);
#5618 = LINE('',#5619,#5620);
#5619 = CARTESIAN_POINT('',(0.,0.));
#5620 = VECTOR('',#5621,1.);
#5621 = DIRECTION('',(0.,-1.));
#5622 = ( GEOMETRIC_REPRESENTATION_CONTEXT(2) 
PARAMETRIC_REPRESENTATION_CONTEXT() REPRESENTATION_CONTEXT('2D SPACE',''
  ) );
#5623 = PCURVE('',#5624,#5629);
#5624 = PLANE('',#5625);
#5625 = AXIS2_PLACEMENT_3D('',#5626,#5627,#5628);
#5626 = CARTESIAN_POINT('',(52.108439182435,81.921130833757,20.));
#5627 = DIRECTION('',(0.5,0.866025403784,-0.));
#5628 = DIRECTION('',(-0.866025403784,0.5,0.));
#5629 = DEFINITIONAL_REPRESENTATION('',(#5630),#5634);
#5630 = LINE('',#5631,#5632);
#5631 = CARTESIAN_POINT('',(0.,0.));
#5632 = VECTOR('',#5633,1.);
#5633 = DIRECTION('',(0.,-1.));
#5634 = ( GEOMETRIC_REPRESENTATION_CONTEXT(2) 
PARAMETRIC_REPRESENTATION_CONTEXT() REPRESENTATION_CONTEXT('2D SPACE',''
  ) );
#5635 = ORIENTED_EDGE('',*,*,#5636,.T.);
#5636 = EDGE_CURVE('',#5609,#3379,#5637,.T.);
#5637 = SURFACE_CURVE('',#5638,(#5642,#5649),.PCURVE_S1.);
#5638 = LINE('',#5639,#5640);
#5639 = CARTESIAN_POINT('',(53.608439182435,84.519207045111,11.));
#5640 = VECTOR('',#5641,1.);
#5641 = DIRECTION('',(0.5,0.866025403784,0.));
#5642 = PCURVE('',#3422,#5643);
#5643 = DEFINITIONAL_REPRESENTATION('',(#5644),#5648);
#5644 = LINE('',#5645,#5646);
#5645 = CARTESIAN_POINT('',(3.,-9.));
#5646 = VECTOR('',#5647,1.);
#5647 = DIRECTION('',(1.,0.));
#5648 = ( GEOMETRIC_REPRESENTATION_CONTEXT(2) 
PARAMETRIC_REPRESENTATION_CONTEXT() REPRESENTATION_CONTEXT('2D SPACE',''
  ) );
#5649 = PCURVE('',#3395,#5650);
#5650 = DEFINITIONAL_REPRESENTATION('',(#5651),#5655);
#5651 = LINE('',#5652,#5653);
#5652 = CARTESIAN_POINT('',(0.,-4.166666666667));
#5653 = VECTOR('',#5654,1.);
#5654 = DIRECTION('',(1.,0.));
#5655 = ( GEOMETRIC_REPRESENTATION_CONTEXT(2) 
PARAMETRIC_REPRESENTATION_CONTEXT() REPRESENTATION_CONTEXT('2D SPACE',''
  ) );
#5656 = ORIENTED_EDGE('',*,*,#3407,.T.);
#5657 = ORIENTED_EDGE('',*,*,#5535,.F.);
#5658 = ADVANCED_FACE('',(#5659),#3395,.T.);
#5659 = FACE_BOUND('',#5660,.T.);
#5660 = EDGE_LOOP('',(#5661,#5684,#5685,#5686));
#5661 = ORIENTED_EDGE('',*,*,#5662,.F.);
#5662 = EDGE_CURVE('',#5609,#5663,#5665,.T.);
#5663 = VERTEX_POINT('',#5664);
#5664 = CARTESIAN_POINT('',(44.891560817565,86.087797500424,11.));
#5665 = SURFACE_CURVE('',#5666,(#5670,#5677),.PCURVE_S1.);
#5666 = LINE('',#5667,#5668);
#5667 = CARTESIAN_POINT('',(48.5,84.004464167091,11.));
#5668 = VECTOR('',#5669,1.);
#5669 = DIRECTION('',(-0.866025403784,0.5,0.));
#5670 = PCURVE('',#3395,#5671);
#5671 = DEFINITIONAL_REPRESENTATION('',(#5672),#5676);
#5672 = LINE('',#5673,#5674);
#5673 = CARTESIAN_POINT('',(-3.,0.));
#5674 = VECTOR('',#5675,1.);
#5675 = DIRECTION('',(0.,1.));
#5676 = ( GEOMETRIC_REPRESENTATION_CONTEXT(2) 
PARAMETRIC_REPRESENTATION_CONTEXT() REPRESENTATION_CONTEXT('2D SPACE',''
  ) );
#5677 = PCURVE('',#5624,#5678);
#5678 = DEFINITIONAL_REPRESENTATION('',(#5679),#5683);
#5679 = LINE('',#5680,#5681);
#5680 = CARTESIAN_POINT('',(4.166666666667,-9.));
#5681 = VECTOR('',#5682,1.);
#5682 = DIRECTION('',(1.,0.));
#5683 = ( GEOMETRIC_REPRESENTATION_CONTEXT(2) 
PARAMETRIC_REPRESENTATION_CONTEXT() REPRESENTATION_CONTEXT('2D SPACE',''
  ) );
#5684 = ORIENTED_EDGE('',*,*,#5636,.T.);
#5685 = ORIENTED_EDGE('',*,*,#3378,.T.);
#5686 = ORIENTED_EDGE('',*,*,#5687,.F.);
#5687 = EDGE_CURVE('',#5663,#3353,#5688,.T.);
#5688 = SURFACE_CURVE('',#5689,(#5693,#5700),.PCURVE_S1.);
#5689 = LINE('',#5690,#5691);
#5690 = CARTESIAN_POINT('',(46.391560817565,88.685873711777,11.));
#5691 = VECTOR('',#5692,1.);
#5692 = DIRECTION('',(0.5,0.866025403784,0.));
#5693 = PCURVE('',#3395,#5694);
#5694 = DEFINITIONAL_REPRESENTATION('',(#5695),#5699);
#5695 = LINE('',#5696,#5697);
#5696 = CARTESIAN_POINT('',(0.,4.166666666667));
#5697 = VECTOR('',#5698,1.);
#5698 = DIRECTION('',(1.,0.));
#5699 = ( GEOMETRIC_REPRESENTATION_CONTEXT(2) 
PARAMETRIC_REPRESENTATION_CONTEXT() REPRESENTATION_CONTEXT('2D SPACE',''
  ) );
#5700 = PCURVE('',#3367,#5701);
#5701 = DEFINITIONAL_REPRESENTATION('',(#5702),#5706);
#5702 = LINE('',#5703,#5704);
#5703 = CARTESIAN_POINT('',(3.,-9.));
#5704 = VECTOR('',#5705,1.);
#5705 = DIRECTION('',(1.,0.));
#5706 = ( GEOMETRIC_REPRESENTATION_CONTEXT(2) 
PARAMETRIC_REPRESENTATION_CONTEXT() REPRESENTATION_CONTEXT('2D SPACE',''
  ) );
#5707 = ADVANCED_FACE('',(#5708),#3367,.T.);
#5708 = FACE_BOUND('',#5709,.T.);
#5709 = EDGE_LOOP('',(#5710,#5733,#5754,#5755,#5756));
#5710 = ORIENTED_EDGE('',*,*,#5711,.F.);
#5711 = EDGE_CURVE('',#5712,#5714,#5716,.T.);
#5712 = VERTEX_POINT('',#5713);
#5713 = CARTESIAN_POINT('',(44.891560817565,86.087797500424,19.));
#5714 = VERTEX_POINT('',#5715);
#5715 = CARTESIAN_POINT('',(45.597477354321,87.310480807989,19.));
#5716 = SURFACE_CURVE('',#5717,(#5721,#5727),.PCURVE_S1.);
#5717 = LINE('',#5718,#5719);
#5718 = CARTESIAN_POINT('',(20.641560817565,44.085565416879,19.));
#5719 = VECTOR('',#5720,1.);
#5720 = DIRECTION('',(0.5,0.866025403784,-0.));
#5721 = PCURVE('',#3367,#5722);
#5722 = DEFINITIONAL_REPRESENTATION('',(#5723),#5726);
#5723 = B_SPLINE_CURVE_WITH_KNOTS('',1,(#5724,#5725),.UNSPECIFIED.,.F.,
  .F.,(2,2),(48.5,54.5),.PIECEWISE_BEZIER_KNOTS.);
#5724 = CARTESIAN_POINT('',(0.,-1.));
#5725 = CARTESIAN_POINT('',(6.,-1.));
#5726 = ( GEOMETRIC_REPRESENTATION_CONTEXT(2) 
PARAMETRIC_REPRESENTATION_CONTEXT() REPRESENTATION_CONTEXT('2D SPACE',''
  ) );
#5727 = PCURVE('',#4211,#5728);
#5728 = DEFINITIONAL_REPRESENTATION('',(#5729),#5732);
#5729 = B_SPLINE_CURVE_WITH_KNOTS('',1,(#5730,#5731),.UNSPECIFIED.,.F.,
  .F.,(2,2),(48.5,54.5),.PIECEWISE_BEZIER_KNOTS.);
#5730 = CARTESIAN_POINT('',(44.891560817565,86.087797500424));
#5731 = CARTESIAN_POINT('',(47.891560817565,91.283949923131));
#5732 = ( GEOMETRIC_REPRESENTATION_CONTEXT(2) 
PARAMETRIC_REPRESENTATION_CONTEXT() REPRESENTATION_CONTEXT('2D SPACE',''
  ) );
#5733 = ORIENTED_EDGE('',*,*,#5734,.T.);
#5734 = EDGE_CURVE('',#5712,#5663,#5735,.T.);
#5735 = SURFACE_CURVE('',#5736,(#5740,#5747),.PCURVE_S1.);
#5736 = LINE('',#5737,#5738);
#5737 = CARTESIAN_POINT('',(44.891560817565,86.087797500424,20.));
#5738 = VECTOR('',#5739,1.);
#5739 = DIRECTION('',(-0.,-0.,-1.));
#5740 = PCURVE('',#3367,#5741);
#5741 = DEFINITIONAL_REPRESENTATION('',(#5742),#5746);
#5742 = LINE('',#5743,#5744);
#5743 = CARTESIAN_POINT('',(0.,0.));
#5744 = VECTOR('',#5745,1.);
#5745 = DIRECTION('',(0.,-1.));
#5746 = ( GEOMETRIC_REPRESENTATION_CONTEXT(2) 
PARAMETRIC_REPRESENTATION_CONTEXT() REPRESENTATION_CONTEXT('2D SPACE',''
  ) );
#5747 = PCURVE('',#5624,#5748);
#5748 = DEFINITIONAL_REPRESENTATION('',(#5749),#5753);
#5749 = LINE('',#5750,#5751);
#5750 = CARTESIAN_POINT('',(8.333333333333,0.));
#5751 = VECTOR('',#5752,1.);
#5752 = DIRECTION('',(0.,-1.));
#5753 = ( GEOMETRIC_REPRESENTATION_CONTEXT(2) 
PARAMETRIC_REPRESENTATION_CONTEXT() REPRESENTATION_CONTEXT('2D SPACE',''
  ) );
#5754 = ORIENTED_EDGE('',*,*,#5687,.T.);
#5755 = ORIENTED_EDGE('',*,*,#3352,.T.);
#5756 = ORIENTED_EDGE('',*,*,#5757,.F.);
#5757 = EDGE_CURVE('',#5714,#3324,#5758,.T.);
#5758 = SURFACE_CURVE('',#5759,(#5764,#5771),.PCURVE_S1.);
#5759 = HYPERBOLA('',#5760,4.166666666667,4.166666666667);
#5760 = AXIS2_PLACEMENT_3D('',#5761,#5762,#5763);
#5761 = CARTESIAN_POINT('',(-3.608439182435,2.083333333333,117.5));
#5762 = DIRECTION('',(0.866025403784,-0.5,0.));
#5763 = DIRECTION('',(0.,-0.,-1.));
#5764 = PCURVE('',#3367,#5765);
#5765 = DEFINITIONAL_REPRESENTATION('',(#5766),#5770);
#5766 = ( BOUNDED_CURVE() B_SPLINE_CURVE(2,(#5767,#5768,#5769),
.UNSPECIFIED.,.F.,.F.) B_SPLINE_CURVE_WITH_KNOTS((3,3),(3.855639725068,
3.870766700287),.PIECEWISE_BEZIER_KNOTS.) CURVE() 
GEOMETRIC_REPRESENTATION_ITEM() RATIONAL_B_SPLINE_CURVE((1.,
1.000028603309,1.)) REPRESENTATION_ITEM('') );
#5767 = CARTESIAN_POINT('',(1.411833073512,-1.));
#5768 = CARTESIAN_POINT('',(2.156822397058,-1.744322486804));
#5769 = CARTESIAN_POINT('',(2.913156735682,-2.5));
#5770 = ( GEOMETRIC_REPRESENTATION_CONTEXT(2) 
PARAMETRIC_REPRESENTATION_CONTEXT() REPRESENTATION_CONTEXT('2D SPACE',''
  ) );
#5771 = PCURVE('',#3340,#5772);
#5772 = DEFINITIONAL_REPRESENTATION('',(#5773),#5780);
#5773 = B_SPLINE_CURVE_WITH_KNOTS('',5,(#5774,#5775,#5776,#5777,#5778,
    #5779),.UNSPECIFIED.,.F.,.F.,(6,6),(3.855639725068,3.870766700287),
  .PIECEWISE_BEZIER_KNOTS.);
#5774 = CARTESIAN_POINT('',(-1.089511361353,-1.5));
#5775 = CARTESIAN_POINT('',(-1.089383383559,-1.202265327971));
#5776 = CARTESIAN_POINT('',(-1.089255889312,-0.903403690948));
#5777 = CARTESIAN_POINT('',(-1.089128876178,-0.603409411496));
#5778 = CARTESIAN_POINT('',(-1.089002341746,-0.302276769196));
#5779 = CARTESIAN_POINT('',(-1.088876283619,1.42108547152E-14));
#5780 = ( GEOMETRIC_REPRESENTATION_CONTEXT(2) 
PARAMETRIC_REPRESENTATION_CONTEXT() REPRESENTATION_CONTEXT('2D SPACE',''
  ) );
#5781 = ADVANCED_FACE('',(#5782),#3340,.T.);
#5782 = FACE_BOUND('',#5783,.T.);
#5783 = EDGE_LOOP('',(#5784,#5785,#5786,#5813));
#5784 = ORIENTED_EDGE('',*,*,#5757,.T.);
#5785 = ORIENTED_EDGE('',*,*,#3323,.T.);
#5786 = ORIENTED_EDGE('',*,*,#5787,.F.);
#5787 = EDGE_CURVE('',#5788,#3298,#5790,.T.);
#5788 = VERTEX_POINT('',#5789);
#5789 = CARTESIAN_POINT('',(37.574215172686,91.051789406671,19.));
#5790 = SURFACE_CURVE('',#5791,(#5796,#5806),.PCURVE_S1.);
#5791 = HYPERBOLA('',#5792,4.166666666667,4.166666666667);
#5792 = AXIS2_PLACEMENT_3D('',#5793,#5794,#5795);
#5793 = CARTESIAN_POINT('',(3.915385919941,-1.425083930524,117.5));
#5794 = DIRECTION('',(0.939692620786,-0.342020143326,0.));
#5795 = DIRECTION('',(0.,-0.,-1.));
#5796 = PCURVE('',#3340,#5797);
#5797 = DEFINITIONAL_REPRESENTATION('',(#5798),#5805);
#5798 = B_SPLINE_CURVE_WITH_KNOTS('',5,(#5799,#5800,#5801,#5802,#5803,
    #5804),.UNSPECIFIED.,.F.,.F.,(6,6),(3.855639725068,3.870766700287),
  .PIECEWISE_BEZIER_KNOTS.);
#5799 = CARTESIAN_POINT('',(-1.179416666239,-1.5));
#5800 = CARTESIAN_POINT('',(-1.179544644033,-1.202265327971));
#5801 = CARTESIAN_POINT('',(-1.179672138281,-0.903403690948));
#5802 = CARTESIAN_POINT('',(-1.179799151414,-0.603409411496));
#5803 = CARTESIAN_POINT('',(-1.179925685847,-0.302276769196));
#5804 = CARTESIAN_POINT('',(-1.180051743973,2.84217094304E-14));
#5805 = ( GEOMETRIC_REPRESENTATION_CONTEXT(2) 
PARAMETRIC_REPRESENTATION_CONTEXT() REPRESENTATION_CONTEXT('2D SPACE',''
  ) );
#5806 = PCURVE('',#3312,#5807);
#5807 = DEFINITIONAL_REPRESENTATION('',(#5808),#5812);
#5808 = ( BOUNDED_CURVE() B_SPLINE_CURVE(2,(#5809,#5810,#5811),
.UNSPECIFIED.,.F.,.F.) B_SPLINE_CURVE_WITH_KNOTS((3,3),(3.855639725068,
3.870766700287),.PIECEWISE_BEZIER_KNOTS.) CURVE() 
GEOMETRIC_REPRESENTATION_ITEM() RATIONAL_B_SPLINE_CURVE((1.,
1.000028603309,1.)) REPRESENTATION_ITEM('') );
#5809 = CARTESIAN_POINT('',(1.411833073513,-1.));
#5810 = CARTESIAN_POINT('',(2.156822397057,-1.744322486804));
#5811 = CARTESIAN_POINT('',(2.913156735682,-2.5));
#5812 = ( GEOMETRIC_REPRESENTATION_CONTEXT(2) 
PARAMETRIC_REPRESENTATION_CONTEXT() REPRESENTATION_CONTEXT('2D SPACE',''
  ) );
#5813 = ORIENTED_EDGE('',*,*,#5814,.F.);
#5814 = EDGE_CURVE('',#5714,#5788,#5815,.T.);
#5815 = SURFACE_CURVE('',#5816,(#5821,#5828),.PCURVE_S1.);
#5816 = CIRCLE('',#5817,98.5);
#5817 = AXIS2_PLACEMENT_3D('',#5818,#5819,#5820);
#5818 = CARTESIAN_POINT('',(0.,0.,19.));
#5819 = DIRECTION('',(0.,0.,1.));
#5820 = DIRECTION('',(1.,0.,-0.));
#5821 = PCURVE('',#3340,#5822);
#5822 = DEFINITIONAL_REPRESENTATION('',(#5823),#5827);
#5823 = LINE('',#5824,#5825);
#5824 = CARTESIAN_POINT('',(-0.,-1.5));
#5825 = VECTOR('',#5826,1.);
#5826 = DIRECTION('',(-1.,-0.));
#5827 = ( GEOMETRIC_REPRESENTATION_CONTEXT(2) 
PARAMETRIC_REPRESENTATION_CONTEXT() REPRESENTATION_CONTEXT('2D SPACE',''
  ) );
#5828 = PCURVE('',#4211,#5829);
#5829 = DEFINITIONAL_REPRESENTATION('',(#5830),#5834);
#5830 = CIRCLE('',#5831,98.5);
#5831 = AXIS2_PLACEMENT_2D('',#5832,#5833);
#5832 = CARTESIAN_POINT('',(0.,0.));
#5833 = DIRECTION('',(1.,0.));
#5834 = ( GEOMETRIC_REPRESENTATION_CONTEXT(2) 
PARAMETRIC_REPRESENTATION_CONTEXT() REPRESENTATION_CONTEXT('2D SPACE',''
  ) );
#5835 = ADVANCED_FACE('',(#5836),#3312,.F.);
#5836 = FACE_BOUND('',#5837,.F.);
#5837 = EDGE_LOOP('',(#5838,#5859,#5887,#5908,#5909));
#5838 = ORIENTED_EDGE('',*,*,#5839,.F.);
#5839 = EDGE_CURVE('',#5840,#5788,#5842,.T.);
#5840 = VERTEX_POINT('',#5841);
#5841 = CARTESIAN_POINT('',(37.091339822531,89.725100285709,19.));
#5842 = SURFACE_CURVE('',#5843,(#5847,#5853),.PCURVE_S1.);
#5843 = LINE('',#5844,#5845);
#5844 = CARTESIAN_POINT('',(20.503362871236,44.150008177593,19.));
#5845 = VECTOR('',#5846,1.);
#5846 = DIRECTION('',(0.342020143326,0.939692620786,-0.));
#5847 = PCURVE('',#3312,#5848);
#5848 = DEFINITIONAL_REPRESENTATION('',(#5849),#5852);
#5849 = B_SPLINE_CURVE_WITH_KNOTS('',1,(#5850,#5851),.UNSPECIFIED.,.F.,
  .F.,(2,2),(48.5,54.5),.PIECEWISE_BEZIER_KNOTS.);
#5850 = CARTESIAN_POINT('',(7.105427357601E-15,-1.));
#5851 = CARTESIAN_POINT('',(6.,-1.));
#5852 = ( GEOMETRIC_REPRESENTATION_CONTEXT(2) 
PARAMETRIC_REPRESENTATION_CONTEXT() REPRESENTATION_CONTEXT('2D SPACE',''
  ) );
#5853 = PCURVE('',#4211,#5854);
#5854 = DEFINITIONAL_REPRESENTATION('',(#5855),#5858);
#5855 = B_SPLINE_CURVE_WITH_KNOTS('',1,(#5856,#5857),.UNSPECIFIED.,.F.,
  .F.,(2,2),(48.5,54.5),.PIECEWISE_BEZIER_KNOTS.);
#5856 = CARTESIAN_POINT('',(37.091339822531,89.725100285709));
#5857 = CARTESIAN_POINT('',(39.143460682485,95.363256010425));
#5858 = ( GEOMETRIC_REPRESENTATION_CONTEXT(2) 
PARAMETRIC_REPRESENTATION_CONTEXT() REPRESENTATION_CONTEXT('2D SPACE',''
  ) );
#5859 = ORIENTED_EDGE('',*,*,#5860,.T.);
#5860 = EDGE_CURVE('',#5840,#5861,#5863,.T.);
#5861 = VERTEX_POINT('',#5862);
#5862 = CARTESIAN_POINT('',(37.091339822531,89.725100285709,11.));
#5863 = SURFACE_CURVE('',#5864,(#5868,#5875),.PCURVE_S1.);
#5864 = LINE('',#5865,#5866);
#5865 = CARTESIAN_POINT('',(37.091339822531,89.725100285709,20.));
#5866 = VECTOR('',#5867,1.);
#5867 = DIRECTION('',(-0.,-0.,-1.));
#5868 = PCURVE('',#3312,#5869);
#5869 = DEFINITIONAL_REPRESENTATION('',(#5870),#5874);
#5870 = LINE('',#5871,#5872);
#5871 = CARTESIAN_POINT('',(1.578403459417E-14,0.));
#5872 = VECTOR('',#5873,1.);
#5873 = DIRECTION('',(0.,-1.));
#5874 = ( GEOMETRIC_REPRESENTATION_CONTEXT(2) 
PARAMETRIC_REPRESENTATION_CONTEXT() REPRESENTATION_CONTEXT('2D SPACE',''
  ) );
#5875 = PCURVE('',#5876,#5881);
#5876 = PLANE('',#5877);
#5877 = AXIS2_PLACEMENT_3D('',#5878,#5879,#5880);
#5878 = CARTESIAN_POINT('',(37.091339822531,89.725100285709,20.));
#5879 = DIRECTION('',(0.342020143326,0.939692620786,-0.));
#5880 = DIRECTION('',(-0.939692620786,0.342020143326,0.));
#5881 = DEFINITIONAL_REPRESENTATION('',(#5882),#5886);
#5882 = LINE('',#5883,#5884);
#5883 = CARTESIAN_POINT('',(6.676917655468E-15,0.));
#5884 = VECTOR('',#5885,1.);
#5885 = DIRECTION('',(0.,-1.));
#5886 = ( GEOMETRIC_REPRESENTATION_CONTEXT(2) 
PARAMETRIC_REPRESENTATION_CONTEXT() REPRESENTATION_CONTEXT('2D SPACE',''
  ) );
#5887 = ORIENTED_EDGE('',*,*,#5888,.T.);
#5888 = EDGE_CURVE('',#5861,#3269,#5889,.T.);
#5889 = SURFACE_CURVE('',#5890,(#5894,#5901),.PCURVE_S1.);
#5890 = LINE('',#5891,#5892);
#5891 = CARTESIAN_POINT('',(38.117400252508,92.544178148067,11.));
#5892 = VECTOR('',#5893,1.);
#5893 = DIRECTION('',(0.342020143326,0.939692620786,0.));
#5894 = PCURVE('',#3312,#5895);
#5895 = DEFINITIONAL_REPRESENTATION('',(#5896),#5900);
#5896 = LINE('',#5897,#5898);
#5897 = CARTESIAN_POINT('',(3.,-9.));
#5898 = VECTOR('',#5899,1.);
#5899 = DIRECTION('',(1.,0.));
#5900 = ( GEOMETRIC_REPRESENTATION_CONTEXT(2) 
PARAMETRIC_REPRESENTATION_CONTEXT() REPRESENTATION_CONTEXT('2D SPACE',''
  ) );
#5901 = PCURVE('',#3285,#5902);
#5902 = DEFINITIONAL_REPRESENTATION('',(#5903),#5907);
#5903 = LINE('',#5904,#5905);
#5904 = CARTESIAN_POINT('',(0.,-4.166666666667));
#5905 = VECTOR('',#5906,1.);
#5906 = DIRECTION('',(1.,0.));
#5907 = ( GEOMETRIC_REPRESENTATION_CONTEXT(2) 
PARAMETRIC_REPRESENTATION_CONTEXT() REPRESENTATION_CONTEXT('2D SPACE',''
  ) );
#5908 = ORIENTED_EDGE('',*,*,#3297,.T.);
#5909 = ORIENTED_EDGE('',*,*,#5787,.F.);
#5910 = ADVANCED_FACE('',(#5911),#3285,.T.);
#5911 = FACE_BOUND('',#5912,.T.);
#5912 = EDGE_LOOP('',(#5913,#5936,#5937,#5938));
#5913 = ORIENTED_EDGE('',*,*,#5914,.F.);
#5914 = EDGE_CURVE('',#5861,#5915,#5917,.T.);
#5915 = VERTEX_POINT('',#5916);
#5916 = CARTESIAN_POINT('',(29.260567982649,92.575268146757,11.));
#5917 = SURFACE_CURVE('',#5918,(#5922,#5929),.PCURVE_S1.);
#5918 = LINE('',#5919,#5920);
#5919 = CARTESIAN_POINT('',(33.17595390259,91.150184216233,11.));
#5920 = VECTOR('',#5921,1.);
#5921 = DIRECTION('',(-0.939692620786,0.342020143326,0.));
#5922 = PCURVE('',#3285,#5923);
#5923 = DEFINITIONAL_REPRESENTATION('',(#5924),#5928);
#5924 = LINE('',#5925,#5926);
#5925 = CARTESIAN_POINT('',(-3.,0.));
#5926 = VECTOR('',#5927,1.);
#5927 = DIRECTION('',(0.,1.));
#5928 = ( GEOMETRIC_REPRESENTATION_CONTEXT(2) 
PARAMETRIC_REPRESENTATION_CONTEXT() REPRESENTATION_CONTEXT('2D SPACE',''
  ) );
#5929 = PCURVE('',#5876,#5930);
#5930 = DEFINITIONAL_REPRESENTATION('',(#5931),#5935);
#5931 = LINE('',#5932,#5933);
#5932 = CARTESIAN_POINT('',(4.166666666667,-9.));
#5933 = VECTOR('',#5934,1.);
#5934 = DIRECTION('',(1.,0.));
#5935 = ( GEOMETRIC_REPRESENTATION_CONTEXT(2) 
PARAMETRIC_REPRESENTATION_CONTEXT() REPRESENTATION_CONTEXT('2D SPACE',''
  ) );
#5936 = ORIENTED_EDGE('',*,*,#5888,.T.);
#5937 = ORIENTED_EDGE('',*,*,#3268,.T.);
#5938 = ORIENTED_EDGE('',*,*,#5939,.F.);
#5939 = EDGE_CURVE('',#5915,#3243,#5940,.T.);
#5940 = SURFACE_CURVE('',#5941,(#5945,#5952),.PCURVE_S1.);
#5941 = LINE('',#5942,#5943);
#5942 = CARTESIAN_POINT('',(30.286628412626,95.394346009114,11.));
#5943 = VECTOR('',#5944,1.);
#5944 = DIRECTION('',(0.342020143326,0.939692620786,0.));
#5945 = PCURVE('',#3285,#5946);
#5946 = DEFINITIONAL_REPRESENTATION('',(#5947),#5951);
#5947 = LINE('',#5948,#5949);
#5948 = CARTESIAN_POINT('',(0.,4.166666666667));
#5949 = VECTOR('',#5950,1.);
#5950 = DIRECTION('',(1.,0.));
#5951 = ( GEOMETRIC_REPRESENTATION_CONTEXT(2) 
PARAMETRIC_REPRESENTATION_CONTEXT() REPRESENTATION_CONTEXT('2D SPACE',''
  ) );
#5952 = PCURVE('',#3257,#5953);
#5953 = DEFINITIONAL_REPRESENTATION('',(#5954),#5958);
#5954 = LINE('',#5955,#5956);
#5955 = CARTESIAN_POINT('',(3.,-9.));
#5956 = VECTOR('',#5957,1.);
#5957 = DIRECTION('',(1.,0.));
#5958 = ( GEOMETRIC_REPRESENTATION_CONTEXT(2) 
PARAMETRIC_REPRESENTATION_CONTEXT() REPRESENTATION_CONTEXT('2D SPACE',''
  ) );
#5959 = ADVANCED_FACE('',(#5960),#3257,.T.);
#5960 = FACE_BOUND('',#5961,.T.);
#5961 = EDGE_LOOP('',(#5962,#5985,#6006,#6007,#6008));
#5962 = ORIENTED_EDGE('',*,*,#5963,.F.);
#5963 = EDGE_CURVE('',#5964,#5966,#5968,.T.);
#5964 = VERTEX_POINT('',#5965);
#5965 = CARTESIAN_POINT('',(29.260567982649,92.575268146757,19.));
#5966 = VERTEX_POINT('',#5967);
#5967 = CARTESIAN_POINT('',(29.743443332803,93.901957267718,19.));
#5968 = SURFACE_CURVE('',#5969,(#5973,#5979),.PCURVE_S1.);
#5969 = LINE('',#5970,#5971);
#5970 = CARTESIAN_POINT('',(12.672591031354,47.00017603864,19.));
#5971 = VECTOR('',#5972,1.);
#5972 = DIRECTION('',(0.342020143326,0.939692620786,-0.));
#5973 = PCURVE('',#3257,#5974);
#5974 = DEFINITIONAL_REPRESENTATION('',(#5975),#5978);
#5975 = B_SPLINE_CURVE_WITH_KNOTS('',1,(#5976,#5977),.UNSPECIFIED.,.F.,
  .F.,(2,2),(48.5,54.5),.PIECEWISE_BEZIER_KNOTS.);
#5976 = CARTESIAN_POINT('',(0.,-1.));
#5977 = CARTESIAN_POINT('',(6.,-1.));
#5978 = ( GEOMETRIC_REPRESENTATION_CONTEXT(2) 
PARAMETRIC_REPRESENTATION_CONTEXT() REPRESENTATION_CONTEXT('2D SPACE',''
  ) );
#5979 = PCURVE('',#4211,#5980);
#5980 = DEFINITIONAL_REPRESENTATION('',(#5981),#5984);
#5981 = B_SPLINE_CURVE_WITH_KNOTS('',1,(#5982,#5983),.UNSPECIFIED.,.F.,
  .F.,(2,2),(48.5,54.5),.PIECEWISE_BEZIER_KNOTS.);
#5982 = CARTESIAN_POINT('',(29.260567982649,92.575268146757));
#5983 = CARTESIAN_POINT('',(31.312688842603,98.213423871472));
#5984 = ( GEOMETRIC_REPRESENTATION_CONTEXT(2) 
PARAMETRIC_REPRESENTATION_CONTEXT() REPRESENTATION_CONTEXT('2D SPACE',''
  ) );
#5985 = ORIENTED_EDGE('',*,*,#5986,.T.);
#5986 = EDGE_CURVE('',#5964,#5915,#5987,.T.);
#5987 = SURFACE_CURVE('',#5988,(#5992,#5999),.PCURVE_S1.);
#5988 = LINE('',#5989,#5990);
#5989 = CARTESIAN_POINT('',(29.260567982649,92.575268146757,20.));
#5990 = VECTOR('',#5991,1.);
#5991 = DIRECTION('',(-0.,-0.,-1.));
#5992 = PCURVE('',#3257,#5993);
#5993 = DEFINITIONAL_REPRESENTATION('',(#5994),#5998);
#5994 = LINE('',#5995,#5996);
#5995 = CARTESIAN_POINT('',(0.,0.));
#5996 = VECTOR('',#5997,1.);
#5997 = DIRECTION('',(0.,-1.));
#5998 = ( GEOMETRIC_REPRESENTATION_CONTEXT(2) 
PARAMETRIC_REPRESENTATION_CONTEXT() REPRESENTATION_CONTEXT('2D SPACE',''
  ) );
#5999 = PCURVE('',#5876,#6000);
#6000 = DEFINITIONAL_REPRESENTATION('',(#6001),#6005);
#6001 = LINE('',#6002,#6003);
#6002 = CARTESIAN_POINT('',(8.333333333333,0.));
#6003 = VECTOR('',#6004,1.);
#6004 = DIRECTION('',(0.,-1.));
#6005 = ( GEOMETRIC_REPRESENTATION_CONTEXT(2) 
PARAMETRIC_REPRESENTATION_CONTEXT() REPRESENTATION_CONTEXT('2D SPACE',''
  ) );
#6006 = ORIENTED_EDGE('',*,*,#5939,.T.);
#6007 = ORIENTED_EDGE('',*,*,#3242,.T.);
#6008 = ORIENTED_EDGE('',*,*,#6009,.F.);
#6009 = EDGE_CURVE('',#5966,#3214,#6010,.T.);
#6010 = SURFACE_CURVE('',#6011,(#6016,#6023),.PCURVE_S1.);
#6011 = HYPERBOLA('',#6012,4.166666666667,4.166666666667);
#6012 = AXIS2_PLACEMENT_3D('',#6013,#6014,#6015);
#6013 = CARTESIAN_POINT('',(-3.915385919941,1.425083930524,117.5));
#6014 = DIRECTION('',(0.939692620786,-0.342020143326,0.));
#6015 = DIRECTION('',(0.,-0.,-1.));
#6016 = PCURVE('',#3257,#6017);
#6017 = DEFINITIONAL_REPRESENTATION('',(#6018),#6022);
#6018 = ( BOUNDED_CURVE() B_SPLINE_CURVE(2,(#6019,#6020,#6021),
.UNSPECIFIED.,.F.,.F.) B_SPLINE_CURVE_WITH_KNOTS((3,3),(3.855639725068,
3.870766700287),.PIECEWISE_BEZIER_KNOTS.) CURVE() 
GEOMETRIC_REPRESENTATION_ITEM() RATIONAL_B_SPLINE_CURVE((1.,
1.000028603309,1.)) REPRESENTATION_ITEM('') );
#6019 = CARTESIAN_POINT('',(1.411833073513,-1.));
#6020 = CARTESIAN_POINT('',(2.156822397057,-1.744322486804));
#6021 = CARTESIAN_POINT('',(2.913156735682,-2.5));
#6022 = ( GEOMETRIC_REPRESENTATION_CONTEXT(2) 
PARAMETRIC_REPRESENTATION_CONTEXT() REPRESENTATION_CONTEXT('2D SPACE',''
  ) );
#6023 = PCURVE('',#3230,#6024);
#6024 = DEFINITIONAL_REPRESENTATION('',(#6025),#6032);
#6025 = B_SPLINE_CURVE_WITH_KNOTS('',5,(#6026,#6027,#6028,#6029,#6030,
    #6031),.UNSPECIFIED.,.F.,.F.,(6,6),(3.855639725068,3.870766700287),
  .PIECEWISE_BEZIER_KNOTS.);
#6026 = CARTESIAN_POINT('',(-1.264044286553,-1.5));
#6027 = CARTESIAN_POINT('',(-1.263916308759,-1.202265327971));
#6028 = CARTESIAN_POINT('',(-1.263788814511,-0.903403690948));
#6029 = CARTESIAN_POINT('',(-1.263661801378,-0.603409411496));
#6030 = CARTESIAN_POINT('',(-1.263535266945,-0.302276769196));
#6031 = CARTESIAN_POINT('',(-1.263409208819,-1.42108547152E-14));
#6032 = ( GEOMETRIC_REPRESENTATION_CONTEXT(2) 
PARAMETRIC_REPRESENTATION_CONTEXT() REPRESENTATION_CONTEXT('2D SPACE',''
  ) );
#6033 = ADVANCED_FACE('',(#6034),#3230,.T.);
#6034 = FACE_BOUND('',#6035,.T.);
#6035 = EDGE_LOOP('',(#6036,#6037,#6038,#6065));
#6036 = ORIENTED_EDGE('',*,*,#6009,.T.);
#6037 = ORIENTED_EDGE('',*,*,#3213,.T.);
#6038 = ORIENTED_EDGE('',*,*,#6039,.F.);
#6039 = EDGE_CURVE('',#6040,#3188,#6042,.T.);
#6040 = VERTEX_POINT('',#6041);
#6041 = CARTESIAN_POINT('',(21.192401111628,96.193202125326,19.));
#6042 = SURFACE_CURVE('',#6043,(#6048,#6058),.PCURVE_S1.);
#6043 = HYPERBOLA('',#6044,4.166666666667,4.166666666667);
#6044 = AXIS2_PLACEMENT_3D('',#6045,#6046,#6047);
#6045 = CARTESIAN_POINT('',(4.103365637551,-0.723534073612,117.5));
#6046 = DIRECTION('',(0.984807753012,-0.173648177667,0.));
#6047 = DIRECTION('',(0.,-0.,-1.));
#6048 = PCURVE('',#3230,#6049);
#6049 = DEFINITIONAL_REPRESENTATION('',(#6050),#6057);
#6050 = B_SPLINE_CURVE_WITH_KNOTS('',5,(#6051,#6052,#6053,#6054,#6055,
    #6056),.UNSPECIFIED.,.F.,.F.,(6,6),(3.855639725068,3.870766700287),
  .PIECEWISE_BEZIER_KNOTS.);
#6051 = CARTESIAN_POINT('',(-1.353949591439,-1.5));
#6052 = CARTESIAN_POINT('',(-1.354077569233,-1.202265327971));
#6053 = CARTESIAN_POINT('',(-1.35420506348,-0.903403690948));
#6054 = CARTESIAN_POINT('',(-1.354332076614,-0.603409411496));
#6055 = CARTESIAN_POINT('',(-1.354458611046,-0.302276769196));
#6056 = CARTESIAN_POINT('',(-1.354584669173,7.105427357601E-15));
#6057 = ( GEOMETRIC_REPRESENTATION_CONTEXT(2) 
PARAMETRIC_REPRESENTATION_CONTEXT() REPRESENTATION_CONTEXT('2D SPACE',''
  ) );
#6058 = PCURVE('',#3202,#6059);
#6059 = DEFINITIONAL_REPRESENTATION('',(#6060),#6064);
#6060 = ( BOUNDED_CURVE() B_SPLINE_CURVE(2,(#6061,#6062,#6063),
.UNSPECIFIED.,.F.,.F.) B_SPLINE_CURVE_WITH_KNOTS((3,3),(3.855639725068,
3.870766700287),.PIECEWISE_BEZIER_KNOTS.) CURVE() 
GEOMETRIC_REPRESENTATION_ITEM() RATIONAL_B_SPLINE_CURVE((1.,
1.000028603309,1.)) REPRESENTATION_ITEM('') );
#6061 = CARTESIAN_POINT('',(1.411833073513,-1.));
#6062 = CARTESIAN_POINT('',(2.156822397057,-1.744322486804));
#6063 = CARTESIAN_POINT('',(2.913156735682,-2.5));
#6064 = ( GEOMETRIC_REPRESENTATION_CONTEXT(2) 
PARAMETRIC_REPRESENTATION_CONTEXT() REPRESENTATION_CONTEXT('2D SPACE',''
  ) );
#6065 = ORIENTED_EDGE('',*,*,#6066,.F.);
#6066 = EDGE_CURVE('',#5966,#6040,#6067,.T.);
#6067 = SURFACE_CURVE('',#6068,(#6073,#6080),.PCURVE_S1.);
#6068 = CIRCLE('',#6069,98.5);
#6069 = AXIS2_PLACEMENT_3D('',#6070,#6071,#6072);
#6070 = CARTESIAN_POINT('',(0.,0.,19.));
#6071 = DIRECTION('',(0.,0.,1.));
#6072 = DIRECTION('',(1.,0.,-0.));
#6073 = PCURVE('',#3230,#6074);
#6074 = DEFINITIONAL_REPRESENTATION('',(#6075),#6079);
#6075 = LINE('',#6076,#6077);
#6076 = CARTESIAN_POINT('',(-0.,-1.5));
#6077 = VECTOR('',#6078,1.);
#6078 = DIRECTION('',(-1.,-0.));
#6079 = ( GEOMETRIC_REPRESENTATION_CONTEXT(2) 
PARAMETRIC_REPRESENTATION_CONTEXT() REPRESENTATION_CONTEXT('2D SPACE',''
  ) );
#6080 = PCURVE('',#4211,#6081);
#6081 = DEFINITIONAL_REPRESENTATION('',(#6082),#6086);
#6082 = CIRCLE('',#6083,98.5);
#6083 = AXIS2_PLACEMENT_2D('',#6084,#6085);
#6084 = CARTESIAN_POINT('',(0.,0.));
#6085 = DIRECTION('',(1.,0.));
#6086 = ( GEOMETRIC_REPRESENTATION_CONTEXT(2) 
PARAMETRIC_REPRESENTATION_CONTEXT() REPRESENTATION_CONTEXT('2D SPACE',''
  ) );
#6087 = ADVANCED_FACE('',(#6088),#3202,.F.);
#6088 = FACE_BOUND('',#6089,.F.);
#6089 = EDGE_LOOP('',(#6090,#6111,#6139,#6160,#6161));
#6090 = ORIENTED_EDGE('',*,*,#6091,.F.);
#6091 = EDGE_CURVE('',#6092,#6040,#6094,.T.);
#6092 = VERTEX_POINT('',#6093);
#6093 = CARTESIAN_POINT('',(20.947238871243,94.802817968572,19.));
#6094 = SURFACE_CURVE('',#6095,(#6099,#6105),.PCURVE_S1.);
#6095 = LINE('',#6096,#6097);
#6096 = CARTESIAN_POINT('',(12.525302254397,47.03964194748,19.));
#6097 = VECTOR('',#6098,1.);
#6098 = DIRECTION('',(0.173648177667,0.984807753012,-0.));
#6099 = PCURVE('',#3202,#6100);
#6100 = DEFINITIONAL_REPRESENTATION('',(#6101),#6104);
#6101 = B_SPLINE_CURVE_WITH_KNOTS('',1,(#6102,#6103),.UNSPECIFIED.,.F.,
  .F.,(2,2),(48.5,52.254217023698),.PIECEWISE_BEZIER_KNOTS.);
#6102 = CARTESIAN_POINT('',(7.105427357601E-15,-1.));
#6103 = CARTESIAN_POINT('',(3.754217023698,-1.));
#6104 = ( GEOMETRIC_REPRESENTATION_CONTEXT(2) 
PARAMETRIC_REPRESENTATION_CONTEXT() REPRESENTATION_CONTEXT('2D SPACE',''
  ) );
#6105 = PCURVE('',#4211,#6106);
#6106 = DEFINITIONAL_REPRESENTATION('',(#6107),#6110);
#6107 = B_SPLINE_CURVE_WITH_KNOTS('',1,(#6108,#6109),.UNSPECIFIED.,.F.,
  .F.,(2,2),(48.5,52.254217023698),.PIECEWISE_BEZIER_KNOTS.);
#6108 = CARTESIAN_POINT('',(20.947238871243,94.802817968572));
#6109 = CARTESIAN_POINT('',(21.599151815974,98.5));
#6110 = ( GEOMETRIC_REPRESENTATION_CONTEXT(2) 
PARAMETRIC_REPRESENTATION_CONTEXT() REPRESENTATION_CONTEXT('2D SPACE',''
  ) );
#6111 = ORIENTED_EDGE('',*,*,#6112,.T.);
#6112 = EDGE_CURVE('',#6092,#6113,#6115,.T.);
#6113 = VERTEX_POINT('',#6114);
#6114 = CARTESIAN_POINT('',(20.947238871243,94.802817968572,11.));
#6115 = SURFACE_CURVE('',#6116,(#6120,#6127),.PCURVE_S1.);
#6116 = LINE('',#6117,#6118);
#6117 = CARTESIAN_POINT('',(20.947238871243,94.802817968572,20.));
#6118 = VECTOR('',#6119,1.);
#6119 = DIRECTION('',(-0.,-0.,-1.));
#6120 = PCURVE('',#3202,#6121);
#6121 = DEFINITIONAL_REPRESENTATION('',(#6122),#6126);
#6122 = LINE('',#6123,#6124);
#6123 = CARTESIAN_POINT('',(1.461188215656E-14,0.));
#6124 = VECTOR('',#6125,1.);
#6125 = DIRECTION('',(0.,-1.));
#6126 = ( GEOMETRIC_REPRESENTATION_CONTEXT(2) 
PARAMETRIC_REPRESENTATION_CONTEXT() REPRESENTATION_CONTEXT('2D SPACE',''
  ) );
#6127 = PCURVE('',#6128,#6133);
#6128 = PLANE('',#6129);
#6129 = AXIS2_PLACEMENT_3D('',#6130,#6131,#6132);
#6130 = CARTESIAN_POINT('',(20.947238871243,94.802817968572,20.));
#6131 = DIRECTION('',(0.173648177667,0.984807753012,-0.));
#6132 = DIRECTION('',(-0.984807753012,0.173648177667,0.));
#6133 = DEFINITIONAL_REPRESENTATION('',(#6134),#6138);
#6134 = LINE('',#6135,#6136);
#6135 = CARTESIAN_POINT('',(3.498739975115E-15,0.));
#6136 = VECTOR('',#6137,1.);
#6137 = DIRECTION('',(0.,-1.));
#6138 = ( GEOMETRIC_REPRESENTATION_CONTEXT(2) 
PARAMETRIC_REPRESENTATION_CONTEXT() REPRESENTATION_CONTEXT('2D SPACE',''
  ) );
#6139 = ORIENTED_EDGE('',*,*,#6140,.T.);
#6140 = EDGE_CURVE('',#6113,#3159,#6141,.T.);
#6141 = SURFACE_CURVE('',#6142,(#6146,#6153),.PCURVE_S1.);
#6142 = LINE('',#6143,#6144);
#6143 = CARTESIAN_POINT('',(21.468183404244,97.757241227609,11.));
#6144 = VECTOR('',#6145,1.);
#6145 = DIRECTION('',(0.173648177667,0.984807753012,0.));
#6146 = PCURVE('',#3202,#6147);
#6147 = DEFINITIONAL_REPRESENTATION('',(#6148),#6152);
#6148 = LINE('',#6149,#6150);
#6149 = CARTESIAN_POINT('',(3.,-9.));
#6150 = VECTOR('',#6151,1.);
#6151 = DIRECTION('',(1.,0.));
#6152 = ( GEOMETRIC_REPRESENTATION_CONTEXT(2) 
PARAMETRIC_REPRESENTATION_CONTEXT() REPRESENTATION_CONTEXT('2D SPACE',''
  ) );
#6153 = PCURVE('',#3175,#6154);
#6154 = DEFINITIONAL_REPRESENTATION('',(#6155),#6159);
#6155 = LINE('',#6156,#6157);
#6156 = CARTESIAN_POINT('',(0.,-4.166666666667));
#6157 = VECTOR('',#6158,1.);
#6158 = DIRECTION('',(1.,0.));
#6159 = ( GEOMETRIC_REPRESENTATION_CONTEXT(2) 
PARAMETRIC_REPRESENTATION_CONTEXT() REPRESENTATION_CONTEXT('2D SPACE',''
  ) );
#6160 = ORIENTED_EDGE('',*,*,#3187,.T.);
#6161 = ORIENTED_EDGE('',*,*,#6039,.F.);
#6162 = ADVANCED_FACE('',(#6163),#3175,.T.);
#6163 = FACE_BOUND('',#6164,.T.);
#6164 = EDGE_LOOP('',(#6165,#6188,#6189,#6190));
#6165 = ORIENTED_EDGE('',*,*,#6166,.F.);
#6166 = EDGE_CURVE('',#6113,#6167,#6169,.T.);
#6167 = VERTEX_POINT('',#6168);
#6168 = CARTESIAN_POINT('',(12.740507596141,96.249886115796,11.));
#6169 = SURFACE_CURVE('',#6170,(#6174,#6181),.PCURVE_S1.);
#6170 = LINE('',#6171,#6172);
#6171 = CARTESIAN_POINT('',(16.843873233692,95.526352042184,11.));
#6172 = VECTOR('',#6173,1.);
#6173 = DIRECTION('',(-0.984807753012,0.173648177667,0.));
#6174 = PCURVE('',#3175,#6175);
#6175 = DEFINITIONAL_REPRESENTATION('',(#6176),#6180);
#6176 = LINE('',#6177,#6178);
#6177 = CARTESIAN_POINT('',(-3.,0.));
#6178 = VECTOR('',#6179,1.);
#6179 = DIRECTION('',(0.,1.));
#6180 = ( GEOMETRIC_REPRESENTATION_CONTEXT(2) 
PARAMETRIC_REPRESENTATION_CONTEXT() REPRESENTATION_CONTEXT('2D SPACE',''
  ) );
#6181 = PCURVE('',#6128,#6182);
#6182 = DEFINITIONAL_REPRESENTATION('',(#6183),#6187);
#6183 = LINE('',#6184,#6185);
#6184 = CARTESIAN_POINT('',(4.166666666667,-9.));
#6185 = VECTOR('',#6186,1.);
#6186 = DIRECTION('',(1.,0.));
#6187 = ( GEOMETRIC_REPRESENTATION_CONTEXT(2) 
PARAMETRIC_REPRESENTATION_CONTEXT() REPRESENTATION_CONTEXT('2D SPACE',''
  ) );
#6188 = ORIENTED_EDGE('',*,*,#6140,.T.);
#6189 = ORIENTED_EDGE('',*,*,#3158,.T.);
#6190 = ORIENTED_EDGE('',*,*,#6191,.F.);
#6191 = EDGE_CURVE('',#6167,#3133,#6192,.T.);
#6192 = SURFACE_CURVE('',#6193,(#6197,#6204),.PCURVE_S1.);
#6193 = LINE('',#6194,#6195);
#6194 = CARTESIAN_POINT('',(13.261452129142,99.204309374833,11.));
#6195 = VECTOR('',#6196,1.);
#6196 = DIRECTION('',(0.173648177667,0.984807753012,0.));
#6197 = PCURVE('',#3175,#6198);
#6198 = DEFINITIONAL_REPRESENTATION('',(#6199),#6203);
#6199 = LINE('',#6200,#6201);
#6200 = CARTESIAN_POINT('',(0.,4.166666666667));
#6201 = VECTOR('',#6202,1.);
#6202 = DIRECTION('',(1.,0.));
#6203 = ( GEOMETRIC_REPRESENTATION_CONTEXT(2) 
PARAMETRIC_REPRESENTATION_CONTEXT() REPRESENTATION_CONTEXT('2D SPACE',''
  ) );
#6204 = PCURVE('',#3147,#6205);
#6205 = DEFINITIONAL_REPRESENTATION('',(#6206),#6210);
#6206 = LINE('',#6207,#6208);
#6207 = CARTESIAN_POINT('',(3.,-9.));
#6208 = VECTOR('',#6209,1.);
#6209 = DIRECTION('',(1.,0.));
#6210 = ( GEOMETRIC_REPRESENTATION_CONTEXT(2) 
PARAMETRIC_REPRESENTATION_CONTEXT() REPRESENTATION_CONTEXT('2D SPACE',''
  ) );
#6211 = ADVANCED_FACE('',(#6212),#3147,.T.);
#6212 = FACE_BOUND('',#6213,.T.);
#6213 = EDGE_LOOP('',(#6214,#6237,#6258,#6259,#6260));
#6214 = ORIENTED_EDGE('',*,*,#6215,.F.);
#6215 = EDGE_CURVE('',#6216,#6218,#6220,.T.);
#6216 = VERTEX_POINT('',#6217);
#6217 = CARTESIAN_POINT('',(12.740507596141,96.249886115796,19.));
#6218 = VERTEX_POINT('',#6219);
#6219 = CARTESIAN_POINT('',(12.985669836527,97.640270272551,19.));
#6220 = SURFACE_CURVE('',#6221,(#6225,#6231),.PCURVE_S1.);
#6221 = LINE('',#6222,#6223);
#6222 = CARTESIAN_POINT('',(4.318570979295,48.486710094704,19.));
#6223 = VECTOR('',#6224,1.);
#6224 = DIRECTION('',(0.173648177667,0.984807753012,-0.));
#6225 = PCURVE('',#3147,#6226);
#6226 = DEFINITIONAL_REPRESENTATION('',(#6227),#6230);
#6227 = B_SPLINE_CURVE_WITH_KNOTS('',1,(#6228,#6229),.UNSPECIFIED.,.F.,
  .F.,(2,2),(48.5,50.784825517794),.PIECEWISE_BEZIER_KNOTS.);
#6228 = CARTESIAN_POINT('',(0.,-1.));
#6229 = CARTESIAN_POINT('',(2.284825517794,-1.));
#6230 = ( GEOMETRIC_REPRESENTATION_CONTEXT(2) 
PARAMETRIC_REPRESENTATION_CONTEXT() REPRESENTATION_CONTEXT('2D SPACE',''
  ) );
#6231 = PCURVE('',#4211,#6232);
#6232 = DEFINITIONAL_REPRESENTATION('',(#6233),#6236);
#6233 = B_SPLINE_CURVE_WITH_KNOTS('',1,(#6234,#6235),.UNSPECIFIED.,.F.,
  .F.,(2,2),(48.5,50.784825517794),.PIECEWISE_BEZIER_KNOTS.);
#6234 = CARTESIAN_POINT('',(12.740507596141,96.249886115796));
#6235 = CARTESIAN_POINT('',(13.137263383593,98.5));
#6236 = ( GEOMETRIC_REPRESENTATION_CONTEXT(2) 
PARAMETRIC_REPRESENTATION_CONTEXT() REPRESENTATION_CONTEXT('2D SPACE',''
  ) );
#6237 = ORIENTED_EDGE('',*,*,#6238,.T.);
#6238 = EDGE_CURVE('',#6216,#6167,#6239,.T.);
#6239 = SURFACE_CURVE('',#6240,(#6244,#6251),.PCURVE_S1.);
#6240 = LINE('',#6241,#6242);
#6241 = CARTESIAN_POINT('',(12.740507596141,96.249886115796,20.));
#6242 = VECTOR('',#6243,1.);
#6243 = DIRECTION('',(-0.,-0.,-1.));
#6244 = PCURVE('',#3147,#6245);
#6245 = DEFINITIONAL_REPRESENTATION('',(#6246),#6250);
#6246 = LINE('',#6247,#6248);
#6247 = CARTESIAN_POINT('',(0.,0.));
#6248 = VECTOR('',#6249,1.);
#6249 = DIRECTION('',(0.,-1.));
#6250 = ( GEOMETRIC_REPRESENTATION_CONTEXT(2) 
PARAMETRIC_REPRESENTATION_CONTEXT() REPRESENTATION_CONTEXT('2D SPACE',''
  ) );
#6251 = PCURVE('',#6128,#6252);
#6252 = DEFINITIONAL_REPRESENTATION('',(#6253),#6257);
#6253 = LINE('',#6254,#6255);
#6254 = CARTESIAN_POINT('',(8.333333333333,0.));
#6255 = VECTOR('',#6256,1.);
#6256 = DIRECTION('',(0.,-1.));
#6257 = ( GEOMETRIC_REPRESENTATION_CONTEXT(2) 
PARAMETRIC_REPRESENTATION_CONTEXT() REPRESENTATION_CONTEXT('2D SPACE',''
  ) );
#6258 = ORIENTED_EDGE('',*,*,#6191,.T.);
#6259 = ORIENTED_EDGE('',*,*,#3132,.T.);
#6260 = ORIENTED_EDGE('',*,*,#6261,.F.);
#6261 = EDGE_CURVE('',#6218,#3104,#6262,.T.);
#6262 = SURFACE_CURVE('',#6263,(#6268,#6275),.PCURVE_S1.);
#6263 = HYPERBOLA('',#6264,4.166666666667,4.166666666667);
#6264 = AXIS2_PLACEMENT_3D('',#6265,#6266,#6267);
#6265 = CARTESIAN_POINT('',(-4.103365637551,0.723534073612,117.5));
#6266 = DIRECTION('',(0.984807753012,-0.173648177667,0.));
#6267 = DIRECTION('',(0.,-0.,-1.));
#6268 = PCURVE('',#3147,#6269);
#6269 = DEFINITIONAL_REPRESENTATION('',(#6270),#6274);
#6270 = ( BOUNDED_CURVE() B_SPLINE_CURVE(2,(#6271,#6272,#6273),
.UNSPECIFIED.,.F.,.F.) B_SPLINE_CURVE_WITH_KNOTS((3,3),(3.855639725068,
3.870766700287),.PIECEWISE_BEZIER_KNOTS.) CURVE() 
GEOMETRIC_REPRESENTATION_ITEM() RATIONAL_B_SPLINE_CURVE((1.,
1.000028603309,1.)) REPRESENTATION_ITEM('') );
#6271 = CARTESIAN_POINT('',(1.411833073513,-1.));
#6272 = CARTESIAN_POINT('',(2.156822397057,-1.744322486804));
#6273 = CARTESIAN_POINT('',(2.913156735682,-2.5));
#6274 = ( GEOMETRIC_REPRESENTATION_CONTEXT(2) 
PARAMETRIC_REPRESENTATION_CONTEXT() REPRESENTATION_CONTEXT('2D SPACE',''
  ) );
#6275 = PCURVE('',#3120,#6276);
#6276 = DEFINITIONAL_REPRESENTATION('',(#6277),#6284);
#6277 = B_SPLINE_CURVE_WITH_KNOTS('',5,(#6278,#6279,#6280,#6281,#6282,
    #6283),.UNSPECIFIED.,.F.,.F.,(6,6),(3.855639725068,3.870766700287),
  .PIECEWISE_BEZIER_KNOTS.);
#6278 = CARTESIAN_POINT('',(-1.438577211752,-1.5));
#6279 = CARTESIAN_POINT('',(-1.438449233958,-1.202265327971));
#6280 = CARTESIAN_POINT('',(-1.438321739711,-0.903403690948));
#6281 = CARTESIAN_POINT('',(-1.438194726577,-0.603409411496));
#6282 = CARTESIAN_POINT('',(-1.438068192145,-0.302276769196));
#6283 = CARTESIAN_POINT('',(-1.437942134018,-7.105427357601E-15));
#6284 = ( GEOMETRIC_REPRESENTATION_CONTEXT(2) 
PARAMETRIC_REPRESENTATION_CONTEXT() REPRESENTATION_CONTEXT('2D SPACE',''
  ) );
#6285 = ADVANCED_FACE('',(#6286),#3120,.T.);
#6286 = FACE_BOUND('',#6287,.T.);
#6287 = EDGE_LOOP('',(#6288,#6289,#6290,#6317));
#6288 = ORIENTED_EDGE('',*,*,#6261,.T.);
#6289 = ORIENTED_EDGE('',*,*,#3103,.T.);
#6290 = ORIENTED_EDGE('',*,*,#6291,.F.);
#6291 = EDGE_CURVE('',#6292,#3078,#6294,.T.);
#6292 = VERTEX_POINT('',#6293);
#6293 = CARTESIAN_POINT('',(4.166666666667,98.411833073512,19.));
#6294 = SURFACE_CURVE('',#6295,(#6300,#6310),.PCURVE_S1.);
#6295 = HYPERBOLA('',#6296,4.166666666667,4.166666666667);
#6296 = AXIS2_PLACEMENT_3D('',#6297,#6298,#6299);
#6297 = CARTESIAN_POINT('',(4.166666666667,-4.625929269271E-16,117.5));
#6298 = DIRECTION('',(1.,-1.110223024625E-16,0.));
#6299 = DIRECTION('',(0.,-0.,-1.));
#6300 = PCURVE('',#3120,#6301);
#6301 = DEFINITIONAL_REPRESENTATION('',(#6302),#6309);
#6302 = B_SPLINE_CURVE_WITH_KNOTS('',5,(#6303,#6304,#6305,#6306,#6307,
    #6308),.UNSPECIFIED.,.F.,.F.,(6,6),(3.855639725068,3.870766700287),
  .PIECEWISE_BEZIER_KNOTS.);
#6303 = CARTESIAN_POINT('',(-1.528482516638,-1.5));
#6304 = CARTESIAN_POINT('',(-1.528610494432,-1.202265327971));
#6305 = CARTESIAN_POINT('',(-1.52873798868,-0.903403690948));
#6306 = CARTESIAN_POINT('',(-1.528865001813,-0.603409411496));
#6307 = CARTESIAN_POINT('',(-1.528991536245,-0.302276769196));
#6308 = CARTESIAN_POINT('',(-1.529117594372,-1.42108547152E-14));
#6309 = ( GEOMETRIC_REPRESENTATION_CONTEXT(2) 
PARAMETRIC_REPRESENTATION_CONTEXT() REPRESENTATION_CONTEXT('2D SPACE',''
  ) );
#6310 = PCURVE('',#3092,#6311);
#6311 = DEFINITIONAL_REPRESENTATION('',(#6312),#6316);
#6312 = ( BOUNDED_CURVE() B_SPLINE_CURVE(2,(#6313,#6314,#6315),
.UNSPECIFIED.,.F.,.F.) B_SPLINE_CURVE_WITH_KNOTS((3,3),(3.855639725068,
3.870766700287),.PIECEWISE_BEZIER_KNOTS.) CURVE() 
GEOMETRIC_REPRESENTATION_ITEM() RATIONAL_B_SPLINE_CURVE((1.,
1.000028603309,1.)) REPRESENTATION_ITEM('') );
#6313 = CARTESIAN_POINT('',(1.411833073513,-1.));
#6314 = CARTESIAN_POINT('',(2.156822397057,-1.744322486804));
#6315 = CARTESIAN_POINT('',(2.913156735682,-2.5));
#6316 = ( GEOMETRIC_REPRESENTATION_CONTEXT(2) 
PARAMETRIC_REPRESENTATION_CONTEXT() REPRESENTATION_CONTEXT('2D SPACE',''
  ) );
#6317 = ORIENTED_EDGE('',*,*,#6318,.F.);
#6318 = EDGE_CURVE('',#6218,#6292,#6319,.T.);
#6319 = SURFACE_CURVE('',#6320,(#6325,#6332),.PCURVE_S1.);
#6320 = CIRCLE('',#6321,98.5);
#6321 = AXIS2_PLACEMENT_3D('',#6322,#6323,#6324);
#6322 = CARTESIAN_POINT('',(0.,0.,19.));
#6323 = DIRECTION('',(0.,0.,1.));
#6324 = DIRECTION('',(1.,0.,-0.));
#6325 = PCURVE('',#3120,#6326);
#6326 = DEFINITIONAL_REPRESENTATION('',(#6327),#6331);
#6327 = LINE('',#6328,#6329);
#6328 = CARTESIAN_POINT('',(-0.,-1.5));
#6329 = VECTOR('',#6330,1.);
#6330 = DIRECTION('',(-1.,-0.));
#6331 = ( GEOMETRIC_REPRESENTATION_CONTEXT(2) 
PARAMETRIC_REPRESENTATION_CONTEXT() REPRESENTATION_CONTEXT('2D SPACE',''
  ) );
#6332 = PCURVE('',#4211,#6333);
#6333 = DEFINITIONAL_REPRESENTATION('',(#6334),#6338);
#6334 = CIRCLE('',#6335,98.5);
#6335 = AXIS2_PLACEMENT_2D('',#6336,#6337);
#6336 = CARTESIAN_POINT('',(0.,0.));
#6337 = DIRECTION('',(1.,0.));
#6338 = ( GEOMETRIC_REPRESENTATION_CONTEXT(2) 
PARAMETRIC_REPRESENTATION_CONTEXT() REPRESENTATION_CONTEXT('2D SPACE',''
  ) );
#6339 = ADVANCED_FACE('',(#6340),#3092,.F.);
#6340 = FACE_BOUND('',#6341,.F.);
#6341 = EDGE_LOOP('',(#6342,#6363,#6391,#6412,#6413));
#6342 = ORIENTED_EDGE('',*,*,#6343,.F.);
#6343 = EDGE_CURVE('',#6344,#6292,#6346,.T.);
#6344 = VERTEX_POINT('',#6345);
#6345 = CARTESIAN_POINT('',(4.166666666667,97.,19.));
#6346 = SURFACE_CURVE('',#6347,(#6351,#6357),.PCURVE_S1.);
#6347 = LINE('',#6348,#6349);
#6348 = CARTESIAN_POINT('',(4.166666666667,48.5,19.));
#6349 = VECTOR('',#6350,1.);
#6350 = DIRECTION('',(1.110223024625E-16,1.,-0.));
#6351 = PCURVE('',#3092,#6352);
#6352 = DEFINITIONAL_REPRESENTATION('',(#6353),#6356);
#6353 = B_SPLINE_CURVE_WITH_KNOTS('',1,(#6354,#6355),.UNSPECIFIED.,.F.,
  .F.,(2,2),(48.5,50.),.PIECEWISE_BEZIER_KNOTS.);
#6354 = CARTESIAN_POINT('',(0.,-1.));
#6355 = CARTESIAN_POINT('',(1.5,-1.));
#6356 = ( GEOMETRIC_REPRESENTATION_CONTEXT(2) 
PARAMETRIC_REPRESENTATION_CONTEXT() REPRESENTATION_CONTEXT('2D SPACE',''
  ) );
#6357 = PCURVE('',#4211,#6358);
#6358 = DEFINITIONAL_REPRESENTATION('',(#6359),#6362);
#6359 = B_SPLINE_CURVE_WITH_KNOTS('',1,(#6360,#6361),.UNSPECIFIED.,.F.,
  .F.,(2,2),(48.5,50.),.PIECEWISE_BEZIER_KNOTS.);
#6360 = CARTESIAN_POINT('',(4.166666666667,97.));
#6361 = CARTESIAN_POINT('',(4.166666666667,98.5));
#6362 = ( GEOMETRIC_REPRESENTATION_CONTEXT(2) 
PARAMETRIC_REPRESENTATION_CONTEXT() REPRESENTATION_CONTEXT('2D SPACE',''
  ) );
#6363 = ORIENTED_EDGE('',*,*,#6364,.T.);
#6364 = EDGE_CURVE('',#6344,#6365,#6367,.T.);
#6365 = VERTEX_POINT('',#6366);
#6366 = CARTESIAN_POINT('',(4.166666666667,97.,11.));
#6367 = SURFACE_CURVE('',#6368,(#6372,#6379),.PCURVE_S1.);
#6368 = LINE('',#6369,#6370);
#6369 = CARTESIAN_POINT('',(4.166666666667,97.,20.));
#6370 = VECTOR('',#6371,1.);
#6371 = DIRECTION('',(-0.,-0.,-1.));
#6372 = PCURVE('',#3092,#6373);
#6373 = DEFINITIONAL_REPRESENTATION('',(#6374),#6378);
#6374 = LINE('',#6375,#6376);
#6375 = CARTESIAN_POINT('',(0.,0.));
#6376 = VECTOR('',#6377,1.);
#6377 = DIRECTION('',(0.,-1.));
#6378 = ( GEOMETRIC_REPRESENTATION_CONTEXT(2) 
PARAMETRIC_REPRESENTATION_CONTEXT() REPRESENTATION_CONTEXT('2D SPACE',''
  ) );
#6379 = PCURVE('',#6380,#6385);
#6380 = PLANE('',#6381);
#6381 = AXIS2_PLACEMENT_3D('',#6382,#6383,#6384);
#6382 = CARTESIAN_POINT('',(4.166666666667,97.,20.));
#6383 = DIRECTION('',(1.110223024625E-16,1.,-0.));
#6384 = DIRECTION('',(-1.,1.110223024625E-16,0.));
#6385 = DEFINITIONAL_REPRESENTATION('',(#6386),#6390);
#6386 = LINE('',#6387,#6388);
#6387 = CARTESIAN_POINT('',(-8.881784197001E-16,0.));
#6388 = VECTOR('',#6389,1.);
#6389 = DIRECTION('',(0.,-1.));
#6390 = ( GEOMETRIC_REPRESENTATION_CONTEXT(2) 
PARAMETRIC_REPRESENTATION_CONTEXT() REPRESENTATION_CONTEXT('2D SPACE',''
  ) );
#6391 = ORIENTED_EDGE('',*,*,#6392,.T.);
#6392 = EDGE_CURVE('',#6365,#3049,#6393,.T.);
#6393 = SURFACE_CURVE('',#6394,(#6398,#6405),.PCURVE_S1.);
#6394 = LINE('',#6395,#6396);
#6395 = CARTESIAN_POINT('',(4.166666666667,100.,11.));
#6396 = VECTOR('',#6397,1.);
#6397 = DIRECTION('',(1.110223024625E-16,1.,0.));
#6398 = PCURVE('',#3092,#6399);
#6399 = DEFINITIONAL_REPRESENTATION('',(#6400),#6404);
#6400 = LINE('',#6401,#6402);
#6401 = CARTESIAN_POINT('',(3.,-9.));
#6402 = VECTOR('',#6403,1.);
#6403 = DIRECTION('',(1.,0.));
#6404 = ( GEOMETRIC_REPRESENTATION_CONTEXT(2) 
PARAMETRIC_REPRESENTATION_CONTEXT() REPRESENTATION_CONTEXT('2D SPACE',''
  ) );
#6405 = PCURVE('',#3065,#6406);
#6406 = DEFINITIONAL_REPRESENTATION('',(#6407),#6411);
#6407 = LINE('',#6408,#6409);
#6408 = CARTESIAN_POINT('',(0.,-4.166666666667));
#6409 = VECTOR('',#6410,1.);
#6410 = DIRECTION('',(1.,0.));
#6411 = ( GEOMETRIC_REPRESENTATION_CONTEXT(2) 
PARAMETRIC_REPRESENTATION_CONTEXT() REPRESENTATION_CONTEXT('2D SPACE',''
  ) );
#6412 = ORIENTED_EDGE('',*,*,#3077,.T.);
#6413 = ORIENTED_EDGE('',*,*,#6291,.F.);
#6414 = ADVANCED_FACE('',(#6415),#3065,.T.);
#6415 = FACE_BOUND('',#6416,.T.);
#6416 = EDGE_LOOP('',(#6417,#6440,#6441,#6442));
#6417 = ORIENTED_EDGE('',*,*,#6418,.F.);
#6418 = EDGE_CURVE('',#6365,#6419,#6421,.T.);
#6419 = VERTEX_POINT('',#6420);
#6420 = CARTESIAN_POINT('',(-4.166666666667,97.,11.));
#6421 = SURFACE_CURVE('',#6422,(#6426,#6433),.PCURVE_S1.);
#6422 = LINE('',#6423,#6424);
#6423 = CARTESIAN_POINT('',(1.076916333886E-14,97.,11.));
#6424 = VECTOR('',#6425,1.);
#6425 = DIRECTION('',(-1.,1.110223024625E-16,0.));
#6426 = PCURVE('',#3065,#6427);
#6427 = DEFINITIONAL_REPRESENTATION('',(#6428),#6432);
#6428 = LINE('',#6429,#6430);
#6429 = CARTESIAN_POINT('',(-3.,0.));
#6430 = VECTOR('',#6431,1.);
#6431 = DIRECTION('',(0.,1.));
#6432 = ( GEOMETRIC_REPRESENTATION_CONTEXT(2) 
PARAMETRIC_REPRESENTATION_CONTEXT() REPRESENTATION_CONTEXT('2D SPACE',''
  ) );
#6433 = PCURVE('',#6380,#6434);
#6434 = DEFINITIONAL_REPRESENTATION('',(#6435),#6439);
#6435 = LINE('',#6436,#6437);
#6436 = CARTESIAN_POINT('',(4.166666666667,-9.));
#6437 = VECTOR('',#6438,1.);
#6438 = DIRECTION('',(1.,0.));
#6439 = ( GEOMETRIC_REPRESENTATION_CONTEXT(2) 
PARAMETRIC_REPRESENTATION_CONTEXT() REPRESENTATION_CONTEXT('2D SPACE',''
  ) );
#6440 = ORIENTED_EDGE('',*,*,#6392,.T.);
#6441 = ORIENTED_EDGE('',*,*,#3048,.T.);
#6442 = ORIENTED_EDGE('',*,*,#6443,.F.);
#6443 = EDGE_CURVE('',#6419,#3023,#6444,.T.);
#6444 = SURFACE_CURVE('',#6445,(#6449,#6456),.PCURVE_S1.);
#6445 = LINE('',#6446,#6447);
#6446 = CARTESIAN_POINT('',(-4.166666666667,100.,11.));
#6447 = VECTOR('',#6448,1.);
#6448 = DIRECTION('',(1.110223024625E-16,1.,0.));
#6449 = PCURVE('',#3065,#6450);
#6450 = DEFINITIONAL_REPRESENTATION('',(#6451),#6455);
#6451 = LINE('',#6452,#6453);
#6452 = CARTESIAN_POINT('',(0.,4.166666666667));
#6453 = VECTOR('',#6454,1.);
#6454 = DIRECTION('',(1.,0.));
#6455 = ( GEOMETRIC_REPRESENTATION_CONTEXT(2) 
PARAMETRIC_REPRESENTATION_CONTEXT() REPRESENTATION_CONTEXT('2D SPACE',''
  ) );
#6456 = PCURVE('',#3037,#6457);
#6457 = DEFINITIONAL_REPRESENTATION('',(#6458),#6462);
#6458 = LINE('',#6459,#6460);
#6459 = CARTESIAN_POINT('',(3.,-9.));
#6460 = VECTOR('',#6461,1.);
#6461 = DIRECTION('',(1.,0.));
#6462 = ( GEOMETRIC_REPRESENTATION_CONTEXT(2) 
PARAMETRIC_REPRESENTATION_CONTEXT() REPRESENTATION_CONTEXT('2D SPACE',''
  ) );
#6463 = ADVANCED_FACE('',(#6464),#3037,.T.);
#6464 = FACE_BOUND('',#6465,.T.);
#6465 = EDGE_LOOP('',(#6466,#6489,#6510,#6511,#6512));
#6466 = ORIENTED_EDGE('',*,*,#6467,.F.);
#6467 = EDGE_CURVE('',#6468,#6470,#6472,.T.);
#6468 = VERTEX_POINT('',#6469);
#6469 = CARTESIAN_POINT('',(-4.166666666667,97.,19.));
#6470 = VERTEX_POINT('',#6471);
#6471 = CARTESIAN_POINT('',(-4.166666666667,98.411833073512,19.));
#6472 = SURFACE_CURVE('',#6473,(#6477,#6483),.PCURVE_S1.);
#6473 = LINE('',#6474,#6475);
#6474 = CARTESIAN_POINT('',(-4.166666666667,48.5,19.));
#6475 = VECTOR('',#6476,1.);
#6476 = DIRECTION('',(1.110223024625E-16,1.,-0.));
#6477 = PCURVE('',#3037,#6478);
#6478 = DEFINITIONAL_REPRESENTATION('',(#6479),#6482);
#6479 = B_SPLINE_CURVE_WITH_KNOTS('',1,(#6480,#6481),.UNSPECIFIED.,.F.,
  .F.,(2,2),(48.5,50.),.PIECEWISE_BEZIER_KNOTS.);
#6480 = CARTESIAN_POINT('',(0.,-1.));
#6481 = CARTESIAN_POINT('',(1.5,-1.));
#6482 = ( GEOMETRIC_REPRESENTATION_CONTEXT(2) 
PARAMETRIC_REPRESENTATION_CONTEXT() REPRESENTATION_CONTEXT('2D SPACE',''
  ) );
#6483 = PCURVE('',#4211,#6484);
#6484 = DEFINITIONAL_REPRESENTATION('',(#6485),#6488);
#6485 = B_SPLINE_CURVE_WITH_KNOTS('',1,(#6486,#6487),.UNSPECIFIED.,.F.,
  .F.,(2,2),(48.5,50.),.PIECEWISE_BEZIER_KNOTS.);
#6486 = CARTESIAN_POINT('',(-4.166666666667,97.));
#6487 = CARTESIAN_POINT('',(-4.166666666667,98.5));
#6488 = ( GEOMETRIC_REPRESENTATION_CONTEXT(2) 
PARAMETRIC_REPRESENTATION_CONTEXT() REPRESENTATION_CONTEXT('2D SPACE',''
  ) );
#6489 = ORIENTED_EDGE('',*,*,#6490,.T.);
#6490 = EDGE_CURVE('',#6468,#6419,#6491,.T.);
#6491 = SURFACE_CURVE('',#6492,(#6496,#6503),.PCURVE_S1.);
#6492 = LINE('',#6493,#6494);
#6493 = CARTESIAN_POINT('',(-4.166666666667,97.,20.));
#6494 = VECTOR('',#6495,1.);
#6495 = DIRECTION('',(-0.,-0.,-1.));
#6496 = PCURVE('',#3037,#6497);
#6497 = DEFINITIONAL_REPRESENTATION('',(#6498),#6502);
#6498 = LINE('',#6499,#6500);
#6499 = CARTESIAN_POINT('',(0.,0.));
#6500 = VECTOR('',#6501,1.);
#6501 = DIRECTION('',(0.,-1.));
#6502 = ( GEOMETRIC_REPRESENTATION_CONTEXT(2) 
PARAMETRIC_REPRESENTATION_CONTEXT() REPRESENTATION_CONTEXT('2D SPACE',''
  ) );
#6503 = PCURVE('',#6380,#6504);
#6504 = DEFINITIONAL_REPRESENTATION('',(#6505),#6509);
#6505 = LINE('',#6506,#6507);
#6506 = CARTESIAN_POINT('',(8.333333333333,0.));
#6507 = VECTOR('',#6508,1.);
#6508 = DIRECTION('',(0.,-1.));
#6509 = ( GEOMETRIC_REPRESENTATION_CONTEXT(2) 
PARAMETRIC_REPRESENTATION_CONTEXT() REPRESENTATION_CONTEXT('2D SPACE',''
  ) );
#6510 = ORIENTED_EDGE('',*,*,#6443,.T.);
#6511 = ORIENTED_EDGE('',*,*,#3022,.T.);
#6512 = ORIENTED_EDGE('',*,*,#6513,.F.);
#6513 = EDGE_CURVE('',#6470,#2994,#6514,.T.);
#6514 = SURFACE_CURVE('',#6515,(#6520,#6527),.PCURVE_S1.);
#6515 = HYPERBOLA('',#6516,4.166666666667,4.166666666667);
#6516 = AXIS2_PLACEMENT_3D('',#6517,#6518,#6519);
#6517 = CARTESIAN_POINT('',(-4.166666666667,4.625929269271E-16,117.5));
#6518 = DIRECTION('',(1.,-1.110223024625E-16,0.));
#6519 = DIRECTION('',(0.,-0.,-1.));
#6520 = PCURVE('',#3037,#6521);
#6521 = DEFINITIONAL_REPRESENTATION('',(#6522),#6526);
#6522 = ( BOUNDED_CURVE() B_SPLINE_CURVE(2,(#6523,#6524,#6525),
.UNSPECIFIED.,.F.,.F.) B_SPLINE_CURVE_WITH_KNOTS((3,3),(3.855639725068,
3.870766700287),.PIECEWISE_BEZIER_KNOTS.) CURVE() 
GEOMETRIC_REPRESENTATION_ITEM() RATIONAL_B_SPLINE_CURVE((1.,
1.000028603309,1.)) REPRESENTATION_ITEM('') );
#6523 = CARTESIAN_POINT('',(1.411833073513,-1.));
#6524 = CARTESIAN_POINT('',(2.156822397057,-1.744322486804));
#6525 = CARTESIAN_POINT('',(2.913156735682,-2.5));
#6526 = ( GEOMETRIC_REPRESENTATION_CONTEXT(2) 
PARAMETRIC_REPRESENTATION_CONTEXT() REPRESENTATION_CONTEXT('2D SPACE',''
  ) );
#6527 = PCURVE('',#3010,#6528);
#6528 = DEFINITIONAL_REPRESENTATION('',(#6529),#6536);
#6529 = B_SPLINE_CURVE_WITH_KNOTS('',5,(#6530,#6531,#6532,#6533,#6534,
    #6535),.UNSPECIFIED.,.F.,.F.,(6,6),(3.855639725068,3.870766700287),
  .PIECEWISE_BEZIER_KNOTS.);
#6530 = CARTESIAN_POINT('',(-1.613110136951,-1.5));
#6531 = CARTESIAN_POINT('',(-1.612982159158,-1.202265327971));
#6532 = CARTESIAN_POINT('',(-1.61285466491,-0.903403690949));
#6533 = CARTESIAN_POINT('',(-1.612727651777,-0.603409411496));
#6534 = CARTESIAN_POINT('',(-1.612601117344,-0.302276769196));
#6535 = CARTESIAN_POINT('',(-1.612475059217,3.552713678801E-14));
#6536 = ( GEOMETRIC_REPRESENTATION_CONTEXT(2) 
PARAMETRIC_REPRESENTATION_CONTEXT() REPRESENTATION_CONTEXT('2D SPACE',''
  ) );
#6537 = ADVANCED_FACE('',(#6538),#3010,.T.);
#6538 = FACE_BOUND('',#6539,.T.);
#6539 = EDGE_LOOP('',(#6540,#6541,#6542,#6569));
#6540 = ORIENTED_EDGE('',*,*,#6513,.T.);
#6541 = ORIENTED_EDGE('',*,*,#2993,.T.);
#6542 = ORIENTED_EDGE('',*,*,#6543,.F.);
#6543 = EDGE_CURVE('',#6544,#2968,#6546,.T.);
#6544 = VERTEX_POINT('',#6545);
#6545 = CARTESIAN_POINT('',(-12.98566983652,97.640270272551,19.));
#6546 = SURFACE_CURVE('',#6547,(#6552,#6562),.PCURVE_S1.);
#6547 = HYPERBOLA('',#6548,4.166666666667,4.166666666667);
#6548 = AXIS2_PLACEMENT_3D('',#6549,#6550,#6551);
#6549 = CARTESIAN_POINT('',(4.103365637551,0.723534073612,117.5));
#6550 = DIRECTION('',(0.984807753012,0.173648177667,0.));
#6551 = DIRECTION('',(0.,-0.,-1.));
#6552 = PCURVE('',#3010,#6553);
#6553 = DEFINITIONAL_REPRESENTATION('',(#6554),#6561);
#6554 = B_SPLINE_CURVE_WITH_KNOTS('',5,(#6555,#6556,#6557,#6558,#6559,
    #6560),.UNSPECIFIED.,.F.,.F.,(6,6),(3.855639725068,3.870766700287),
  .PIECEWISE_BEZIER_KNOTS.);
#6555 = CARTESIAN_POINT('',(-1.703015441838,-1.5));
#6556 = CARTESIAN_POINT('',(-1.703143419632,-1.202265327971));
#6557 = CARTESIAN_POINT('',(-1.703270913879,-0.903403690949));
#6558 = CARTESIAN_POINT('',(-1.703397927013,-0.603409411496));
#6559 = CARTESIAN_POINT('',(-1.703524461445,-0.302276769196));
#6560 = CARTESIAN_POINT('',(-1.703650519572,2.13162820728E-14));
#6561 = ( GEOMETRIC_REPRESENTATION_CONTEXT(2) 
PARAMETRIC_REPRESENTATION_CONTEXT() REPRESENTATION_CONTEXT('2D SPACE',''
  ) );
#6562 = PCURVE('',#2982,#6563);
#6563 = DEFINITIONAL_REPRESENTATION('',(#6564),#6568);
#6564 = ( BOUNDED_CURVE() B_SPLINE_CURVE(2,(#6565,#6566,#6567),
.UNSPECIFIED.,.F.,.F.) B_SPLINE_CURVE_WITH_KNOTS((3,3),(3.855639725068,
3.870766700287),.PIECEWISE_BEZIER_KNOTS.) CURVE() 
GEOMETRIC_REPRESENTATION_ITEM() RATIONAL_B_SPLINE_CURVE((1.,
1.000028603309,1.)) REPRESENTATION_ITEM('') );
#6565 = CARTESIAN_POINT('',(1.411833073512,-1.));
#6566 = CARTESIAN_POINT('',(2.156822397057,-1.744322486804));
#6567 = CARTESIAN_POINT('',(2.913156735682,-2.5));
#6568 = ( GEOMETRIC_REPRESENTATION_CONTEXT(2) 
PARAMETRIC_REPRESENTATION_CONTEXT() REPRESENTATION_CONTEXT('2D SPACE',''
  ) );
#6569 = ORIENTED_EDGE('',*,*,#6570,.F.);
#6570 = EDGE_CURVE('',#6470,#6544,#6571,.T.);
#6571 = SURFACE_CURVE('',#6572,(#6577,#6584),.PCURVE_S1.);
#6572 = CIRCLE('',#6573,98.5);
#6573 = AXIS2_PLACEMENT_3D('',#6574,#6575,#6576);
#6574 = CARTESIAN_POINT('',(0.,0.,19.));
#6575 = DIRECTION('',(0.,0.,1.));
#6576 = DIRECTION('',(1.,0.,-0.));
#6577 = PCURVE('',#3010,#6578);
#6578 = DEFINITIONAL_REPRESENTATION('',(#6579),#6583);
#6579 = LINE('',#6580,#6581);
#6580 = CARTESIAN_POINT('',(-0.,-1.5));
#6581 = VECTOR('',#6582,1.);
#6582 = DIRECTION('',(-1.,-0.));
#6583 = ( GEOMETRIC_REPRESENTATION_CONTEXT(2) 
PARAMETRIC_REPRESENTATION_CONTEXT() REPRESENTATION_CONTEXT('2D SPACE',''
  ) );
#6584 = PCURVE('',#4211,#6585);
#6585 = DEFINITIONAL_REPRESENTATION('',(#6586),#6590);
#6586 = CIRCLE('',#6587,98.5);
#6587 = AXIS2_PLACEMENT_2D('',#6588,#6589);
#6588 = CARTESIAN_POINT('',(0.,0.));
#6589 = DIRECTION('',(1.,0.));
#6590 = ( GEOMETRIC_REPRESENTATION_CONTEXT(2) 
PARAMETRIC_REPRESENTATION_CONTEXT() REPRESENTATION_CONTEXT('2D SPACE',''
  ) );
#6591 = ADVANCED_FACE('',(#6592),#2982,.F.);
#6592 = FACE_BOUND('',#6593,.F.);
#6593 = EDGE_LOOP('',(#6594,#6615,#6643,#6664,#6665));
#6594 = ORIENTED_EDGE('',*,*,#6595,.F.);
#6595 = EDGE_CURVE('',#6596,#6544,#6598,.T.);
#6596 = VERTEX_POINT('',#6597);
#6597 = CARTESIAN_POINT('',(-12.74050759614,96.249886115796,19.));
#6598 = SURFACE_CURVE('',#6599,(#6603,#6609),.PCURVE_S1.);
#6599 = LINE('',#6600,#6601);
#6600 = CARTESIAN_POINT('',(-4.318570979295,48.486710094704,19.));
#6601 = VECTOR('',#6602,1.);
#6602 = DIRECTION('',(-0.173648177667,0.984807753012,0.));
#6603 = PCURVE('',#2982,#6604);
#6604 = DEFINITIONAL_REPRESENTATION('',(#6605),#6608);
#6605 = B_SPLINE_CURVE_WITH_KNOTS('',1,(#6606,#6607),.UNSPECIFIED.,.F.,
  .F.,(2,2),(48.5,50.784825517794),.PIECEWISE_BEZIER_KNOTS.);
#6606 = CARTESIAN_POINT('',(0.,-1.));
#6607 = CARTESIAN_POINT('',(2.284825517794,-1.));
#6608 = ( GEOMETRIC_REPRESENTATION_CONTEXT(2) 
PARAMETRIC_REPRESENTATION_CONTEXT() REPRESENTATION_CONTEXT('2D SPACE',''
  ) );
#6609 = PCURVE('',#4211,#6610);
#6610 = DEFINITIONAL_REPRESENTATION('',(#6611),#6614);
#6611 = B_SPLINE_CURVE_WITH_KNOTS('',1,(#6612,#6613),.UNSPECIFIED.,.F.,
  .F.,(2,2),(48.5,50.784825517794),.PIECEWISE_BEZIER_KNOTS.);
#6612 = CARTESIAN_POINT('',(-12.74050759614,96.249886115796));
#6613 = CARTESIAN_POINT('',(-13.13726338359,98.5));
#6614 = ( GEOMETRIC_REPRESENTATION_CONTEXT(2) 
PARAMETRIC_REPRESENTATION_CONTEXT() REPRESENTATION_CONTEXT('2D SPACE',''
  ) );
#6615 = ORIENTED_EDGE('',*,*,#6616,.T.);
#6616 = EDGE_CURVE('',#6596,#6617,#6619,.T.);
#6617 = VERTEX_POINT('',#6618);
#6618 = CARTESIAN_POINT('',(-12.74050759614,96.249886115796,11.));
#6619 = SURFACE_CURVE('',#6620,(#6624,#6631),.PCURVE_S1.);
#6620 = LINE('',#6621,#6622);
#6621 = CARTESIAN_POINT('',(-12.74050759614,96.249886115796,20.));
#6622 = VECTOR('',#6623,1.);
#6623 = DIRECTION('',(-0.,-0.,-1.));
#6624 = PCURVE('',#2982,#6625);
#6625 = DEFINITIONAL_REPRESENTATION('',(#6626),#6630);
#6626 = LINE('',#6627,#6628);
#6627 = CARTESIAN_POINT('',(0.,0.));
#6628 = VECTOR('',#6629,1.);
#6629 = DIRECTION('',(0.,-1.));
#6630 = ( GEOMETRIC_REPRESENTATION_CONTEXT(2) 
PARAMETRIC_REPRESENTATION_CONTEXT() REPRESENTATION_CONTEXT('2D SPACE',''
  ) );
#6631 = PCURVE('',#6632,#6637);
#6632 = PLANE('',#6633);
#6633 = AXIS2_PLACEMENT_3D('',#6634,#6635,#6636);
#6634 = CARTESIAN_POINT('',(-12.74050759614,96.249886115796,20.));
#6635 = DIRECTION('',(-0.173648177667,0.984807753012,0.));
#6636 = DIRECTION('',(-0.984807753012,-0.173648177667,0.));
#6637 = DEFINITIONAL_REPRESENTATION('',(#6638),#6642);
#6638 = LINE('',#6639,#6640);
#6639 = CARTESIAN_POINT('',(-1.749369987558E-15,0.));
#6640 = VECTOR('',#6641,1.);
#6641 = DIRECTION('',(0.,-1.));
#6642 = ( GEOMETRIC_REPRESENTATION_CONTEXT(2) 
PARAMETRIC_REPRESENTATION_CONTEXT() REPRESENTATION_CONTEXT('2D SPACE',''
  ) );
#6643 = ORIENTED_EDGE('',*,*,#6644,.T.);
#6644 = EDGE_CURVE('',#6617,#2939,#6645,.T.);
#6645 = SURFACE_CURVE('',#6646,(#6650,#6657),.PCURVE_S1.);
#6646 = LINE('',#6647,#6648);
#6647 = CARTESIAN_POINT('',(-13.26145212914,99.204309374833,11.));
#6648 = VECTOR('',#6649,1.);
#6649 = DIRECTION('',(-0.173648177667,0.984807753012,0.));
#6650 = PCURVE('',#2982,#6651);
#6651 = DEFINITIONAL_REPRESENTATION('',(#6652),#6656);
#6652 = LINE('',#6653,#6654);
#6653 = CARTESIAN_POINT('',(3.,-9.));
#6654 = VECTOR('',#6655,1.);
#6655 = DIRECTION('',(1.,0.));
#6656 = ( GEOMETRIC_REPRESENTATION_CONTEXT(2) 
PARAMETRIC_REPRESENTATION_CONTEXT() REPRESENTATION_CONTEXT('2D SPACE',''
  ) );
#6657 = PCURVE('',#2955,#6658);
#6658 = DEFINITIONAL_REPRESENTATION('',(#6659),#6663);
#6659 = LINE('',#6660,#6661);
#6660 = CARTESIAN_POINT('',(0.,-4.166666666667));
#6661 = VECTOR('',#6662,1.);
#6662 = DIRECTION('',(1.,0.));
#6663 = ( GEOMETRIC_REPRESENTATION_CONTEXT(2) 
PARAMETRIC_REPRESENTATION_CONTEXT() REPRESENTATION_CONTEXT('2D SPACE',''
  ) );
#6664 = ORIENTED_EDGE('',*,*,#2967,.T.);
#6665 = ORIENTED_EDGE('',*,*,#6543,.F.);
#6666 = ADVANCED_FACE('',(#6667),#2955,.T.);
#6667 = FACE_BOUND('',#6668,.T.);
#6668 = EDGE_LOOP('',(#6669,#6692,#6693,#6694));
#6669 = ORIENTED_EDGE('',*,*,#6670,.F.);
#6670 = EDGE_CURVE('',#6617,#6671,#6673,.T.);
#6671 = VERTEX_POINT('',#6672);
#6672 = CARTESIAN_POINT('',(-20.94723887124,94.802817968572,11.));
#6673 = SURFACE_CURVE('',#6674,(#6678,#6685),.PCURVE_S1.);
#6674 = LINE('',#6675,#6676);
#6675 = CARTESIAN_POINT('',(-16.84387323369,95.526352042184,11.));
#6676 = VECTOR('',#6677,1.);
#6677 = DIRECTION('',(-0.984807753012,-0.173648177667,0.));
#6678 = PCURVE('',#2955,#6679);
#6679 = DEFINITIONAL_REPRESENTATION('',(#6680),#6684);
#6680 = LINE('',#6681,#6682);
#6681 = CARTESIAN_POINT('',(-3.,0.));
#6682 = VECTOR('',#6683,1.);
#6683 = DIRECTION('',(0.,1.));
#6684 = ( GEOMETRIC_REPRESENTATION_CONTEXT(2) 
PARAMETRIC_REPRESENTATION_CONTEXT() REPRESENTATION_CONTEXT('2D SPACE',''
  ) );
#6685 = PCURVE('',#6632,#6686);
#6686 = DEFINITIONAL_REPRESENTATION('',(#6687),#6691);
#6687 = LINE('',#6688,#6689);
#6688 = CARTESIAN_POINT('',(4.166666666667,-9.));
#6689 = VECTOR('',#6690,1.);
#6690 = DIRECTION('',(1.,0.));
#6691 = ( GEOMETRIC_REPRESENTATION_CONTEXT(2) 
PARAMETRIC_REPRESENTATION_CONTEXT() REPRESENTATION_CONTEXT('2D SPACE',''
  ) );
#6692 = ORIENTED_EDGE('',*,*,#6644,.T.);
#6693 = ORIENTED_EDGE('',*,*,#2938,.T.);
#6694 = ORIENTED_EDGE('',*,*,#6695,.F.);
#6695 = EDGE_CURVE('',#6671,#2913,#6696,.T.);
#6696 = SURFACE_CURVE('',#6697,(#6701,#6708),.PCURVE_S1.);
#6697 = LINE('',#6698,#6699);
#6698 = CARTESIAN_POINT('',(-21.46818340424,97.757241227609,11.));
#6699 = VECTOR('',#6700,1.);
#6700 = DIRECTION('',(-0.173648177667,0.984807753012,0.));
#6701 = PCURVE('',#2955,#6702);
#6702 = DEFINITIONAL_REPRESENTATION('',(#6703),#6707);
#6703 = LINE('',#6704,#6705);
#6704 = CARTESIAN_POINT('',(0.,4.166666666667));
#6705 = VECTOR('',#6706,1.);
#6706 = DIRECTION('',(1.,0.));
#6707 = ( GEOMETRIC_REPRESENTATION_CONTEXT(2) 
PARAMETRIC_REPRESENTATION_CONTEXT() REPRESENTATION_CONTEXT('2D SPACE',''
  ) );
#6708 = PCURVE('',#2927,#6709);
#6709 = DEFINITIONAL_REPRESENTATION('',(#6710),#6714);
#6710 = LINE('',#6711,#6712);
#6711 = CARTESIAN_POINT('',(3.,-9.));
#6712 = VECTOR('',#6713,1.);
#6713 = DIRECTION('',(1.,0.));
#6714 = ( GEOMETRIC_REPRESENTATION_CONTEXT(2) 
PARAMETRIC_REPRESENTATION_CONTEXT() REPRESENTATION_CONTEXT('2D SPACE',''
  ) );
#6715 = ADVANCED_FACE('',(#6716),#2927,.T.);
#6716 = FACE_BOUND('',#6717,.T.);
#6717 = EDGE_LOOP('',(#6718,#6741,#6762,#6763,#6764));
#6718 = ORIENTED_EDGE('',*,*,#6719,.F.);
#6719 = EDGE_CURVE('',#6720,#6722,#6724,.T.);
#6720 = VERTEX_POINT('',#6721);
#6721 = CARTESIAN_POINT('',(-20.94723887124,94.802817968572,19.));
#6722 = VERTEX_POINT('',#6723);
#6723 = CARTESIAN_POINT('',(-21.19240111162,96.193202125326,19.));
#6724 = SURFACE_CURVE('',#6725,(#6729,#6735),.PCURVE_S1.);
#6725 = LINE('',#6726,#6727);
#6726 = CARTESIAN_POINT('',(-12.52530225439,47.03964194748,19.));
#6727 = VECTOR('',#6728,1.);
#6728 = DIRECTION('',(-0.173648177667,0.984807753012,0.));
#6729 = PCURVE('',#2927,#6730);
#6730 = DEFINITIONAL_REPRESENTATION('',(#6731),#6734);
#6731 = B_SPLINE_CURVE_WITH_KNOTS('',1,(#6732,#6733),.UNSPECIFIED.,.F.,
  .F.,(2,2),(48.5,52.254217023698),.PIECEWISE_BEZIER_KNOTS.);
#6732 = CARTESIAN_POINT('',(7.105427357601E-15,-1.));
#6733 = CARTESIAN_POINT('',(3.754217023698,-1.));
#6734 = ( GEOMETRIC_REPRESENTATION_CONTEXT(2) 
PARAMETRIC_REPRESENTATION_CONTEXT() REPRESENTATION_CONTEXT('2D SPACE',''
  ) );
#6735 = PCURVE('',#4211,#6736);
#6736 = DEFINITIONAL_REPRESENTATION('',(#6737),#6740);
#6737 = B_SPLINE_CURVE_WITH_KNOTS('',1,(#6738,#6739),.UNSPECIFIED.,.F.,
  .F.,(2,2),(48.5,52.254217023698),.PIECEWISE_BEZIER_KNOTS.);
#6738 = CARTESIAN_POINT('',(-20.94723887124,94.802817968572));
#6739 = CARTESIAN_POINT('',(-21.59915181597,98.5));
#6740 = ( GEOMETRIC_REPRESENTATION_CONTEXT(2) 
PARAMETRIC_REPRESENTATION_CONTEXT() REPRESENTATION_CONTEXT('2D SPACE',''
  ) );
#6741 = ORIENTED_EDGE('',*,*,#6742,.T.);
#6742 = EDGE_CURVE('',#6720,#6671,#6743,.T.);
#6743 = SURFACE_CURVE('',#6744,(#6748,#6755),.PCURVE_S1.);
#6744 = LINE('',#6745,#6746);
#6745 = CARTESIAN_POINT('',(-20.94723887124,94.802817968572,20.));
#6746 = VECTOR('',#6747,1.);
#6747 = DIRECTION('',(-0.,-0.,-1.));
#6748 = PCURVE('',#2927,#6749);
#6749 = DEFINITIONAL_REPRESENTATION('',(#6750),#6754);
#6750 = LINE('',#6751,#6752);
#6751 = CARTESIAN_POINT('',(1.461188215656E-14,0.));
#6752 = VECTOR('',#6753,1.);
#6753 = DIRECTION('',(0.,-1.));
#6754 = ( GEOMETRIC_REPRESENTATION_CONTEXT(2) 
PARAMETRIC_REPRESENTATION_CONTEXT() REPRESENTATION_CONTEXT('2D SPACE',''
  ) );
#6755 = PCURVE('',#6632,#6756);
#6756 = DEFINITIONAL_REPRESENTATION('',(#6757),#6761);
#6757 = LINE('',#6758,#6759);
#6758 = CARTESIAN_POINT('',(8.333333333333,0.));
#6759 = VECTOR('',#6760,1.);
#6760 = DIRECTION('',(0.,-1.));
#6761 = ( GEOMETRIC_REPRESENTATION_CONTEXT(2) 
PARAMETRIC_REPRESENTATION_CONTEXT() REPRESENTATION_CONTEXT('2D SPACE',''
  ) );
#6762 = ORIENTED_EDGE('',*,*,#6695,.T.);
#6763 = ORIENTED_EDGE('',*,*,#2912,.T.);
#6764 = ORIENTED_EDGE('',*,*,#6765,.F.);
#6765 = EDGE_CURVE('',#6722,#2884,#6766,.T.);
#6766 = SURFACE_CURVE('',#6767,(#6772,#6779),.PCURVE_S1.);
#6767 = HYPERBOLA('',#6768,4.166666666667,4.166666666667);
#6768 = AXIS2_PLACEMENT_3D('',#6769,#6770,#6771);
#6769 = CARTESIAN_POINT('',(-4.103365637551,-0.723534073612,117.5));
#6770 = DIRECTION('',(0.984807753012,0.173648177667,0.));
#6771 = DIRECTION('',(0.,-0.,-1.));
#6772 = PCURVE('',#2927,#6773);
#6773 = DEFINITIONAL_REPRESENTATION('',(#6774),#6778);
#6774 = ( BOUNDED_CURVE() B_SPLINE_CURVE(2,(#6775,#6776,#6777),
.UNSPECIFIED.,.F.,.F.) B_SPLINE_CURVE_WITH_KNOTS((3,3),(3.855639725068,
3.870766700287),.PIECEWISE_BEZIER_KNOTS.) CURVE() 
GEOMETRIC_REPRESENTATION_ITEM() RATIONAL_B_SPLINE_CURVE((1.,
1.000028603309,1.)) REPRESENTATION_ITEM('') );
#6775 = CARTESIAN_POINT('',(1.411833073512,-1.));
#6776 = CARTESIAN_POINT('',(2.156822397057,-1.744322486804));
#6777 = CARTESIAN_POINT('',(2.913156735682,-2.5));
#6778 = ( GEOMETRIC_REPRESENTATION_CONTEXT(2) 
PARAMETRIC_REPRESENTATION_CONTEXT() REPRESENTATION_CONTEXT('2D SPACE',''
  ) );
#6779 = PCURVE('',#2900,#6780);
#6780 = DEFINITIONAL_REPRESENTATION('',(#6781),#6788);
#6781 = B_SPLINE_CURVE_WITH_KNOTS('',5,(#6782,#6783,#6784,#6785,#6786,
    #6787),.UNSPECIFIED.,.F.,.F.,(6,6),(3.855639725068,3.870766700287),
  .PIECEWISE_BEZIER_KNOTS.);
#6782 = CARTESIAN_POINT('',(-1.787643062151,-1.5));
#6783 = CARTESIAN_POINT('',(-1.787515084357,-1.202265327971));
#6784 = CARTESIAN_POINT('',(-1.787387590109,-0.903403690948));
#6785 = CARTESIAN_POINT('',(-1.787260576976,-0.603409411496));
#6786 = CARTESIAN_POINT('',(-1.787134042544,-0.302276769196));
#6787 = CARTESIAN_POINT('',(-1.787007984417,1.42108547152E-14));
#6788 = ( GEOMETRIC_REPRESENTATION_CONTEXT(2) 
PARAMETRIC_REPRESENTATION_CONTEXT() REPRESENTATION_CONTEXT('2D SPACE',''
  ) );
#6789 = ADVANCED_FACE('',(#6790),#2900,.T.);
#6790 = FACE_BOUND('',#6791,.T.);
#6791 = EDGE_LOOP('',(#6792,#6793,#6794,#6821));
#6792 = ORIENTED_EDGE('',*,*,#6765,.T.);
#6793 = ORIENTED_EDGE('',*,*,#2883,.T.);
#6794 = ORIENTED_EDGE('',*,*,#6795,.F.);
#6795 = EDGE_CURVE('',#6796,#2858,#6798,.T.);
#6796 = VERTEX_POINT('',#6797);
#6797 = CARTESIAN_POINT('',(-29.7434433328,93.901957267718,19.));
#6798 = SURFACE_CURVE('',#6799,(#6804,#6814),.PCURVE_S1.);
#6799 = HYPERBOLA('',#6800,4.166666666667,4.166666666667);
#6800 = AXIS2_PLACEMENT_3D('',#6801,#6802,#6803);
#6801 = CARTESIAN_POINT('',(3.915385919941,1.425083930524,117.5));
#6802 = DIRECTION('',(0.939692620786,0.342020143326,0.));
#6803 = DIRECTION('',(0.,-0.,-1.));
#6804 = PCURVE('',#2900,#6805);
#6805 = DEFINITIONAL_REPRESENTATION('',(#6806),#6813);
#6806 = B_SPLINE_CURVE_WITH_KNOTS('',5,(#6807,#6808,#6809,#6810,#6811,
    #6812),.UNSPECIFIED.,.F.,.F.,(6,6),(3.855639725068,3.870766700287),
  .PIECEWISE_BEZIER_KNOTS.);
#6807 = CARTESIAN_POINT('',(-1.877548367037,-1.5));
#6808 = CARTESIAN_POINT('',(-1.877676344831,-1.202265327971));
#6809 = CARTESIAN_POINT('',(-1.877803839079,-0.903403690948));
#6810 = CARTESIAN_POINT('',(-1.877930852212,-0.603409411496));
#6811 = CARTESIAN_POINT('',(-1.878057386644,-0.302276769196));
#6812 = CARTESIAN_POINT('',(-1.878183444771,-7.105427357601E-15));
#6813 = ( GEOMETRIC_REPRESENTATION_CONTEXT(2) 
PARAMETRIC_REPRESENTATION_CONTEXT() REPRESENTATION_CONTEXT('2D SPACE',''
  ) );
#6814 = PCURVE('',#2872,#6815);
#6815 = DEFINITIONAL_REPRESENTATION('',(#6816),#6820);
#6816 = ( BOUNDED_CURVE() B_SPLINE_CURVE(2,(#6817,#6818,#6819),
.UNSPECIFIED.,.F.,.F.) B_SPLINE_CURVE_WITH_KNOTS((3,3),(3.855639725068,
3.870766700287),.PIECEWISE_BEZIER_KNOTS.) CURVE() 
GEOMETRIC_REPRESENTATION_ITEM() RATIONAL_B_SPLINE_CURVE((1.,
1.000028603309,1.)) REPRESENTATION_ITEM('') );
#6817 = CARTESIAN_POINT('',(1.411833073513,-1.));
#6818 = CARTESIAN_POINT('',(2.156822397058,-1.744322486804));
#6819 = CARTESIAN_POINT('',(2.913156735682,-2.5));
#6820 = ( GEOMETRIC_REPRESENTATION_CONTEXT(2) 
PARAMETRIC_REPRESENTATION_CONTEXT() REPRESENTATION_CONTEXT('2D SPACE',''
  ) );
#6821 = ORIENTED_EDGE('',*,*,#6822,.F.);
#6822 = EDGE_CURVE('',#6722,#6796,#6823,.T.);
#6823 = SURFACE_CURVE('',#6824,(#6829,#6836),.PCURVE_S1.);
#6824 = CIRCLE('',#6825,98.5);
#6825 = AXIS2_PLACEMENT_3D('',#6826,#6827,#6828);
#6826 = CARTESIAN_POINT('',(0.,0.,19.));
#6827 = DIRECTION('',(0.,0.,1.));
#6828 = DIRECTION('',(1.,0.,-0.));
#6829 = PCURVE('',#2900,#6830);
#6830 = DEFINITIONAL_REPRESENTATION('',(#6831),#6835);
#6831 = LINE('',#6832,#6833);
#6832 = CARTESIAN_POINT('',(-0.,-1.5));
#6833 = VECTOR('',#6834,1.);
#6834 = DIRECTION('',(-1.,-0.));
#6835 = ( GEOMETRIC_REPRESENTATION_CONTEXT(2) 
PARAMETRIC_REPRESENTATION_CONTEXT() REPRESENTATION_CONTEXT('2D SPACE',''
  ) );
#6836 = PCURVE('',#4211,#6837);
#6837 = DEFINITIONAL_REPRESENTATION('',(#6838),#6842);
#6838 = CIRCLE('',#6839,98.5);
#6839 = AXIS2_PLACEMENT_2D('',#6840,#6841);
#6840 = CARTESIAN_POINT('',(0.,0.));
#6841 = DIRECTION('',(1.,0.));
#6842 = ( GEOMETRIC_REPRESENTATION_CONTEXT(2) 
PARAMETRIC_REPRESENTATION_CONTEXT() REPRESENTATION_CONTEXT('2D SPACE',''
  ) );
#6843 = ADVANCED_FACE('',(#6844),#2872,.F.);
#6844 = FACE_BOUND('',#6845,.F.);
#6845 = EDGE_LOOP('',(#6846,#6867,#6895,#6916,#6917));
#6846 = ORIENTED_EDGE('',*,*,#6847,.F.);
#6847 = EDGE_CURVE('',#6848,#6796,#6850,.T.);
#6848 = VERTEX_POINT('',#6849);
#6849 = CARTESIAN_POINT('',(-29.26056798264,92.575268146757,19.));
#6850 = SURFACE_CURVE('',#6851,(#6855,#6861),.PCURVE_S1.);
#6851 = LINE('',#6852,#6853);
#6852 = CARTESIAN_POINT('',(-12.67259103135,47.00017603864,19.));
#6853 = VECTOR('',#6854,1.);
#6854 = DIRECTION('',(-0.342020143326,0.939692620786,0.));
#6855 = PCURVE('',#2872,#6856);
#6856 = DEFINITIONAL_REPRESENTATION('',(#6857),#6860);
#6857 = B_SPLINE_CURVE_WITH_KNOTS('',1,(#6858,#6859),.UNSPECIFIED.,.F.,
  .F.,(2,2),(48.5,54.5),.PIECEWISE_BEZIER_KNOTS.);
#6858 = CARTESIAN_POINT('',(7.105427357601E-15,-1.));
#6859 = CARTESIAN_POINT('',(6.,-1.));
#6860 = ( GEOMETRIC_REPRESENTATION_CONTEXT(2) 
PARAMETRIC_REPRESENTATION_CONTEXT() REPRESENTATION_CONTEXT('2D SPACE',''
  ) );
#6861 = PCURVE('',#4211,#6862);
#6862 = DEFINITIONAL_REPRESENTATION('',(#6863),#6866);
#6863 = B_SPLINE_CURVE_WITH_KNOTS('',1,(#6864,#6865),.UNSPECIFIED.,.F.,
  .F.,(2,2),(48.5,54.5),.PIECEWISE_BEZIER_KNOTS.);
#6864 = CARTESIAN_POINT('',(-29.26056798264,92.575268146757));
#6865 = CARTESIAN_POINT('',(-31.3126888426,98.213423871472));
#6866 = ( GEOMETRIC_REPRESENTATION_CONTEXT(2) 
PARAMETRIC_REPRESENTATION_CONTEXT() REPRESENTATION_CONTEXT('2D SPACE',''
  ) );
#6867 = ORIENTED_EDGE('',*,*,#6868,.T.);
#6868 = EDGE_CURVE('',#6848,#6869,#6871,.T.);
#6869 = VERTEX_POINT('',#6870);
#6870 = CARTESIAN_POINT('',(-29.26056798264,92.575268146757,11.));
#6871 = SURFACE_CURVE('',#6872,(#6876,#6883),.PCURVE_S1.);
#6872 = LINE('',#6873,#6874);
#6873 = CARTESIAN_POINT('',(-29.26056798264,92.575268146757,20.));
#6874 = VECTOR('',#6875,1.);
#6875 = DIRECTION('',(-0.,-0.,-1.));
#6876 = PCURVE('',#2872,#6877);
#6877 = DEFINITIONAL_REPRESENTATION('',(#6878),#6882);
#6878 = LINE('',#6879,#6880);
#6879 = CARTESIAN_POINT('',(1.456893495255E-14,0.));
#6880 = VECTOR('',#6881,1.);
#6881 = DIRECTION('',(0.,-1.));
#6882 = ( GEOMETRIC_REPRESENTATION_CONTEXT(2) 
PARAMETRIC_REPRESENTATION_CONTEXT() REPRESENTATION_CONTEXT('2D SPACE',''
  ) );
#6883 = PCURVE('',#6884,#6889);
#6884 = PLANE('',#6885);
#6885 = AXIS2_PLACEMENT_3D('',#6886,#6887,#6888);
#6886 = CARTESIAN_POINT('',(-29.26056798264,92.575268146757,20.));
#6887 = DIRECTION('',(-0.342020143326,0.939692620786,0.));
#6888 = DIRECTION('',(-0.939692620786,-0.342020143326,0.));
#6889 = DEFINITIONAL_REPRESENTATION('',(#6890),#6894);
#6890 = LINE('',#6891,#6892);
#6891 = CARTESIAN_POINT('',(0.,0.));
#6892 = VECTOR('',#6893,1.);
#6893 = DIRECTION('',(0.,-1.));
#6894 = ( GEOMETRIC_REPRESENTATION_CONTEXT(2) 
PARAMETRIC_REPRESENTATION_CONTEXT() REPRESENTATION_CONTEXT('2D SPACE',''
  ) );
#6895 = ORIENTED_EDGE('',*,*,#6896,.T.);
#6896 = EDGE_CURVE('',#6869,#2829,#6897,.T.);
#6897 = SURFACE_CURVE('',#6898,(#6902,#6909),.PCURVE_S1.);
#6898 = LINE('',#6899,#6900);
#6899 = CARTESIAN_POINT('',(-30.28662841262,95.394346009114,11.));
#6900 = VECTOR('',#6901,1.);
#6901 = DIRECTION('',(-0.342020143326,0.939692620786,0.));
#6902 = PCURVE('',#2872,#6903);
#6903 = DEFINITIONAL_REPRESENTATION('',(#6904),#6908);
#6904 = LINE('',#6905,#6906);
#6905 = CARTESIAN_POINT('',(3.,-9.));
#6906 = VECTOR('',#6907,1.);
#6907 = DIRECTION('',(1.,0.));
#6908 = ( GEOMETRIC_REPRESENTATION_CONTEXT(2) 
PARAMETRIC_REPRESENTATION_CONTEXT() REPRESENTATION_CONTEXT('2D SPACE',''
  ) );
#6909 = PCURVE('',#2845,#6910);
#6910 = DEFINITIONAL_REPRESENTATION('',(#6911),#6915);
#6911 = LINE('',#6912,#6913);
#6912 = CARTESIAN_POINT('',(0.,-4.166666666667));
#6913 = VECTOR('',#6914,1.);
#6914 = DIRECTION('',(1.,0.));
#6915 = ( GEOMETRIC_REPRESENTATION_CONTEXT(2) 
PARAMETRIC_REPRESENTATION_CONTEXT() REPRESENTATION_CONTEXT('2D SPACE',''
  ) );
#6916 = ORIENTED_EDGE('',*,*,#2857,.T.);
#6917 = ORIENTED_EDGE('',*,*,#6795,.F.);
#6918 = ADVANCED_FACE('',(#6919),#2845,.T.);
#6919 = FACE_BOUND('',#6920,.T.);
#6920 = EDGE_LOOP('',(#6921,#6944,#6945,#6946));
#6921 = ORIENTED_EDGE('',*,*,#6922,.F.);
#6922 = EDGE_CURVE('',#6869,#6923,#6925,.T.);
#6923 = VERTEX_POINT('',#6924);
#6924 = CARTESIAN_POINT('',(-37.09133982253,89.72510028571,11.));
#6925 = SURFACE_CURVE('',#6926,(#6930,#6937),.PCURVE_S1.);
#6926 = LINE('',#6927,#6928);
#6927 = CARTESIAN_POINT('',(-33.17595390259,91.150184216233,11.));
#6928 = VECTOR('',#6929,1.);
#6929 = DIRECTION('',(-0.939692620786,-0.342020143326,0.));
#6930 = PCURVE('',#2845,#6931);
#6931 = DEFINITIONAL_REPRESENTATION('',(#6932),#6936);
#6932 = LINE('',#6933,#6934);
#6933 = CARTESIAN_POINT('',(-3.,0.));
#6934 = VECTOR('',#6935,1.);
#6935 = DIRECTION('',(0.,1.));
#6936 = ( GEOMETRIC_REPRESENTATION_CONTEXT(2) 
PARAMETRIC_REPRESENTATION_CONTEXT() REPRESENTATION_CONTEXT('2D SPACE',''
  ) );
#6937 = PCURVE('',#6884,#6938);
#6938 = DEFINITIONAL_REPRESENTATION('',(#6939),#6943);
#6939 = LINE('',#6940,#6941);
#6940 = CARTESIAN_POINT('',(4.166666666667,-9.));
#6941 = VECTOR('',#6942,1.);
#6942 = DIRECTION('',(1.,0.));
#6943 = ( GEOMETRIC_REPRESENTATION_CONTEXT(2) 
PARAMETRIC_REPRESENTATION_CONTEXT() REPRESENTATION_CONTEXT('2D SPACE',''
  ) );
#6944 = ORIENTED_EDGE('',*,*,#6896,.T.);
#6945 = ORIENTED_EDGE('',*,*,#2828,.T.);
#6946 = ORIENTED_EDGE('',*,*,#6947,.F.);
#6947 = EDGE_CURVE('',#6923,#2803,#6948,.T.);
#6948 = SURFACE_CURVE('',#6949,(#6953,#6960),.PCURVE_S1.);
#6949 = LINE('',#6950,#6951);
#6950 = CARTESIAN_POINT('',(-38.1174002525,92.544178148067,11.));
#6951 = VECTOR('',#6952,1.);
#6952 = DIRECTION('',(-0.342020143326,0.939692620786,0.));
#6953 = PCURVE('',#2845,#6954);
#6954 = DEFINITIONAL_REPRESENTATION('',(#6955),#6959);
#6955 = LINE('',#6956,#6957);
#6956 = CARTESIAN_POINT('',(0.,4.166666666667));
#6957 = VECTOR('',#6958,1.);
#6958 = DIRECTION('',(1.,0.));
#6959 = ( GEOMETRIC_REPRESENTATION_CONTEXT(2) 
PARAMETRIC_REPRESENTATION_CONTEXT() REPRESENTATION_CONTEXT('2D SPACE',''
  ) );
#6960 = PCURVE('',#2817,#6961);
#6961 = DEFINITIONAL_REPRESENTATION('',(#6962),#6966);
#6962 = LINE('',#6963,#6964);
#6963 = CARTESIAN_POINT('',(3.,-9.));
#6964 = VECTOR('',#6965,1.);
#6965 = DIRECTION('',(1.,0.));
#6966 = ( GEOMETRIC_REPRESENTATION_CONTEXT(2) 
PARAMETRIC_REPRESENTATION_CONTEXT() REPRESENTATION_CONTEXT('2D SPACE',''
  ) );
#6967 = ADVANCED_FACE('',(#6968),#2817,.T.);
#6968 = FACE_BOUND('',#6969,.T.);
#6969 = EDGE_LOOP('',(#6970,#6993,#7014,#7015,#7016));
#6970 = ORIENTED_EDGE('',*,*,#6971,.F.);
#6971 = EDGE_CURVE('',#6972,#6974,#6976,.T.);
#6972 = VERTEX_POINT('',#6973);
#6973 = CARTESIAN_POINT('',(-37.09133982253,89.72510028571,19.));
#6974 = VERTEX_POINT('',#6975);
#6975 = CARTESIAN_POINT('',(-37.57421517268,91.051789406671,19.));
#6976 = SURFACE_CURVE('',#6977,(#6981,#6987),.PCURVE_S1.);
#6977 = LINE('',#6978,#6979);
#6978 = CARTESIAN_POINT('',(-20.50336287123,44.150008177593,19.));
#6979 = VECTOR('',#6980,1.);
#6980 = DIRECTION('',(-0.342020143326,0.939692620786,0.));
#6981 = PCURVE('',#2817,#6982);
#6982 = DEFINITIONAL_REPRESENTATION('',(#6983),#6986);
#6983 = B_SPLINE_CURVE_WITH_KNOTS('',1,(#6984,#6985),.UNSPECIFIED.,.F.,
  .F.,(2,2),(48.5,54.5),.PIECEWISE_BEZIER_KNOTS.);
#6984 = CARTESIAN_POINT('',(0.,-1.));
#6985 = CARTESIAN_POINT('',(6.,-1.));
#6986 = ( GEOMETRIC_REPRESENTATION_CONTEXT(2) 
PARAMETRIC_REPRESENTATION_CONTEXT() REPRESENTATION_CONTEXT('2D SPACE',''
  ) );
#6987 = PCURVE('',#4211,#6988);
#6988 = DEFINITIONAL_REPRESENTATION('',(#6989),#6992);
#6989 = B_SPLINE_CURVE_WITH_KNOTS('',1,(#6990,#6991),.UNSPECIFIED.,.F.,
  .F.,(2,2),(48.5,54.5),.PIECEWISE_BEZIER_KNOTS.);
#6990 = CARTESIAN_POINT('',(-37.09133982253,89.72510028571));
#6991 = CARTESIAN_POINT('',(-39.14346068248,95.363256010425));
#6992 = ( GEOMETRIC_REPRESENTATION_CONTEXT(2) 
PARAMETRIC_REPRESENTATION_CONTEXT() REPRESENTATION_CONTEXT('2D SPACE',''
  ) );
#6993 = ORIENTED_EDGE('',*,*,#6994,.T.);
#6994 = EDGE_CURVE('',#6972,#6923,#6995,.T.);
#6995 = SURFACE_CURVE('',#6996,(#7000,#7007),.PCURVE_S1.);
#6996 = LINE('',#6997,#6998);
#6997 = CARTESIAN_POINT('',(-37.09133982253,89.72510028571,20.));
#6998 = VECTOR('',#6999,1.);
#6999 = DIRECTION('',(-0.,-0.,-1.));
#7000 = PCURVE('',#2817,#7001);
#7001 = DEFINITIONAL_REPRESENTATION('',(#7002),#7006);
#7002 = LINE('',#7003,#7004);
#7003 = CARTESIAN_POINT('',(0.,0.));
#7004 = VECTOR('',#7005,1.);
#7005 = DIRECTION('',(0.,-1.));
#7006 = ( GEOMETRIC_REPRESENTATION_CONTEXT(2) 
PARAMETRIC_REPRESENTATION_CONTEXT() REPRESENTATION_CONTEXT('2D SPACE',''
  ) );
#7007 = PCURVE('',#6884,#7008);
#7008 = DEFINITIONAL_REPRESENTATION('',(#7009),#7013);
#7009 = LINE('',#7010,#7011);
#7010 = CARTESIAN_POINT('',(8.333333333333,0.));
#7011 = VECTOR('',#7012,1.);
#7012 = DIRECTION('',(0.,-1.));
#7013 = ( GEOMETRIC_REPRESENTATION_CONTEXT(2) 
PARAMETRIC_REPRESENTATION_CONTEXT() REPRESENTATION_CONTEXT('2D SPACE',''
  ) );
#7014 = ORIENTED_EDGE('',*,*,#6947,.T.);
#7015 = ORIENTED_EDGE('',*,*,#2802,.T.);
#7016 = ORIENTED_EDGE('',*,*,#7017,.F.);
#7017 = EDGE_CURVE('',#6974,#2774,#7018,.T.);
#7018 = SURFACE_CURVE('',#7019,(#7024,#7031),.PCURVE_S1.);
#7019 = HYPERBOLA('',#7020,4.166666666667,4.166666666667);
#7020 = AXIS2_PLACEMENT_3D('',#7021,#7022,#7023);
#7021 = CARTESIAN_POINT('',(-3.915385919941,-1.425083930524,117.5));
#7022 = DIRECTION('',(0.939692620786,0.342020143326,0.));
#7023 = DIRECTION('',(0.,-0.,-1.));
#7024 = PCURVE('',#2817,#7025);
#7025 = DEFINITIONAL_REPRESENTATION('',(#7026),#7030);
#7026 = ( BOUNDED_CURVE() B_SPLINE_CURVE(2,(#7027,#7028,#7029),
.UNSPECIFIED.,.F.,.F.) B_SPLINE_CURVE_WITH_KNOTS((3,3),(3.855639725068,
3.870766700287),.PIECEWISE_BEZIER_KNOTS.) CURVE() 
GEOMETRIC_REPRESENTATION_ITEM() RATIONAL_B_SPLINE_CURVE((1.,
1.000028603309,1.)) REPRESENTATION_ITEM('') );
#7027 = CARTESIAN_POINT('',(1.411833073513,-1.));
#7028 = CARTESIAN_POINT('',(2.156822397057,-1.744322486804));
#7029 = CARTESIAN_POINT('',(2.913156735682,-2.5));
#7030 = ( GEOMETRIC_REPRESENTATION_CONTEXT(2) 
PARAMETRIC_REPRESENTATION_CONTEXT() REPRESENTATION_CONTEXT('2D SPACE',''
  ) );
#7031 = PCURVE('',#2790,#7032);
#7032 = DEFINITIONAL_REPRESENTATION('',(#7033),#7040);
#7033 = B_SPLINE_CURVE_WITH_KNOTS('',5,(#7034,#7035,#7036,#7037,#7038,
    #7039),.UNSPECIFIED.,.F.,.F.,(6,6),(3.855639725068,3.870766700287),
  .PIECEWISE_BEZIER_KNOTS.);
#7034 = CARTESIAN_POINT('',(-1.96217598735,-1.5));
#7035 = CARTESIAN_POINT('',(-1.962048009557,-1.202265327971));
#7036 = CARTESIAN_POINT('',(-1.961920515309,-0.903403690948));
#7037 = CARTESIAN_POINT('',(-1.961793502176,-0.603409411496));
#7038 = CARTESIAN_POINT('',(-1.961666967743,-0.302276769196));
#7039 = CARTESIAN_POINT('',(-1.961540909616,1.42108547152E-14));
#7040 = ( GEOMETRIC_REPRESENTATION_CONTEXT(2) 
PARAMETRIC_REPRESENTATION_CONTEXT() REPRESENTATION_CONTEXT('2D SPACE',''
  ) );
#7041 = ADVANCED_FACE('',(#7042),#2790,.T.);
#7042 = FACE_BOUND('',#7043,.T.);
#7043 = EDGE_LOOP('',(#7044,#7045,#7046,#7073));
#7044 = ORIENTED_EDGE('',*,*,#7017,.T.);
#7045 = ORIENTED_EDGE('',*,*,#2773,.T.);
#7046 = ORIENTED_EDGE('',*,*,#7047,.F.);
#7047 = EDGE_CURVE('',#7048,#2748,#7050,.T.);
#7048 = VERTEX_POINT('',#7049);
#7049 = CARTESIAN_POINT('',(-45.59747735432,87.310480807989,19.));
#7050 = SURFACE_CURVE('',#7051,(#7056,#7066),.PCURVE_S1.);
#7051 = HYPERBOLA('',#7052,4.166666666667,4.166666666667);
#7052 = AXIS2_PLACEMENT_3D('',#7053,#7054,#7055);
#7053 = CARTESIAN_POINT('',(3.608439182435,2.083333333333,117.5));
#7054 = DIRECTION('',(0.866025403784,0.5,0.));
#7055 = DIRECTION('',(0.,-0.,-1.));
#7056 = PCURVE('',#2790,#7057);
#7057 = DEFINITIONAL_REPRESENTATION('',(#7058),#7065);
#7058 = B_SPLINE_CURVE_WITH_KNOTS('',5,(#7059,#7060,#7061,#7062,#7063,
    #7064),.UNSPECIFIED.,.F.,.F.,(6,6),(3.855639725068,3.870766700287),
  .PIECEWISE_BEZIER_KNOTS.);
#7059 = CARTESIAN_POINT('',(-2.052081292237,-1.5));
#7060 = CARTESIAN_POINT('',(-2.05220927003,-1.202265327971));
#7061 = CARTESIAN_POINT('',(-2.052336764278,-0.903403690948));
#7062 = CARTESIAN_POINT('',(-2.052463777411,-0.603409411495));
#7063 = CARTESIAN_POINT('',(-2.052590311844,-0.302276769196));
#7064 = CARTESIAN_POINT('',(-2.052716369971,3.552713678801E-14));
#7065 = ( GEOMETRIC_REPRESENTATION_CONTEXT(2) 
PARAMETRIC_REPRESENTATION_CONTEXT() REPRESENTATION_CONTEXT('2D SPACE',''
  ) );
#7066 = PCURVE('',#2762,#7067);
#7067 = DEFINITIONAL_REPRESENTATION('',(#7068),#7072);
#7068 = ( BOUNDED_CURVE() B_SPLINE_CURVE(2,(#7069,#7070,#7071),
.UNSPECIFIED.,.F.,.F.) B_SPLINE_CURVE_WITH_KNOTS((3,3),(3.855639725068,
3.870766700287),.PIECEWISE_BEZIER_KNOTS.) CURVE() 
GEOMETRIC_REPRESENTATION_ITEM() RATIONAL_B_SPLINE_CURVE((1.,
1.000028603309,1.)) REPRESENTATION_ITEM('') );
#7069 = CARTESIAN_POINT('',(1.411833073512,-1.));
#7070 = CARTESIAN_POINT('',(2.156822397057,-1.744322486804));
#7071 = CARTESIAN_POINT('',(2.913156735682,-2.5));
#7072 = ( GEOMETRIC_REPRESENTATION_CONTEXT(2) 
PARAMETRIC_REPRESENTATION_CONTEXT() REPRESENTATION_CONTEXT('2D SPACE',''
  ) );
#7073 = ORIENTED_EDGE('',*,*,#7074,.F.);
#7074 = EDGE_CURVE('',#6974,#7048,#7075,.T.);
#7075 = SURFACE_CURVE('',#7076,(#7081,#7088),.PCURVE_S1.);
#7076 = CIRCLE('',#7077,98.5);
#7077 = AXIS2_PLACEMENT_3D('',#7078,#7079,#7080);
#7078 = CARTESIAN_POINT('',(0.,0.,19.));
#7079 = DIRECTION('',(0.,0.,1.));
#7080 = DIRECTION('',(1.,0.,-0.));
#7081 = PCURVE('',#2790,#7082);
#7082 = DEFINITIONAL_REPRESENTATION('',(#7083),#7087);
#7083 = LINE('',#7084,#7085);
#7084 = CARTESIAN_POINT('',(-0.,-1.5));
#7085 = VECTOR('',#7086,1.);
#7086 = DIRECTION('',(-1.,-0.));
#7087 = ( GEOMETRIC_REPRESENTATION_CONTEXT(2) 
PARAMETRIC_REPRESENTATION_CONTEXT() REPRESENTATION_CONTEXT('2D SPACE',''
  ) );
#7088 = PCURVE('',#4211,#7089);
#7089 = DEFINITIONAL_REPRESENTATION('',(#7090),#7094);
#7090 = CIRCLE('',#7091,98.5);
#7091 = AXIS2_PLACEMENT_2D('',#7092,#7093);
#7092 = CARTESIAN_POINT('',(0.,0.));
#7093 = DIRECTION('',(1.,0.));
#7094 = ( GEOMETRIC_REPRESENTATION_CONTEXT(2) 
PARAMETRIC_REPRESENTATION_CONTEXT() REPRESENTATION_CONTEXT('2D SPACE',''
  ) );
#7095 = ADVANCED_FACE('',(#7096),#2762,.F.);
#7096 = FACE_BOUND('',#7097,.F.);
#7097 = EDGE_LOOP('',(#7098,#7119,#7147,#7168,#7169));
#7098 = ORIENTED_EDGE('',*,*,#7099,.F.);
#7099 = EDGE_CURVE('',#7100,#7048,#7102,.T.);
#7100 = VERTEX_POINT('',#7101);
#7101 = CARTESIAN_POINT('',(-44.89156081756,86.087797500424,19.));
#7102 = SURFACE_CURVE('',#7103,(#7107,#7113),.PCURVE_S1.);
#7103 = LINE('',#7104,#7105);
#7104 = CARTESIAN_POINT('',(-20.64156081756,44.085565416879,19.));
#7105 = VECTOR('',#7106,1.);
#7106 = DIRECTION('',(-0.5,0.866025403784,0.));
#7107 = PCURVE('',#2762,#7108);
#7108 = DEFINITIONAL_REPRESENTATION('',(#7109),#7112);
#7109 = B_SPLINE_CURVE_WITH_KNOTS('',1,(#7110,#7111),.UNSPECIFIED.,.F.,
  .F.,(2,2),(48.5,54.5),.PIECEWISE_BEZIER_KNOTS.);
#7110 = CARTESIAN_POINT('',(0.,-1.));
#7111 = CARTESIAN_POINT('',(6.,-1.));
#7112 = ( GEOMETRIC_REPRESENTATION_CONTEXT(2) 
PARAMETRIC_REPRESENTATION_CONTEXT() REPRESENTATION_CONTEXT('2D SPACE',''
  ) );
#7113 = PCURVE('',#4211,#7114);
#7114 = DEFINITIONAL_REPRESENTATION('',(#7115),#7118);
#7115 = B_SPLINE_CURVE_WITH_KNOTS('',1,(#7116,#7117),.UNSPECIFIED.,.F.,
  .F.,(2,2),(48.5,54.5),.PIECEWISE_BEZIER_KNOTS.);
#7116 = CARTESIAN_POINT('',(-44.89156081756,86.087797500424));
#7117 = CARTESIAN_POINT('',(-47.89156081756,91.283949923131));
#7118 = ( GEOMETRIC_REPRESENTATION_CONTEXT(2) 
PARAMETRIC_REPRESENTATION_CONTEXT() REPRESENTATION_CONTEXT('2D SPACE',''
  ) );
#7119 = ORIENTED_EDGE('',*,*,#7120,.T.);
#7120 = EDGE_CURVE('',#7100,#7121,#7123,.T.);
#7121 = VERTEX_POINT('',#7122);
#7122 = CARTESIAN_POINT('',(-44.89156081756,86.087797500424,11.));
#7123 = SURFACE_CURVE('',#7124,(#7128,#7135),.PCURVE_S1.);
#7124 = LINE('',#7125,#7126);
#7125 = CARTESIAN_POINT('',(-44.89156081756,86.087797500424,20.));
#7126 = VECTOR('',#7127,1.);
#7127 = DIRECTION('',(-0.,-0.,-1.));
#7128 = PCURVE('',#2762,#7129);
#7129 = DEFINITIONAL_REPRESENTATION('',(#7130),#7134);
#7130 = LINE('',#7131,#7132);
#7131 = CARTESIAN_POINT('',(0.,0.));
#7132 = VECTOR('',#7133,1.);
#7133 = DIRECTION('',(0.,-1.));
#7134 = ( GEOMETRIC_REPRESENTATION_CONTEXT(2) 
PARAMETRIC_REPRESENTATION_CONTEXT() REPRESENTATION_CONTEXT('2D SPACE',''
  ) );
#7135 = PCURVE('',#7136,#7141);
#7136 = PLANE('',#7137);
#7137 = AXIS2_PLACEMENT_3D('',#7138,#7139,#7140);
#7138 = CARTESIAN_POINT('',(-44.89156081756,86.087797500424,20.));
#7139 = DIRECTION('',(-0.5,0.866025403784,0.));
#7140 = DIRECTION('',(-0.866025403784,-0.5,0.));
#7141 = DEFINITIONAL_REPRESENTATION('',(#7142),#7146);
#7142 = LINE('',#7143,#7144);
#7143 = CARTESIAN_POINT('',(0.,0.));
#7144 = VECTOR('',#7145,1.);
#7145 = DIRECTION('',(0.,-1.));
#7146 = ( GEOMETRIC_REPRESENTATION_CONTEXT(2) 
PARAMETRIC_REPRESENTATION_CONTEXT() REPRESENTATION_CONTEXT('2D SPACE',''
  ) );
#7147 = ORIENTED_EDGE('',*,*,#7148,.T.);
#7148 = EDGE_CURVE('',#7121,#2719,#7149,.T.);
#7149 = SURFACE_CURVE('',#7150,(#7154,#7161),.PCURVE_S1.);
#7150 = LINE('',#7151,#7152);
#7151 = CARTESIAN_POINT('',(-46.39156081756,88.685873711777,11.));
#7152 = VECTOR('',#7153,1.);
#7153 = DIRECTION('',(-0.5,0.866025403784,0.));
#7154 = PCURVE('',#2762,#7155);
#7155 = DEFINITIONAL_REPRESENTATION('',(#7156),#7160);
#7156 = LINE('',#7157,#7158);
#7157 = CARTESIAN_POINT('',(3.,-9.));
#7158 = VECTOR('',#7159,1.);
#7159 = DIRECTION('',(1.,0.));
#7160 = ( GEOMETRIC_REPRESENTATION_CONTEXT(2) 
PARAMETRIC_REPRESENTATION_CONTEXT() REPRESENTATION_CONTEXT('2D SPACE',''
  ) );
#7161 = PCURVE('',#2735,#7162);
#7162 = DEFINITIONAL_REPRESENTATION('',(#7163),#7167);
#7163 = LINE('',#7164,#7165);
#7164 = CARTESIAN_POINT('',(0.,-4.166666666667));
#7165 = VECTOR('',#7166,1.);
#7166 = DIRECTION('',(1.,0.));
#7167 = ( GEOMETRIC_REPRESENTATION_CONTEXT(2) 
PARAMETRIC_REPRESENTATION_CONTEXT() REPRESENTATION_CONTEXT('2D SPACE',''
  ) );
#7168 = ORIENTED_EDGE('',*,*,#2747,.T.);
#7169 = ORIENTED_EDGE('',*,*,#7047,.F.);
#7170 = ADVANCED_FACE('',(#7171),#2735,.T.);
#7171 = FACE_BOUND('',#7172,.T.);
#7172 = EDGE_LOOP('',(#7173,#7196,#7197,#7198));
#7173 = ORIENTED_EDGE('',*,*,#7174,.F.);
#7174 = EDGE_CURVE('',#7121,#7175,#7177,.T.);
#7175 = VERTEX_POINT('',#7176);
#7176 = CARTESIAN_POINT('',(-52.10843918243,81.921130833757,11.));
#7177 = SURFACE_CURVE('',#7178,(#7182,#7189),.PCURVE_S1.);
#7178 = LINE('',#7179,#7180);
#7179 = CARTESIAN_POINT('',(-48.5,84.004464167091,11.));
#7180 = VECTOR('',#7181,1.);
#7181 = DIRECTION('',(-0.866025403784,-0.5,0.));
#7182 = PCURVE('',#2735,#7183);
#7183 = DEFINITIONAL_REPRESENTATION('',(#7184),#7188);
#7184 = LINE('',#7185,#7186);
#7185 = CARTESIAN_POINT('',(-3.,0.));
#7186 = VECTOR('',#7187,1.);
#7187 = DIRECTION('',(0.,1.));
#7188 = ( GEOMETRIC_REPRESENTATION_CONTEXT(2) 
PARAMETRIC_REPRESENTATION_CONTEXT() REPRESENTATION_CONTEXT('2D SPACE',''
  ) );
#7189 = PCURVE('',#7136,#7190);
#7190 = DEFINITIONAL_REPRESENTATION('',(#7191),#7195);
#7191 = LINE('',#7192,#7193);
#7192 = CARTESIAN_POINT('',(4.166666666667,-9.));
#7193 = VECTOR('',#7194,1.);
#7194 = DIRECTION('',(1.,0.));
#7195 = ( GEOMETRIC_REPRESENTATION_CONTEXT(2) 
PARAMETRIC_REPRESENTATION_CONTEXT() REPRESENTATION_CONTEXT('2D SPACE',''
  ) );
#7196 = ORIENTED_EDGE('',*,*,#7148,.T.);
#7197 = ORIENTED_EDGE('',*,*,#2718,.T.);
#7198 = ORIENTED_EDGE('',*,*,#7199,.F.);
#7199 = EDGE_CURVE('',#7175,#2693,#7200,.T.);
#7200 = SURFACE_CURVE('',#7201,(#7205,#7212),.PCURVE_S1.);
#7201 = LINE('',#7202,#7203);
#7202 = CARTESIAN_POINT('',(-53.60843918243,84.519207045111,11.));
#7203 = VECTOR('',#7204,1.);
#7204 = DIRECTION('',(-0.5,0.866025403784,0.));
#7205 = PCURVE('',#2735,#7206);
#7206 = DEFINITIONAL_REPRESENTATION('',(#7207),#7211);
#7207 = LINE('',#7208,#7209);
#7208 = CARTESIAN_POINT('',(0.,4.166666666667));
#7209 = VECTOR('',#7210,1.);
#7210 = DIRECTION('',(1.,0.));
#7211 = ( GEOMETRIC_REPRESENTATION_CONTEXT(2) 
PARAMETRIC_REPRESENTATION_CONTEXT() REPRESENTATION_CONTEXT('2D SPACE',''
  ) );
#7212 = PCURVE('',#2707,#7213);
#7213 = DEFINITIONAL_REPRESENTATION('',(#7214),#7218);
#7214 = LINE('',#7215,#7216);
#7215 = CARTESIAN_POINT('',(3.,-9.));
#7216 = VECTOR('',#7217,1.);
#7217 = DIRECTION('',(1.,0.));
#7218 = ( GEOMETRIC_REPRESENTATION_CONTEXT(2) 
PARAMETRIC_REPRESENTATION_CONTEXT() REPRESENTATION_CONTEXT('2D SPACE',''
  ) );
#7219 = ADVANCED_FACE('',(#7220),#2707,.T.);
#7220 = FACE_BOUND('',#7221,.T.);
#7221 = EDGE_LOOP('',(#7222,#7245,#7266,#7267,#7268));
#7222 = ORIENTED_EDGE('',*,*,#7223,.F.);
#7223 = EDGE_CURVE('',#7224,#7226,#7228,.T.);
#7224 = VERTEX_POINT('',#7225);
#7225 = CARTESIAN_POINT('',(-52.10843918243,81.921130833757,19.));
#7226 = VERTEX_POINT('',#7227);
#7227 = CARTESIAN_POINT('',(-52.81435571919,83.143814141322,19.));
#7228 = SURFACE_CURVE('',#7229,(#7233,#7239),.PCURVE_S1.);
#7229 = LINE('',#7230,#7231);
#7230 = CARTESIAN_POINT('',(-27.85843918243,39.918898750212,19.));
#7231 = VECTOR('',#7232,1.);
#7232 = DIRECTION('',(-0.5,0.866025403784,0.));
#7233 = PCURVE('',#2707,#7234);
#7234 = DEFINITIONAL_REPRESENTATION('',(#7235),#7238);
#7235 = B_SPLINE_CURVE_WITH_KNOTS('',1,(#7236,#7237),.UNSPECIFIED.,.F.,
  .F.,(2,2),(48.5,54.5),.PIECEWISE_BEZIER_KNOTS.);
#7236 = CARTESIAN_POINT('',(0.,-1.));
#7237 = CARTESIAN_POINT('',(6.,-1.));
#7238 = ( GEOMETRIC_REPRESENTATION_CONTEXT(2) 
PARAMETRIC_REPRESENTATION_CONTEXT() REPRESENTATION_CONTEXT('2D SPACE',''
  ) );
#7239 = PCURVE('',#4211,#7240);
#7240 = DEFINITIONAL_REPRESENTATION('',(#7241),#7244);
#7241 = B_SPLINE_CURVE_WITH_KNOTS('',1,(#7242,#7243),.UNSPECIFIED.,.F.,
  .F.,(2,2),(48.5,54.5),.PIECEWISE_BEZIER_KNOTS.);
#7242 = CARTESIAN_POINT('',(-52.10843918243,81.921130833757));
#7243 = CARTESIAN_POINT('',(-55.10843918243,87.117283256464));
#7244 = ( GEOMETRIC_REPRESENTATION_CONTEXT(2) 
PARAMETRIC_REPRESENTATION_CONTEXT() REPRESENTATION_CONTEXT('2D SPACE',''
  ) );
#7245 = ORIENTED_EDGE('',*,*,#7246,.T.);
#7246 = EDGE_CURVE('',#7224,#7175,#7247,.T.);
#7247 = SURFACE_CURVE('',#7248,(#7252,#7259),.PCURVE_S1.);
#7248 = LINE('',#7249,#7250);
#7249 = CARTESIAN_POINT('',(-52.10843918243,81.921130833757,20.));
#7250 = VECTOR('',#7251,1.);
#7251 = DIRECTION('',(-0.,-0.,-1.));
#7252 = PCURVE('',#2707,#7253);
#7253 = DEFINITIONAL_REPRESENTATION('',(#7254),#7258);
#7254 = LINE('',#7255,#7256);
#7255 = CARTESIAN_POINT('',(0.,0.));
#7256 = VECTOR('',#7257,1.);
#7257 = DIRECTION('',(0.,-1.));
#7258 = ( GEOMETRIC_REPRESENTATION_CONTEXT(2) 
PARAMETRIC_REPRESENTATION_CONTEXT() REPRESENTATION_CONTEXT('2D SPACE',''
  ) );
#7259 = PCURVE('',#7136,#7260);
#7260 = DEFINITIONAL_REPRESENTATION('',(#7261),#7265);
#7261 = LINE('',#7262,#7263);
#7262 = CARTESIAN_POINT('',(8.333333333333,0.));
#7263 = VECTOR('',#7264,1.);
#7264 = DIRECTION('',(0.,-1.));
#7265 = ( GEOMETRIC_REPRESENTATION_CONTEXT(2) 
PARAMETRIC_REPRESENTATION_CONTEXT() REPRESENTATION_CONTEXT('2D SPACE',''
  ) );
#7266 = ORIENTED_EDGE('',*,*,#7199,.T.);
#7267 = ORIENTED_EDGE('',*,*,#2692,.T.);
#7268 = ORIENTED_EDGE('',*,*,#7269,.F.);
#7269 = EDGE_CURVE('',#7226,#2664,#7270,.T.);
#7270 = SURFACE_CURVE('',#7271,(#7276,#7283),.PCURVE_S1.);
#7271 = HYPERBOLA('',#7272,4.166666666667,4.166666666667);
#7272 = AXIS2_PLACEMENT_3D('',#7273,#7274,#7275);
#7273 = CARTESIAN_POINT('',(-3.608439182435,-2.083333333333,117.5));
#7274 = DIRECTION('',(0.866025403784,0.5,0.));
#7275 = DIRECTION('',(0.,-0.,-1.));
#7276 = PCURVE('',#2707,#7277);
#7277 = DEFINITIONAL_REPRESENTATION('',(#7278),#7282);
#7278 = ( BOUNDED_CURVE() B_SPLINE_CURVE(2,(#7279,#7280,#7281),
.UNSPECIFIED.,.F.,.F.) B_SPLINE_CURVE_WITH_KNOTS((3,3),(3.855639725068,
3.870766700287),.PIECEWISE_BEZIER_KNOTS.) CURVE() 
GEOMETRIC_REPRESENTATION_ITEM() RATIONAL_B_SPLINE_CURVE((1.,
1.000028603309,1.)) REPRESENTATION_ITEM('') );
#7279 = CARTESIAN_POINT('',(1.411833073512,-1.));
#7280 = CARTESIAN_POINT('',(2.156822397057,-1.744322486804));
#7281 = CARTESIAN_POINT('',(2.913156735682,-2.5));
#7282 = ( GEOMETRIC_REPRESENTATION_CONTEXT(2) 
PARAMETRIC_REPRESENTATION_CONTEXT() REPRESENTATION_CONTEXT('2D SPACE',''
  ) );
#7283 = PCURVE('',#2680,#7284);
#7284 = DEFINITIONAL_REPRESENTATION('',(#7285),#7292);
#7285 = B_SPLINE_CURVE_WITH_KNOTS('',5,(#7286,#7287,#7288,#7289,#7290,
    #7291),.UNSPECIFIED.,.F.,.F.,(6,6),(3.855639725068,3.870766700287),
  .PIECEWISE_BEZIER_KNOTS.);
#7286 = CARTESIAN_POINT('',(-2.13670891255,-1.5));
#7287 = CARTESIAN_POINT('',(-2.136580934756,-1.202265327971));
#7288 = CARTESIAN_POINT('',(-2.136453440508,-0.903403690948));
#7289 = CARTESIAN_POINT('',(-2.136326427375,-0.603409411496));
#7290 = CARTESIAN_POINT('',(-2.136199892943,-0.302276769196));
#7291 = CARTESIAN_POINT('',(-2.136073834816,4.263256414561E-14));
#7292 = ( GEOMETRIC_REPRESENTATION_CONTEXT(2) 
PARAMETRIC_REPRESENTATION_CONTEXT() REPRESENTATION_CONTEXT('2D SPACE',''
  ) );
#7293 = ADVANCED_FACE('',(#7294),#2680,.T.);
#7294 = FACE_BOUND('',#7295,.T.);
#7295 = EDGE_LOOP('',(#7296,#7297,#7298,#7325));
#7296 = ORIENTED_EDGE('',*,*,#7269,.T.);
#7297 = ORIENTED_EDGE('',*,*,#2663,.T.);
#7298 = ORIENTED_EDGE('',*,*,#7299,.F.);
#7299 = EDGE_CURVE('',#7300,#2638,#7302,.T.);
#7300 = VERTEX_POINT('',#7301);
#7301 = CARTESIAN_POINT('',(-60.06605509986,78.066119570144,19.));
#7302 = SURFACE_CURVE('',#7303,(#7308,#7318),.PCURVE_S1.);
#7303 = HYPERBOLA('',#7304,4.166666666667,4.166666666667);
#7304 = AXIS2_PLACEMENT_3D('',#7305,#7306,#7307);
#7305 = CARTESIAN_POINT('',(3.191851846329,2.678281707027,117.5));
#7306 = DIRECTION('',(0.766044443119,0.642787609687,0.));
#7307 = DIRECTION('',(0.,-0.,-1.));
#7308 = PCURVE('',#2680,#7309);
#7309 = DEFINITIONAL_REPRESENTATION('',(#7310),#7317);
#7310 = B_SPLINE_CURVE_WITH_KNOTS('',5,(#7311,#7312,#7313,#7314,#7315,
    #7316),.UNSPECIFIED.,.F.,.F.,(6,6),(3.855639725068,3.870766700287),
  .PIECEWISE_BEZIER_KNOTS.);
#7311 = CARTESIAN_POINT('',(-2.226614217436,-1.5));
#7312 = CARTESIAN_POINT('',(-2.22674219523,-1.202265327971));
#7313 = CARTESIAN_POINT('',(-2.226869689478,-0.903403690948));
#7314 = CARTESIAN_POINT('',(-2.226996702611,-0.603409411496));
#7315 = CARTESIAN_POINT('',(-2.227123237043,-0.302276769196));
#7316 = CARTESIAN_POINT('',(-2.22724929517,3.552713678801E-14));
#7317 = ( GEOMETRIC_REPRESENTATION_CONTEXT(2) 
PARAMETRIC_REPRESENTATION_CONTEXT() REPRESENTATION_CONTEXT('2D SPACE',''
  ) );
#7318 = PCURVE('',#2652,#7319);
#7319 = DEFINITIONAL_REPRESENTATION('',(#7320),#7324);
#7320 = ( BOUNDED_CURVE() B_SPLINE_CURVE(2,(#7321,#7322,#7323),
.UNSPECIFIED.,.F.,.F.) B_SPLINE_CURVE_WITH_KNOTS((3,3),(3.855639725068,
3.870766700287),.PIECEWISE_BEZIER_KNOTS.) CURVE() 
GEOMETRIC_REPRESENTATION_ITEM() RATIONAL_B_SPLINE_CURVE((1.,
1.000028603309,1.)) REPRESENTATION_ITEM('') );
#7321 = CARTESIAN_POINT('',(1.411833073512,-1.));
#7322 = CARTESIAN_POINT('',(2.156822397057,-1.744322486804));
#7323 = CARTESIAN_POINT('',(2.913156735682,-2.5));
#7324 = ( GEOMETRIC_REPRESENTATION_CONTEXT(2) 
PARAMETRIC_REPRESENTATION_CONTEXT() REPRESENTATION_CONTEXT('2D SPACE',''
  ) );
#7325 = ORIENTED_EDGE('',*,*,#7326,.F.);
#7326 = EDGE_CURVE('',#7226,#7300,#7327,.T.);
#7327 = SURFACE_CURVE('',#7328,(#7333,#7340),.PCURVE_S1.);
#7328 = CIRCLE('',#7329,98.5);
#7329 = AXIS2_PLACEMENT_3D('',#7330,#7331,#7332);
#7330 = CARTESIAN_POINT('',(0.,0.,19.));
#7331 = DIRECTION('',(0.,0.,1.));
#7332 = DIRECTION('',(1.,0.,-0.));
#7333 = PCURVE('',#2680,#7334);
#7334 = DEFINITIONAL_REPRESENTATION('',(#7335),#7339);
#7335 = LINE('',#7336,#7337);
#7336 = CARTESIAN_POINT('',(-0.,-1.5));
#7337 = VECTOR('',#7338,1.);
#7338 = DIRECTION('',(-1.,-0.));
#7339 = ( GEOMETRIC_REPRESENTATION_CONTEXT(2) 
PARAMETRIC_REPRESENTATION_CONTEXT() REPRESENTATION_CONTEXT('2D SPACE',''
  ) );
#7340 = PCURVE('',#4211,#7341);
#7341 = DEFINITIONAL_REPRESENTATION('',(#7342),#7346);
#7342 = CIRCLE('',#7343,98.5);
#7343 = AXIS2_PLACEMENT_2D('',#7344,#7345);
#7344 = CARTESIAN_POINT('',(0.,0.));
#7345 = DIRECTION('',(1.,0.));
#7346 = ( GEOMETRIC_REPRESENTATION_CONTEXT(2) 
PARAMETRIC_REPRESENTATION_CONTEXT() REPRESENTATION_CONTEXT('2D SPACE',''
  ) );
#7347 = ADVANCED_FACE('',(#7348),#2652,.F.);
#7348 = FACE_BOUND('',#7349,.F.);
#7349 = EDGE_LOOP('',(#7350,#7371,#7399,#7420,#7421));
#7350 = ORIENTED_EDGE('',*,*,#7351,.F.);
#7351 = EDGE_CURVE('',#7352,#7300,#7354,.T.);
#7352 = VERTEX_POINT('',#7353);
#7353 = CARTESIAN_POINT('',(-59.15854629326,76.984592689568,19.));
#7354 = SURFACE_CURVE('',#7355,(#7359,#7365),.PCURVE_S1.);
#7355 = LINE('',#7356,#7357);
#7356 = CARTESIAN_POINT('',(-27.98334722346,39.831437198298,19.));
#7357 = VECTOR('',#7358,1.);
#7358 = DIRECTION('',(-0.642787609687,0.766044443119,0.));
#7359 = PCURVE('',#2652,#7360);
#7360 = DEFINITIONAL_REPRESENTATION('',(#7361),#7364);
#7361 = B_SPLINE_CURVE_WITH_KNOTS('',1,(#7362,#7363),.UNSPECIFIED.,.F.,
  .F.,(2,2),(48.5,54.5),.PIECEWISE_BEZIER_KNOTS.);
#7362 = CARTESIAN_POINT('',(-1.42108547152E-14,-1.));
#7363 = CARTESIAN_POINT('',(6.,-1.));
#7364 = ( GEOMETRIC_REPRESENTATION_CONTEXT(2) 
PARAMETRIC_REPRESENTATION_CONTEXT() REPRESENTATION_CONTEXT('2D SPACE',''
  ) );
#7365 = PCURVE('',#4211,#7366);
#7366 = DEFINITIONAL_REPRESENTATION('',(#7367),#7370);
#7367 = B_SPLINE_CURVE_WITH_KNOTS('',1,(#7368,#7369),.UNSPECIFIED.,.F.,
  .F.,(2,2),(48.5,54.5),.PIECEWISE_BEZIER_KNOTS.);
#7368 = CARTESIAN_POINT('',(-59.15854629326,76.984592689568));
#7369 = CARTESIAN_POINT('',(-63.01527195138,81.580859348282));
#7370 = ( GEOMETRIC_REPRESENTATION_CONTEXT(2) 
PARAMETRIC_REPRESENTATION_CONTEXT() REPRESENTATION_CONTEXT('2D SPACE',''
  ) );
#7371 = ORIENTED_EDGE('',*,*,#7372,.T.);
#7372 = EDGE_CURVE('',#7352,#7373,#7375,.T.);
#7373 = VERTEX_POINT('',#7374);
#7374 = CARTESIAN_POINT('',(-59.15854629326,76.984592689568,11.));
#7375 = SURFACE_CURVE('',#7376,(#7380,#7387),.PCURVE_S1.);
#7376 = LINE('',#7377,#7378);
#7377 = CARTESIAN_POINT('',(-59.15854629326,76.984592689568,20.));
#7378 = VECTOR('',#7379,1.);
#7379 = DIRECTION('',(-0.,-0.,-1.));
#7380 = PCURVE('',#2652,#7381);
#7381 = DEFINITIONAL_REPRESENTATION('',(#7382),#7386);
#7382 = LINE('',#7383,#7384);
#7383 = CARTESIAN_POINT('',(-1.545342695355E-14,0.));
#7384 = VECTOR('',#7385,1.);
#7385 = DIRECTION('',(0.,-1.));
#7386 = ( GEOMETRIC_REPRESENTATION_CONTEXT(2) 
PARAMETRIC_REPRESENTATION_CONTEXT() REPRESENTATION_CONTEXT('2D SPACE',''
  ) );
#7387 = PCURVE('',#7388,#7393);
#7388 = PLANE('',#7389);
#7389 = AXIS2_PLACEMENT_3D('',#7390,#7391,#7392);
#7390 = CARTESIAN_POINT('',(-59.15854629326,76.984592689568,20.));
#7391 = DIRECTION('',(-0.642787609687,0.766044443119,0.));
#7392 = DIRECTION('',(-0.766044443119,-0.642787609687,0.));
#7393 = DEFINITIONAL_REPRESENTATION('',(#7394),#7398);
#7394 = LINE('',#7395,#7396);
#7395 = CARTESIAN_POINT('',(0.,0.));
#7396 = VECTOR('',#7397,1.);
#7397 = DIRECTION('',(0.,-1.));
#7398 = ( GEOMETRIC_REPRESENTATION_CONTEXT(2) 
PARAMETRIC_REPRESENTATION_CONTEXT() REPRESENTATION_CONTEXT('2D SPACE',''
  ) );
#7399 = ORIENTED_EDGE('',*,*,#7400,.T.);
#7400 = EDGE_CURVE('',#7373,#2609,#7401,.T.);
#7401 = SURFACE_CURVE('',#7402,(#7406,#7413),.PCURVE_S1.);
#7402 = LINE('',#7403,#7404);
#7403 = CARTESIAN_POINT('',(-61.08690912232,79.282726018925,11.));
#7404 = VECTOR('',#7405,1.);
#7405 = DIRECTION('',(-0.642787609687,0.766044443119,0.));
#7406 = PCURVE('',#2652,#7407);
#7407 = DEFINITIONAL_REPRESENTATION('',(#7408),#7412);
#7408 = LINE('',#7409,#7410);
#7409 = CARTESIAN_POINT('',(3.,-9.));
#7410 = VECTOR('',#7411,1.);
#7411 = DIRECTION('',(1.,0.));
#7412 = ( GEOMETRIC_REPRESENTATION_CONTEXT(2) 
PARAMETRIC_REPRESENTATION_CONTEXT() REPRESENTATION_CONTEXT('2D SPACE',''
  ) );
#7413 = PCURVE('',#2625,#7414);
#7414 = DEFINITIONAL_REPRESENTATION('',(#7415),#7419);
#7415 = LINE('',#7416,#7417);
#7416 = CARTESIAN_POINT('',(0.,-4.166666666667));
#7417 = VECTOR('',#7418,1.);
#7418 = DIRECTION('',(1.,0.));
#7419 = ( GEOMETRIC_REPRESENTATION_CONTEXT(2) 
PARAMETRIC_REPRESENTATION_CONTEXT() REPRESENTATION_CONTEXT('2D SPACE',''
  ) );
#7420 = ORIENTED_EDGE('',*,*,#2637,.T.);
#7421 = ORIENTED_EDGE('',*,*,#7299,.F.);
#7422 = ADVANCED_FACE('',(#7423),#2625,.T.);
#7423 = FACE_BOUND('',#7424,.T.);
#7424 = EDGE_LOOP('',(#7425,#7448,#7449,#7450));
#7425 = ORIENTED_EDGE('',*,*,#7426,.F.);
#7426 = EDGE_CURVE('',#7373,#7427,#7429,.T.);
#7427 = VERTEX_POINT('',#7428);
#7428 = CARTESIAN_POINT('',(-65.54224998592,71.628029275514,11.));
#7429 = SURFACE_CURVE('',#7430,(#7434,#7441),.PCURVE_S1.);
#7430 = LINE('',#7431,#7432);
#7431 = CARTESIAN_POINT('',(-62.35039813959,74.306310982541,11.));
#7432 = VECTOR('',#7433,1.);
#7433 = DIRECTION('',(-0.766044443119,-0.642787609687,0.));
#7434 = PCURVE('',#2625,#7435);
#7435 = DEFINITIONAL_REPRESENTATION('',(#7436),#7440);
#7436 = LINE('',#7437,#7438);
#7437 = CARTESIAN_POINT('',(-3.,0.));
#7438 = VECTOR('',#7439,1.);
#7439 = DIRECTION('',(0.,1.));
#7440 = ( GEOMETRIC_REPRESENTATION_CONTEXT(2) 
PARAMETRIC_REPRESENTATION_CONTEXT() REPRESENTATION_CONTEXT('2D SPACE',''
  ) );
#7441 = PCURVE('',#7388,#7442);
#7442 = DEFINITIONAL_REPRESENTATION('',(#7443),#7447);
#7443 = LINE('',#7444,#7445);
#7444 = CARTESIAN_POINT('',(4.166666666667,-9.));
#7445 = VECTOR('',#7446,1.);
#7446 = DIRECTION('',(1.,0.));
#7447 = ( GEOMETRIC_REPRESENTATION_CONTEXT(2) 
PARAMETRIC_REPRESENTATION_CONTEXT() REPRESENTATION_CONTEXT('2D SPACE',''
  ) );
#7448 = ORIENTED_EDGE('',*,*,#7400,.T.);
#7449 = ORIENTED_EDGE('',*,*,#2608,.T.);
#7450 = ORIENTED_EDGE('',*,*,#7451,.F.);
#7451 = EDGE_CURVE('',#7427,#2583,#7452,.T.);
#7452 = SURFACE_CURVE('',#7453,(#7457,#7464),.PCURVE_S1.);
#7453 = LINE('',#7454,#7455);
#7454 = CARTESIAN_POINT('',(-67.47061281498,73.926162604871,11.));
#7455 = VECTOR('',#7456,1.);
#7456 = DIRECTION('',(-0.642787609687,0.766044443119,0.));
#7457 = PCURVE('',#2625,#7458);
#7458 = DEFINITIONAL_REPRESENTATION('',(#7459),#7463);
#7459 = LINE('',#7460,#7461);
#7460 = CARTESIAN_POINT('',(0.,4.166666666667));
#7461 = VECTOR('',#7462,1.);
#7462 = DIRECTION('',(1.,0.));
#7463 = ( GEOMETRIC_REPRESENTATION_CONTEXT(2) 
PARAMETRIC_REPRESENTATION_CONTEXT() REPRESENTATION_CONTEXT('2D SPACE',''
  ) );
#7464 = PCURVE('',#2597,#7465);
#7465 = DEFINITIONAL_REPRESENTATION('',(#7466),#7470);
#7466 = LINE('',#7467,#7468);
#7467 = CARTESIAN_POINT('',(3.,-9.));
#7468 = VECTOR('',#7469,1.);
#7469 = DIRECTION('',(1.,0.));
#7470 = ( GEOMETRIC_REPRESENTATION_CONTEXT(2) 
PARAMETRIC_REPRESENTATION_CONTEXT() REPRESENTATION_CONTEXT('2D SPACE',''
  ) );
#7471 = ADVANCED_FACE('',(#7472),#2597,.T.);
#7472 = FACE_BOUND('',#7473,.T.);
#7473 = EDGE_LOOP('',(#7474,#7497,#7518,#7519,#7520));
#7474 = ORIENTED_EDGE('',*,*,#7475,.F.);
#7475 = EDGE_CURVE('',#7476,#7478,#7480,.T.);
#7476 = VERTEX_POINT('',#7477);
#7477 = CARTESIAN_POINT('',(-65.54224998592,71.628029275514,19.));
#7478 = VERTEX_POINT('',#7479);
#7479 = CARTESIAN_POINT('',(-66.44975879252,72.709556156089,19.));
#7480 = SURFACE_CURVE('',#7481,(#7485,#7491),.PCURVE_S1.);
#7481 = LINE('',#7482,#7483);
#7482 = CARTESIAN_POINT('',(-34.36705091612,34.474873784243,19.));
#7483 = VECTOR('',#7484,1.);
#7484 = DIRECTION('',(-0.642787609687,0.766044443119,0.));
#7485 = PCURVE('',#2597,#7486);
#7486 = DEFINITIONAL_REPRESENTATION('',(#7487),#7490);
#7487 = B_SPLINE_CURVE_WITH_KNOTS('',1,(#7488,#7489),.UNSPECIFIED.,.F.,
  .F.,(2,2),(48.5,54.5),.PIECEWISE_BEZIER_KNOTS.);
#7488 = CARTESIAN_POINT('',(0.,-1.));
#7489 = CARTESIAN_POINT('',(6.,-1.));
#7490 = ( GEOMETRIC_REPRESENTATION_CONTEXT(2) 
PARAMETRIC_REPRESENTATION_CONTEXT() REPRESENTATION_CONTEXT('2D SPACE',''
  ) );
#7491 = PCURVE('',#4211,#7492);
#7492 = DEFINITIONAL_REPRESENTATION('',(#7493),#7496);
#7493 = B_SPLINE_CURVE_WITH_KNOTS('',1,(#7494,#7495),.UNSPECIFIED.,.F.,
  .F.,(2,2),(48.5,54.5),.PIECEWISE_BEZIER_KNOTS.);
#7494 = CARTESIAN_POINT('',(-65.54224998592,71.628029275514));
#7495 = CARTESIAN_POINT('',(-69.39897564404,76.224295934228));
#7496 = ( GEOMETRIC_REPRESENTATION_CONTEXT(2) 
PARAMETRIC_REPRESENTATION_CONTEXT() REPRESENTATION_CONTEXT('2D SPACE',''
  ) );
#7497 = ORIENTED_EDGE('',*,*,#7498,.T.);
#7498 = EDGE_CURVE('',#7476,#7427,#7499,.T.);
#7499 = SURFACE_CURVE('',#7500,(#7504,#7511),.PCURVE_S1.);
#7500 = LINE('',#7501,#7502);
#7501 = CARTESIAN_POINT('',(-65.54224998592,71.628029275514,20.));
#7502 = VECTOR('',#7503,1.);
#7503 = DIRECTION('',(-0.,-0.,-1.));
#7504 = PCURVE('',#2597,#7505);
#7505 = DEFINITIONAL_REPRESENTATION('',(#7506),#7510);
#7506 = LINE('',#7507,#7508);
#7507 = CARTESIAN_POINT('',(0.,0.));
#7508 = VECTOR('',#7509,1.);
#7509 = DIRECTION('',(0.,-1.));
#7510 = ( GEOMETRIC_REPRESENTATION_CONTEXT(2) 
PARAMETRIC_REPRESENTATION_CONTEXT() REPRESENTATION_CONTEXT('2D SPACE',''
  ) );
#7511 = PCURVE('',#7388,#7512);
#7512 = DEFINITIONAL_REPRESENTATION('',(#7513),#7517);
#7513 = LINE('',#7514,#7515);
#7514 = CARTESIAN_POINT('',(8.333333333333,0.));
#7515 = VECTOR('',#7516,1.);
#7516 = DIRECTION('',(0.,-1.));
#7517 = ( GEOMETRIC_REPRESENTATION_CONTEXT(2) 
PARAMETRIC_REPRESENTATION_CONTEXT() REPRESENTATION_CONTEXT('2D SPACE',''
  ) );
#7518 = ORIENTED_EDGE('',*,*,#7451,.T.);
#7519 = ORIENTED_EDGE('',*,*,#2582,.T.);
#7520 = ORIENTED_EDGE('',*,*,#7521,.F.);
#7521 = EDGE_CURVE('',#7478,#2554,#7522,.T.);
#7522 = SURFACE_CURVE('',#7523,(#7528,#7535),.PCURVE_S1.);
#7523 = HYPERBOLA('',#7524,4.166666666667,4.166666666667);
#7524 = AXIS2_PLACEMENT_3D('',#7525,#7526,#7527);
#7525 = CARTESIAN_POINT('',(-3.191851846329,-2.678281707027,117.5));
#7526 = DIRECTION('',(0.766044443119,0.642787609687,0.));
#7527 = DIRECTION('',(0.,-0.,-1.));
#7528 = PCURVE('',#2597,#7529);
#7529 = DEFINITIONAL_REPRESENTATION('',(#7530),#7534);
#7530 = ( BOUNDED_CURVE() B_SPLINE_CURVE(2,(#7531,#7532,#7533),
.UNSPECIFIED.,.F.,.F.) B_SPLINE_CURVE_WITH_KNOTS((3,3),(3.855639725068,
3.870766700287),.PIECEWISE_BEZIER_KNOTS.) CURVE() 
GEOMETRIC_REPRESENTATION_ITEM() RATIONAL_B_SPLINE_CURVE((1.,
1.000028603309,1.)) REPRESENTATION_ITEM('') );
#7531 = CARTESIAN_POINT('',(1.411833073512,-1.));
#7532 = CARTESIAN_POINT('',(2.156822397058,-1.744322486804));
#7533 = CARTESIAN_POINT('',(2.913156735682,-2.5));
#7534 = ( GEOMETRIC_REPRESENTATION_CONTEXT(2) 
PARAMETRIC_REPRESENTATION_CONTEXT() REPRESENTATION_CONTEXT('2D SPACE',''
  ) );
#7535 = PCURVE('',#2570,#7536);
#7536 = DEFINITIONAL_REPRESENTATION('',(#7537),#7544);
#7537 = B_SPLINE_CURVE_WITH_KNOTS('',5,(#7538,#7539,#7540,#7541,#7542,
    #7543),.UNSPECIFIED.,.F.,.F.,(6,6),(3.855639725068,3.870766700287),
  .PIECEWISE_BEZIER_KNOTS.);
#7538 = CARTESIAN_POINT('',(-2.311241837749,-1.5));
#7539 = CARTESIAN_POINT('',(-2.311113859955,-1.202265327971));
#7540 = CARTESIAN_POINT('',(-2.310986365708,-0.903403690948));
#7541 = CARTESIAN_POINT('',(-2.310859352574,-0.603409411496));
#7542 = CARTESIAN_POINT('',(-2.310732818142,-0.302276769196));
#7543 = CARTESIAN_POINT('',(-2.310606760015,7.105427357601E-15));
#7544 = ( GEOMETRIC_REPRESENTATION_CONTEXT(2) 
PARAMETRIC_REPRESENTATION_CONTEXT() REPRESENTATION_CONTEXT('2D SPACE',''
  ) );
#7545 = ADVANCED_FACE('',(#7546),#2570,.T.);
#7546 = FACE_BOUND('',#7547,.T.);
#7547 = EDGE_LOOP('',(#7548,#7549,#7550,#7577));
#7548 = ORIENTED_EDGE('',*,*,#7521,.T.);
#7549 = ORIENTED_EDGE('',*,*,#2553,.T.);
#7550 = ORIENTED_EDGE('',*,*,#7551,.F.);
#7551 = EDGE_CURVE('',#7552,#2528,#7554,.T.);
#7552 = VERTEX_POINT('',#7553);
#7553 = CARTESIAN_POINT('',(-72.70955615608,66.449758792523,19.));
#7554 = SURFACE_CURVE('',#7555,(#7560,#7570),.PCURVE_S1.);
#7555 = HYPERBOLA('',#7556,4.166666666667,4.166666666667);
#7556 = AXIS2_PLACEMENT_3D('',#7557,#7558,#7559);
#7557 = CARTESIAN_POINT('',(2.678281707027,3.191851846329,117.5));
#7558 = DIRECTION('',(0.642787609687,0.766044443119,0.));
#7559 = DIRECTION('',(0.,-0.,-1.));
#7560 = PCURVE('',#2570,#7561);
#7561 = DEFINITIONAL_REPRESENTATION('',(#7562),#7569);
#7562 = B_SPLINE_CURVE_WITH_KNOTS('',5,(#7563,#7564,#7565,#7566,#7567,
    #7568),.UNSPECIFIED.,.F.,.F.,(6,6),(3.855639725068,3.870766700287),
  .PIECEWISE_BEZIER_KNOTS.);
#7563 = CARTESIAN_POINT('',(-2.401147142636,-1.5));
#7564 = CARTESIAN_POINT('',(-2.401275120429,-1.202265327971));
#7565 = CARTESIAN_POINT('',(-2.401402614677,-0.903403690948));
#7566 = CARTESIAN_POINT('',(-2.40152962781,-0.603409411496));
#7567 = CARTESIAN_POINT('',(-2.401656162243,-0.302276769196));
#7568 = CARTESIAN_POINT('',(-2.401782220369,0.));
#7569 = ( GEOMETRIC_REPRESENTATION_CONTEXT(2) 
PARAMETRIC_REPRESENTATION_CONTEXT() REPRESENTATION_CONTEXT('2D SPACE',''
  ) );
#7570 = PCURVE('',#2542,#7571);
#7571 = DEFINITIONAL_REPRESENTATION('',(#7572),#7576);
#7572 = ( BOUNDED_CURVE() B_SPLINE_CURVE(2,(#7573,#7574,#7575),
.UNSPECIFIED.,.F.,.F.) B_SPLINE_CURVE_WITH_KNOTS((3,3),(3.855639725068,
3.870766700287),.PIECEWISE_BEZIER_KNOTS.) CURVE() 
GEOMETRIC_REPRESENTATION_ITEM() RATIONAL_B_SPLINE_CURVE((1.,
1.000028603309,1.)) REPRESENTATION_ITEM('') );
#7573 = CARTESIAN_POINT('',(1.411833073513,-1.));
#7574 = CARTESIAN_POINT('',(2.156822397057,-1.744322486804));
#7575 = CARTESIAN_POINT('',(2.913156735682,-2.5));
#7576 = ( GEOMETRIC_REPRESENTATION_CONTEXT(2) 
PARAMETRIC_REPRESENTATION_CONTEXT() REPRESENTATION_CONTEXT('2D SPACE',''
  ) );
#7577 = ORIENTED_EDGE('',*,*,#7578,.F.);
#7578 = EDGE_CURVE('',#7478,#7552,#7579,.T.);
#7579 = SURFACE_CURVE('',#7580,(#7585,#7592),.PCURVE_S1.);
#7580 = CIRCLE('',#7581,98.5);
#7581 = AXIS2_PLACEMENT_3D('',#7582,#7583,#7584);
#7582 = CARTESIAN_POINT('',(0.,0.,19.));
#7583 = DIRECTION('',(0.,0.,1.));
#7584 = DIRECTION('',(1.,0.,-0.));
#7585 = PCURVE('',#2570,#7586);
#7586 = DEFINITIONAL_REPRESENTATION('',(#7587),#7591);
#7587 = LINE('',#7588,#7589);
#7588 = CARTESIAN_POINT('',(-0.,-1.5));
#7589 = VECTOR('',#7590,1.);
#7590 = DIRECTION('',(-1.,-0.));
#7591 = ( GEOMETRIC_REPRESENTATION_CONTEXT(2) 
PARAMETRIC_REPRESENTATION_CONTEXT() REPRESENTATION_CONTEXT('2D SPACE',''
  ) );
#7592 = PCURVE('',#4211,#7593);
#7593 = DEFINITIONAL_REPRESENTATION('',(#7594),#7598);
#7594 = CIRCLE('',#7595,98.5);
#7595 = AXIS2_PLACEMENT_2D('',#7596,#7597);
#7596 = CARTESIAN_POINT('',(0.,0.));
#7597 = DIRECTION('',(1.,0.));
#7598 = ( GEOMETRIC_REPRESENTATION_CONTEXT(2) 
PARAMETRIC_REPRESENTATION_CONTEXT() REPRESENTATION_CONTEXT('2D SPACE',''
  ) );
#7599 = ADVANCED_FACE('',(#7600),#2542,.F.);
#7600 = FACE_BOUND('',#7601,.F.);
#7601 = EDGE_LOOP('',(#7602,#7623,#7651,#7672,#7673));
#7602 = ORIENTED_EDGE('',*,*,#7603,.F.);
#7603 = EDGE_CURVE('',#7604,#7552,#7606,.T.);
#7604 = VERTEX_POINT('',#7605);
#7605 = CARTESIAN_POINT('',(-71.62802927551,65.542249985923,19.));
#7606 = SURFACE_CURVE('',#7607,(#7611,#7617),.PCURVE_S1.);
#7607 = LINE('',#7608,#7609);
#7608 = CARTESIAN_POINT('',(-34.47487378424,34.367050916126,19.));
#7609 = VECTOR('',#7610,1.);
#7610 = DIRECTION('',(-0.766044443119,0.642787609687,0.));
#7611 = PCURVE('',#2542,#7612);
#7612 = DEFINITIONAL_REPRESENTATION('',(#7613),#7616);
#7613 = B_SPLINE_CURVE_WITH_KNOTS('',1,(#7614,#7615),.UNSPECIFIED.,.F.,
  .F.,(2,2),(48.5,54.5),.PIECEWISE_BEZIER_KNOTS.);
#7614 = CARTESIAN_POINT('',(0.,-1.));
#7615 = CARTESIAN_POINT('',(6.,-1.));
#7616 = ( GEOMETRIC_REPRESENTATION_CONTEXT(2) 
PARAMETRIC_REPRESENTATION_CONTEXT() REPRESENTATION_CONTEXT('2D SPACE',''
  ) );
#7617 = PCURVE('',#4211,#7618);
#7618 = DEFINITIONAL_REPRESENTATION('',(#7619),#7622);
#7619 = B_SPLINE_CURVE_WITH_KNOTS('',1,(#7620,#7621),.UNSPECIFIED.,.F.,
  .F.,(2,2),(48.5,54.5),.PIECEWISE_BEZIER_KNOTS.);
#7620 = CARTESIAN_POINT('',(-71.62802927551,65.542249985923));
#7621 = CARTESIAN_POINT('',(-76.22429593422,69.398975644043));
#7622 = ( GEOMETRIC_REPRESENTATION_CONTEXT(2) 
PARAMETRIC_REPRESENTATION_CONTEXT() REPRESENTATION_CONTEXT('2D SPACE',''
  ) );
#7623 = ORIENTED_EDGE('',*,*,#7624,.T.);
#7624 = EDGE_CURVE('',#7604,#7625,#7627,.T.);
#7625 = VERTEX_POINT('',#7626);
#7626 = CARTESIAN_POINT('',(-71.62802927551,65.542249985923,11.));
#7627 = SURFACE_CURVE('',#7628,(#7632,#7639),.PCURVE_S1.);
#7628 = LINE('',#7629,#7630);
#7629 = CARTESIAN_POINT('',(-71.62802927551,65.542249985923,20.));
#7630 = VECTOR('',#7631,1.);
#7631 = DIRECTION('',(-0.,-0.,-1.));
#7632 = PCURVE('',#2542,#7633);
#7633 = DEFINITIONAL_REPRESENTATION('',(#7634),#7638);
#7634 = LINE('',#7635,#7636);
#7635 = CARTESIAN_POINT('',(0.,0.));
#7636 = VECTOR('',#7637,1.);
#7637 = DIRECTION('',(0.,-1.));
#7638 = ( GEOMETRIC_REPRESENTATION_CONTEXT(2) 
PARAMETRIC_REPRESENTATION_CONTEXT() REPRESENTATION_CONTEXT('2D SPACE',''
  ) );
#7639 = PCURVE('',#7640,#7645);
#7640 = PLANE('',#7641);
#7641 = AXIS2_PLACEMENT_3D('',#7642,#7643,#7644);
#7642 = CARTESIAN_POINT('',(-71.62802927551,65.542249985923,20.));
#7643 = DIRECTION('',(-0.766044443119,0.642787609687,0.));
#7644 = DIRECTION('',(-0.642787609687,-0.766044443119,0.));
#7645 = DEFINITIONAL_REPRESENTATION('',(#7646),#7650);
#7646 = LINE('',#7647,#7648);
#7647 = CARTESIAN_POINT('',(1.088614628655E-14,0.));
#7648 = VECTOR('',#7649,1.);
#7649 = DIRECTION('',(0.,-1.));
#7650 = ( GEOMETRIC_REPRESENTATION_CONTEXT(2) 
PARAMETRIC_REPRESENTATION_CONTEXT() REPRESENTATION_CONTEXT('2D SPACE',''
  ) );
#7651 = ORIENTED_EDGE('',*,*,#7652,.T.);
#7652 = EDGE_CURVE('',#7625,#2499,#7653,.T.);
#7653 = SURFACE_CURVE('',#7654,(#7658,#7665),.PCURVE_S1.);
#7654 = LINE('',#7655,#7656);
#7655 = CARTESIAN_POINT('',(-73.92616260487,67.470612814983,11.));
#7656 = VECTOR('',#7657,1.);
#7657 = DIRECTION('',(-0.766044443119,0.642787609687,0.));
#7658 = PCURVE('',#2542,#7659);
#7659 = DEFINITIONAL_REPRESENTATION('',(#7660),#7664);
#7660 = LINE('',#7661,#7662);
#7661 = CARTESIAN_POINT('',(3.,-9.));
#7662 = VECTOR('',#7663,1.);
#7663 = DIRECTION('',(1.,0.));
#7664 = ( GEOMETRIC_REPRESENTATION_CONTEXT(2) 
PARAMETRIC_REPRESENTATION_CONTEXT() REPRESENTATION_CONTEXT('2D SPACE',''
  ) );
#7665 = PCURVE('',#2515,#7666);
#7666 = DEFINITIONAL_REPRESENTATION('',(#7667),#7671);
#7667 = LINE('',#7668,#7669);
#7668 = CARTESIAN_POINT('',(0.,-4.166666666667));
#7669 = VECTOR('',#7670,1.);
#7670 = DIRECTION('',(1.,0.));
#7671 = ( GEOMETRIC_REPRESENTATION_CONTEXT(2) 
PARAMETRIC_REPRESENTATION_CONTEXT() REPRESENTATION_CONTEXT('2D SPACE',''
  ) );
#7672 = ORIENTED_EDGE('',*,*,#2527,.T.);
#7673 = ORIENTED_EDGE('',*,*,#7551,.F.);
#7674 = ADVANCED_FACE('',(#7675),#2515,.T.);
#7675 = FACE_BOUND('',#7676,.T.);
#7676 = EDGE_LOOP('',(#7677,#7700,#7701,#7702));
#7677 = ORIENTED_EDGE('',*,*,#7678,.F.);
#7678 = EDGE_CURVE('',#7625,#7679,#7681,.T.);
#7679 = VERTEX_POINT('',#7680);
#7680 = CARTESIAN_POINT('',(-76.98459268956,59.158546293265,11.));
#7681 = SURFACE_CURVE('',#7682,(#7686,#7693),.PCURVE_S1.);
#7682 = LINE('',#7683,#7684);
#7683 = CARTESIAN_POINT('',(-74.30631098254,62.350398139594,11.));
#7684 = VECTOR('',#7685,1.);
#7685 = DIRECTION('',(-0.642787609687,-0.766044443119,0.));
#7686 = PCURVE('',#2515,#7687);
#7687 = DEFINITIONAL_REPRESENTATION('',(#7688),#7692);
#7688 = LINE('',#7689,#7690);
#7689 = CARTESIAN_POINT('',(-3.,0.));
#7690 = VECTOR('',#7691,1.);
#7691 = DIRECTION('',(0.,1.));
#7692 = ( GEOMETRIC_REPRESENTATION_CONTEXT(2) 
PARAMETRIC_REPRESENTATION_CONTEXT() REPRESENTATION_CONTEXT('2D SPACE',''
  ) );
#7693 = PCURVE('',#7640,#7694);
#7694 = DEFINITIONAL_REPRESENTATION('',(#7695),#7699);
#7695 = LINE('',#7696,#7697);
#7696 = CARTESIAN_POINT('',(4.166666666667,-9.));
#7697 = VECTOR('',#7698,1.);
#7698 = DIRECTION('',(1.,0.));
#7699 = ( GEOMETRIC_REPRESENTATION_CONTEXT(2) 
PARAMETRIC_REPRESENTATION_CONTEXT() REPRESENTATION_CONTEXT('2D SPACE',''
  ) );
#7700 = ORIENTED_EDGE('',*,*,#7652,.T.);
#7701 = ORIENTED_EDGE('',*,*,#2498,.T.);
#7702 = ORIENTED_EDGE('',*,*,#7703,.F.);
#7703 = EDGE_CURVE('',#7679,#2473,#7704,.T.);
#7704 = SURFACE_CURVE('',#7705,(#7709,#7716),.PCURVE_S1.);
#7705 = LINE('',#7706,#7707);
#7706 = CARTESIAN_POINT('',(-79.28272601892,61.086909122325,11.));
#7707 = VECTOR('',#7708,1.);
#7708 = DIRECTION('',(-0.766044443119,0.642787609687,0.));
#7709 = PCURVE('',#2515,#7710);
#7710 = DEFINITIONAL_REPRESENTATION('',(#7711),#7715);
#7711 = LINE('',#7712,#7713);
#7712 = CARTESIAN_POINT('',(0.,4.166666666667));
#7713 = VECTOR('',#7714,1.);
#7714 = DIRECTION('',(1.,0.));
#7715 = ( GEOMETRIC_REPRESENTATION_CONTEXT(2) 
PARAMETRIC_REPRESENTATION_CONTEXT() REPRESENTATION_CONTEXT('2D SPACE',''
  ) );
#7716 = PCURVE('',#2487,#7717);
#7717 = DEFINITIONAL_REPRESENTATION('',(#7718),#7722);
#7718 = LINE('',#7719,#7720);
#7719 = CARTESIAN_POINT('',(3.,-9.));
#7720 = VECTOR('',#7721,1.);
#7721 = DIRECTION('',(1.,0.));
#7722 = ( GEOMETRIC_REPRESENTATION_CONTEXT(2) 
PARAMETRIC_REPRESENTATION_CONTEXT() REPRESENTATION_CONTEXT('2D SPACE',''
  ) );
#7723 = ADVANCED_FACE('',(#7724),#2487,.T.);
#7724 = FACE_BOUND('',#7725,.T.);
#7725 = EDGE_LOOP('',(#7726,#7749,#7770,#7771,#7772));
#7726 = ORIENTED_EDGE('',*,*,#7727,.F.);
#7727 = EDGE_CURVE('',#7728,#7730,#7732,.T.);
#7728 = VERTEX_POINT('',#7729);
#7729 = CARTESIAN_POINT('',(-76.98459268956,59.158546293265,19.));
#7730 = VERTEX_POINT('',#7731);
#7731 = CARTESIAN_POINT('',(-78.06611957014,60.066055099865,19.));
#7732 = SURFACE_CURVE('',#7733,(#7737,#7743),.PCURVE_S1.);
#7733 = LINE('',#7734,#7735);
#7734 = CARTESIAN_POINT('',(-39.83143719829,27.983347223468,19.));
#7735 = VECTOR('',#7736,1.);
#7736 = DIRECTION('',(-0.766044443119,0.642787609687,0.));
#7737 = PCURVE('',#2487,#7738);
#7738 = DEFINITIONAL_REPRESENTATION('',(#7739),#7742);
#7739 = B_SPLINE_CURVE_WITH_KNOTS('',1,(#7740,#7741),.UNSPECIFIED.,.F.,
  .F.,(2,2),(48.5,54.5),.PIECEWISE_BEZIER_KNOTS.);
#7740 = CARTESIAN_POINT('',(-1.42108547152E-14,-1.));
#7741 = CARTESIAN_POINT('',(6.,-1.));
#7742 = ( GEOMETRIC_REPRESENTATION_CONTEXT(2) 
PARAMETRIC_REPRESENTATION_CONTEXT() REPRESENTATION_CONTEXT('2D SPACE',''
  ) );
#7743 = PCURVE('',#4211,#7744);
#7744 = DEFINITIONAL_REPRESENTATION('',(#7745),#7748);
#7745 = B_SPLINE_CURVE_WITH_KNOTS('',1,(#7746,#7747),.UNSPECIFIED.,.F.,
  .F.,(2,2),(48.5,54.5),.PIECEWISE_BEZIER_KNOTS.);
#7746 = CARTESIAN_POINT('',(-76.98459268956,59.158546293265));
#7747 = CARTESIAN_POINT('',(-81.58085934828,63.015271951384));
#7748 = ( GEOMETRIC_REPRESENTATION_CONTEXT(2) 
PARAMETRIC_REPRESENTATION_CONTEXT() REPRESENTATION_CONTEXT('2D SPACE',''
  ) );
#7749 = ORIENTED_EDGE('',*,*,#7750,.T.);
#7750 = EDGE_CURVE('',#7728,#7679,#7751,.T.);
#7751 = SURFACE_CURVE('',#7752,(#7756,#7763),.PCURVE_S1.);
#7752 = LINE('',#7753,#7754);
#7753 = CARTESIAN_POINT('',(-76.98459268956,59.158546293265,20.));
#7754 = VECTOR('',#7755,1.);
#7755 = DIRECTION('',(-0.,-0.,-1.));
#7756 = PCURVE('',#2487,#7757);
#7757 = DEFINITIONAL_REPRESENTATION('',(#7758),#7762);
#7758 = LINE('',#7759,#7760);
#7759 = CARTESIAN_POINT('',(-1.545342695355E-14,0.));
#7760 = VECTOR('',#7761,1.);
#7761 = DIRECTION('',(0.,-1.));
#7762 = ( GEOMETRIC_REPRESENTATION_CONTEXT(2) 
PARAMETRIC_REPRESENTATION_CONTEXT() REPRESENTATION_CONTEXT('2D SPACE',''
  ) );
#7763 = PCURVE('',#7640,#7764);
#7764 = DEFINITIONAL_REPRESENTATION('',(#7765),#7769);
#7765 = LINE('',#7766,#7767);
#7766 = CARTESIAN_POINT('',(8.333333333333,0.));
#7767 = VECTOR('',#7768,1.);
#7768 = DIRECTION('',(0.,-1.));
#7769 = ( GEOMETRIC_REPRESENTATION_CONTEXT(2) 
PARAMETRIC_REPRESENTATION_CONTEXT() REPRESENTATION_CONTEXT('2D SPACE',''
  ) );
#7770 = ORIENTED_EDGE('',*,*,#7703,.T.);
#7771 = ORIENTED_EDGE('',*,*,#2472,.T.);
#7772 = ORIENTED_EDGE('',*,*,#7773,.F.);
#7773 = EDGE_CURVE('',#7730,#2444,#7774,.T.);
#7774 = SURFACE_CURVE('',#7775,(#7780,#7787),.PCURVE_S1.);
#7775 = HYPERBOLA('',#7776,4.166666666667,4.166666666667);
#7776 = AXIS2_PLACEMENT_3D('',#7777,#7778,#7779);
#7777 = CARTESIAN_POINT('',(-2.678281707027,-3.191851846329,117.5));
#7778 = DIRECTION('',(0.642787609687,0.766044443119,0.));
#7779 = DIRECTION('',(0.,-0.,-1.));
#7780 = PCURVE('',#2487,#7781);
#7781 = DEFINITIONAL_REPRESENTATION('',(#7782),#7786);
#7782 = ( BOUNDED_CURVE() B_SPLINE_CURVE(2,(#7783,#7784,#7785),
.UNSPECIFIED.,.F.,.F.) B_SPLINE_CURVE_WITH_KNOTS((3,3),(3.855639725068,
3.870766700287),.PIECEWISE_BEZIER_KNOTS.) CURVE() 
GEOMETRIC_REPRESENTATION_ITEM() RATIONAL_B_SPLINE_CURVE((1.,
1.000028603309,1.)) REPRESENTATION_ITEM('') );
#7783 = CARTESIAN_POINT('',(1.411833073512,-1.));
#7784 = CARTESIAN_POINT('',(2.156822397057,-1.744322486804));
#7785 = CARTESIAN_POINT('',(2.913156735682,-2.5));
#7786 = ( GEOMETRIC_REPRESENTATION_CONTEXT(2) 
PARAMETRIC_REPRESENTATION_CONTEXT() REPRESENTATION_CONTEXT('2D SPACE',''
  ) );
#7787 = PCURVE('',#2460,#7788);
#7788 = DEFINITIONAL_REPRESENTATION('',(#7789),#7796);
#7789 = B_SPLINE_CURVE_WITH_KNOTS('',5,(#7790,#7791,#7792,#7793,#7794,
    #7795),.UNSPECIFIED.,.F.,.F.,(6,6),(3.855639725068,3.870766700287),
  .PIECEWISE_BEZIER_KNOTS.);
#7790 = CARTESIAN_POINT('',(-2.485774762949,-1.5));
#7791 = CARTESIAN_POINT('',(-2.485646785155,-1.202265327971));
#7792 = CARTESIAN_POINT('',(-2.485519290907,-0.903403690948));
#7793 = CARTESIAN_POINT('',(-2.485392277774,-0.603409411496));
#7794 = CARTESIAN_POINT('',(-2.485265743341,-0.302276769196));
#7795 = CARTESIAN_POINT('',(-2.485139685215,0.));
#7796 = ( GEOMETRIC_REPRESENTATION_CONTEXT(2) 
PARAMETRIC_REPRESENTATION_CONTEXT() REPRESENTATION_CONTEXT('2D SPACE',''
  ) );
#7797 = ADVANCED_FACE('',(#7798),#2460,.T.);
#7798 = FACE_BOUND('',#7799,.T.);
#7799 = EDGE_LOOP('',(#7800,#7801,#7802,#7829));
#7800 = ORIENTED_EDGE('',*,*,#7773,.T.);
#7801 = ORIENTED_EDGE('',*,*,#2443,.T.);
#7802 = ORIENTED_EDGE('',*,*,#7803,.F.);
#7803 = EDGE_CURVE('',#7804,#2418,#7806,.T.);
#7804 = VERTEX_POINT('',#7805);
#7805 = CARTESIAN_POINT('',(-83.14381414132,52.814355719191,19.));
#7806 = SURFACE_CURVE('',#7807,(#7812,#7822),.PCURVE_S1.);
#7807 = HYPERBOLA('',#7808,4.166666666667,4.166666666667);
#7808 = AXIS2_PLACEMENT_3D('',#7809,#7810,#7811);
#7809 = CARTESIAN_POINT('',(2.083333333333,3.608439182435,117.5));
#7810 = DIRECTION('',(0.5,0.866025403784,0.));
#7811 = DIRECTION('',(0.,-0.,-1.));
#7812 = PCURVE('',#2460,#7813);
#7813 = DEFINITIONAL_REPRESENTATION('',(#7814),#7821);
#7814 = B_SPLINE_CURVE_WITH_KNOTS('',5,(#7815,#7816,#7817,#7818,#7819,
    #7820),.UNSPECIFIED.,.F.,.F.,(6,6),(3.855639725068,3.870766700287),
  .PIECEWISE_BEZIER_KNOTS.);
#7815 = CARTESIAN_POINT('',(-2.575680067835,-1.5));
#7816 = CARTESIAN_POINT('',(-2.575808045629,-1.202265327971));
#7817 = CARTESIAN_POINT('',(-2.575935539876,-0.903403690948));
#7818 = CARTESIAN_POINT('',(-2.57606255301,-0.603409411496));
#7819 = CARTESIAN_POINT('',(-2.576189087442,-0.302276769196));
#7820 = CARTESIAN_POINT('',(-2.576315145569,2.13162820728E-14));
#7821 = ( GEOMETRIC_REPRESENTATION_CONTEXT(2) 
PARAMETRIC_REPRESENTATION_CONTEXT() REPRESENTATION_CONTEXT('2D SPACE',''
  ) );
#7822 = PCURVE('',#2432,#7823);
#7823 = DEFINITIONAL_REPRESENTATION('',(#7824),#7828);
#7824 = ( BOUNDED_CURVE() B_SPLINE_CURVE(2,(#7825,#7826,#7827),
.UNSPECIFIED.,.F.,.F.) B_SPLINE_CURVE_WITH_KNOTS((3,3),(3.855639725068,
3.870766700287),.PIECEWISE_BEZIER_KNOTS.) CURVE() 
GEOMETRIC_REPRESENTATION_ITEM() RATIONAL_B_SPLINE_CURVE((1.,
1.000028603309,1.)) REPRESENTATION_ITEM('') );
#7825 = CARTESIAN_POINT('',(1.411833073513,-1.));
#7826 = CARTESIAN_POINT('',(2.156822397057,-1.744322486804));
#7827 = CARTESIAN_POINT('',(2.913156735682,-2.5));
#7828 = ( GEOMETRIC_REPRESENTATION_CONTEXT(2) 
PARAMETRIC_REPRESENTATION_CONTEXT() REPRESENTATION_CONTEXT('2D SPACE',''
  ) );
#7829 = ORIENTED_EDGE('',*,*,#7830,.F.);
#7830 = EDGE_CURVE('',#7730,#7804,#7831,.T.);
#7831 = SURFACE_CURVE('',#7832,(#7837,#7844),.PCURVE_S1.);
#7832 = CIRCLE('',#7833,98.5);
#7833 = AXIS2_PLACEMENT_3D('',#7834,#7835,#7836);
#7834 = CARTESIAN_POINT('',(0.,0.,19.));
#7835 = DIRECTION('',(0.,0.,1.));
#7836 = DIRECTION('',(1.,0.,-0.));
#7837 = PCURVE('',#2460,#7838);
#7838 = DEFINITIONAL_REPRESENTATION('',(#7839),#7843);
#7839 = LINE('',#7840,#7841);
#7840 = CARTESIAN_POINT('',(-0.,-1.5));
#7841 = VECTOR('',#7842,1.);
#7842 = DIRECTION('',(-1.,-0.));
#7843 = ( GEOMETRIC_REPRESENTATION_CONTEXT(2) 
PARAMETRIC_REPRESENTATION_CONTEXT() REPRESENTATION_CONTEXT('2D SPACE',''
  ) );
#7844 = PCURVE('',#4211,#7845);
#7845 = DEFINITIONAL_REPRESENTATION('',(#7846),#7850);
#7846 = CIRCLE('',#7847,98.5);
#7847 = AXIS2_PLACEMENT_2D('',#7848,#7849);
#7848 = CARTESIAN_POINT('',(0.,0.));
#7849 = DIRECTION('',(1.,0.));
#7850 = ( GEOMETRIC_REPRESENTATION_CONTEXT(2) 
PARAMETRIC_REPRESENTATION_CONTEXT() REPRESENTATION_CONTEXT('2D SPACE',''
  ) );
#7851 = ADVANCED_FACE('',(#7852),#2432,.F.);
#7852 = FACE_BOUND('',#7853,.F.);
#7853 = EDGE_LOOP('',(#7854,#7875,#7903,#7924,#7925));
#7854 = ORIENTED_EDGE('',*,*,#7855,.F.);
#7855 = EDGE_CURVE('',#7856,#7804,#7858,.T.);
#7856 = VERTEX_POINT('',#7857);
#7857 = CARTESIAN_POINT('',(-81.92113083375,52.108439182435,19.));
#7858 = SURFACE_CURVE('',#7859,(#7863,#7869),.PCURVE_S1.);
#7859 = LINE('',#7860,#7861);
#7860 = CARTESIAN_POINT('',(-39.91889875021,27.858439182435,19.));
#7861 = VECTOR('',#7862,1.);
#7862 = DIRECTION('',(-0.866025403784,0.5,0.));
#7863 = PCURVE('',#2432,#7864);
#7864 = DEFINITIONAL_REPRESENTATION('',(#7865),#7868);
#7865 = B_SPLINE_CURVE_WITH_KNOTS('',1,(#7866,#7867),.UNSPECIFIED.,.F.,
  .F.,(2,2),(48.5,54.5),.PIECEWISE_BEZIER_KNOTS.);
#7866 = CARTESIAN_POINT('',(0.,-1.));
#7867 = CARTESIAN_POINT('',(6.,-1.));
#7868 = ( GEOMETRIC_REPRESENTATION_CONTEXT(2) 
PARAMETRIC_REPRESENTATION_CONTEXT() REPRESENTATION_CONTEXT('2D SPACE',''
  ) );
#7869 = PCURVE('',#4211,#7870);
#7870 = DEFINITIONAL_REPRESENTATION('',(#7871),#7874);
#7871 = B_SPLINE_CURVE_WITH_KNOTS('',1,(#7872,#7873),.UNSPECIFIED.,.F.,
  .F.,(2,2),(48.5,54.5),.PIECEWISE_BEZIER_KNOTS.);
#7872 = CARTESIAN_POINT('',(-81.92113083375,52.108439182435));
#7873 = CARTESIAN_POINT('',(-87.11728325646,55.108439182435));
#7874 = ( GEOMETRIC_REPRESENTATION_CONTEXT(2) 
PARAMETRIC_REPRESENTATION_CONTEXT() REPRESENTATION_CONTEXT('2D SPACE',''
  ) );
#7875 = ORIENTED_EDGE('',*,*,#7876,.T.);
#7876 = EDGE_CURVE('',#7856,#7877,#7879,.T.);
#7877 = VERTEX_POINT('',#7878);
#7878 = CARTESIAN_POINT('',(-81.92113083375,52.108439182435,11.));
#7879 = SURFACE_CURVE('',#7880,(#7884,#7891),.PCURVE_S1.);
#7880 = LINE('',#7881,#7882);
#7881 = CARTESIAN_POINT('',(-81.92113083375,52.108439182435,20.));
#7882 = VECTOR('',#7883,1.);
#7883 = DIRECTION('',(-0.,-0.,-1.));
#7884 = PCURVE('',#2432,#7885);
#7885 = DEFINITIONAL_REPRESENTATION('',(#7886),#7890);
#7886 = LINE('',#7887,#7888);
#7887 = CARTESIAN_POINT('',(0.,0.));
#7888 = VECTOR('',#7889,1.);
#7889 = DIRECTION('',(0.,-1.));
#7890 = ( GEOMETRIC_REPRESENTATION_CONTEXT(2) 
PARAMETRIC_REPRESENTATION_CONTEXT() REPRESENTATION_CONTEXT('2D SPACE',''
  ) );
#7891 = PCURVE('',#7892,#7897);
#7892 = PLANE('',#7893);
#7893 = AXIS2_PLACEMENT_3D('',#7894,#7895,#7896);
#7894 = CARTESIAN_POINT('',(-81.92113083375,52.108439182435,20.));
#7895 = DIRECTION('',(-0.866025403784,0.5,0.));
#7896 = DIRECTION('',(-0.5,-0.866025403784,0.));
#7897 = DEFINITIONAL_REPRESENTATION('',(#7898),#7902);
#7898 = LINE('',#7899,#7900);
#7899 = CARTESIAN_POINT('',(0.,0.));
#7900 = VECTOR('',#7901,1.);
#7901 = DIRECTION('',(0.,-1.));
#7902 = ( GEOMETRIC_REPRESENTATION_CONTEXT(2) 
PARAMETRIC_REPRESENTATION_CONTEXT() REPRESENTATION_CONTEXT('2D SPACE',''
  ) );
#7903 = ORIENTED_EDGE('',*,*,#7904,.T.);
#7904 = EDGE_CURVE('',#7877,#2389,#7905,.T.);
#7905 = SURFACE_CURVE('',#7906,(#7910,#7917),.PCURVE_S1.);
#7906 = LINE('',#7907,#7908);
#7907 = CARTESIAN_POINT('',(-84.51920704511,53.608439182435,11.));
#7908 = VECTOR('',#7909,1.);
#7909 = DIRECTION('',(-0.866025403784,0.5,0.));
#7910 = PCURVE('',#2432,#7911);
#7911 = DEFINITIONAL_REPRESENTATION('',(#7912),#7916);
#7912 = LINE('',#7913,#7914);
#7913 = CARTESIAN_POINT('',(3.,-9.));
#7914 = VECTOR('',#7915,1.);
#7915 = DIRECTION('',(1.,0.));
#7916 = ( GEOMETRIC_REPRESENTATION_CONTEXT(2) 
PARAMETRIC_REPRESENTATION_CONTEXT() REPRESENTATION_CONTEXT('2D SPACE',''
  ) );
#7917 = PCURVE('',#2405,#7918);
#7918 = DEFINITIONAL_REPRESENTATION('',(#7919),#7923);
#7919 = LINE('',#7920,#7921);
#7920 = CARTESIAN_POINT('',(0.,-4.166666666667));
#7921 = VECTOR('',#7922,1.);
#7922 = DIRECTION('',(1.,0.));
#7923 = ( GEOMETRIC_REPRESENTATION_CONTEXT(2) 
PARAMETRIC_REPRESENTATION_CONTEXT() REPRESENTATION_CONTEXT('2D SPACE',''
  ) );
#7924 = ORIENTED_EDGE('',*,*,#2417,.T.);
#7925 = ORIENTED_EDGE('',*,*,#7803,.F.);
#7926 = ADVANCED_FACE('',(#7927),#2405,.T.);
#7927 = FACE_BOUND('',#7928,.T.);
#7928 = EDGE_LOOP('',(#7929,#7952,#7953,#7954));
#7929 = ORIENTED_EDGE('',*,*,#7930,.F.);
#7930 = EDGE_CURVE('',#7877,#7931,#7933,.T.);
#7931 = VERTEX_POINT('',#7932);
#7932 = CARTESIAN_POINT('',(-86.08779750042,44.891560817565,11.));
#7933 = SURFACE_CURVE('',#7934,(#7938,#7945),.PCURVE_S1.);
#7934 = LINE('',#7935,#7936);
#7935 = CARTESIAN_POINT('',(-84.00446416709,48.5,11.));
#7936 = VECTOR('',#7937,1.);
#7937 = DIRECTION('',(-0.5,-0.866025403784,0.));
#7938 = PCURVE('',#2405,#7939);
#7939 = DEFINITIONAL_REPRESENTATION('',(#7940),#7944);
#7940 = LINE('',#7941,#7942);
#7941 = CARTESIAN_POINT('',(-3.,0.));
#7942 = VECTOR('',#7943,1.);
#7943 = DIRECTION('',(0.,1.));
#7944 = ( GEOMETRIC_REPRESENTATION_CONTEXT(2) 
PARAMETRIC_REPRESENTATION_CONTEXT() REPRESENTATION_CONTEXT('2D SPACE',''
  ) );
#7945 = PCURVE('',#7892,#7946);
#7946 = DEFINITIONAL_REPRESENTATION('',(#7947),#7951);
#7947 = LINE('',#7948,#7949);
#7948 = CARTESIAN_POINT('',(4.166666666667,-9.));
#7949 = VECTOR('',#7950,1.);
#7950 = DIRECTION('',(1.,0.));
#7951 = ( GEOMETRIC_REPRESENTATION_CONTEXT(2) 
PARAMETRIC_REPRESENTATION_CONTEXT() REPRESENTATION_CONTEXT('2D SPACE',''
  ) );
#7952 = ORIENTED_EDGE('',*,*,#7904,.T.);
#7953 = ORIENTED_EDGE('',*,*,#2388,.T.);
#7954 = ORIENTED_EDGE('',*,*,#7955,.F.);
#7955 = EDGE_CURVE('',#7931,#2363,#7956,.T.);
#7956 = SURFACE_CURVE('',#7957,(#7961,#7968),.PCURVE_S1.);
#7957 = LINE('',#7958,#7959);
#7958 = CARTESIAN_POINT('',(-88.68587371177,46.391560817565,11.));
#7959 = VECTOR('',#7960,1.);
#7960 = DIRECTION('',(-0.866025403784,0.5,0.));
#7961 = PCURVE('',#2405,#7962);
#7962 = DEFINITIONAL_REPRESENTATION('',(#7963),#7967);
#7963 = LINE('',#7964,#7965);
#7964 = CARTESIAN_POINT('',(0.,4.166666666667));
#7965 = VECTOR('',#7966,1.);
#7966 = DIRECTION('',(1.,0.));
#7967 = ( GEOMETRIC_REPRESENTATION_CONTEXT(2) 
PARAMETRIC_REPRESENTATION_CONTEXT() REPRESENTATION_CONTEXT('2D SPACE',''
  ) );
#7968 = PCURVE('',#2377,#7969);
#7969 = DEFINITIONAL_REPRESENTATION('',(#7970),#7974);
#7970 = LINE('',#7971,#7972);
#7971 = CARTESIAN_POINT('',(3.,-9.));
#7972 = VECTOR('',#7973,1.);
#7973 = DIRECTION('',(1.,0.));
#7974 = ( GEOMETRIC_REPRESENTATION_CONTEXT(2) 
PARAMETRIC_REPRESENTATION_CONTEXT() REPRESENTATION_CONTEXT('2D SPACE',''
  ) );
#7975 = ADVANCED_FACE('',(#7976),#2377,.T.);
#7976 = FACE_BOUND('',#7977,.T.);
#7977 = EDGE_LOOP('',(#7978,#8001,#8022,#8023,#8024));
#7978 = ORIENTED_EDGE('',*,*,#7979,.F.);
#7979 = EDGE_CURVE('',#7980,#7982,#7984,.T.);
#7980 = VERTEX_POINT('',#7981);
#7981 = CARTESIAN_POINT('',(-86.08779750042,44.891560817565,19.));
#7982 = VERTEX_POINT('',#7983);
#7983 = CARTESIAN_POINT('',(-87.31048080798,45.597477354321,19.));
#7984 = SURFACE_CURVE('',#7985,(#7989,#7995),.PCURVE_S1.);
#7985 = LINE('',#7986,#7987);
#7986 = CARTESIAN_POINT('',(-44.08556541687,20.641560817565,19.));
#7987 = VECTOR('',#7988,1.);
#7988 = DIRECTION('',(-0.866025403784,0.5,0.));
#7989 = PCURVE('',#2377,#7990);
#7990 = DEFINITIONAL_REPRESENTATION('',(#7991),#7994);
#7991 = B_SPLINE_CURVE_WITH_KNOTS('',1,(#7992,#7993),.UNSPECIFIED.,.F.,
  .F.,(2,2),(48.5,54.5),.PIECEWISE_BEZIER_KNOTS.);
#7992 = CARTESIAN_POINT('',(0.,-1.));
#7993 = CARTESIAN_POINT('',(6.,-1.));
#7994 = ( GEOMETRIC_REPRESENTATION_CONTEXT(2) 
PARAMETRIC_REPRESENTATION_CONTEXT() REPRESENTATION_CONTEXT('2D SPACE',''
  ) );
#7995 = PCURVE('',#4211,#7996);
#7996 = DEFINITIONAL_REPRESENTATION('',(#7997),#8000);
#7997 = B_SPLINE_CURVE_WITH_KNOTS('',1,(#7998,#7999),.UNSPECIFIED.,.F.,
  .F.,(2,2),(48.5,54.5),.PIECEWISE_BEZIER_KNOTS.);
#7998 = CARTESIAN_POINT('',(-86.08779750042,44.891560817565));
#7999 = CARTESIAN_POINT('',(-91.28394992313,47.891560817565));
#8000 = ( GEOMETRIC_REPRESENTATION_CONTEXT(2) 
PARAMETRIC_REPRESENTATION_CONTEXT() REPRESENTATION_CONTEXT('2D SPACE',''
  ) );
#8001 = ORIENTED_EDGE('',*,*,#8002,.T.);
#8002 = EDGE_CURVE('',#7980,#7931,#8003,.T.);
#8003 = SURFACE_CURVE('',#8004,(#8008,#8015),.PCURVE_S1.);
#8004 = LINE('',#8005,#8006);
#8005 = CARTESIAN_POINT('',(-86.08779750042,44.891560817565,20.));
#8006 = VECTOR('',#8007,1.);
#8007 = DIRECTION('',(-0.,-0.,-1.));
#8008 = PCURVE('',#2377,#8009);
#8009 = DEFINITIONAL_REPRESENTATION('',(#8010),#8014);
#8010 = LINE('',#8011,#8012);
#8011 = CARTESIAN_POINT('',(0.,0.));
#8012 = VECTOR('',#8013,1.);
#8013 = DIRECTION('',(0.,-1.));
#8014 = ( GEOMETRIC_REPRESENTATION_CONTEXT(2) 
PARAMETRIC_REPRESENTATION_CONTEXT() REPRESENTATION_CONTEXT('2D SPACE',''
  ) );
#8015 = PCURVE('',#7892,#8016);
#8016 = DEFINITIONAL_REPRESENTATION('',(#8017),#8021);
#8017 = LINE('',#8018,#8019);
#8018 = CARTESIAN_POINT('',(8.333333333333,0.));
#8019 = VECTOR('',#8020,1.);
#8020 = DIRECTION('',(0.,-1.));
#8021 = ( GEOMETRIC_REPRESENTATION_CONTEXT(2) 
PARAMETRIC_REPRESENTATION_CONTEXT() REPRESENTATION_CONTEXT('2D SPACE',''
  ) );
#8022 = ORIENTED_EDGE('',*,*,#7955,.T.);
#8023 = ORIENTED_EDGE('',*,*,#2362,.T.);
#8024 = ORIENTED_EDGE('',*,*,#8025,.F.);
#8025 = EDGE_CURVE('',#7982,#2334,#8026,.T.);
#8026 = SURFACE_CURVE('',#8027,(#8032,#8039),.PCURVE_S1.);
#8027 = HYPERBOLA('',#8028,4.166666666667,4.166666666667);
#8028 = AXIS2_PLACEMENT_3D('',#8029,#8030,#8031);
#8029 = CARTESIAN_POINT('',(-2.083333333333,-3.608439182435,117.5));
#8030 = DIRECTION('',(0.5,0.866025403784,0.));
#8031 = DIRECTION('',(0.,-0.,-1.));
#8032 = PCURVE('',#2377,#8033);
#8033 = DEFINITIONAL_REPRESENTATION('',(#8034),#8038);
#8034 = ( BOUNDED_CURVE() B_SPLINE_CURVE(2,(#8035,#8036,#8037),
.UNSPECIFIED.,.F.,.F.) B_SPLINE_CURVE_WITH_KNOTS((3,3),(3.855639725068,
3.870766700287),.PIECEWISE_BEZIER_KNOTS.) CURVE() 
GEOMETRIC_REPRESENTATION_ITEM() RATIONAL_B_SPLINE_CURVE((1.,
1.000028603309,1.)) REPRESENTATION_ITEM('') );
#8035 = CARTESIAN_POINT('',(1.411833073513,-1.));
#8036 = CARTESIAN_POINT('',(2.156822397057,-1.744322486804));
#8037 = CARTESIAN_POINT('',(2.913156735682,-2.5));
#8038 = ( GEOMETRIC_REPRESENTATION_CONTEXT(2) 
PARAMETRIC_REPRESENTATION_CONTEXT() REPRESENTATION_CONTEXT('2D SPACE',''
  ) );
#8039 = PCURVE('',#2350,#8040);
#8040 = DEFINITIONAL_REPRESENTATION('',(#8041),#8048);
#8041 = B_SPLINE_CURVE_WITH_KNOTS('',5,(#8042,#8043,#8044,#8045,#8046,
    #8047),.UNSPECIFIED.,.F.,.F.,(6,6),(3.855639725068,3.870766700287),
  .PIECEWISE_BEZIER_KNOTS.);
#8042 = CARTESIAN_POINT('',(-2.660307688148,-1.5));
#8043 = CARTESIAN_POINT('',(-2.660179710354,-1.202265327971));
#8044 = CARTESIAN_POINT('',(-2.660052216107,-0.903403690948));
#8045 = CARTESIAN_POINT('',(-2.659925202973,-0.603409411496));
#8046 = CARTESIAN_POINT('',(-2.659798668541,-0.302276769196));
#8047 = CARTESIAN_POINT('',(-2.659672610414,1.42108547152E-14));
#8048 = ( GEOMETRIC_REPRESENTATION_CONTEXT(2) 
PARAMETRIC_REPRESENTATION_CONTEXT() REPRESENTATION_CONTEXT('2D SPACE',''
  ) );
#8049 = ADVANCED_FACE('',(#8050),#2350,.T.);
#8050 = FACE_BOUND('',#8051,.T.);
#8051 = EDGE_LOOP('',(#8052,#8053,#8054,#8081));
#8052 = ORIENTED_EDGE('',*,*,#8025,.T.);
#8053 = ORIENTED_EDGE('',*,*,#2333,.T.);
#8054 = ORIENTED_EDGE('',*,*,#8055,.F.);
#8055 = EDGE_CURVE('',#8056,#2308,#8058,.T.);
#8056 = VERTEX_POINT('',#8057);
#8057 = CARTESIAN_POINT('',(-91.05178940667,37.574215172686,19.));
#8058 = SURFACE_CURVE('',#8059,(#8064,#8074),.PCURVE_S1.);
#8059 = HYPERBOLA('',#8060,4.166666666667,4.166666666667);
#8060 = AXIS2_PLACEMENT_3D('',#8061,#8062,#8063);
#8061 = CARTESIAN_POINT('',(1.425083930524,3.915385919941,117.5));
#8062 = DIRECTION('',(0.342020143326,0.939692620786,0.));
#8063 = DIRECTION('',(0.,-0.,-1.));
#8064 = PCURVE('',#2350,#8065);
#8065 = DEFINITIONAL_REPRESENTATION('',(#8066),#8073);
#8066 = B_SPLINE_CURVE_WITH_KNOTS('',5,(#8067,#8068,#8069,#8070,#8071,
    #8072),.UNSPECIFIED.,.F.,.F.,(6,6),(3.855639725068,3.870766700287),
  .PIECEWISE_BEZIER_KNOTS.);
#8067 = CARTESIAN_POINT('',(-2.750212993034,-1.5));
#8068 = CARTESIAN_POINT('',(-2.750340970828,-1.202265327971));
#8069 = CARTESIAN_POINT('',(-2.750468465076,-0.903403690948));
#8070 = CARTESIAN_POINT('',(-2.750595478209,-0.603409411496));
#8071 = CARTESIAN_POINT('',(-2.750722012642,-0.302276769196));
#8072 = CARTESIAN_POINT('',(-2.750848070768,7.105427357601E-15));
#8073 = ( GEOMETRIC_REPRESENTATION_CONTEXT(2) 
PARAMETRIC_REPRESENTATION_CONTEXT() REPRESENTATION_CONTEXT('2D SPACE',''
  ) );
#8074 = PCURVE('',#2322,#8075);
#8075 = DEFINITIONAL_REPRESENTATION('',(#8076),#8080);
#8076 = ( BOUNDED_CURVE() B_SPLINE_CURVE(2,(#8077,#8078,#8079),
.UNSPECIFIED.,.F.,.F.) B_SPLINE_CURVE_WITH_KNOTS((3,3),(3.855639725068,
3.870766700287),.PIECEWISE_BEZIER_KNOTS.) CURVE() 
GEOMETRIC_REPRESENTATION_ITEM() RATIONAL_B_SPLINE_CURVE((1.,
1.000028603309,1.)) REPRESENTATION_ITEM('') );
#8077 = CARTESIAN_POINT('',(1.411833073513,-1.));
#8078 = CARTESIAN_POINT('',(2.156822397057,-1.744322486804));
#8079 = CARTESIAN_POINT('',(2.913156735682,-2.5));
#8080 = ( GEOMETRIC_REPRESENTATION_CONTEXT(2) 
PARAMETRIC_REPRESENTATION_CONTEXT() REPRESENTATION_CONTEXT('2D SPACE',''
  ) );
#8081 = ORIENTED_EDGE('',*,*,#8082,.F.);
#8082 = EDGE_CURVE('',#7982,#8056,#8083,.T.);
#8083 = SURFACE_CURVE('',#8084,(#8089,#8096),.PCURVE_S1.);
#8084 = CIRCLE('',#8085,98.5);
#8085 = AXIS2_PLACEMENT_3D('',#8086,#8087,#8088);
#8086 = CARTESIAN_POINT('',(0.,0.,19.));
#8087 = DIRECTION('',(0.,0.,1.));
#8088 = DIRECTION('',(1.,0.,-0.));
#8089 = PCURVE('',#2350,#8090);
#8090 = DEFINITIONAL_REPRESENTATION('',(#8091),#8095);
#8091 = LINE('',#8092,#8093);
#8092 = CARTESIAN_POINT('',(-0.,-1.5));
#8093 = VECTOR('',#8094,1.);
#8094 = DIRECTION('',(-1.,-0.));
#8095 = ( GEOMETRIC_REPRESENTATION_CONTEXT(2) 
PARAMETRIC_REPRESENTATION_CONTEXT() REPRESENTATION_CONTEXT('2D SPACE',''
  ) );
#8096 = PCURVE('',#4211,#8097);
#8097 = DEFINITIONAL_REPRESENTATION('',(#8098),#8102);
#8098 = CIRCLE('',#8099,98.5);
#8099 = AXIS2_PLACEMENT_2D('',#8100,#8101);
#8100 = CARTESIAN_POINT('',(0.,0.));
#8101 = DIRECTION('',(1.,0.));
#8102 = ( GEOMETRIC_REPRESENTATION_CONTEXT(2) 
PARAMETRIC_REPRESENTATION_CONTEXT() REPRESENTATION_CONTEXT('2D SPACE',''
  ) );
#8103 = ADVANCED_FACE('',(#8104),#2322,.F.);
#8104 = FACE_BOUND('',#8105,.F.);
#8105 = EDGE_LOOP('',(#8106,#8127,#8155,#8176,#8177));
#8106 = ORIENTED_EDGE('',*,*,#8107,.F.);
#8107 = EDGE_CURVE('',#8108,#8056,#8110,.T.);
#8108 = VERTEX_POINT('',#8109);
#8109 = CARTESIAN_POINT('',(-89.72510028571,37.091339822531,19.));
#8110 = SURFACE_CURVE('',#8111,(#8115,#8121),.PCURVE_S1.);
#8111 = LINE('',#8112,#8113);
#8112 = CARTESIAN_POINT('',(-44.15000817759,20.503362871236,19.));
#8113 = VECTOR('',#8114,1.);
#8114 = DIRECTION('',(-0.939692620786,0.342020143326,0.));
#8115 = PCURVE('',#2322,#8116);
#8116 = DEFINITIONAL_REPRESENTATION('',(#8117),#8120);
#8117 = B_SPLINE_CURVE_WITH_KNOTS('',1,(#8118,#8119),.UNSPECIFIED.,.F.,
  .F.,(2,2),(48.5,54.5),.PIECEWISE_BEZIER_KNOTS.);
#8118 = CARTESIAN_POINT('',(7.105427357601E-15,-1.));
#8119 = CARTESIAN_POINT('',(6.,-1.));
#8120 = ( GEOMETRIC_REPRESENTATION_CONTEXT(2) 
PARAMETRIC_REPRESENTATION_CONTEXT() REPRESENTATION_CONTEXT('2D SPACE',''
  ) );
#8121 = PCURVE('',#4211,#8122);
#8122 = DEFINITIONAL_REPRESENTATION('',(#8123),#8126);
#8123 = B_SPLINE_CURVE_WITH_KNOTS('',1,(#8124,#8125),.UNSPECIFIED.,.F.,
  .F.,(2,2),(48.5,54.5),.PIECEWISE_BEZIER_KNOTS.);
#8124 = CARTESIAN_POINT('',(-89.72510028571,37.091339822531));
#8125 = CARTESIAN_POINT('',(-95.36325601042,39.143460682485));
#8126 = ( GEOMETRIC_REPRESENTATION_CONTEXT(2) 
PARAMETRIC_REPRESENTATION_CONTEXT() REPRESENTATION_CONTEXT('2D SPACE',''
  ) );
#8127 = ORIENTED_EDGE('',*,*,#8128,.T.);
#8128 = EDGE_CURVE('',#8108,#8129,#8131,.T.);
#8129 = VERTEX_POINT('',#8130);
#8130 = CARTESIAN_POINT('',(-89.72510028571,37.091339822531,11.));
#8131 = SURFACE_CURVE('',#8132,(#8136,#8143),.PCURVE_S1.);
#8132 = LINE('',#8133,#8134);
#8133 = CARTESIAN_POINT('',(-89.72510028571,37.091339822531,20.));
#8134 = VECTOR('',#8135,1.);
#8135 = DIRECTION('',(-0.,-0.,-1.));
#8136 = PCURVE('',#2322,#8137);
#8137 = DEFINITIONAL_REPRESENTATION('',(#8138),#8142);
#8138 = LINE('',#8139,#8140);
#8139 = CARTESIAN_POINT('',(1.578403459417E-14,0.));
#8140 = VECTOR('',#8141,1.);
#8141 = DIRECTION('',(0.,-1.));
#8142 = ( GEOMETRIC_REPRESENTATION_CONTEXT(2) 
PARAMETRIC_REPRESENTATION_CONTEXT() REPRESENTATION_CONTEXT('2D SPACE',''
  ) );
#8143 = PCURVE('',#8144,#8149);
#8144 = PLANE('',#8145);
#8145 = AXIS2_PLACEMENT_3D('',#8146,#8147,#8148);
#8146 = CARTESIAN_POINT('',(-89.7251002857,37.091339822531,20.));
#8147 = DIRECTION('',(-0.939692620786,0.342020143326,0.));
#8148 = DIRECTION('',(-0.342020143326,-0.939692620786,0.));
#8149 = DEFINITIONAL_REPRESENTATION('',(#8150),#8154);
#8150 = LINE('',#8151,#8152);
#8151 = CARTESIAN_POINT('',(6.676917655468E-15,0.));
#8152 = VECTOR('',#8153,1.);
#8153 = DIRECTION('',(0.,-1.));
#8154 = ( GEOMETRIC_REPRESENTATION_CONTEXT(2) 
PARAMETRIC_REPRESENTATION_CONTEXT() REPRESENTATION_CONTEXT('2D SPACE',''
  ) );
#8155 = ORIENTED_EDGE('',*,*,#8156,.T.);
#8156 = EDGE_CURVE('',#8129,#2279,#8157,.T.);
#8157 = SURFACE_CURVE('',#8158,(#8162,#8169),.PCURVE_S1.);
#8158 = LINE('',#8159,#8160);
#8159 = CARTESIAN_POINT('',(-92.54417814806,38.117400252508,11.));
#8160 = VECTOR('',#8161,1.);
#8161 = DIRECTION('',(-0.939692620786,0.342020143326,0.));
#8162 = PCURVE('',#2322,#8163);
#8163 = DEFINITIONAL_REPRESENTATION('',(#8164),#8168);
#8164 = LINE('',#8165,#8166);
#8165 = CARTESIAN_POINT('',(3.,-9.));
#8166 = VECTOR('',#8167,1.);
#8167 = DIRECTION('',(1.,0.));
#8168 = ( GEOMETRIC_REPRESENTATION_CONTEXT(2) 
PARAMETRIC_REPRESENTATION_CONTEXT() REPRESENTATION_CONTEXT('2D SPACE',''
  ) );
#8169 = PCURVE('',#2295,#8170);
#8170 = DEFINITIONAL_REPRESENTATION('',(#8171),#8175);
#8171 = LINE('',#8172,#8173);
#8172 = CARTESIAN_POINT('',(0.,-4.166666666667));
#8173 = VECTOR('',#8174,1.);
#8174 = DIRECTION('',(1.,0.));
#8175 = ( GEOMETRIC_REPRESENTATION_CONTEXT(2) 
PARAMETRIC_REPRESENTATION_CONTEXT() REPRESENTATION_CONTEXT('2D SPACE',''
  ) );
#8176 = ORIENTED_EDGE('',*,*,#2307,.T.);
#8177 = ORIENTED_EDGE('',*,*,#8055,.F.);
#8178 = ADVANCED_FACE('',(#8179),#2295,.T.);
#8179 = FACE_BOUND('',#8180,.T.);
#8180 = EDGE_LOOP('',(#8181,#8204,#8205,#8206));
#8181 = ORIENTED_EDGE('',*,*,#8182,.F.);
#8182 = EDGE_CURVE('',#8129,#8183,#8185,.T.);
#8183 = VERTEX_POINT('',#8184);
#8184 = CARTESIAN_POINT('',(-92.57526814675,29.260567982649,11.));
#8185 = SURFACE_CURVE('',#8186,(#8190,#8197),.PCURVE_S1.);
#8186 = LINE('',#8187,#8188);
#8187 = CARTESIAN_POINT('',(-91.15018421623,33.17595390259,11.));
#8188 = VECTOR('',#8189,1.);
#8189 = DIRECTION('',(-0.342020143326,-0.939692620786,0.));
#8190 = PCURVE('',#2295,#8191);
#8191 = DEFINITIONAL_REPRESENTATION('',(#8192),#8196);
#8192 = LINE('',#8193,#8194);
#8193 = CARTESIAN_POINT('',(-3.,0.));
#8194 = VECTOR('',#8195,1.);
#8195 = DIRECTION('',(0.,1.));
#8196 = ( GEOMETRIC_REPRESENTATION_CONTEXT(2) 
PARAMETRIC_REPRESENTATION_CONTEXT() REPRESENTATION_CONTEXT('2D SPACE',''
  ) );
#8197 = PCURVE('',#8144,#8198);
#8198 = DEFINITIONAL_REPRESENTATION('',(#8199),#8203);
#8199 = LINE('',#8200,#8201);
#8200 = CARTESIAN_POINT('',(4.166666666667,-9.));
#8201 = VECTOR('',#8202,1.);
#8202 = DIRECTION('',(1.,0.));
#8203 = ( GEOMETRIC_REPRESENTATION_CONTEXT(2) 
PARAMETRIC_REPRESENTATION_CONTEXT() REPRESENTATION_CONTEXT('2D SPACE',''
  ) );
#8204 = ORIENTED_EDGE('',*,*,#8156,.T.);
#8205 = ORIENTED_EDGE('',*,*,#2278,.T.);
#8206 = ORIENTED_EDGE('',*,*,#8207,.F.);
#8207 = EDGE_CURVE('',#8183,#2253,#8208,.T.);
#8208 = SURFACE_CURVE('',#8209,(#8213,#8220),.PCURVE_S1.);
#8209 = LINE('',#8210,#8211);
#8210 = CARTESIAN_POINT('',(-95.39434600911,30.286628412626,11.));
#8211 = VECTOR('',#8212,1.);
#8212 = DIRECTION('',(-0.939692620786,0.342020143326,0.));
#8213 = PCURVE('',#2295,#8214);
#8214 = DEFINITIONAL_REPRESENTATION('',(#8215),#8219);
#8215 = LINE('',#8216,#8217);
#8216 = CARTESIAN_POINT('',(0.,4.166666666667));
#8217 = VECTOR('',#8218,1.);
#8218 = DIRECTION('',(1.,0.));
#8219 = ( GEOMETRIC_REPRESENTATION_CONTEXT(2) 
PARAMETRIC_REPRESENTATION_CONTEXT() REPRESENTATION_CONTEXT('2D SPACE',''
  ) );
#8220 = PCURVE('',#2267,#8221);
#8221 = DEFINITIONAL_REPRESENTATION('',(#8222),#8226);
#8222 = LINE('',#8223,#8224);
#8223 = CARTESIAN_POINT('',(3.,-9.));
#8224 = VECTOR('',#8225,1.);
#8225 = DIRECTION('',(1.,0.));
#8226 = ( GEOMETRIC_REPRESENTATION_CONTEXT(2) 
PARAMETRIC_REPRESENTATION_CONTEXT() REPRESENTATION_CONTEXT('2D SPACE',''
  ) );
#8227 = ADVANCED_FACE('',(#8228),#2267,.T.);
#8228 = FACE_BOUND('',#8229,.T.);
#8229 = EDGE_LOOP('',(#8230,#8253,#8274,#8275,#8276));
#8230 = ORIENTED_EDGE('',*,*,#8231,.F.);
#8231 = EDGE_CURVE('',#8232,#8234,#8236,.T.);
#8232 = VERTEX_POINT('',#8233);
#8233 = CARTESIAN_POINT('',(-92.57526814675,29.260567982649,19.));
#8234 = VERTEX_POINT('',#8235);
#8235 = CARTESIAN_POINT('',(-93.90195726771,29.743443332803,19.));
#8236 = SURFACE_CURVE('',#8237,(#8241,#8247),.PCURVE_S1.);
#8237 = LINE('',#8238,#8239);
#8238 = CARTESIAN_POINT('',(-47.00017603864,12.672591031354,19.));
#8239 = VECTOR('',#8240,1.);
#8240 = DIRECTION('',(-0.939692620786,0.342020143326,0.));
#8241 = PCURVE('',#2267,#8242);
#8242 = DEFINITIONAL_REPRESENTATION('',(#8243),#8246);
#8243 = B_SPLINE_CURVE_WITH_KNOTS('',1,(#8244,#8245),.UNSPECIFIED.,.F.,
  .F.,(2,2),(48.5,54.5),.PIECEWISE_BEZIER_KNOTS.);
#8244 = CARTESIAN_POINT('',(0.,-1.));
#8245 = CARTESIAN_POINT('',(6.,-1.));
#8246 = ( GEOMETRIC_REPRESENTATION_CONTEXT(2) 
PARAMETRIC_REPRESENTATION_CONTEXT() REPRESENTATION_CONTEXT('2D SPACE',''
  ) );
#8247 = PCURVE('',#4211,#8248);
#8248 = DEFINITIONAL_REPRESENTATION('',(#8249),#8252);
#8249 = B_SPLINE_CURVE_WITH_KNOTS('',1,(#8250,#8251),.UNSPECIFIED.,.F.,
  .F.,(2,2),(48.5,54.5),.PIECEWISE_BEZIER_KNOTS.);
#8250 = CARTESIAN_POINT('',(-92.57526814675,29.260567982649));
#8251 = CARTESIAN_POINT('',(-98.21342387147,31.312688842603));
#8252 = ( GEOMETRIC_REPRESENTATION_CONTEXT(2) 
PARAMETRIC_REPRESENTATION_CONTEXT() REPRESENTATION_CONTEXT('2D SPACE',''
  ) );
#8253 = ORIENTED_EDGE('',*,*,#8254,.T.);
#8254 = EDGE_CURVE('',#8232,#8183,#8255,.T.);
#8255 = SURFACE_CURVE('',#8256,(#8260,#8267),.PCURVE_S1.);
#8256 = LINE('',#8257,#8258);
#8257 = CARTESIAN_POINT('',(-92.57526814675,29.260567982649,20.));
#8258 = VECTOR('',#8259,1.);
#8259 = DIRECTION('',(-0.,-0.,-1.));
#8260 = PCURVE('',#2267,#8261);
#8261 = DEFINITIONAL_REPRESENTATION('',(#8262),#8266);
#8262 = LINE('',#8263,#8264);
#8263 = CARTESIAN_POINT('',(0.,0.));
#8264 = VECTOR('',#8265,1.);
#8265 = DIRECTION('',(0.,-1.));
#8266 = ( GEOMETRIC_REPRESENTATION_CONTEXT(2) 
PARAMETRIC_REPRESENTATION_CONTEXT() REPRESENTATION_CONTEXT('2D SPACE',''
  ) );
#8267 = PCURVE('',#8144,#8268);
#8268 = DEFINITIONAL_REPRESENTATION('',(#8269),#8273);
#8269 = LINE('',#8270,#8271);
#8270 = CARTESIAN_POINT('',(8.333333333333,0.));
#8271 = VECTOR('',#8272,1.);
#8272 = DIRECTION('',(0.,-1.));
#8273 = ( GEOMETRIC_REPRESENTATION_CONTEXT(2) 
PARAMETRIC_REPRESENTATION_CONTEXT() REPRESENTATION_CONTEXT('2D SPACE',''
  ) );
#8274 = ORIENTED_EDGE('',*,*,#8207,.T.);
#8275 = ORIENTED_EDGE('',*,*,#2252,.T.);
#8276 = ORIENTED_EDGE('',*,*,#8277,.F.);
#8277 = EDGE_CURVE('',#8234,#2224,#8278,.T.);
#8278 = SURFACE_CURVE('',#8279,(#8284,#8291),.PCURVE_S1.);
#8279 = HYPERBOLA('',#8280,4.166666666667,4.166666666667);
#8280 = AXIS2_PLACEMENT_3D('',#8281,#8282,#8283);
#8281 = CARTESIAN_POINT('',(-1.425083930524,-3.915385919941,117.5));
#8282 = DIRECTION('',(0.342020143326,0.939692620786,0.));
#8283 = DIRECTION('',(0.,-0.,-1.));
#8284 = PCURVE('',#2267,#8285);
#8285 = DEFINITIONAL_REPRESENTATION('',(#8286),#8290);
#8286 = ( BOUNDED_CURVE() B_SPLINE_CURVE(2,(#8287,#8288,#8289),
.UNSPECIFIED.,.F.,.F.) B_SPLINE_CURVE_WITH_KNOTS((3,3),(3.855639725068,
3.870766700287),.PIECEWISE_BEZIER_KNOTS.) CURVE() 
GEOMETRIC_REPRESENTATION_ITEM() RATIONAL_B_SPLINE_CURVE((1.,
1.000028603309,1.)) REPRESENTATION_ITEM('') );
#8287 = CARTESIAN_POINT('',(1.411833073512,-1.));
#8288 = CARTESIAN_POINT('',(2.156822397057,-1.744322486804));
#8289 = CARTESIAN_POINT('',(2.913156735682,-2.5));
#8290 = ( GEOMETRIC_REPRESENTATION_CONTEXT(2) 
PARAMETRIC_REPRESENTATION_CONTEXT() REPRESENTATION_CONTEXT('2D SPACE',''
  ) );
#8291 = PCURVE('',#2240,#8292);
#8292 = DEFINITIONAL_REPRESENTATION('',(#8293),#8300);
#8293 = B_SPLINE_CURVE_WITH_KNOTS('',5,(#8294,#8295,#8296,#8297,#8298,
    #8299),.UNSPECIFIED.,.F.,.F.,(6,6),(3.855639725068,3.870766700287),
  .PIECEWISE_BEZIER_KNOTS.);
#8294 = CARTESIAN_POINT('',(-2.834840613347,-1.5));
#8295 = CARTESIAN_POINT('',(-2.834712635554,-1.202265327971));
#8296 = CARTESIAN_POINT('',(-2.834585141306,-0.903403690948));
#8297 = CARTESIAN_POINT('',(-2.834458128173,-0.603409411496));
#8298 = CARTESIAN_POINT('',(-2.83433159374,-0.302276769196));
#8299 = CARTESIAN_POINT('',(-2.834205535614,-1.42108547152E-14));
#8300 = ( GEOMETRIC_REPRESENTATION_CONTEXT(2) 
PARAMETRIC_REPRESENTATION_CONTEXT() REPRESENTATION_CONTEXT('2D SPACE',''
  ) );
#8301 = ADVANCED_FACE('',(#8302),#2240,.T.);
#8302 = FACE_BOUND('',#8303,.T.);
#8303 = EDGE_LOOP('',(#8304,#8305,#8306,#8333));
#8304 = ORIENTED_EDGE('',*,*,#8277,.T.);
#8305 = ORIENTED_EDGE('',*,*,#2223,.T.);
#8306 = ORIENTED_EDGE('',*,*,#8307,.F.);
#8307 = EDGE_CURVE('',#8308,#2198,#8310,.T.);
#8308 = VERTEX_POINT('',#8309);
#8309 = CARTESIAN_POINT('',(-96.19320212532,21.192401111628,19.));
#8310 = SURFACE_CURVE('',#8311,(#8316,#8326),.PCURVE_S1.);
#8311 = HYPERBOLA('',#8312,4.166666666667,4.166666666667);
#8312 = AXIS2_PLACEMENT_3D('',#8313,#8314,#8315);
#8313 = CARTESIAN_POINT('',(0.723534073612,4.103365637551,117.5));
#8314 = DIRECTION('',(0.173648177667,0.984807753012,0.));
#8315 = DIRECTION('',(0.,-0.,-1.));
#8316 = PCURVE('',#2240,#8317);
#8317 = DEFINITIONAL_REPRESENTATION('',(#8318),#8325);
#8318 = B_SPLINE_CURVE_WITH_KNOTS('',5,(#8319,#8320,#8321,#8322,#8323,
    #8324),.UNSPECIFIED.,.F.,.F.,(6,6),(3.855639725068,3.870766700287),
  .PIECEWISE_BEZIER_KNOTS.);
#8319 = CARTESIAN_POINT('',(-2.924745918234,-1.5));
#8320 = CARTESIAN_POINT('',(-2.924873896028,-1.202265327971));
#8321 = CARTESIAN_POINT('',(-2.925001390275,-0.903403690949));
#8322 = CARTESIAN_POINT('',(-2.925128403409,-0.603409411496));
#8323 = CARTESIAN_POINT('',(-2.925254937841,-0.302276769196));
#8324 = CARTESIAN_POINT('',(-2.925380995968,2.84217094304E-14));
#8325 = ( GEOMETRIC_REPRESENTATION_CONTEXT(2) 
PARAMETRIC_REPRESENTATION_CONTEXT() REPRESENTATION_CONTEXT('2D SPACE',''
  ) );
#8326 = PCURVE('',#2212,#8327);
#8327 = DEFINITIONAL_REPRESENTATION('',(#8328),#8332);
#8328 = ( BOUNDED_CURVE() B_SPLINE_CURVE(2,(#8329,#8330,#8331),
.UNSPECIFIED.,.F.,.F.) B_SPLINE_CURVE_WITH_KNOTS((3,3),(3.855639725068,
3.870766700287),.PIECEWISE_BEZIER_KNOTS.) CURVE() 
GEOMETRIC_REPRESENTATION_ITEM() RATIONAL_B_SPLINE_CURVE((1.,
1.000028603309,1.)) REPRESENTATION_ITEM('') );
#8329 = CARTESIAN_POINT('',(1.411833073512,-1.));
#8330 = CARTESIAN_POINT('',(2.156822397057,-1.744322486804));
#8331 = CARTESIAN_POINT('',(2.913156735682,-2.5));
#8332 = ( GEOMETRIC_REPRESENTATION_CONTEXT(2) 
PARAMETRIC_REPRESENTATION_CONTEXT() REPRESENTATION_CONTEXT('2D SPACE',''
  ) );
#8333 = ORIENTED_EDGE('',*,*,#8334,.F.);
#8334 = EDGE_CURVE('',#8234,#8308,#8335,.T.);
#8335 = SURFACE_CURVE('',#8336,(#8341,#8348),.PCURVE_S1.);
#8336 = CIRCLE('',#8337,98.5);
#8337 = AXIS2_PLACEMENT_3D('',#8338,#8339,#8340);
#8338 = CARTESIAN_POINT('',(0.,0.,19.));
#8339 = DIRECTION('',(0.,0.,1.));
#8340 = DIRECTION('',(1.,0.,-0.));
#8341 = PCURVE('',#2240,#8342);
#8342 = DEFINITIONAL_REPRESENTATION('',(#8343),#8347);
#8343 = LINE('',#8344,#8345);
#8344 = CARTESIAN_POINT('',(-0.,-1.5));
#8345 = VECTOR('',#8346,1.);
#8346 = DIRECTION('',(-1.,-0.));
#8347 = ( GEOMETRIC_REPRESENTATION_CONTEXT(2) 
PARAMETRIC_REPRESENTATION_CONTEXT() REPRESENTATION_CONTEXT('2D SPACE',''
  ) );
#8348 = PCURVE('',#4211,#8349);
#8349 = DEFINITIONAL_REPRESENTATION('',(#8350),#8354);
#8350 = CIRCLE('',#8351,98.5);
#8351 = AXIS2_PLACEMENT_2D('',#8352,#8353);
#8352 = CARTESIAN_POINT('',(0.,0.));
#8353 = DIRECTION('',(1.,0.));
#8354 = ( GEOMETRIC_REPRESENTATION_CONTEXT(2) 
PARAMETRIC_REPRESENTATION_CONTEXT() REPRESENTATION_CONTEXT('2D SPACE',''
  ) );
#8355 = ADVANCED_FACE('',(#8356),#2212,.F.);
#8356 = FACE_BOUND('',#8357,.F.);
#8357 = EDGE_LOOP('',(#8358,#8379,#8407,#8428,#8429));
#8358 = ORIENTED_EDGE('',*,*,#8359,.F.);
#8359 = EDGE_CURVE('',#8360,#8308,#8362,.T.);
#8360 = VERTEX_POINT('',#8361);
#8361 = CARTESIAN_POINT('',(-94.80281796857,20.947238871243,19.));
#8362 = SURFACE_CURVE('',#8363,(#8367,#8373),.PCURVE_S1.);
#8363 = LINE('',#8364,#8365);
#8364 = CARTESIAN_POINT('',(-47.03964194748,12.525302254397,19.));
#8365 = VECTOR('',#8366,1.);
#8366 = DIRECTION('',(-0.984807753012,0.173648177667,0.));
#8367 = PCURVE('',#2212,#8368);
#8368 = DEFINITIONAL_REPRESENTATION('',(#8369),#8372);
#8369 = B_SPLINE_CURVE_WITH_KNOTS('',1,(#8370,#8371),.UNSPECIFIED.,.F.,
  .F.,(2,2),(48.5,52.254217023698),.PIECEWISE_BEZIER_KNOTS.);
#8370 = CARTESIAN_POINT('',(7.105427357601E-15,-1.));
#8371 = CARTESIAN_POINT('',(3.754217023698,-1.));
#8372 = ( GEOMETRIC_REPRESENTATION_CONTEXT(2) 
PARAMETRIC_REPRESENTATION_CONTEXT() REPRESENTATION_CONTEXT('2D SPACE',''
  ) );
#8373 = PCURVE('',#4211,#8374);
#8374 = DEFINITIONAL_REPRESENTATION('',(#8375),#8378);
#8375 = B_SPLINE_CURVE_WITH_KNOTS('',1,(#8376,#8377),.UNSPECIFIED.,.F.,
  .F.,(2,2),(48.5,52.254217023698),.PIECEWISE_BEZIER_KNOTS.);
#8376 = CARTESIAN_POINT('',(-94.80281796857,20.947238871243));
#8377 = CARTESIAN_POINT('',(-98.5,21.599151815974));
#8378 = ( GEOMETRIC_REPRESENTATION_CONTEXT(2) 
PARAMETRIC_REPRESENTATION_CONTEXT() REPRESENTATION_CONTEXT('2D SPACE',''
  ) );
#8379 = ORIENTED_EDGE('',*,*,#8380,.T.);
#8380 = EDGE_CURVE('',#8360,#8381,#8383,.T.);
#8381 = VERTEX_POINT('',#8382);
#8382 = CARTESIAN_POINT('',(-94.80281796857,20.947238871243,11.));
#8383 = SURFACE_CURVE('',#8384,(#8388,#8395),.PCURVE_S1.);
#8384 = LINE('',#8385,#8386);
#8385 = CARTESIAN_POINT('',(-94.80281796857,20.947238871243,20.));
#8386 = VECTOR('',#8387,1.);
#8387 = DIRECTION('',(-0.,-0.,-1.));
#8388 = PCURVE('',#2212,#8389);
#8389 = DEFINITIONAL_REPRESENTATION('',(#8390),#8394);
#8390 = LINE('',#8391,#8392);
#8391 = CARTESIAN_POINT('',(1.461188215656E-14,0.));
#8392 = VECTOR('',#8393,1.);
#8393 = DIRECTION('',(0.,-1.));
#8394 = ( GEOMETRIC_REPRESENTATION_CONTEXT(2) 
PARAMETRIC_REPRESENTATION_CONTEXT() REPRESENTATION_CONTEXT('2D SPACE',''
  ) );
#8395 = PCURVE('',#8396,#8401);
#8396 = PLANE('',#8397);
#8397 = AXIS2_PLACEMENT_3D('',#8398,#8399,#8400);
#8398 = CARTESIAN_POINT('',(-94.80281796857,20.947238871243,20.));
#8399 = DIRECTION('',(-0.984807753012,0.173648177667,0.));
#8400 = DIRECTION('',(-0.173648177667,-0.984807753012,0.));
#8401 = DEFINITIONAL_REPRESENTATION('',(#8402),#8406);
#8402 = LINE('',#8403,#8404);
#8403 = CARTESIAN_POINT('',(6.997479950231E-15,0.));
#8404 = VECTOR('',#8405,1.);
#8405 = DIRECTION('',(0.,-1.));
#8406 = ( GEOMETRIC_REPRESENTATION_CONTEXT(2) 
PARAMETRIC_REPRESENTATION_CONTEXT() REPRESENTATION_CONTEXT('2D SPACE',''
  ) );
#8407 = ORIENTED_EDGE('',*,*,#8408,.T.);
#8408 = EDGE_CURVE('',#8381,#2169,#8409,.T.);
#8409 = SURFACE_CURVE('',#8410,(#8414,#8421),.PCURVE_S1.);
#8410 = LINE('',#8411,#8412);
#8411 = CARTESIAN_POINT('',(-97.7572412276,21.468183404244,11.));
#8412 = VECTOR('',#8413,1.);
#8413 = DIRECTION('',(-0.984807753012,0.173648177667,0.));
#8414 = PCURVE('',#2212,#8415);
#8415 = DEFINITIONAL_REPRESENTATION('',(#8416),#8420);
#8416 = LINE('',#8417,#8418);
#8417 = CARTESIAN_POINT('',(3.,-9.));
#8418 = VECTOR('',#8419,1.);
#8419 = DIRECTION('',(1.,0.));
#8420 = ( GEOMETRIC_REPRESENTATION_CONTEXT(2) 
PARAMETRIC_REPRESENTATION_CONTEXT() REPRESENTATION_CONTEXT('2D SPACE',''
  ) );
#8421 = PCURVE('',#2185,#8422);
#8422 = DEFINITIONAL_REPRESENTATION('',(#8423),#8427);
#8423 = LINE('',#8424,#8425);
#8424 = CARTESIAN_POINT('',(0.,-4.166666666667));
#8425 = VECTOR('',#8426,1.);
#8426 = DIRECTION('',(1.,0.));
#8427 = ( GEOMETRIC_REPRESENTATION_CONTEXT(2) 
PARAMETRIC_REPRESENTATION_CONTEXT() REPRESENTATION_CONTEXT('2D SPACE',''
  ) );
#8428 = ORIENTED_EDGE('',*,*,#2197,.T.);
#8429 = ORIENTED_EDGE('',*,*,#8307,.F.);
#8430 = ADVANCED_FACE('',(#8431),#2185,.T.);
#8431 = FACE_BOUND('',#8432,.T.);
#8432 = EDGE_LOOP('',(#8433,#8456,#8457,#8458));
#8433 = ORIENTED_EDGE('',*,*,#8434,.F.);
#8434 = EDGE_CURVE('',#8381,#8435,#8437,.T.);
#8435 = VERTEX_POINT('',#8436);
#8436 = CARTESIAN_POINT('',(-96.24988611579,12.740507596141,11.));
#8437 = SURFACE_CURVE('',#8438,(#8442,#8449),.PCURVE_S1.);
#8438 = LINE('',#8439,#8440);
#8439 = CARTESIAN_POINT('',(-95.52635204218,16.843873233692,11.));
#8440 = VECTOR('',#8441,1.);
#8441 = DIRECTION('',(-0.173648177667,-0.984807753012,0.));
#8442 = PCURVE('',#2185,#8443);
#8443 = DEFINITIONAL_REPRESENTATION('',(#8444),#8448);
#8444 = LINE('',#8445,#8446);
#8445 = CARTESIAN_POINT('',(-3.,0.));
#8446 = VECTOR('',#8447,1.);
#8447 = DIRECTION('',(0.,1.));
#8448 = ( GEOMETRIC_REPRESENTATION_CONTEXT(2) 
PARAMETRIC_REPRESENTATION_CONTEXT() REPRESENTATION_CONTEXT('2D SPACE',''
  ) );
#8449 = PCURVE('',#8396,#8450);
#8450 = DEFINITIONAL_REPRESENTATION('',(#8451),#8455);
#8451 = LINE('',#8452,#8453);
#8452 = CARTESIAN_POINT('',(4.166666666667,-9.));
#8453 = VECTOR('',#8454,1.);
#8454 = DIRECTION('',(1.,0.));
#8455 = ( GEOMETRIC_REPRESENTATION_CONTEXT(2) 
PARAMETRIC_REPRESENTATION_CONTEXT() REPRESENTATION_CONTEXT('2D SPACE',''
  ) );
#8456 = ORIENTED_EDGE('',*,*,#8408,.T.);
#8457 = ORIENTED_EDGE('',*,*,#2168,.T.);
#8458 = ORIENTED_EDGE('',*,*,#8459,.F.);
#8459 = EDGE_CURVE('',#8435,#2143,#8460,.T.);
#8460 = SURFACE_CURVE('',#8461,(#8465,#8472),.PCURVE_S1.);
#8461 = LINE('',#8462,#8463);
#8462 = CARTESIAN_POINT('',(-99.20430937483,13.261452129142,11.));
#8463 = VECTOR('',#8464,1.);
#8464 = DIRECTION('',(-0.984807753012,0.173648177667,0.));
#8465 = PCURVE('',#2185,#8466);
#8466 = DEFINITIONAL_REPRESENTATION('',(#8467),#8471);
#8467 = LINE('',#8468,#8469);
#8468 = CARTESIAN_POINT('',(0.,4.166666666667));
#8469 = VECTOR('',#8470,1.);
#8470 = DIRECTION('',(1.,0.));
#8471 = ( GEOMETRIC_REPRESENTATION_CONTEXT(2) 
PARAMETRIC_REPRESENTATION_CONTEXT() REPRESENTATION_CONTEXT('2D SPACE',''
  ) );
#8472 = PCURVE('',#2157,#8473);
#8473 = DEFINITIONAL_REPRESENTATION('',(#8474),#8478);
#8474 = LINE('',#8475,#8476);
#8475 = CARTESIAN_POINT('',(3.,-9.));
#8476 = VECTOR('',#8477,1.);
#8477 = DIRECTION('',(1.,0.));
#8478 = ( GEOMETRIC_REPRESENTATION_CONTEXT(2) 
PARAMETRIC_REPRESENTATION_CONTEXT() REPRESENTATION_CONTEXT('2D SPACE',''
  ) );
#8479 = ADVANCED_FACE('',(#8480),#2157,.T.);
#8480 = FACE_BOUND('',#8481,.T.);
#8481 = EDGE_LOOP('',(#8482,#8505,#8526,#8527,#8528));
#8482 = ORIENTED_EDGE('',*,*,#8483,.F.);
#8483 = EDGE_CURVE('',#8484,#8486,#8488,.T.);
#8484 = VERTEX_POINT('',#8485);
#8485 = CARTESIAN_POINT('',(-96.24988611579,12.740507596141,19.));
#8486 = VERTEX_POINT('',#8487);
#8487 = CARTESIAN_POINT('',(-97.64027027255,12.985669836527,19.));
#8488 = SURFACE_CURVE('',#8489,(#8493,#8499),.PCURVE_S1.);
#8489 = LINE('',#8490,#8491);
#8490 = CARTESIAN_POINT('',(-48.4867100947,4.318570979295,19.));
#8491 = VECTOR('',#8492,1.);
#8492 = DIRECTION('',(-0.984807753012,0.173648177667,0.));
#8493 = PCURVE('',#2157,#8494);
#8494 = DEFINITIONAL_REPRESENTATION('',(#8495),#8498);
#8495 = B_SPLINE_CURVE_WITH_KNOTS('',1,(#8496,#8497),.UNSPECIFIED.,.F.,
  .F.,(2,2),(48.5,50.784825517794),.PIECEWISE_BEZIER_KNOTS.);
#8496 = CARTESIAN_POINT('',(0.,-1.));
#8497 = CARTESIAN_POINT('',(2.284825517794,-1.));
#8498 = ( GEOMETRIC_REPRESENTATION_CONTEXT(2) 
PARAMETRIC_REPRESENTATION_CONTEXT() REPRESENTATION_CONTEXT('2D SPACE',''
  ) );
#8499 = PCURVE('',#4211,#8500);
#8500 = DEFINITIONAL_REPRESENTATION('',(#8501),#8504);
#8501 = B_SPLINE_CURVE_WITH_KNOTS('',1,(#8502,#8503),.UNSPECIFIED.,.F.,
  .F.,(2,2),(48.5,50.784825517794),.PIECEWISE_BEZIER_KNOTS.);
#8502 = CARTESIAN_POINT('',(-96.24988611579,12.740507596141));
#8503 = CARTESIAN_POINT('',(-98.5,13.137263383593));
#8504 = ( GEOMETRIC_REPRESENTATION_CONTEXT(2) 
PARAMETRIC_REPRESENTATION_CONTEXT() REPRESENTATION_CONTEXT('2D SPACE',''
  ) );
#8505 = ORIENTED_EDGE('',*,*,#8506,.T.);
#8506 = EDGE_CURVE('',#8484,#8435,#8507,.T.);
#8507 = SURFACE_CURVE('',#8508,(#8512,#8519),.PCURVE_S1.);
#8508 = LINE('',#8509,#8510);
#8509 = CARTESIAN_POINT('',(-96.24988611579,12.740507596141,20.));
#8510 = VECTOR('',#8511,1.);
#8511 = DIRECTION('',(-0.,-0.,-1.));
#8512 = PCURVE('',#2157,#8513);
#8513 = DEFINITIONAL_REPRESENTATION('',(#8514),#8518);
#8514 = LINE('',#8515,#8516);
#8515 = CARTESIAN_POINT('',(0.,0.));
#8516 = VECTOR('',#8517,1.);
#8517 = DIRECTION('',(0.,-1.));
#8518 = ( GEOMETRIC_REPRESENTATION_CONTEXT(2) 
PARAMETRIC_REPRESENTATION_CONTEXT() REPRESENTATION_CONTEXT('2D SPACE',''
  ) );
#8519 = PCURVE('',#8396,#8520);
#8520 = DEFINITIONAL_REPRESENTATION('',(#8521),#8525);
#8521 = LINE('',#8522,#8523);
#8522 = CARTESIAN_POINT('',(8.333333333333,0.));
#8523 = VECTOR('',#8524,1.);
#8524 = DIRECTION('',(0.,-1.));
#8525 = ( GEOMETRIC_REPRESENTATION_CONTEXT(2) 
PARAMETRIC_REPRESENTATION_CONTEXT() REPRESENTATION_CONTEXT('2D SPACE',''
  ) );
#8526 = ORIENTED_EDGE('',*,*,#8459,.T.);
#8527 = ORIENTED_EDGE('',*,*,#2142,.T.);
#8528 = ORIENTED_EDGE('',*,*,#8529,.F.);
#8529 = EDGE_CURVE('',#8486,#2114,#8530,.T.);
#8530 = SURFACE_CURVE('',#8531,(#8536,#8543),.PCURVE_S1.);
#8531 = HYPERBOLA('',#8532,4.166666666667,4.166666666667);
#8532 = AXIS2_PLACEMENT_3D('',#8533,#8534,#8535);
#8533 = CARTESIAN_POINT('',(-0.723534073612,-4.103365637551,117.5));
#8534 = DIRECTION('',(0.173648177667,0.984807753012,0.));
#8535 = DIRECTION('',(0.,-0.,-1.));
#8536 = PCURVE('',#2157,#8537);
#8537 = DEFINITIONAL_REPRESENTATION('',(#8538),#8542);
#8538 = ( BOUNDED_CURVE() B_SPLINE_CURVE(2,(#8539,#8540,#8541),
.UNSPECIFIED.,.F.,.F.) B_SPLINE_CURVE_WITH_KNOTS((3,3),(3.855639725068,
3.870766700287),.PIECEWISE_BEZIER_KNOTS.) CURVE() 
GEOMETRIC_REPRESENTATION_ITEM() RATIONAL_B_SPLINE_CURVE((1.,
1.000028603309,1.)) REPRESENTATION_ITEM('') );
#8539 = CARTESIAN_POINT('',(1.411833073512,-1.));
#8540 = CARTESIAN_POINT('',(2.156822397057,-1.744322486804));
#8541 = CARTESIAN_POINT('',(2.913156735682,-2.5));
#8542 = ( GEOMETRIC_REPRESENTATION_CONTEXT(2) 
PARAMETRIC_REPRESENTATION_CONTEXT() REPRESENTATION_CONTEXT('2D SPACE',''
  ) );
#8543 = PCURVE('',#2130,#8544);
#8544 = DEFINITIONAL_REPRESENTATION('',(#8545),#8552);
#8545 = B_SPLINE_CURVE_WITH_KNOTS('',5,(#8546,#8547,#8548,#8549,#8550,
    #8551),.UNSPECIFIED.,.F.,.F.,(6,6),(3.855639725068,3.870766700287),
  .PIECEWISE_BEZIER_KNOTS.);
#8546 = CARTESIAN_POINT('',(-3.009373538547,-1.5));
#8547 = CARTESIAN_POINT('',(-3.009245560753,-1.202265327971));
#8548 = CARTESIAN_POINT('',(-3.009118066505,-0.903403690948));
#8549 = CARTESIAN_POINT('',(-3.008991053372,-0.603409411496));
#8550 = CARTESIAN_POINT('',(-3.00886451894,-0.302276769196));
#8551 = CARTESIAN_POINT('',(-3.008738460813,-7.105427357601E-15));
#8552 = ( GEOMETRIC_REPRESENTATION_CONTEXT(2) 
PARAMETRIC_REPRESENTATION_CONTEXT() REPRESENTATION_CONTEXT('2D SPACE',''
  ) );
#8553 = ADVANCED_FACE('',(#8554),#2130,.T.);
#8554 = FACE_BOUND('',#8555,.T.);
#8555 = EDGE_LOOP('',(#8556,#8557,#8558,#8585));
#8556 = ORIENTED_EDGE('',*,*,#8529,.T.);
#8557 = ORIENTED_EDGE('',*,*,#2113,.T.);
#8558 = ORIENTED_EDGE('',*,*,#8559,.F.);
#8559 = EDGE_CURVE('',#8560,#2088,#8562,.T.);
#8560 = VERTEX_POINT('',#8561);
#8561 = CARTESIAN_POINT('',(-98.41183307351,4.166666666667,19.));
#8562 = SURFACE_CURVE('',#8563,(#8568,#8578),.PCURVE_S1.);
#8563 = HYPERBOLA('',#8564,4.166666666667,4.166666666667);
#8564 = AXIS2_PLACEMENT_3D('',#8565,#8566,#8567);
#8565 = CARTESIAN_POINT('',(5.102694996447E-16,4.166666666667,117.5));
#8566 = DIRECTION('',(1.224646799147E-16,1.,0.));
#8567 = DIRECTION('',(0.,-0.,-1.));
#8568 = PCURVE('',#2130,#8569);
#8569 = DEFINITIONAL_REPRESENTATION('',(#8570),#8577);
#8570 = B_SPLINE_CURVE_WITH_KNOTS('',5,(#8571,#8572,#8573,#8574,#8575,
    #8576),.UNSPECIFIED.,.F.,.F.,(6,6),(3.855639725068,3.870766700287),
  .PIECEWISE_BEZIER_KNOTS.);
#8571 = CARTESIAN_POINT('',(-3.099278843433,-1.5));
#8572 = CARTESIAN_POINT('',(-3.099406821227,-1.202265327971));
#8573 = CARTESIAN_POINT('',(-3.099534315475,-0.903403690948));
#8574 = CARTESIAN_POINT('',(-3.099661328608,-0.603409411496));
#8575 = CARTESIAN_POINT('',(-3.09978786304,-0.302276769196));
#8576 = CARTESIAN_POINT('',(-3.099913921167,-2.13162820728E-14));
#8577 = ( GEOMETRIC_REPRESENTATION_CONTEXT(2) 
PARAMETRIC_REPRESENTATION_CONTEXT() REPRESENTATION_CONTEXT('2D SPACE',''
  ) );
#8578 = PCURVE('',#2102,#8579);
#8579 = DEFINITIONAL_REPRESENTATION('',(#8580),#8584);
#8580 = ( BOUNDED_CURVE() B_SPLINE_CURVE(2,(#8581,#8582,#8583),
.UNSPECIFIED.,.F.,.F.) B_SPLINE_CURVE_WITH_KNOTS((3,3),(3.855639725068,
3.870766700287),.PIECEWISE_BEZIER_KNOTS.) CURVE() 
GEOMETRIC_REPRESENTATION_ITEM() RATIONAL_B_SPLINE_CURVE((1.,
1.000028603309,1.)) REPRESENTATION_ITEM('') );
#8581 = CARTESIAN_POINT('',(1.411833073513,-1.));
#8582 = CARTESIAN_POINT('',(2.156822397057,-1.744322486804));
#8583 = CARTESIAN_POINT('',(2.913156735682,-2.5));
#8584 = ( GEOMETRIC_REPRESENTATION_CONTEXT(2) 
PARAMETRIC_REPRESENTATION_CONTEXT() REPRESENTATION_CONTEXT('2D SPACE',''
  ) );
#8585 = ORIENTED_EDGE('',*,*,#8586,.F.);
#8586 = EDGE_CURVE('',#8486,#8560,#8587,.T.);
#8587 = SURFACE_CURVE('',#8588,(#8593,#8600),.PCURVE_S1.);
#8588 = CIRCLE('',#8589,98.5);
#8589 = AXIS2_PLACEMENT_3D('',#8590,#8591,#8592);
#8590 = CARTESIAN_POINT('',(0.,0.,19.));
#8591 = DIRECTION('',(0.,0.,1.));
#8592 = DIRECTION('',(1.,0.,-0.));
#8593 = PCURVE('',#2130,#8594);
#8594 = DEFINITIONAL_REPRESENTATION('',(#8595),#8599);
#8595 = LINE('',#8596,#8597);
#8596 = CARTESIAN_POINT('',(-0.,-1.5));
#8597 = VECTOR('',#8598,1.);
#8598 = DIRECTION('',(-1.,-0.));
#8599 = ( GEOMETRIC_REPRESENTATION_CONTEXT(2) 
PARAMETRIC_REPRESENTATION_CONTEXT() REPRESENTATION_CONTEXT('2D SPACE',''
  ) );
#8600 = PCURVE('',#4211,#8601);
#8601 = DEFINITIONAL_REPRESENTATION('',(#8602),#8606);
#8602 = CIRCLE('',#8603,98.5);
#8603 = AXIS2_PLACEMENT_2D('',#8604,#8605);
#8604 = CARTESIAN_POINT('',(0.,0.));
#8605 = DIRECTION('',(1.,0.));
#8606 = ( GEOMETRIC_REPRESENTATION_CONTEXT(2) 
PARAMETRIC_REPRESENTATION_CONTEXT() REPRESENTATION_CONTEXT('2D SPACE',''
  ) );
#8607 = ADVANCED_FACE('',(#8608),#2102,.F.);
#8608 = FACE_BOUND('',#8609,.F.);
#8609 = EDGE_LOOP('',(#8610,#8631,#8659,#8680,#8681));
#8610 = ORIENTED_EDGE('',*,*,#8611,.F.);
#8611 = EDGE_CURVE('',#8612,#8560,#8614,.T.);
#8612 = VERTEX_POINT('',#8613);
#8613 = CARTESIAN_POINT('',(-97.,4.166666666667,19.));
#8614 = SURFACE_CURVE('',#8615,(#8619,#8625),.PCURVE_S1.);
#8615 = LINE('',#8616,#8617);
#8616 = CARTESIAN_POINT('',(-48.5,4.166666666667,19.));
#8617 = VECTOR('',#8618,1.);
#8618 = DIRECTION('',(-1.,1.224646799147E-16,0.));
#8619 = PCURVE('',#2102,#8620);
#8620 = DEFINITIONAL_REPRESENTATION('',(#8621),#8624);
#8621 = B_SPLINE_CURVE_WITH_KNOTS('',1,(#8622,#8623),.UNSPECIFIED.,.F.,
  .F.,(2,2),(48.5,50.),.PIECEWISE_BEZIER_KNOTS.);
#8622 = CARTESIAN_POINT('',(0.,-1.));
#8623 = CARTESIAN_POINT('',(1.5,-1.));
#8624 = ( GEOMETRIC_REPRESENTATION_CONTEXT(2) 
PARAMETRIC_REPRESENTATION_CONTEXT() REPRESENTATION_CONTEXT('2D SPACE',''
  ) );
#8625 = PCURVE('',#4211,#8626);
#8626 = DEFINITIONAL_REPRESENTATION('',(#8627),#8630);
#8627 = B_SPLINE_CURVE_WITH_KNOTS('',1,(#8628,#8629),.UNSPECIFIED.,.F.,
  .F.,(2,2),(48.5,50.),.PIECEWISE_BEZIER_KNOTS.);
#8628 = CARTESIAN_POINT('',(-97.,4.166666666667));
#8629 = CARTESIAN_POINT('',(-98.5,4.166666666667));
#8630 = ( GEOMETRIC_REPRESENTATION_CONTEXT(2) 
PARAMETRIC_REPRESENTATION_CONTEXT() REPRESENTATION_CONTEXT('2D SPACE',''
  ) );
#8631 = ORIENTED_EDGE('',*,*,#8632,.T.);
#8632 = EDGE_CURVE('',#8612,#8633,#8635,.T.);
#8633 = VERTEX_POINT('',#8634);
#8634 = CARTESIAN_POINT('',(-97.,4.166666666667,11.));
#8635 = SURFACE_CURVE('',#8636,(#8640,#8647),.PCURVE_S1.);
#8636 = LINE('',#8637,#8638);
#8637 = CARTESIAN_POINT('',(-97.,4.166666666667,20.));
#8638 = VECTOR('',#8639,1.);
#8639 = DIRECTION('',(-0.,-0.,-1.));
#8640 = PCURVE('',#2102,#8641);
#8641 = DEFINITIONAL_REPRESENTATION('',(#8642),#8646);
#8642 = LINE('',#8643,#8644);
#8643 = CARTESIAN_POINT('',(0.,0.));
#8644 = VECTOR('',#8645,1.);
#8645 = DIRECTION('',(0.,-1.));
#8646 = ( GEOMETRIC_REPRESENTATION_CONTEXT(2) 
PARAMETRIC_REPRESENTATION_CONTEXT() REPRESENTATION_CONTEXT('2D SPACE',''
  ) );
#8647 = PCURVE('',#8648,#8653);
#8648 = PLANE('',#8649);
#8649 = AXIS2_PLACEMENT_3D('',#8650,#8651,#8652);
#8650 = CARTESIAN_POINT('',(-97.,4.166666666667,20.));
#8651 = DIRECTION('',(-1.,1.224646799147E-16,0.));
#8652 = DIRECTION('',(-1.224646799147E-16,-1.,0.));
#8653 = DEFINITIONAL_REPRESENTATION('',(#8654),#8658);
#8654 = LINE('',#8655,#8656);
#8655 = CARTESIAN_POINT('',(-8.881784197001E-16,0.));
#8656 = VECTOR('',#8657,1.);
#8657 = DIRECTION('',(0.,-1.));
#8658 = ( GEOMETRIC_REPRESENTATION_CONTEXT(2) 
PARAMETRIC_REPRESENTATION_CONTEXT() REPRESENTATION_CONTEXT('2D SPACE',''
  ) );
#8659 = ORIENTED_EDGE('',*,*,#8660,.T.);
#8660 = EDGE_CURVE('',#8633,#2059,#8661,.T.);
#8661 = SURFACE_CURVE('',#8662,(#8666,#8673),.PCURVE_S1.);
#8662 = LINE('',#8663,#8664);
#8663 = CARTESIAN_POINT('',(-100.,4.166666666667,11.));
#8664 = VECTOR('',#8665,1.);
#8665 = DIRECTION('',(-1.,1.224646799147E-16,0.));
#8666 = PCURVE('',#2102,#8667);
#8667 = DEFINITIONAL_REPRESENTATION('',(#8668),#8672);
#8668 = LINE('',#8669,#8670);
#8669 = CARTESIAN_POINT('',(3.,-9.));
#8670 = VECTOR('',#8671,1.);
#8671 = DIRECTION('',(1.,0.));
#8672 = ( GEOMETRIC_REPRESENTATION_CONTEXT(2) 
PARAMETRIC_REPRESENTATION_CONTEXT() REPRESENTATION_CONTEXT('2D SPACE',''
  ) );
#8673 = PCURVE('',#2075,#8674);
#8674 = DEFINITIONAL_REPRESENTATION('',(#8675),#8679);
#8675 = LINE('',#8676,#8677);
#8676 = CARTESIAN_POINT('',(0.,-4.166666666667));
#8677 = VECTOR('',#8678,1.);
#8678 = DIRECTION('',(1.,0.));
#8679 = ( GEOMETRIC_REPRESENTATION_CONTEXT(2) 
PARAMETRIC_REPRESENTATION_CONTEXT() REPRESENTATION_CONTEXT('2D SPACE',''
  ) );
#8680 = ORIENTED_EDGE('',*,*,#2087,.T.);
#8681 = ORIENTED_EDGE('',*,*,#8559,.F.);
#8682 = ADVANCED_FACE('',(#8683),#2075,.T.);
#8683 = FACE_BOUND('',#8684,.T.);
#8684 = EDGE_LOOP('',(#8685,#8708,#8709,#8710));
#8685 = ORIENTED_EDGE('',*,*,#8686,.F.);
#8686 = EDGE_CURVE('',#8633,#8687,#8689,.T.);
#8687 = VERTEX_POINT('',#8688);
#8688 = CARTESIAN_POINT('',(-97.,-4.166666666667,11.));
#8689 = SURFACE_CURVE('',#8690,(#8694,#8701),.PCURVE_S1.);
#8690 = LINE('',#8691,#8692);
#8691 = CARTESIAN_POINT('',(-97.,1.187907395173E-14,11.));
#8692 = VECTOR('',#8693,1.);
#8693 = DIRECTION('',(-1.224646799147E-16,-1.,0.));
#8694 = PCURVE('',#2075,#8695);
#8695 = DEFINITIONAL_REPRESENTATION('',(#8696),#8700);
#8696 = LINE('',#8697,#8698);
#8697 = CARTESIAN_POINT('',(-3.,0.));
#8698 = VECTOR('',#8699,1.);
#8699 = DIRECTION('',(0.,1.));
#8700 = ( GEOMETRIC_REPRESENTATION_CONTEXT(2) 
PARAMETRIC_REPRESENTATION_CONTEXT() REPRESENTATION_CONTEXT('2D SPACE',''
  ) );
#8701 = PCURVE('',#8648,#8702);
#8702 = DEFINITIONAL_REPRESENTATION('',(#8703),#8707);
#8703 = LINE('',#8704,#8705);
#8704 = CARTESIAN_POINT('',(4.166666666667,-9.));
#8705 = VECTOR('',#8706,1.);
#8706 = DIRECTION('',(1.,0.));
#8707 = ( GEOMETRIC_REPRESENTATION_CONTEXT(2) 
PARAMETRIC_REPRESENTATION_CONTEXT() REPRESENTATION_CONTEXT('2D SPACE',''
  ) );
#8708 = ORIENTED_EDGE('',*,*,#8660,.T.);
#8709 = ORIENTED_EDGE('',*,*,#2058,.T.);
#8710 = ORIENTED_EDGE('',*,*,#8711,.F.);
#8711 = EDGE_CURVE('',#8687,#2033,#8712,.T.);
#8712 = SURFACE_CURVE('',#8713,(#8717,#8724),.PCURVE_S1.);
#8713 = LINE('',#8714,#8715);
#8714 = CARTESIAN_POINT('',(-100.,-4.166666666667,11.));
#8715 = VECTOR('',#8716,1.);
#8716 = DIRECTION('',(-1.,1.224646799147E-16,0.));
#8717 = PCURVE('',#2075,#8718);
#8718 = DEFINITIONAL_REPRESENTATION('',(#8719),#8723);
#8719 = LINE('',#8720,#8721);
#8720 = CARTESIAN_POINT('',(0.,4.166666666667));
#8721 = VECTOR('',#8722,1.);
#8722 = DIRECTION('',(1.,0.));
#8723 = ( GEOMETRIC_REPRESENTATION_CONTEXT(2) 
PARAMETRIC_REPRESENTATION_CONTEXT() REPRESENTATION_CONTEXT('2D SPACE',''
  ) );
#8724 = PCURVE('',#2047,#8725);
#8725 = DEFINITIONAL_REPRESENTATION('',(#8726),#8730);
#8726 = LINE('',#8727,#8728);
#8727 = CARTESIAN_POINT('',(3.,-9.));
#8728 = VECTOR('',#8729,1.);
#8729 = DIRECTION('',(1.,0.));
#8730 = ( GEOMETRIC_REPRESENTATION_CONTEXT(2) 
PARAMETRIC_REPRESENTATION_CONTEXT() REPRESENTATION_CONTEXT('2D SPACE',''
  ) );
#8731 = ADVANCED_FACE('',(#8732),#2047,.T.);
#8732 = FACE_BOUND('',#8733,.T.);
#8733 = EDGE_LOOP('',(#8734,#8757,#8778,#8779,#8780));
#8734 = ORIENTED_EDGE('',*,*,#8735,.F.);
#8735 = EDGE_CURVE('',#8736,#8738,#8740,.T.);
#8736 = VERTEX_POINT('',#8737);
#8737 = CARTESIAN_POINT('',(-97.,-4.166666666667,19.));
#8738 = VERTEX_POINT('',#8739);
#8739 = CARTESIAN_POINT('',(-98.41183307351,-4.166666666667,19.));
#8740 = SURFACE_CURVE('',#8741,(#8745,#8751),.PCURVE_S1.);
#8741 = LINE('',#8742,#8743);
#8742 = CARTESIAN_POINT('',(-48.5,-4.166666666667,19.));
#8743 = VECTOR('',#8744,1.);
#8744 = DIRECTION('',(-1.,1.224646799147E-16,0.));
#8745 = PCURVE('',#2047,#8746);
#8746 = DEFINITIONAL_REPRESENTATION('',(#8747),#8750);
#8747 = B_SPLINE_CURVE_WITH_KNOTS('',1,(#8748,#8749),.UNSPECIFIED.,.F.,
  .F.,(2,2),(48.5,50.),.PIECEWISE_BEZIER_KNOTS.);
#8748 = CARTESIAN_POINT('',(0.,-1.));
#8749 = CARTESIAN_POINT('',(1.5,-1.));
#8750 = ( GEOMETRIC_REPRESENTATION_CONTEXT(2) 
PARAMETRIC_REPRESENTATION_CONTEXT() REPRESENTATION_CONTEXT('2D SPACE',''
  ) );
#8751 = PCURVE('',#4211,#8752);
#8752 = DEFINITIONAL_REPRESENTATION('',(#8753),#8756);
#8753 = B_SPLINE_CURVE_WITH_KNOTS('',1,(#8754,#8755),.UNSPECIFIED.,.F.,
  .F.,(2,2),(48.5,50.),.PIECEWISE_BEZIER_KNOTS.);
#8754 = CARTESIAN_POINT('',(-97.,-4.166666666667));
#8755 = CARTESIAN_POINT('',(-98.5,-4.166666666667));
#8756 = ( GEOMETRIC_REPRESENTATION_CONTEXT(2) 
PARAMETRIC_REPRESENTATION_CONTEXT() REPRESENTATION_CONTEXT('2D SPACE',''
  ) );
#8757 = ORIENTED_EDGE('',*,*,#8758,.T.);
#8758 = EDGE_CURVE('',#8736,#8687,#8759,.T.);
#8759 = SURFACE_CURVE('',#8760,(#8764,#8771),.PCURVE_S1.);
#8760 = LINE('',#8761,#8762);
#8761 = CARTESIAN_POINT('',(-97.,-4.166666666667,20.));
#8762 = VECTOR('',#8763,1.);
#8763 = DIRECTION('',(-0.,-0.,-1.));
#8764 = PCURVE('',#2047,#8765);
#8765 = DEFINITIONAL_REPRESENTATION('',(#8766),#8770);
#8766 = LINE('',#8767,#8768);
#8767 = CARTESIAN_POINT('',(0.,0.));
#8768 = VECTOR('',#8769,1.);
#8769 = DIRECTION('',(0.,-1.));
#8770 = ( GEOMETRIC_REPRESENTATION_CONTEXT(2) 
PARAMETRIC_REPRESENTATION_CONTEXT() REPRESENTATION_CONTEXT('2D SPACE',''
  ) );
#8771 = PCURVE('',#8648,#8772);
#8772 = DEFINITIONAL_REPRESENTATION('',(#8773),#8777);
#8773 = LINE('',#8774,#8775);
#8774 = CARTESIAN_POINT('',(8.333333333333,0.));
#8775 = VECTOR('',#8776,1.);
#8776 = DIRECTION('',(0.,-1.));
#8777 = ( GEOMETRIC_REPRESENTATION_CONTEXT(2) 
PARAMETRIC_REPRESENTATION_CONTEXT() REPRESENTATION_CONTEXT('2D SPACE',''
  ) );
#8778 = ORIENTED_EDGE('',*,*,#8711,.T.);
#8779 = ORIENTED_EDGE('',*,*,#2032,.T.);
#8780 = ORIENTED_EDGE('',*,*,#8781,.F.);
#8781 = EDGE_CURVE('',#8738,#2004,#8782,.T.);
#8782 = SURFACE_CURVE('',#8783,(#8788,#8795),.PCURVE_S1.);
#8783 = HYPERBOLA('',#8784,4.166666666667,4.166666666667);
#8784 = AXIS2_PLACEMENT_3D('',#8785,#8786,#8787);
#8785 = CARTESIAN_POINT('',(-5.102694996447E-16,-4.166666666667,117.5));
#8786 = DIRECTION('',(1.224646799147E-16,1.,0.));
#8787 = DIRECTION('',(0.,-0.,-1.));
#8788 = PCURVE('',#2047,#8789);
#8789 = DEFINITIONAL_REPRESENTATION('',(#8790),#8794);
#8790 = ( BOUNDED_CURVE() B_SPLINE_CURVE(2,(#8791,#8792,#8793),
.UNSPECIFIED.,.F.,.F.) B_SPLINE_CURVE_WITH_KNOTS((3,3),(3.855639725068,
3.870766700287),.PIECEWISE_BEZIER_KNOTS.) CURVE() 
GEOMETRIC_REPRESENTATION_ITEM() RATIONAL_B_SPLINE_CURVE((1.,
1.000028603309,1.)) REPRESENTATION_ITEM('') );
#8791 = CARTESIAN_POINT('',(1.411833073513,-1.));
#8792 = CARTESIAN_POINT('',(2.156822397057,-1.744322486804));
#8793 = CARTESIAN_POINT('',(2.913156735682,-2.5));
#8794 = ( GEOMETRIC_REPRESENTATION_CONTEXT(2) 
PARAMETRIC_REPRESENTATION_CONTEXT() REPRESENTATION_CONTEXT('2D SPACE',''
  ) );
#8795 = PCURVE('',#2020,#8796);
#8796 = DEFINITIONAL_REPRESENTATION('',(#8797),#8804);
#8797 = B_SPLINE_CURVE_WITH_KNOTS('',5,(#8798,#8799,#8800,#8801,#8802,
    #8803),.UNSPECIFIED.,.F.,.F.,(6,6),(3.855639725068,3.870766700287),
  .PIECEWISE_BEZIER_KNOTS.);
#8798 = CARTESIAN_POINT('',(-3.183906463746,-1.5));
#8799 = CARTESIAN_POINT('',(-3.183778485953,-1.202265327971));
#8800 = CARTESIAN_POINT('',(-3.183650991705,-0.903403690949));
#8801 = CARTESIAN_POINT('',(-3.183523978572,-0.603409411496));
#8802 = CARTESIAN_POINT('',(-3.183397444139,-0.302276769196));
#8803 = CARTESIAN_POINT('',(-3.183271386012,3.552713678801E-14));
#8804 = ( GEOMETRIC_REPRESENTATION_CONTEXT(2) 
PARAMETRIC_REPRESENTATION_CONTEXT() REPRESENTATION_CONTEXT('2D SPACE',''
  ) );
#8805 = ADVANCED_FACE('',(#8806),#2020,.T.);
#8806 = FACE_BOUND('',#8807,.T.);
#8807 = EDGE_LOOP('',(#8808,#8809,#8836,#8858));
#8808 = ORIENTED_EDGE('',*,*,#2003,.T.);
#8809 = ORIENTED_EDGE('',*,*,#8810,.F.);
#8810 = EDGE_CURVE('',#8811,#1978,#8813,.T.);
#8811 = VERTEX_POINT('',#8812);
#8812 = CARTESIAN_POINT('',(-97.64027027255,-12.98566983652,19.));
#8813 = SURFACE_CURVE('',#8814,(#8819,#8829),.PCURVE_S1.);
#8814 = HYPERBOLA('',#8815,4.166666666667,4.166666666667);
#8815 = AXIS2_PLACEMENT_3D('',#8816,#8817,#8818);
#8816 = CARTESIAN_POINT('',(-0.723534073612,4.103365637551,117.5));
#8817 = DIRECTION('',(-0.173648177667,0.984807753012,0.));
#8818 = DIRECTION('',(-0.,0.,-1.));
#8819 = PCURVE('',#2020,#8820);
#8820 = DEFINITIONAL_REPRESENTATION('',(#8821),#8828);
#8821 = B_SPLINE_CURVE_WITH_KNOTS('',5,(#8822,#8823,#8824,#8825,#8826,
    #8827),.UNSPECIFIED.,.F.,.F.,(6,6),(3.855639725068,3.870766700287),
  .PIECEWISE_BEZIER_KNOTS.);
#8822 = CARTESIAN_POINT('',(-3.273811768633,-1.5));
#8823 = CARTESIAN_POINT('',(-3.273939746426,-1.202265327971));
#8824 = CARTESIAN_POINT('',(-3.274067240674,-0.903403690949));
#8825 = CARTESIAN_POINT('',(-3.274194253807,-0.603409411496));
#8826 = CARTESIAN_POINT('',(-3.27432078824,-0.302276769196));
#8827 = CARTESIAN_POINT('',(-3.274446846367,1.42108547152E-14));
#8828 = ( GEOMETRIC_REPRESENTATION_CONTEXT(2) 
PARAMETRIC_REPRESENTATION_CONTEXT() REPRESENTATION_CONTEXT('2D SPACE',''
  ) );
#8829 = PCURVE('',#1992,#8830);
#8830 = DEFINITIONAL_REPRESENTATION('',(#8831),#8835);
#8831 = ( BOUNDED_CURVE() B_SPLINE_CURVE(2,(#8832,#8833,#8834),
.UNSPECIFIED.,.F.,.F.) B_SPLINE_CURVE_WITH_KNOTS((3,3),(3.855639725068,
3.870766700287),.PIECEWISE_BEZIER_KNOTS.) CURVE() 
GEOMETRIC_REPRESENTATION_ITEM() RATIONAL_B_SPLINE_CURVE((1.,
1.000028603309,1.)) REPRESENTATION_ITEM('') );
#8832 = CARTESIAN_POINT('',(1.411833073512,-1.));
#8833 = CARTESIAN_POINT('',(2.156822397057,-1.744322486804));
#8834 = CARTESIAN_POINT('',(2.913156735682,-2.5));
#8835 = ( GEOMETRIC_REPRESENTATION_CONTEXT(2) 
PARAMETRIC_REPRESENTATION_CONTEXT() REPRESENTATION_CONTEXT('2D SPACE',''
  ) );
#8836 = ORIENTED_EDGE('',*,*,#8837,.F.);
#8837 = EDGE_CURVE('',#8738,#8811,#8838,.T.);
#8838 = SURFACE_CURVE('',#8839,(#8844,#8851),.PCURVE_S1.);
#8839 = CIRCLE('',#8840,98.5);
#8840 = AXIS2_PLACEMENT_3D('',#8841,#8842,#8843);
#8841 = CARTESIAN_POINT('',(0.,0.,19.));
#8842 = DIRECTION('',(0.,0.,1.));
#8843 = DIRECTION('',(1.,0.,-0.));
#8844 = PCURVE('',#2020,#8845);
#8845 = DEFINITIONAL_REPRESENTATION('',(#8846),#8850);
#8846 = LINE('',#8847,#8848);
#8847 = CARTESIAN_POINT('',(-0.,-1.5));
#8848 = VECTOR('',#8849,1.);
#8849 = DIRECTION('',(-1.,-0.));
#8850 = ( GEOMETRIC_REPRESENTATION_CONTEXT(2) 
PARAMETRIC_REPRESENTATION_CONTEXT() REPRESENTATION_CONTEXT('2D SPACE',''
  ) );
#8851 = PCURVE('',#4211,#8852);
#8852 = DEFINITIONAL_REPRESENTATION('',(#8853),#8857);
#8853 = CIRCLE('',#8854,98.5);
#8854 = AXIS2_PLACEMENT_2D('',#8855,#8856);
#8855 = CARTESIAN_POINT('',(0.,0.));
#8856 = DIRECTION('',(1.,0.));
#8857 = ( GEOMETRIC_REPRESENTATION_CONTEXT(2) 
PARAMETRIC_REPRESENTATION_CONTEXT() REPRESENTATION_CONTEXT('2D SPACE',''
  ) );
#8858 = ORIENTED_EDGE('',*,*,#8781,.T.);
#8859 = ADVANCED_FACE('',(#8860),#1992,.F.);
#8860 = FACE_BOUND('',#8861,.F.);
#8861 = EDGE_LOOP('',(#8862,#8883,#8911,#8932,#8933));
#8862 = ORIENTED_EDGE('',*,*,#8863,.F.);
#8863 = EDGE_CURVE('',#8864,#8811,#8866,.T.);
#8864 = VERTEX_POINT('',#8865);
#8865 = CARTESIAN_POINT('',(-96.24988611579,-12.74050759614,19.));
#8866 = SURFACE_CURVE('',#8867,(#8871,#8877),.PCURVE_S1.);
#8867 = LINE('',#8868,#8869);
#8868 = CARTESIAN_POINT('',(-48.4867100947,-4.318570979295,19.));
#8869 = VECTOR('',#8870,1.);
#8870 = DIRECTION('',(-0.984807753012,-0.173648177667,0.));
#8871 = PCURVE('',#1992,#8872);
#8872 = DEFINITIONAL_REPRESENTATION('',(#8873),#8876);
#8873 = B_SPLINE_CURVE_WITH_KNOTS('',1,(#8874,#8875),.UNSPECIFIED.,.F.,
  .F.,(2,2),(48.5,50.784825517794),.PIECEWISE_BEZIER_KNOTS.);
#8874 = CARTESIAN_POINT('',(0.,-1.));
#8875 = CARTESIAN_POINT('',(2.284825517794,-1.));
#8876 = ( GEOMETRIC_REPRESENTATION_CONTEXT(2) 
PARAMETRIC_REPRESENTATION_CONTEXT() REPRESENTATION_CONTEXT('2D SPACE',''
  ) );
#8877 = PCURVE('',#4211,#8878);
#8878 = DEFINITIONAL_REPRESENTATION('',(#8879),#8882);
#8879 = B_SPLINE_CURVE_WITH_KNOTS('',1,(#8880,#8881),.UNSPECIFIED.,.F.,
  .F.,(2,2),(48.5,50.784825517794),.PIECEWISE_BEZIER_KNOTS.);
#8880 = CARTESIAN_POINT('',(-96.24988611579,-12.74050759614));
#8881 = CARTESIAN_POINT('',(-98.5,-13.13726338359));
#8882 = ( GEOMETRIC_REPRESENTATION_CONTEXT(2) 
PARAMETRIC_REPRESENTATION_CONTEXT() REPRESENTATION_CONTEXT('2D SPACE',''
  ) );
#8883 = ORIENTED_EDGE('',*,*,#8884,.T.);
#8884 = EDGE_CURVE('',#8864,#8885,#8887,.T.);
#8885 = VERTEX_POINT('',#8886);
#8886 = CARTESIAN_POINT('',(-96.24988611579,-12.74050759614,11.));
#8887 = SURFACE_CURVE('',#8888,(#8892,#8899),.PCURVE_S1.);
#8888 = LINE('',#8889,#8890);
#8889 = CARTESIAN_POINT('',(-96.24988611579,-12.74050759614,20.));
#8890 = VECTOR('',#8891,1.);
#8891 = DIRECTION('',(-0.,-0.,-1.));
#8892 = PCURVE('',#1992,#8893);
#8893 = DEFINITIONAL_REPRESENTATION('',(#8894),#8898);
#8894 = LINE('',#8895,#8896);
#8895 = CARTESIAN_POINT('',(0.,0.));
#8896 = VECTOR('',#8897,1.);
#8897 = DIRECTION('',(0.,-1.));
#8898 = ( GEOMETRIC_REPRESENTATION_CONTEXT(2) 
PARAMETRIC_REPRESENTATION_CONTEXT() REPRESENTATION_CONTEXT('2D SPACE',''
  ) );
#8899 = PCURVE('',#8900,#8905);
#8900 = PLANE('',#8901);
#8901 = AXIS2_PLACEMENT_3D('',#8902,#8903,#8904);
#8902 = CARTESIAN_POINT('',(-96.24988611579,-12.74050759614,20.));
#8903 = DIRECTION('',(-0.984807753012,-0.173648177667,0.));
#8904 = DIRECTION('',(0.173648177667,-0.984807753012,0.));
#8905 = DEFINITIONAL_REPRESENTATION('',(#8906),#8910);
#8906 = LINE('',#8907,#8908);
#8907 = CARTESIAN_POINT('',(-1.749369987558E-15,0.));
#8908 = VECTOR('',#8909,1.);
#8909 = DIRECTION('',(0.,-1.));
#8910 = ( GEOMETRIC_REPRESENTATION_CONTEXT(2) 
PARAMETRIC_REPRESENTATION_CONTEXT() REPRESENTATION_CONTEXT('2D SPACE',''
  ) );
#8911 = ORIENTED_EDGE('',*,*,#8912,.T.);
#8912 = EDGE_CURVE('',#8885,#1949,#8913,.T.);
#8913 = SURFACE_CURVE('',#8914,(#8918,#8925),.PCURVE_S1.);
#8914 = LINE('',#8915,#8916);
#8915 = CARTESIAN_POINT('',(-99.20430937483,-13.26145212914,11.));
#8916 = VECTOR('',#8917,1.);
#8917 = DIRECTION('',(-0.984807753012,-0.173648177667,0.));
#8918 = PCURVE('',#1992,#8919);
#8919 = DEFINITIONAL_REPRESENTATION('',(#8920),#8924);
#8920 = LINE('',#8921,#8922);
#8921 = CARTESIAN_POINT('',(3.,-9.));
#8922 = VECTOR('',#8923,1.);
#8923 = DIRECTION('',(1.,0.));
#8924 = ( GEOMETRIC_REPRESENTATION_CONTEXT(2) 
PARAMETRIC_REPRESENTATION_CONTEXT() REPRESENTATION_CONTEXT('2D SPACE',''
  ) );
#8925 = PCURVE('',#1965,#8926);
#8926 = DEFINITIONAL_REPRESENTATION('',(#8927),#8931);
#8927 = LINE('',#8928,#8929);
#8928 = CARTESIAN_POINT('',(0.,-4.166666666667));
#8929 = VECTOR('',#8930,1.);
#8930 = DIRECTION('',(1.,0.));
#8931 = ( GEOMETRIC_REPRESENTATION_CONTEXT(2) 
PARAMETRIC_REPRESENTATION_CONTEXT() REPRESENTATION_CONTEXT('2D SPACE',''
  ) );
#8932 = ORIENTED_EDGE('',*,*,#1977,.T.);
#8933 = ORIENTED_EDGE('',*,*,#8810,.F.);
#8934 = ADVANCED_FACE('',(#8935),#1965,.T.);
#8935 = FACE_BOUND('',#8936,.T.);
#8936 = EDGE_LOOP('',(#8937,#8960,#8961,#8962));
#8937 = ORIENTED_EDGE('',*,*,#8938,.F.);
#8938 = EDGE_CURVE('',#8885,#8939,#8941,.T.);
#8939 = VERTEX_POINT('',#8940);
#8940 = CARTESIAN_POINT('',(-94.80281796857,-20.94723887124,11.));
#8941 = SURFACE_CURVE('',#8942,(#8946,#8953),.PCURVE_S1.);
#8942 = LINE('',#8943,#8944);
#8943 = CARTESIAN_POINT('',(-95.52635204218,-16.84387323369,11.));
#8944 = VECTOR('',#8945,1.);
#8945 = DIRECTION('',(0.173648177667,-0.984807753012,0.));
#8946 = PCURVE('',#1965,#8947);
#8947 = DEFINITIONAL_REPRESENTATION('',(#8948),#8952);
#8948 = LINE('',#8949,#8950);
#8949 = CARTESIAN_POINT('',(-3.,0.));
#8950 = VECTOR('',#8951,1.);
#8951 = DIRECTION('',(0.,1.));
#8952 = ( GEOMETRIC_REPRESENTATION_CONTEXT(2) 
PARAMETRIC_REPRESENTATION_CONTEXT() REPRESENTATION_CONTEXT('2D SPACE',''
  ) );
#8953 = PCURVE('',#8900,#8954);
#8954 = DEFINITIONAL_REPRESENTATION('',(#8955),#8959);
#8955 = LINE('',#8956,#8957);
#8956 = CARTESIAN_POINT('',(4.166666666667,-9.));
#8957 = VECTOR('',#8958,1.);
#8958 = DIRECTION('',(1.,0.));
#8959 = ( GEOMETRIC_REPRESENTATION_CONTEXT(2) 
PARAMETRIC_REPRESENTATION_CONTEXT() REPRESENTATION_CONTEXT('2D SPACE',''
  ) );
#8960 = ORIENTED_EDGE('',*,*,#8912,.T.);
#8961 = ORIENTED_EDGE('',*,*,#1948,.T.);
#8962 = ORIENTED_EDGE('',*,*,#8963,.F.);
#8963 = EDGE_CURVE('',#8939,#1923,#8964,.T.);
#8964 = SURFACE_CURVE('',#8965,(#8969,#8976),.PCURVE_S1.);
#8965 = LINE('',#8966,#8967);
#8966 = CARTESIAN_POINT('',(-97.7572412276,-21.46818340424,11.));
#8967 = VECTOR('',#8968,1.);
#8968 = DIRECTION('',(-0.984807753012,-0.173648177667,0.));
#8969 = PCURVE('',#1965,#8970);
#8970 = DEFINITIONAL_REPRESENTATION('',(#8971),#8975);
#8971 = LINE('',#8972,#8973);
#8972 = CARTESIAN_POINT('',(0.,4.166666666667));
#8973 = VECTOR('',#8974,1.);
#8974 = DIRECTION('',(1.,0.));
#8975 = ( GEOMETRIC_REPRESENTATION_CONTEXT(2) 
PARAMETRIC_REPRESENTATION_CONTEXT() REPRESENTATION_CONTEXT('2D SPACE',''
  ) );
#8976 = PCURVE('',#1937,#8977);
#8977 = DEFINITIONAL_REPRESENTATION('',(#8978),#8982);
#8978 = LINE('',#8979,#8980);
#8979 = CARTESIAN_POINT('',(3.,-9.));
#8980 = VECTOR('',#8981,1.);
#8981 = DIRECTION('',(1.,0.));
#8982 = ( GEOMETRIC_REPRESENTATION_CONTEXT(2) 
PARAMETRIC_REPRESENTATION_CONTEXT() REPRESENTATION_CONTEXT('2D SPACE',''
  ) );
#8983 = ADVANCED_FACE('',(#8984),#1937,.T.);
#8984 = FACE_BOUND('',#8985,.T.);
#8985 = EDGE_LOOP('',(#8986,#9009,#9030,#9031,#9032));
#8986 = ORIENTED_EDGE('',*,*,#8987,.F.);
#8987 = EDGE_CURVE('',#8988,#8990,#8992,.T.);
#8988 = VERTEX_POINT('',#8989);
#8989 = CARTESIAN_POINT('',(-94.80281796857,-20.94723887124,19.));
#8990 = VERTEX_POINT('',#8991);
#8991 = CARTESIAN_POINT('',(-96.19320212532,-21.19240111162,19.));
#8992 = SURFACE_CURVE('',#8993,(#8997,#9003),.PCURVE_S1.);
#8993 = LINE('',#8994,#8995);
#8994 = CARTESIAN_POINT('',(-47.03964194748,-12.52530225439,19.));
#8995 = VECTOR('',#8996,1.);
#8996 = DIRECTION('',(-0.984807753012,-0.173648177667,0.));
#8997 = PCURVE('',#1937,#8998);
#8998 = DEFINITIONAL_REPRESENTATION('',(#8999),#9002);
#8999 = B_SPLINE_CURVE_WITH_KNOTS('',1,(#9000,#9001),.UNSPECIFIED.,.F.,
  .F.,(2,2),(48.5,52.254217023698),.PIECEWISE_BEZIER_KNOTS.);
#9000 = CARTESIAN_POINT('',(7.105427357601E-15,-1.));
#9001 = CARTESIAN_POINT('',(3.754217023698,-1.));
#9002 = ( GEOMETRIC_REPRESENTATION_CONTEXT(2) 
PARAMETRIC_REPRESENTATION_CONTEXT() REPRESENTATION_CONTEXT('2D SPACE',''
  ) );
#9003 = PCURVE('',#4211,#9004);
#9004 = DEFINITIONAL_REPRESENTATION('',(#9005),#9008);
#9005 = B_SPLINE_CURVE_WITH_KNOTS('',1,(#9006,#9007),.UNSPECIFIED.,.F.,
  .F.,(2,2),(48.5,52.254217023698),.PIECEWISE_BEZIER_KNOTS.);
#9006 = CARTESIAN_POINT('',(-94.80281796857,-20.94723887124));
#9007 = CARTESIAN_POINT('',(-98.5,-21.59915181597));
#9008 = ( GEOMETRIC_REPRESENTATION_CONTEXT(2) 
PARAMETRIC_REPRESENTATION_CONTEXT() REPRESENTATION_CONTEXT('2D SPACE',''
  ) );
#9009 = ORIENTED_EDGE('',*,*,#9010,.T.);
#9010 = EDGE_CURVE('',#8988,#8939,#9011,.T.);
#9011 = SURFACE_CURVE('',#9012,(#9016,#9023),.PCURVE_S1.);
#9012 = LINE('',#9013,#9014);
#9013 = CARTESIAN_POINT('',(-94.80281796857,-20.94723887124,20.));
#9014 = VECTOR('',#9015,1.);
#9015 = DIRECTION('',(-0.,-0.,-1.));
#9016 = PCURVE('',#1937,#9017);
#9017 = DEFINITIONAL_REPRESENTATION('',(#9018),#9022);
#9018 = LINE('',#9019,#9020);
#9019 = CARTESIAN_POINT('',(1.461188215656E-14,0.));
#9020 = VECTOR('',#9021,1.);
#9021 = DIRECTION('',(0.,-1.));
#9022 = ( GEOMETRIC_REPRESENTATION_CONTEXT(2) 
PARAMETRIC_REPRESENTATION_CONTEXT() REPRESENTATION_CONTEXT('2D SPACE',''
  ) );
#9023 = PCURVE('',#8900,#9024);
#9024 = DEFINITIONAL_REPRESENTATION('',(#9025),#9029);
#9025 = LINE('',#9026,#9027);
#9026 = CARTESIAN_POINT('',(8.333333333333,0.));
#9027 = VECTOR('',#9028,1.);
#9028 = DIRECTION('',(0.,-1.));
#9029 = ( GEOMETRIC_REPRESENTATION_CONTEXT(2) 
PARAMETRIC_REPRESENTATION_CONTEXT() REPRESENTATION_CONTEXT('2D SPACE',''
  ) );
#9030 = ORIENTED_EDGE('',*,*,#8963,.T.);
#9031 = ORIENTED_EDGE('',*,*,#1922,.T.);
#9032 = ORIENTED_EDGE('',*,*,#9033,.F.);
#9033 = EDGE_CURVE('',#8990,#1894,#9034,.T.);
#9034 = SURFACE_CURVE('',#9035,(#9040,#9047),.PCURVE_S1.);
#9035 = HYPERBOLA('',#9036,4.166666666667,4.166666666667);
#9036 = AXIS2_PLACEMENT_3D('',#9037,#9038,#9039);
#9037 = CARTESIAN_POINT('',(0.723534073612,-4.103365637551,117.5));
#9038 = DIRECTION('',(-0.173648177667,0.984807753012,0.));
#9039 = DIRECTION('',(-0.,0.,-1.));
#9040 = PCURVE('',#1937,#9041);
#9041 = DEFINITIONAL_REPRESENTATION('',(#9042),#9046);
#9042 = ( BOUNDED_CURVE() B_SPLINE_CURVE(2,(#9043,#9044,#9045),
.UNSPECIFIED.,.F.,.F.) B_SPLINE_CURVE_WITH_KNOTS((3,3),(3.855639725068,
3.870766700287),.PIECEWISE_BEZIER_KNOTS.) CURVE() 
GEOMETRIC_REPRESENTATION_ITEM() RATIONAL_B_SPLINE_CURVE((1.,
1.000028603309,1.)) REPRESENTATION_ITEM('') );
#9043 = CARTESIAN_POINT('',(1.411833073513,-1.));
#9044 = CARTESIAN_POINT('',(2.156822397057,-1.744322486804));
#9045 = CARTESIAN_POINT('',(2.913156735682,-2.5));
#9046 = ( GEOMETRIC_REPRESENTATION_CONTEXT(2) 
PARAMETRIC_REPRESENTATION_CONTEXT() REPRESENTATION_CONTEXT('2D SPACE',''
  ) );
#9047 = PCURVE('',#1910,#9048);
#9048 = DEFINITIONAL_REPRESENTATION('',(#9049),#9056);
#9049 = B_SPLINE_CURVE_WITH_KNOTS('',5,(#9050,#9051,#9052,#9053,#9054,
    #9055),.UNSPECIFIED.,.F.,.F.,(6,6),(3.855639725068,3.870766700287),
  .PIECEWISE_BEZIER_KNOTS.);
#9050 = CARTESIAN_POINT('',(-3.358439388946,-1.5));
#9051 = CARTESIAN_POINT('',(-3.358311411152,-1.202265327971));
#9052 = CARTESIAN_POINT('',(-3.358183916904,-0.903403690948));
#9053 = CARTESIAN_POINT('',(-3.358056903771,-0.603409411496));
#9054 = CARTESIAN_POINT('',(-3.357930369339,-0.302276769196));
#9055 = CARTESIAN_POINT('',(-3.357804311212,1.42108547152E-14));
#9056 = ( GEOMETRIC_REPRESENTATION_CONTEXT(2) 
PARAMETRIC_REPRESENTATION_CONTEXT() REPRESENTATION_CONTEXT('2D SPACE',''
  ) );
#9057 = ADVANCED_FACE('',(#9058),#1910,.T.);
#9058 = FACE_BOUND('',#9059,.T.);
#9059 = EDGE_LOOP('',(#9060,#9061,#9088,#9110));
#9060 = ORIENTED_EDGE('',*,*,#1893,.T.);
#9061 = ORIENTED_EDGE('',*,*,#9062,.F.);
#9062 = EDGE_CURVE('',#9063,#1868,#9065,.T.);
#9063 = VERTEX_POINT('',#9064);
#9064 = CARTESIAN_POINT('',(-93.90195726771,-29.7434433328,19.));
#9065 = SURFACE_CURVE('',#9066,(#9071,#9081),.PCURVE_S1.);
#9066 = HYPERBOLA('',#9067,4.166666666667,4.166666666667);
#9067 = AXIS2_PLACEMENT_3D('',#9068,#9069,#9070);
#9068 = CARTESIAN_POINT('',(-1.425083930524,3.915385919941,117.5));
#9069 = DIRECTION('',(-0.342020143326,0.939692620786,0.));
#9070 = DIRECTION('',(-0.,0.,-1.));
#9071 = PCURVE('',#1910,#9072);
#9072 = DEFINITIONAL_REPRESENTATION('',(#9073),#9080);
#9073 = B_SPLINE_CURVE_WITH_KNOTS('',5,(#9074,#9075,#9076,#9077,#9078,
    #9079),.UNSPECIFIED.,.F.,.F.,(6,6),(3.855639725068,3.870766700287),
  .PIECEWISE_BEZIER_KNOTS.);
#9074 = CARTESIAN_POINT('',(-3.448344693832,-1.5));
#9075 = CARTESIAN_POINT('',(-3.448472671626,-1.202265327971));
#9076 = CARTESIAN_POINT('',(-3.448600165874,-0.903403690948));
#9077 = CARTESIAN_POINT('',(-3.448727179007,-0.603409411496));
#9078 = CARTESIAN_POINT('',(-3.448853713439,-0.302276769196));
#9079 = CARTESIAN_POINT('',(-3.448979771566,1.42108547152E-14));
#9080 = ( GEOMETRIC_REPRESENTATION_CONTEXT(2) 
PARAMETRIC_REPRESENTATION_CONTEXT() REPRESENTATION_CONTEXT('2D SPACE',''
  ) );
#9081 = PCURVE('',#1882,#9082);
#9082 = DEFINITIONAL_REPRESENTATION('',(#9083),#9087);
#9083 = ( BOUNDED_CURVE() B_SPLINE_CURVE(2,(#9084,#9085,#9086),
.UNSPECIFIED.,.F.,.F.) B_SPLINE_CURVE_WITH_KNOTS((3,3),(3.855639725068,
3.870766700287),.PIECEWISE_BEZIER_KNOTS.) CURVE() 
GEOMETRIC_REPRESENTATION_ITEM() RATIONAL_B_SPLINE_CURVE((1.,
1.000028603309,1.)) REPRESENTATION_ITEM('') );
#9084 = CARTESIAN_POINT('',(1.411833073512,-1.));
#9085 = CARTESIAN_POINT('',(2.156822397058,-1.744322486804));
#9086 = CARTESIAN_POINT('',(2.913156735682,-2.5));
#9087 = ( GEOMETRIC_REPRESENTATION_CONTEXT(2) 
PARAMETRIC_REPRESENTATION_CONTEXT() REPRESENTATION_CONTEXT('2D SPACE',''
  ) );
#9088 = ORIENTED_EDGE('',*,*,#9089,.F.);
#9089 = EDGE_CURVE('',#8990,#9063,#9090,.T.);
#9090 = SURFACE_CURVE('',#9091,(#9096,#9103),.PCURVE_S1.);
#9091 = CIRCLE('',#9092,98.5);
#9092 = AXIS2_PLACEMENT_3D('',#9093,#9094,#9095);
#9093 = CARTESIAN_POINT('',(0.,0.,19.));
#9094 = DIRECTION('',(0.,0.,1.));
#9095 = DIRECTION('',(1.,0.,-0.));
#9096 = PCURVE('',#1910,#9097);
#9097 = DEFINITIONAL_REPRESENTATION('',(#9098),#9102);
#9098 = LINE('',#9099,#9100);
#9099 = CARTESIAN_POINT('',(-0.,-1.5));
#9100 = VECTOR('',#9101,1.);
#9101 = DIRECTION('',(-1.,-0.));
#9102 = ( GEOMETRIC_REPRESENTATION_CONTEXT(2) 
PARAMETRIC_REPRESENTATION_CONTEXT() REPRESENTATION_CONTEXT('2D SPACE',''
  ) );
#9103 = PCURVE('',#4211,#9104);
#9104 = DEFINITIONAL_REPRESENTATION('',(#9105),#9109);
#9105 = CIRCLE('',#9106,98.5);
#9106 = AXIS2_PLACEMENT_2D('',#9107,#9108);
#9107 = CARTESIAN_POINT('',(0.,0.));
#9108 = DIRECTION('',(1.,0.));
#9109 = ( GEOMETRIC_REPRESENTATION_CONTEXT(2) 
PARAMETRIC_REPRESENTATION_CONTEXT() REPRESENTATION_CONTEXT('2D SPACE',''
  ) );
#9110 = ORIENTED_EDGE('',*,*,#9033,.T.);
#9111 = ADVANCED_FACE('',(#9112),#1882,.F.);
#9112 = FACE_BOUND('',#9113,.F.);
#9113 = EDGE_LOOP('',(#9114,#9135,#9163,#9184,#9185));
#9114 = ORIENTED_EDGE('',*,*,#9115,.F.);
#9115 = EDGE_CURVE('',#9116,#9063,#9118,.T.);
#9116 = VERTEX_POINT('',#9117);
#9117 = CARTESIAN_POINT('',(-92.57526814675,-29.26056798264,19.));
#9118 = SURFACE_CURVE('',#9119,(#9123,#9129),.PCURVE_S1.);
#9119 = LINE('',#9120,#9121);
#9120 = CARTESIAN_POINT('',(-47.00017603864,-12.67259103135,19.));
#9121 = VECTOR('',#9122,1.);
#9122 = DIRECTION('',(-0.939692620786,-0.342020143326,0.));
#9123 = PCURVE('',#1882,#9124);
#9124 = DEFINITIONAL_REPRESENTATION('',(#9125),#9128);
#9125 = B_SPLINE_CURVE_WITH_KNOTS('',1,(#9126,#9127),.UNSPECIFIED.,.F.,
  .F.,(2,2),(48.5,54.5),.PIECEWISE_BEZIER_KNOTS.);
#9126 = CARTESIAN_POINT('',(7.105427357601E-15,-1.));
#9127 = CARTESIAN_POINT('',(6.,-1.));
#9128 = ( GEOMETRIC_REPRESENTATION_CONTEXT(2) 
PARAMETRIC_REPRESENTATION_CONTEXT() REPRESENTATION_CONTEXT('2D SPACE',''
  ) );
#9129 = PCURVE('',#4211,#9130);
#9130 = DEFINITIONAL_REPRESENTATION('',(#9131),#9134);
#9131 = B_SPLINE_CURVE_WITH_KNOTS('',1,(#9132,#9133),.UNSPECIFIED.,.F.,
  .F.,(2,2),(48.5,54.5),.PIECEWISE_BEZIER_KNOTS.);
#9132 = CARTESIAN_POINT('',(-92.57526814675,-29.26056798264));
#9133 = CARTESIAN_POINT('',(-98.21342387147,-31.3126888426));
#9134 = ( GEOMETRIC_REPRESENTATION_CONTEXT(2) 
PARAMETRIC_REPRESENTATION_CONTEXT() REPRESENTATION_CONTEXT('2D SPACE',''
  ) );
#9135 = ORIENTED_EDGE('',*,*,#9136,.T.);
#9136 = EDGE_CURVE('',#9116,#9137,#9139,.T.);
#9137 = VERTEX_POINT('',#9138);
#9138 = CARTESIAN_POINT('',(-92.57526814675,-29.26056798264,11.));
#9139 = SURFACE_CURVE('',#9140,(#9144,#9151),.PCURVE_S1.);
#9140 = LINE('',#9141,#9142);
#9141 = CARTESIAN_POINT('',(-92.57526814675,-29.26056798264,20.));
#9142 = VECTOR('',#9143,1.);
#9143 = DIRECTION('',(-0.,-0.,-1.));
#9144 = PCURVE('',#1882,#9145);
#9145 = DEFINITIONAL_REPRESENTATION('',(#9146),#9150);
#9146 = LINE('',#9147,#9148);
#9147 = CARTESIAN_POINT('',(1.456893495255E-14,0.));
#9148 = VECTOR('',#9149,1.);
#9149 = DIRECTION('',(0.,-1.));
#9150 = ( GEOMETRIC_REPRESENTATION_CONTEXT(2) 
PARAMETRIC_REPRESENTATION_CONTEXT() REPRESENTATION_CONTEXT('2D SPACE',''
  ) );
#9151 = PCURVE('',#9152,#9157);
#9152 = PLANE('',#9153);
#9153 = AXIS2_PLACEMENT_3D('',#9154,#9155,#9156);
#9154 = CARTESIAN_POINT('',(-92.57526814675,-29.26056798264,20.));
#9155 = DIRECTION('',(-0.939692620786,-0.342020143326,0.));
#9156 = DIRECTION('',(0.342020143326,-0.939692620786,0.));
#9157 = DEFINITIONAL_REPRESENTATION('',(#9158),#9162);
#9158 = LINE('',#9159,#9160);
#9159 = CARTESIAN_POINT('',(0.,0.));
#9160 = VECTOR('',#9161,1.);
#9161 = DIRECTION('',(0.,-1.));
#9162 = ( GEOMETRIC_REPRESENTATION_CONTEXT(2) 
PARAMETRIC_REPRESENTATION_CONTEXT() REPRESENTATION_CONTEXT('2D SPACE',''
  ) );
#9163 = ORIENTED_EDGE('',*,*,#9164,.T.);
#9164 = EDGE_CURVE('',#9137,#1839,#9165,.T.);
#9165 = SURFACE_CURVE('',#9166,(#9170,#9177),.PCURVE_S1.);
#9166 = LINE('',#9167,#9168);
#9167 = CARTESIAN_POINT('',(-95.39434600911,-30.28662841262,11.));
#9168 = VECTOR('',#9169,1.);
#9169 = DIRECTION('',(-0.939692620786,-0.342020143326,0.));
#9170 = PCURVE('',#1882,#9171);
#9171 = DEFINITIONAL_REPRESENTATION('',(#9172),#9176);
#9172 = LINE('',#9173,#9174);
#9173 = CARTESIAN_POINT('',(3.,-9.));
#9174 = VECTOR('',#9175,1.);
#9175 = DIRECTION('',(1.,0.));
#9176 = ( GEOMETRIC_REPRESENTATION_CONTEXT(2) 
PARAMETRIC_REPRESENTATION_CONTEXT() REPRESENTATION_CONTEXT('2D SPACE',''
  ) );
#9177 = PCURVE('',#1855,#9178);
#9178 = DEFINITIONAL_REPRESENTATION('',(#9179),#9183);
#9179 = LINE('',#9180,#9181);
#9180 = CARTESIAN_POINT('',(0.,-4.166666666667));
#9181 = VECTOR('',#9182,1.);
#9182 = DIRECTION('',(1.,0.));
#9183 = ( GEOMETRIC_REPRESENTATION_CONTEXT(2) 
PARAMETRIC_REPRESENTATION_CONTEXT() REPRESENTATION_CONTEXT('2D SPACE',''
  ) );
#9184 = ORIENTED_EDGE('',*,*,#1867,.T.);
#9185 = ORIENTED_EDGE('',*,*,#9062,.F.);
#9186 = ADVANCED_FACE('',(#9187),#1855,.T.);
#9187 = FACE_BOUND('',#9188,.T.);
#9188 = EDGE_LOOP('',(#9189,#9212,#9213,#9214));
#9189 = ORIENTED_EDGE('',*,*,#9190,.F.);
#9190 = EDGE_CURVE('',#9137,#9191,#9193,.T.);
#9191 = VERTEX_POINT('',#9192);
#9192 = CARTESIAN_POINT('',(-89.72510028571,-37.09133982253,11.));
#9193 = SURFACE_CURVE('',#9194,(#9198,#9205),.PCURVE_S1.);
#9194 = LINE('',#9195,#9196);
#9195 = CARTESIAN_POINT('',(-91.15018421623,-33.17595390259,11.));
#9196 = VECTOR('',#9197,1.);
#9197 = DIRECTION('',(0.342020143326,-0.939692620786,0.));
#9198 = PCURVE('',#1855,#9199);
#9199 = DEFINITIONAL_REPRESENTATION('',(#9200),#9204);
#9200 = LINE('',#9201,#9202);
#9201 = CARTESIAN_POINT('',(-3.,0.));
#9202 = VECTOR('',#9203,1.);
#9203 = DIRECTION('',(0.,1.));
#9204 = ( GEOMETRIC_REPRESENTATION_CONTEXT(2) 
PARAMETRIC_REPRESENTATION_CONTEXT() REPRESENTATION_CONTEXT('2D SPACE',''
  ) );
#9205 = PCURVE('',#9152,#9206);
#9206 = DEFINITIONAL_REPRESENTATION('',(#9207),#9211);
#9207 = LINE('',#9208,#9209);
#9208 = CARTESIAN_POINT('',(4.166666666667,-9.));
#9209 = VECTOR('',#9210,1.);
#9210 = DIRECTION('',(1.,0.));
#9211 = ( GEOMETRIC_REPRESENTATION_CONTEXT(2) 
PARAMETRIC_REPRESENTATION_CONTEXT() REPRESENTATION_CONTEXT('2D SPACE',''
  ) );
#9212 = ORIENTED_EDGE('',*,*,#9164,.T.);
#9213 = ORIENTED_EDGE('',*,*,#1838,.T.);
#9214 = ORIENTED_EDGE('',*,*,#9215,.F.);
#9215 = EDGE_CURVE('',#9191,#1813,#9216,.T.);
#9216 = SURFACE_CURVE('',#9217,(#9221,#9228),.PCURVE_S1.);
#9217 = LINE('',#9218,#9219);
#9218 = CARTESIAN_POINT('',(-92.54417814806,-38.1174002525,11.));
#9219 = VECTOR('',#9220,1.);
#9220 = DIRECTION('',(-0.939692620786,-0.342020143326,0.));
#9221 = PCURVE('',#1855,#9222);
#9222 = DEFINITIONAL_REPRESENTATION('',(#9223),#9227);
#9223 = LINE('',#9224,#9225);
#9224 = CARTESIAN_POINT('',(0.,4.166666666667));
#9225 = VECTOR('',#9226,1.);
#9226 = DIRECTION('',(1.,0.));
#9227 = ( GEOMETRIC_REPRESENTATION_CONTEXT(2) 
PARAMETRIC_REPRESENTATION_CONTEXT() REPRESENTATION_CONTEXT('2D SPACE',''
  ) );
#9228 = PCURVE('',#1827,#9229);
#9229 = DEFINITIONAL_REPRESENTATION('',(#9230),#9234);
#9230 = LINE('',#9231,#9232);
#9231 = CARTESIAN_POINT('',(3.,-9.));
#9232 = VECTOR('',#9233,1.);
#9233 = DIRECTION('',(1.,0.));
#9234 = ( GEOMETRIC_REPRESENTATION_CONTEXT(2) 
PARAMETRIC_REPRESENTATION_CONTEXT() REPRESENTATION_CONTEXT('2D SPACE',''
  ) );
#9235 = ADVANCED_FACE('',(#9236),#1827,.T.);
#9236 = FACE_BOUND('',#9237,.T.);
#9237 = EDGE_LOOP('',(#9238,#9261,#9282,#9283,#9284));
#9238 = ORIENTED_EDGE('',*,*,#9239,.F.);
#9239 = EDGE_CURVE('',#9240,#9242,#9244,.T.);
#9240 = VERTEX_POINT('',#9241);
#9241 = CARTESIAN_POINT('',(-89.72510028571,-37.09133982253,19.));
#9242 = VERTEX_POINT('',#9243);
#9243 = CARTESIAN_POINT('',(-91.05178940667,-37.57421517268,19.));
#9244 = SURFACE_CURVE('',#9245,(#9249,#9255),.PCURVE_S1.);
#9245 = LINE('',#9246,#9247);
#9246 = CARTESIAN_POINT('',(-44.15000817759,-20.50336287123,19.));
#9247 = VECTOR('',#9248,1.);
#9248 = DIRECTION('',(-0.939692620786,-0.342020143326,0.));
#9249 = PCURVE('',#1827,#9250);
#9250 = DEFINITIONAL_REPRESENTATION('',(#9251),#9254);
#9251 = B_SPLINE_CURVE_WITH_KNOTS('',1,(#9252,#9253),.UNSPECIFIED.,.F.,
  .F.,(2,2),(48.5,54.5),.PIECEWISE_BEZIER_KNOTS.);
#9252 = CARTESIAN_POINT('',(0.,-1.));
#9253 = CARTESIAN_POINT('',(6.,-1.));
#9254 = ( GEOMETRIC_REPRESENTATION_CONTEXT(2) 
PARAMETRIC_REPRESENTATION_CONTEXT() REPRESENTATION_CONTEXT('2D SPACE',''
  ) );
#9255 = PCURVE('',#4211,#9256);
#9256 = DEFINITIONAL_REPRESENTATION('',(#9257),#9260);
#9257 = B_SPLINE_CURVE_WITH_KNOTS('',1,(#9258,#9259),.UNSPECIFIED.,.F.,
  .F.,(2,2),(48.5,54.5),.PIECEWISE_BEZIER_KNOTS.);
#9258 = CARTESIAN_POINT('',(-89.72510028571,-37.09133982253));
#9259 = CARTESIAN_POINT('',(-95.36325601042,-39.14346068248));
#9260 = ( GEOMETRIC_REPRESENTATION_CONTEXT(2) 
PARAMETRIC_REPRESENTATION_CONTEXT() REPRESENTATION_CONTEXT('2D SPACE',''
  ) );
#9261 = ORIENTED_EDGE('',*,*,#9262,.T.);
#9262 = EDGE_CURVE('',#9240,#9191,#9263,.T.);
#9263 = SURFACE_CURVE('',#9264,(#9268,#9275),.PCURVE_S1.);
#9264 = LINE('',#9265,#9266);
#9265 = CARTESIAN_POINT('',(-89.72510028571,-37.09133982253,20.));
#9266 = VECTOR('',#9267,1.);
#9267 = DIRECTION('',(-0.,-0.,-1.));
#9268 = PCURVE('',#1827,#9269);
#9269 = DEFINITIONAL_REPRESENTATION('',(#9270),#9274);
#9270 = LINE('',#9271,#9272);
#9271 = CARTESIAN_POINT('',(0.,0.));
#9272 = VECTOR('',#9273,1.);
#9273 = DIRECTION('',(0.,-1.));
#9274 = ( GEOMETRIC_REPRESENTATION_CONTEXT(2) 
PARAMETRIC_REPRESENTATION_CONTEXT() REPRESENTATION_CONTEXT('2D SPACE',''
  ) );
#9275 = PCURVE('',#9152,#9276);
#9276 = DEFINITIONAL_REPRESENTATION('',(#9277),#9281);
#9277 = LINE('',#9278,#9279);
#9278 = CARTESIAN_POINT('',(8.333333333333,0.));
#9279 = VECTOR('',#9280,1.);
#9280 = DIRECTION('',(0.,-1.));
#9281 = ( GEOMETRIC_REPRESENTATION_CONTEXT(2) 
PARAMETRIC_REPRESENTATION_CONTEXT() REPRESENTATION_CONTEXT('2D SPACE',''
  ) );
#9282 = ORIENTED_EDGE('',*,*,#9215,.T.);
#9283 = ORIENTED_EDGE('',*,*,#1812,.T.);
#9284 = ORIENTED_EDGE('',*,*,#9285,.F.);
#9285 = EDGE_CURVE('',#9242,#1784,#9286,.T.);
#9286 = SURFACE_CURVE('',#9287,(#9292,#9299),.PCURVE_S1.);
#9287 = HYPERBOLA('',#9288,4.166666666667,4.166666666667);
#9288 = AXIS2_PLACEMENT_3D('',#9289,#9290,#9291);
#9289 = CARTESIAN_POINT('',(1.425083930524,-3.915385919941,117.5));
#9290 = DIRECTION('',(-0.342020143326,0.939692620786,0.));
#9291 = DIRECTION('',(-0.,0.,-1.));
#9292 = PCURVE('',#1827,#9293);
#9293 = DEFINITIONAL_REPRESENTATION('',(#9294),#9298);
#9294 = ( BOUNDED_CURVE() B_SPLINE_CURVE(2,(#9295,#9296,#9297),
.UNSPECIFIED.,.F.,.F.) B_SPLINE_CURVE_WITH_KNOTS((3,3),(3.855639725068,
3.870766700287),.PIECEWISE_BEZIER_KNOTS.) CURVE() 
GEOMETRIC_REPRESENTATION_ITEM() RATIONAL_B_SPLINE_CURVE((1.,
1.000028603309,1.)) REPRESENTATION_ITEM('') );
#9295 = CARTESIAN_POINT('',(1.411833073513,-1.));
#9296 = CARTESIAN_POINT('',(2.156822397057,-1.744322486804));
#9297 = CARTESIAN_POINT('',(2.913156735682,-2.5));
#9298 = ( GEOMETRIC_REPRESENTATION_CONTEXT(2) 
PARAMETRIC_REPRESENTATION_CONTEXT() REPRESENTATION_CONTEXT('2D SPACE',''
  ) );
#9299 = PCURVE('',#1800,#9300);
#9300 = DEFINITIONAL_REPRESENTATION('',(#9301),#9308);
#9301 = B_SPLINE_CURVE_WITH_KNOTS('',5,(#9302,#9303,#9304,#9305,#9306,
    #9307),.UNSPECIFIED.,.F.,.F.,(6,6),(3.855639725068,3.870766700287),
  .PIECEWISE_BEZIER_KNOTS.);
#9302 = CARTESIAN_POINT('',(-3.532972314145,-1.5));
#9303 = CARTESIAN_POINT('',(-3.532844336351,-1.202265327971));
#9304 = CARTESIAN_POINT('',(-3.532716842104,-0.903403690948));
#9305 = CARTESIAN_POINT('',(-3.53258982897,-0.603409411496));
#9306 = CARTESIAN_POINT('',(-3.532463294538,-0.302276769196));
#9307 = CARTESIAN_POINT('',(-3.532337236411,-1.42108547152E-14));
#9308 = ( GEOMETRIC_REPRESENTATION_CONTEXT(2) 
PARAMETRIC_REPRESENTATION_CONTEXT() REPRESENTATION_CONTEXT('2D SPACE',''
  ) );
#9309 = ADVANCED_FACE('',(#9310),#1800,.T.);
#9310 = FACE_BOUND('',#9311,.T.);
#9311 = EDGE_LOOP('',(#9312,#9313,#9340,#9362));
#9312 = ORIENTED_EDGE('',*,*,#1783,.T.);
#9313 = ORIENTED_EDGE('',*,*,#9314,.F.);
#9314 = EDGE_CURVE('',#9315,#1758,#9317,.T.);
#9315 = VERTEX_POINT('',#9316);
#9316 = CARTESIAN_POINT('',(-87.31048080798,-45.59747735432,19.));
#9317 = SURFACE_CURVE('',#9318,(#9323,#9333),.PCURVE_S1.);
#9318 = HYPERBOLA('',#9319,4.166666666667,4.166666666667);
#9319 = AXIS2_PLACEMENT_3D('',#9320,#9321,#9322);
#9320 = CARTESIAN_POINT('',(-2.083333333333,3.608439182435,117.5));
#9321 = DIRECTION('',(-0.5,0.866025403784,0.));
#9322 = DIRECTION('',(-0.,0.,-1.));
#9323 = PCURVE('',#1800,#9324);
#9324 = DEFINITIONAL_REPRESENTATION('',(#9325),#9332);
#9325 = B_SPLINE_CURVE_WITH_KNOTS('',5,(#9326,#9327,#9328,#9329,#9330,
    #9331),.UNSPECIFIED.,.F.,.F.,(6,6),(3.855639725068,3.870766700287),
  .PIECEWISE_BEZIER_KNOTS.);
#9326 = CARTESIAN_POINT('',(-3.622877619032,-1.5));
#9327 = CARTESIAN_POINT('',(-3.623005596825,-1.202265327971));
#9328 = CARTESIAN_POINT('',(-3.623133091073,-0.903403690948));
#9329 = CARTESIAN_POINT('',(-3.623260104206,-0.603409411496));
#9330 = CARTESIAN_POINT('',(-3.623386638639,-0.302276769196));
#9331 = CARTESIAN_POINT('',(-3.623512696766,1.42108547152E-14));
#9332 = ( GEOMETRIC_REPRESENTATION_CONTEXT(2) 
PARAMETRIC_REPRESENTATION_CONTEXT() REPRESENTATION_CONTEXT('2D SPACE',''
  ) );
#9333 = PCURVE('',#1772,#9334);
#9334 = DEFINITIONAL_REPRESENTATION('',(#9335),#9339);
#9335 = ( BOUNDED_CURVE() B_SPLINE_CURVE(2,(#9336,#9337,#9338),
.UNSPECIFIED.,.F.,.F.) B_SPLINE_CURVE_WITH_KNOTS((3,3),(3.855639725068,
3.870766700287),.PIECEWISE_BEZIER_KNOTS.) CURVE() 
GEOMETRIC_REPRESENTATION_ITEM() RATIONAL_B_SPLINE_CURVE((1.,
1.000028603309,1.)) REPRESENTATION_ITEM('') );
#9336 = CARTESIAN_POINT('',(1.411833073512,-1.));
#9337 = CARTESIAN_POINT('',(2.156822397057,-1.744322486804));
#9338 = CARTESIAN_POINT('',(2.913156735682,-2.5));
#9339 = ( GEOMETRIC_REPRESENTATION_CONTEXT(2) 
PARAMETRIC_REPRESENTATION_CONTEXT() REPRESENTATION_CONTEXT('2D SPACE',''
  ) );
#9340 = ORIENTED_EDGE('',*,*,#9341,.F.);
#9341 = EDGE_CURVE('',#9242,#9315,#9342,.T.);
#9342 = SURFACE_CURVE('',#9343,(#9348,#9355),.PCURVE_S1.);
#9343 = CIRCLE('',#9344,98.5);
#9344 = AXIS2_PLACEMENT_3D('',#9345,#9346,#9347);
#9345 = CARTESIAN_POINT('',(0.,0.,19.));
#9346 = DIRECTION('',(0.,0.,1.));
#9347 = DIRECTION('',(1.,0.,-0.));
#9348 = PCURVE('',#1800,#9349);
#9349 = DEFINITIONAL_REPRESENTATION('',(#9350),#9354);
#9350 = LINE('',#9351,#9352);
#9351 = CARTESIAN_POINT('',(-0.,-1.5));
#9352 = VECTOR('',#9353,1.);
#9353 = DIRECTION('',(-1.,-0.));
#9354 = ( GEOMETRIC_REPRESENTATION_CONTEXT(2) 
PARAMETRIC_REPRESENTATION_CONTEXT() REPRESENTATION_CONTEXT('2D SPACE',''
  ) );
#9355 = PCURVE('',#4211,#9356);
#9356 = DEFINITIONAL_REPRESENTATION('',(#9357),#9361);
#9357 = CIRCLE('',#9358,98.5);
#9358 = AXIS2_PLACEMENT_2D('',#9359,#9360);
#9359 = CARTESIAN_POINT('',(0.,0.));
#9360 = DIRECTION('',(1.,0.));
#9361 = ( GEOMETRIC_REPRESENTATION_CONTEXT(2) 
PARAMETRIC_REPRESENTATION_CONTEXT() REPRESENTATION_CONTEXT('2D SPACE',''
  ) );
#9362 = ORIENTED_EDGE('',*,*,#9285,.T.);
#9363 = ADVANCED_FACE('',(#9364),#1772,.F.);
#9364 = FACE_BOUND('',#9365,.F.);
#9365 = EDGE_LOOP('',(#9366,#9387,#9415,#9436,#9437));
#9366 = ORIENTED_EDGE('',*,*,#9367,.F.);
#9367 = EDGE_CURVE('',#9368,#9315,#9370,.T.);
#9368 = VERTEX_POINT('',#9369);
#9369 = CARTESIAN_POINT('',(-86.08779750042,-44.89156081756,19.));
#9370 = SURFACE_CURVE('',#9371,(#9375,#9381),.PCURVE_S1.);
#9371 = LINE('',#9372,#9373);
#9372 = CARTESIAN_POINT('',(-44.08556541687,-20.64156081756,19.));
#9373 = VECTOR('',#9374,1.);
#9374 = DIRECTION('',(-0.866025403784,-0.5,0.));
#9375 = PCURVE('',#1772,#9376);
#9376 = DEFINITIONAL_REPRESENTATION('',(#9377),#9380);
#9377 = B_SPLINE_CURVE_WITH_KNOTS('',1,(#9378,#9379),.UNSPECIFIED.,.F.,
  .F.,(2,2),(48.5,54.5),.PIECEWISE_BEZIER_KNOTS.);
#9378 = CARTESIAN_POINT('',(0.,-1.));
#9379 = CARTESIAN_POINT('',(6.,-1.));
#9380 = ( GEOMETRIC_REPRESENTATION_CONTEXT(2) 
PARAMETRIC_REPRESENTATION_CONTEXT() REPRESENTATION_CONTEXT('2D SPACE',''
  ) );
#9381 = PCURVE('',#4211,#9382);
#9382 = DEFINITIONAL_REPRESENTATION('',(#9383),#9386);
#9383 = B_SPLINE_CURVE_WITH_KNOTS('',1,(#9384,#9385),.UNSPECIFIED.,.F.,
  .F.,(2,2),(48.5,54.5),.PIECEWISE_BEZIER_KNOTS.);
#9384 = CARTESIAN_POINT('',(-86.08779750042,-44.89156081756));
#9385 = CARTESIAN_POINT('',(-91.28394992313,-47.89156081756));
#9386 = ( GEOMETRIC_REPRESENTATION_CONTEXT(2) 
PARAMETRIC_REPRESENTATION_CONTEXT() REPRESENTATION_CONTEXT('2D SPACE',''
  ) );
#9387 = ORIENTED_EDGE('',*,*,#9388,.T.);
#9388 = EDGE_CURVE('',#9368,#9389,#9391,.T.);
#9389 = VERTEX_POINT('',#9390);
#9390 = CARTESIAN_POINT('',(-86.08779750042,-44.89156081756,11.));
#9391 = SURFACE_CURVE('',#9392,(#9396,#9403),.PCURVE_S1.);
#9392 = LINE('',#9393,#9394);
#9393 = CARTESIAN_POINT('',(-86.08779750042,-44.89156081756,20.));
#9394 = VECTOR('',#9395,1.);
#9395 = DIRECTION('',(-0.,-0.,-1.));
#9396 = PCURVE('',#1772,#9397);
#9397 = DEFINITIONAL_REPRESENTATION('',(#9398),#9402);
#9398 = LINE('',#9399,#9400);
#9399 = CARTESIAN_POINT('',(0.,0.));
#9400 = VECTOR('',#9401,1.);
#9401 = DIRECTION('',(0.,-1.));
#9402 = ( GEOMETRIC_REPRESENTATION_CONTEXT(2) 
PARAMETRIC_REPRESENTATION_CONTEXT() REPRESENTATION_CONTEXT('2D SPACE',''
  ) );
#9403 = PCURVE('',#9404,#9409);
#9404 = PLANE('',#9405);
#9405 = AXIS2_PLACEMENT_3D('',#9406,#9407,#9408);
#9406 = CARTESIAN_POINT('',(-86.08779750042,-44.89156081756,20.));
#9407 = DIRECTION('',(-0.866025403784,-0.5,0.));
#9408 = DIRECTION('',(0.5,-0.866025403784,0.));
#9409 = DEFINITIONAL_REPRESENTATION('',(#9410),#9414);
#9410 = LINE('',#9411,#9412);
#9411 = CARTESIAN_POINT('',(0.,0.));
#9412 = VECTOR('',#9413,1.);
#9413 = DIRECTION('',(0.,-1.));
#9414 = ( GEOMETRIC_REPRESENTATION_CONTEXT(2) 
PARAMETRIC_REPRESENTATION_CONTEXT() REPRESENTATION_CONTEXT('2D SPACE',''
  ) );
#9415 = ORIENTED_EDGE('',*,*,#9416,.T.);
#9416 = EDGE_CURVE('',#9389,#1729,#9417,.T.);
#9417 = SURFACE_CURVE('',#9418,(#9422,#9429),.PCURVE_S1.);
#9418 = LINE('',#9419,#9420);
#9419 = CARTESIAN_POINT('',(-88.68587371177,-46.39156081756,11.));
#9420 = VECTOR('',#9421,1.);
#9421 = DIRECTION('',(-0.866025403784,-0.5,0.));
#9422 = PCURVE('',#1772,#9423);
#9423 = DEFINITIONAL_REPRESENTATION('',(#9424),#9428);
#9424 = LINE('',#9425,#9426);
#9425 = CARTESIAN_POINT('',(3.,-9.));
#9426 = VECTOR('',#9427,1.);
#9427 = DIRECTION('',(1.,0.));
#9428 = ( GEOMETRIC_REPRESENTATION_CONTEXT(2) 
PARAMETRIC_REPRESENTATION_CONTEXT() REPRESENTATION_CONTEXT('2D SPACE',''
  ) );
#9429 = PCURVE('',#1745,#9430);
#9430 = DEFINITIONAL_REPRESENTATION('',(#9431),#9435);
#9431 = LINE('',#9432,#9433);
#9432 = CARTESIAN_POINT('',(0.,-4.166666666667));
#9433 = VECTOR('',#9434,1.);
#9434 = DIRECTION('',(1.,0.));
#9435 = ( GEOMETRIC_REPRESENTATION_CONTEXT(2) 
PARAMETRIC_REPRESENTATION_CONTEXT() REPRESENTATION_CONTEXT('2D SPACE',''
  ) );
#9436 = ORIENTED_EDGE('',*,*,#1757,.T.);
#9437 = ORIENTED_EDGE('',*,*,#9314,.F.);
#9438 = ADVANCED_FACE('',(#9439),#1745,.T.);
#9439 = FACE_BOUND('',#9440,.T.);
#9440 = EDGE_LOOP('',(#9441,#9464,#9465,#9466));
#9441 = ORIENTED_EDGE('',*,*,#9442,.F.);
#9442 = EDGE_CURVE('',#9389,#9443,#9445,.T.);
#9443 = VERTEX_POINT('',#9444);
#9444 = CARTESIAN_POINT('',(-81.92113083375,-52.10843918243,11.));
#9445 = SURFACE_CURVE('',#9446,(#9450,#9457),.PCURVE_S1.);
#9446 = LINE('',#9447,#9448);
#9447 = CARTESIAN_POINT('',(-84.00446416709,-48.5,11.));
#9448 = VECTOR('',#9449,1.);
#9449 = DIRECTION('',(0.5,-0.866025403784,0.));
#9450 = PCURVE('',#1745,#9451);
#9451 = DEFINITIONAL_REPRESENTATION('',(#9452),#9456);
#9452 = LINE('',#9453,#9454);
#9453 = CARTESIAN_POINT('',(-3.,0.));
#9454 = VECTOR('',#9455,1.);
#9455 = DIRECTION('',(0.,1.));
#9456 = ( GEOMETRIC_REPRESENTATION_CONTEXT(2) 
PARAMETRIC_REPRESENTATION_CONTEXT() REPRESENTATION_CONTEXT('2D SPACE',''
  ) );
#9457 = PCURVE('',#9404,#9458);
#9458 = DEFINITIONAL_REPRESENTATION('',(#9459),#9463);
#9459 = LINE('',#9460,#9461);
#9460 = CARTESIAN_POINT('',(4.166666666667,-9.));
#9461 = VECTOR('',#9462,1.);
#9462 = DIRECTION('',(1.,0.));
#9463 = ( GEOMETRIC_REPRESENTATION_CONTEXT(2) 
PARAMETRIC_REPRESENTATION_CONTEXT() REPRESENTATION_CONTEXT('2D SPACE',''
  ) );
#9464 = ORIENTED_EDGE('',*,*,#9416,.T.);
#9465 = ORIENTED_EDGE('',*,*,#1728,.T.);
#9466 = ORIENTED_EDGE('',*,*,#9467,.F.);
#9467 = EDGE_CURVE('',#9443,#1703,#9468,.T.);
#9468 = SURFACE_CURVE('',#9469,(#9473,#9480),.PCURVE_S1.);
#9469 = LINE('',#9470,#9471);
#9470 = CARTESIAN_POINT('',(-84.51920704511,-53.60843918243,11.));
#9471 = VECTOR('',#9472,1.);
#9472 = DIRECTION('',(-0.866025403784,-0.5,0.));
#9473 = PCURVE('',#1745,#9474);
#9474 = DEFINITIONAL_REPRESENTATION('',(#9475),#9479);
#9475 = LINE('',#9476,#9477);
#9476 = CARTESIAN_POINT('',(0.,4.166666666667));
#9477 = VECTOR('',#9478,1.);
#9478 = DIRECTION('',(1.,0.));
#9479 = ( GEOMETRIC_REPRESENTATION_CONTEXT(2) 
PARAMETRIC_REPRESENTATION_CONTEXT() REPRESENTATION_CONTEXT('2D SPACE',''
  ) );
#9480 = PCURVE('',#1717,#9481);
#9481 = DEFINITIONAL_REPRESENTATION('',(#9482),#9486);
#9482 = LINE('',#9483,#9484);
#9483 = CARTESIAN_POINT('',(3.,-9.));
#9484 = VECTOR('',#9485,1.);
#9485 = DIRECTION('',(1.,0.));
#9486 = ( GEOMETRIC_REPRESENTATION_CONTEXT(2) 
PARAMETRIC_REPRESENTATION_CONTEXT() REPRESENTATION_CONTEXT('2D SPACE',''
  ) );
#9487 = ADVANCED_FACE('',(#9488),#1717,.T.);
#9488 = FACE_BOUND('',#9489,.T.);
#9489 = EDGE_LOOP('',(#9490,#9513,#9534,#9535,#9536));
#9490 = ORIENTED_EDGE('',*,*,#9491,.F.);
#9491 = EDGE_CURVE('',#9492,#9494,#9496,.T.);
#9492 = VERTEX_POINT('',#9493);
#9493 = CARTESIAN_POINT('',(-81.92113083375,-52.10843918243,19.));
#9494 = VERTEX_POINT('',#9495);
#9495 = CARTESIAN_POINT('',(-83.14381414132,-52.81435571919,19.));
#9496 = SURFACE_CURVE('',#9497,(#9501,#9507),.PCURVE_S1.);
#9497 = LINE('',#9498,#9499);
#9498 = CARTESIAN_POINT('',(-39.91889875021,-27.85843918243,19.));
#9499 = VECTOR('',#9500,1.);
#9500 = DIRECTION('',(-0.866025403784,-0.5,0.));
#9501 = PCURVE('',#1717,#9502);
#9502 = DEFINITIONAL_REPRESENTATION('',(#9503),#9506);
#9503 = B_SPLINE_CURVE_WITH_KNOTS('',1,(#9504,#9505),.UNSPECIFIED.,.F.,
  .F.,(2,2),(48.5,54.5),.PIECEWISE_BEZIER_KNOTS.);
#9504 = CARTESIAN_POINT('',(0.,-1.));
#9505 = CARTESIAN_POINT('',(6.,-1.));
#9506 = ( GEOMETRIC_REPRESENTATION_CONTEXT(2) 
PARAMETRIC_REPRESENTATION_CONTEXT() REPRESENTATION_CONTEXT('2D SPACE',''
  ) );
#9507 = PCURVE('',#4211,#9508);
#9508 = DEFINITIONAL_REPRESENTATION('',(#9509),#9512);
#9509 = B_SPLINE_CURVE_WITH_KNOTS('',1,(#9510,#9511),.UNSPECIFIED.,.F.,
  .F.,(2,2),(48.5,54.5),.PIECEWISE_BEZIER_KNOTS.);
#9510 = CARTESIAN_POINT('',(-81.92113083375,-52.10843918243));
#9511 = CARTESIAN_POINT('',(-87.11728325646,-55.10843918243));
#9512 = ( GEOMETRIC_REPRESENTATION_CONTEXT(2) 
PARAMETRIC_REPRESENTATION_CONTEXT() REPRESENTATION_CONTEXT('2D SPACE',''
  ) );
#9513 = ORIENTED_EDGE('',*,*,#9514,.T.);
#9514 = EDGE_CURVE('',#9492,#9443,#9515,.T.);
#9515 = SURFACE_CURVE('',#9516,(#9520,#9527),.PCURVE_S1.);
#9516 = LINE('',#9517,#9518);
#9517 = CARTESIAN_POINT('',(-81.92113083375,-52.10843918243,20.));
#9518 = VECTOR('',#9519,1.);
#9519 = DIRECTION('',(-0.,-0.,-1.));
#9520 = PCURVE('',#1717,#9521);
#9521 = DEFINITIONAL_REPRESENTATION('',(#9522),#9526);
#9522 = LINE('',#9523,#9524);
#9523 = CARTESIAN_POINT('',(0.,0.));
#9524 = VECTOR('',#9525,1.);
#9525 = DIRECTION('',(0.,-1.));
#9526 = ( GEOMETRIC_REPRESENTATION_CONTEXT(2) 
PARAMETRIC_REPRESENTATION_CONTEXT() REPRESENTATION_CONTEXT('2D SPACE',''
  ) );
#9527 = PCURVE('',#9404,#9528);
#9528 = DEFINITIONAL_REPRESENTATION('',(#9529),#9533);
#9529 = LINE('',#9530,#9531);
#9530 = CARTESIAN_POINT('',(8.333333333333,0.));
#9531 = VECTOR('',#9532,1.);
#9532 = DIRECTION('',(0.,-1.));
#9533 = ( GEOMETRIC_REPRESENTATION_CONTEXT(2) 
PARAMETRIC_REPRESENTATION_CONTEXT() REPRESENTATION_CONTEXT('2D SPACE',''
  ) );
#9534 = ORIENTED_EDGE('',*,*,#9467,.T.);
#9535 = ORIENTED_EDGE('',*,*,#1702,.T.);
#9536 = ORIENTED_EDGE('',*,*,#9537,.F.);
#9537 = EDGE_CURVE('',#9494,#1674,#9538,.T.);
#9538 = SURFACE_CURVE('',#9539,(#9544,#9551),.PCURVE_S1.);
#9539 = HYPERBOLA('',#9540,4.166666666667,4.166666666667);
#9540 = AXIS2_PLACEMENT_3D('',#9541,#9542,#9543);
#9541 = CARTESIAN_POINT('',(2.083333333333,-3.608439182435,117.5));
#9542 = DIRECTION('',(-0.5,0.866025403784,0.));
#9543 = DIRECTION('',(-0.,0.,-1.));
#9544 = PCURVE('',#1717,#9545);
#9545 = DEFINITIONAL_REPRESENTATION('',(#9546),#9550);
#9546 = ( BOUNDED_CURVE() B_SPLINE_CURVE(2,(#9547,#9548,#9549),
.UNSPECIFIED.,.F.,.F.) B_SPLINE_CURVE_WITH_KNOTS((3,3),(3.855639725068,
3.870766700287),.PIECEWISE_BEZIER_KNOTS.) CURVE() 
GEOMETRIC_REPRESENTATION_ITEM() RATIONAL_B_SPLINE_CURVE((1.,
1.000028603309,1.)) REPRESENTATION_ITEM('') );
#9547 = CARTESIAN_POINT('',(1.411833073512,-1.));
#9548 = CARTESIAN_POINT('',(2.156822397057,-1.744322486804));
#9549 = CARTESIAN_POINT('',(2.913156735682,-2.5));
#9550 = ( GEOMETRIC_REPRESENTATION_CONTEXT(2) 
PARAMETRIC_REPRESENTATION_CONTEXT() REPRESENTATION_CONTEXT('2D SPACE',''
  ) );
#9551 = PCURVE('',#1690,#9552);
#9552 = DEFINITIONAL_REPRESENTATION('',(#9553),#9560);
#9553 = B_SPLINE_CURVE_WITH_KNOTS('',5,(#9554,#9555,#9556,#9557,#9558,
    #9559),.UNSPECIFIED.,.F.,.F.,(6,6),(3.855639725068,3.870766700287),
  .PIECEWISE_BEZIER_KNOTS.);
#9554 = CARTESIAN_POINT('',(-3.707505239345,-1.5));
#9555 = CARTESIAN_POINT('',(-3.707377261551,-1.202265327971));
#9556 = CARTESIAN_POINT('',(-3.707249767303,-0.903403690948));
#9557 = CARTESIAN_POINT('',(-3.70712275417,-0.603409411496));
#9558 = CARTESIAN_POINT('',(-3.706996219737,-0.302276769196));
#9559 = CARTESIAN_POINT('',(-3.706870161611,-1.42108547152E-14));
#9560 = ( GEOMETRIC_REPRESENTATION_CONTEXT(2) 
PARAMETRIC_REPRESENTATION_CONTEXT() REPRESENTATION_CONTEXT('2D SPACE',''
  ) );
#9561 = ADVANCED_FACE('',(#9562),#1690,.T.);
#9562 = FACE_BOUND('',#9563,.T.);
#9563 = EDGE_LOOP('',(#9564,#9565,#9592,#9614));
#9564 = ORIENTED_EDGE('',*,*,#1673,.T.);
#9565 = ORIENTED_EDGE('',*,*,#9566,.F.);
#9566 = EDGE_CURVE('',#9567,#1648,#9569,.T.);
#9567 = VERTEX_POINT('',#9568);
#9568 = CARTESIAN_POINT('',(-78.06611957014,-60.06605509986,19.));
#9569 = SURFACE_CURVE('',#9570,(#9575,#9585),.PCURVE_S1.);
#9570 = HYPERBOLA('',#9571,4.166666666667,4.166666666667);
#9571 = AXIS2_PLACEMENT_3D('',#9572,#9573,#9574);
#9572 = CARTESIAN_POINT('',(-2.678281707027,3.191851846329,117.5));
#9573 = DIRECTION('',(-0.642787609687,0.766044443119,0.));
#9574 = DIRECTION('',(-0.,0.,-1.));
#9575 = PCURVE('',#1690,#9576);
#9576 = DEFINITIONAL_REPRESENTATION('',(#9577),#9584);
#9577 = B_SPLINE_CURVE_WITH_KNOTS('',5,(#9578,#9579,#9580,#9581,#9582,
    #9583),.UNSPECIFIED.,.F.,.F.,(6,6),(3.855639725068,3.870766700287),
  .PIECEWISE_BEZIER_KNOTS.);
#9578 = CARTESIAN_POINT('',(-3.797410544231,-1.5));
#9579 = CARTESIAN_POINT('',(-3.797538522025,-1.202265327971));
#9580 = CARTESIAN_POINT('',(-3.797666016272,-0.903403690949));
#9581 = CARTESIAN_POINT('',(-3.797793029406,-0.603409411496));
#9582 = CARTESIAN_POINT('',(-3.797919563838,-0.302276769196));
#9583 = CARTESIAN_POINT('',(-3.798045621965,2.13162820728E-14));
#9584 = ( GEOMETRIC_REPRESENTATION_CONTEXT(2) 
PARAMETRIC_REPRESENTATION_CONTEXT() REPRESENTATION_CONTEXT('2D SPACE',''
  ) );
#9585 = PCURVE('',#1662,#9586);
#9586 = DEFINITIONAL_REPRESENTATION('',(#9587),#9591);
#9587 = ( BOUNDED_CURVE() B_SPLINE_CURVE(2,(#9588,#9589,#9590),
.UNSPECIFIED.,.F.,.F.) B_SPLINE_CURVE_WITH_KNOTS((3,3),(3.855639725068,
3.870766700287),.PIECEWISE_BEZIER_KNOTS.) CURVE() 
GEOMETRIC_REPRESENTATION_ITEM() RATIONAL_B_SPLINE_CURVE((1.,
1.000028603309,1.)) REPRESENTATION_ITEM('') );
#9588 = CARTESIAN_POINT('',(1.411833073512,-1.));
#9589 = CARTESIAN_POINT('',(2.156822397057,-1.744322486804));
#9590 = CARTESIAN_POINT('',(2.913156735682,-2.5));
#9591 = ( GEOMETRIC_REPRESENTATION_CONTEXT(2) 
PARAMETRIC_REPRESENTATION_CONTEXT() REPRESENTATION_CONTEXT('2D SPACE',''
  ) );
#9592 = ORIENTED_EDGE('',*,*,#9593,.F.);
#9593 = EDGE_CURVE('',#9494,#9567,#9594,.T.);
#9594 = SURFACE_CURVE('',#9595,(#9600,#9607),.PCURVE_S1.);
#9595 = CIRCLE('',#9596,98.5);
#9596 = AXIS2_PLACEMENT_3D('',#9597,#9598,#9599);
#9597 = CARTESIAN_POINT('',(0.,0.,19.));
#9598 = DIRECTION('',(0.,0.,1.));
#9599 = DIRECTION('',(1.,0.,-0.));
#9600 = PCURVE('',#1690,#9601);
#9601 = DEFINITIONAL_REPRESENTATION('',(#9602),#9606);
#9602 = LINE('',#9603,#9604);
#9603 = CARTESIAN_POINT('',(-0.,-1.5));
#9604 = VECTOR('',#9605,1.);
#9605 = DIRECTION('',(-1.,-0.));
#9606 = ( GEOMETRIC_REPRESENTATION_CONTEXT(2) 
PARAMETRIC_REPRESENTATION_CONTEXT() REPRESENTATION_CONTEXT('2D SPACE',''
  ) );
#9607 = PCURVE('',#4211,#9608);
#9608 = DEFINITIONAL_REPRESENTATION('',(#9609),#9613);
#9609 = CIRCLE('',#9610,98.5);
#9610 = AXIS2_PLACEMENT_2D('',#9611,#9612);
#9611 = CARTESIAN_POINT('',(0.,0.));
#9612 = DIRECTION('',(1.,0.));
#9613 = ( GEOMETRIC_REPRESENTATION_CONTEXT(2) 
PARAMETRIC_REPRESENTATION_CONTEXT() REPRESENTATION_CONTEXT('2D SPACE',''
  ) );
#9614 = ORIENTED_EDGE('',*,*,#9537,.T.);
#9615 = ADVANCED_FACE('',(#9616),#1662,.F.);
#9616 = FACE_BOUND('',#9617,.F.);
#9617 = EDGE_LOOP('',(#9618,#9639,#9667,#9688,#9689));
#9618 = ORIENTED_EDGE('',*,*,#9619,.F.);
#9619 = EDGE_CURVE('',#9620,#9567,#9622,.T.);
#9620 = VERTEX_POINT('',#9621);
#9621 = CARTESIAN_POINT('',(-76.98459268956,-59.15854629326,19.));
#9622 = SURFACE_CURVE('',#9623,(#9627,#9633),.PCURVE_S1.);
#9623 = LINE('',#9624,#9625);
#9624 = CARTESIAN_POINT('',(-39.83143719829,-27.98334722346,19.));
#9625 = VECTOR('',#9626,1.);
#9626 = DIRECTION('',(-0.766044443119,-0.642787609687,0.));
#9627 = PCURVE('',#1662,#9628);
#9628 = DEFINITIONAL_REPRESENTATION('',(#9629),#9632);
#9629 = B_SPLINE_CURVE_WITH_KNOTS('',1,(#9630,#9631),.UNSPECIFIED.,.F.,
  .F.,(2,2),(48.5,54.5),.PIECEWISE_BEZIER_KNOTS.);
#9630 = CARTESIAN_POINT('',(-1.42108547152E-14,-1.));
#9631 = CARTESIAN_POINT('',(6.,-1.));
#9632 = ( GEOMETRIC_REPRESENTATION_CONTEXT(2) 
PARAMETRIC_REPRESENTATION_CONTEXT() REPRESENTATION_CONTEXT('2D SPACE',''
  ) );
#9633 = PCURVE('',#4211,#9634);
#9634 = DEFINITIONAL_REPRESENTATION('',(#9635),#9638);
#9635 = B_SPLINE_CURVE_WITH_KNOTS('',1,(#9636,#9637),.UNSPECIFIED.,.F.,
  .F.,(2,2),(48.5,54.5),.PIECEWISE_BEZIER_KNOTS.);
#9636 = CARTESIAN_POINT('',(-76.98459268956,-59.15854629326));
#9637 = CARTESIAN_POINT('',(-81.58085934828,-63.01527195138));
#9638 = ( GEOMETRIC_REPRESENTATION_CONTEXT(2) 
PARAMETRIC_REPRESENTATION_CONTEXT() REPRESENTATION_CONTEXT('2D SPACE',''
  ) );
#9639 = ORIENTED_EDGE('',*,*,#9640,.T.);
#9640 = EDGE_CURVE('',#9620,#9641,#9643,.T.);
#9641 = VERTEX_POINT('',#9642);
#9642 = CARTESIAN_POINT('',(-76.98459268956,-59.15854629326,11.));
#9643 = SURFACE_CURVE('',#9644,(#9648,#9655),.PCURVE_S1.);
#9644 = LINE('',#9645,#9646);
#9645 = CARTESIAN_POINT('',(-76.98459268956,-59.15854629326,20.));
#9646 = VECTOR('',#9647,1.);
#9647 = DIRECTION('',(-0.,-0.,-1.));
#9648 = PCURVE('',#1662,#9649);
#9649 = DEFINITIONAL_REPRESENTATION('',(#9650),#9654);
#9650 = LINE('',#9651,#9652);
#9651 = CARTESIAN_POINT('',(-1.545342695355E-14,0.));
#9652 = VECTOR('',#9653,1.);
#9653 = DIRECTION('',(0.,-1.));
#9654 = ( GEOMETRIC_REPRESENTATION_CONTEXT(2) 
PARAMETRIC_REPRESENTATION_CONTEXT() REPRESENTATION_CONTEXT('2D SPACE',''
  ) );
#9655 = PCURVE('',#9656,#9661);
#9656 = PLANE('',#9657);
#9657 = AXIS2_PLACEMENT_3D('',#9658,#9659,#9660);
#9658 = CARTESIAN_POINT('',(-76.98459268956,-59.15854629326,20.));
#9659 = DIRECTION('',(-0.766044443119,-0.642787609687,0.));
#9660 = DIRECTION('',(0.642787609687,-0.766044443119,0.));
#9661 = DEFINITIONAL_REPRESENTATION('',(#9662),#9666);
#9662 = LINE('',#9663,#9664);
#9663 = CARTESIAN_POINT('',(0.,0.));
#9664 = VECTOR('',#9665,1.);
#9665 = DIRECTION('',(0.,-1.));
#9666 = ( GEOMETRIC_REPRESENTATION_CONTEXT(2) 
PARAMETRIC_REPRESENTATION_CONTEXT() REPRESENTATION_CONTEXT('2D SPACE',''
  ) );
#9667 = ORIENTED_EDGE('',*,*,#9668,.T.);
#9668 = EDGE_CURVE('',#9641,#1619,#9669,.T.);
#9669 = SURFACE_CURVE('',#9670,(#9674,#9681),.PCURVE_S1.);
#9670 = LINE('',#9671,#9672);
#9671 = CARTESIAN_POINT('',(-79.28272601892,-61.08690912232,11.));
#9672 = VECTOR('',#9673,1.);
#9673 = DIRECTION('',(-0.766044443119,-0.642787609687,0.));
#9674 = PCURVE('',#1662,#9675);
#9675 = DEFINITIONAL_REPRESENTATION('',(#9676),#9680);
#9676 = LINE('',#9677,#9678);
#9677 = CARTESIAN_POINT('',(3.,-9.));
#9678 = VECTOR('',#9679,1.);
#9679 = DIRECTION('',(1.,0.));
#9680 = ( GEOMETRIC_REPRESENTATION_CONTEXT(2) 
PARAMETRIC_REPRESENTATION_CONTEXT() REPRESENTATION_CONTEXT('2D SPACE',''
  ) );
#9681 = PCURVE('',#1635,#9682);
#9682 = DEFINITIONAL_REPRESENTATION('',(#9683),#9687);
#9683 = LINE('',#9684,#9685);
#9684 = CARTESIAN_POINT('',(0.,-4.166666666667));
#9685 = VECTOR('',#9686,1.);
#9686 = DIRECTION('',(1.,0.));
#9687 = ( GEOMETRIC_REPRESENTATION_CONTEXT(2) 
PARAMETRIC_REPRESENTATION_CONTEXT() REPRESENTATION_CONTEXT('2D SPACE',''
  ) );
#9688 = ORIENTED_EDGE('',*,*,#1647,.T.);
#9689 = ORIENTED_EDGE('',*,*,#9566,.F.);
#9690 = ADVANCED_FACE('',(#9691),#1635,.T.);
#9691 = FACE_BOUND('',#9692,.T.);
#9692 = EDGE_LOOP('',(#9693,#9716,#9717,#9718));
#9693 = ORIENTED_EDGE('',*,*,#9694,.F.);
#9694 = EDGE_CURVE('',#9641,#9695,#9697,.T.);
#9695 = VERTEX_POINT('',#9696);
#9696 = CARTESIAN_POINT('',(-71.62802927551,-65.54224998592,11.));
#9697 = SURFACE_CURVE('',#9698,(#9702,#9709),.PCURVE_S1.);
#9698 = LINE('',#9699,#9700);
#9699 = CARTESIAN_POINT('',(-74.30631098254,-62.35039813959,11.));
#9700 = VECTOR('',#9701,1.);
#9701 = DIRECTION('',(0.642787609687,-0.766044443119,0.));
#9702 = PCURVE('',#1635,#9703);
#9703 = DEFINITIONAL_REPRESENTATION('',(#9704),#9708);
#9704 = LINE('',#9705,#9706);
#9705 = CARTESIAN_POINT('',(-3.,0.));
#9706 = VECTOR('',#9707,1.);
#9707 = DIRECTION('',(0.,1.));
#9708 = ( GEOMETRIC_REPRESENTATION_CONTEXT(2) 
PARAMETRIC_REPRESENTATION_CONTEXT() REPRESENTATION_CONTEXT('2D SPACE',''
  ) );
#9709 = PCURVE('',#9656,#9710);
#9710 = DEFINITIONAL_REPRESENTATION('',(#9711),#9715);
#9711 = LINE('',#9712,#9713);
#9712 = CARTESIAN_POINT('',(4.166666666667,-9.));
#9713 = VECTOR('',#9714,1.);
#9714 = DIRECTION('',(1.,0.));
#9715 = ( GEOMETRIC_REPRESENTATION_CONTEXT(2) 
PARAMETRIC_REPRESENTATION_CONTEXT() REPRESENTATION_CONTEXT('2D SPACE',''
  ) );
#9716 = ORIENTED_EDGE('',*,*,#9668,.T.);
#9717 = ORIENTED_EDGE('',*,*,#1618,.T.);
#9718 = ORIENTED_EDGE('',*,*,#9719,.F.);
#9719 = EDGE_CURVE('',#9695,#1593,#9720,.T.);
#9720 = SURFACE_CURVE('',#9721,(#9725,#9732),.PCURVE_S1.);
#9721 = LINE('',#9722,#9723);
#9722 = CARTESIAN_POINT('',(-73.92616260487,-67.47061281498,11.));
#9723 = VECTOR('',#9724,1.);
#9724 = DIRECTION('',(-0.766044443119,-0.642787609687,0.));
#9725 = PCURVE('',#1635,#9726);
#9726 = DEFINITIONAL_REPRESENTATION('',(#9727),#9731);
#9727 = LINE('',#9728,#9729);
#9728 = CARTESIAN_POINT('',(0.,4.166666666667));
#9729 = VECTOR('',#9730,1.);
#9730 = DIRECTION('',(1.,0.));
#9731 = ( GEOMETRIC_REPRESENTATION_CONTEXT(2) 
PARAMETRIC_REPRESENTATION_CONTEXT() REPRESENTATION_CONTEXT('2D SPACE',''
  ) );
#9732 = PCURVE('',#1607,#9733);
#9733 = DEFINITIONAL_REPRESENTATION('',(#9734),#9738);
#9734 = LINE('',#9735,#9736);
#9735 = CARTESIAN_POINT('',(3.,-9.));
#9736 = VECTOR('',#9737,1.);
#9737 = DIRECTION('',(1.,0.));
#9738 = ( GEOMETRIC_REPRESENTATION_CONTEXT(2) 
PARAMETRIC_REPRESENTATION_CONTEXT() REPRESENTATION_CONTEXT('2D SPACE',''
  ) );
#9739 = ADVANCED_FACE('',(#9740),#1607,.T.);
#9740 = FACE_BOUND('',#9741,.T.);
#9741 = EDGE_LOOP('',(#9742,#9765,#9786,#9787,#9788));
#9742 = ORIENTED_EDGE('',*,*,#9743,.F.);
#9743 = EDGE_CURVE('',#9744,#9746,#9748,.T.);
#9744 = VERTEX_POINT('',#9745);
#9745 = CARTESIAN_POINT('',(-71.62802927551,-65.54224998592,19.));
#9746 = VERTEX_POINT('',#9747);
#9747 = CARTESIAN_POINT('',(-72.70955615608,-66.44975879252,19.));
#9748 = SURFACE_CURVE('',#9749,(#9753,#9759),.PCURVE_S1.);
#9749 = LINE('',#9750,#9751);
#9750 = CARTESIAN_POINT('',(-34.47487378424,-34.36705091612,19.));
#9751 = VECTOR('',#9752,1.);
#9752 = DIRECTION('',(-0.766044443119,-0.642787609687,0.));
#9753 = PCURVE('',#1607,#9754);
#9754 = DEFINITIONAL_REPRESENTATION('',(#9755),#9758);
#9755 = B_SPLINE_CURVE_WITH_KNOTS('',1,(#9756,#9757),.UNSPECIFIED.,.F.,
  .F.,(2,2),(48.5,54.5),.PIECEWISE_BEZIER_KNOTS.);
#9756 = CARTESIAN_POINT('',(0.,-1.));
#9757 = CARTESIAN_POINT('',(6.,-1.));
#9758 = ( GEOMETRIC_REPRESENTATION_CONTEXT(2) 
PARAMETRIC_REPRESENTATION_CONTEXT() REPRESENTATION_CONTEXT('2D SPACE',''
  ) );
#9759 = PCURVE('',#4211,#9760);
#9760 = DEFINITIONAL_REPRESENTATION('',(#9761),#9764);
#9761 = B_SPLINE_CURVE_WITH_KNOTS('',1,(#9762,#9763),.UNSPECIFIED.,.F.,
  .F.,(2,2),(48.5,54.5),.PIECEWISE_BEZIER_KNOTS.);
#9762 = CARTESIAN_POINT('',(-71.62802927551,-65.54224998592));
#9763 = CARTESIAN_POINT('',(-76.22429593422,-69.39897564404));
#9764 = ( GEOMETRIC_REPRESENTATION_CONTEXT(2) 
PARAMETRIC_REPRESENTATION_CONTEXT() REPRESENTATION_CONTEXT('2D SPACE',''
  ) );
#9765 = ORIENTED_EDGE('',*,*,#9766,.T.);
#9766 = EDGE_CURVE('',#9744,#9695,#9767,.T.);
#9767 = SURFACE_CURVE('',#9768,(#9772,#9779),.PCURVE_S1.);
#9768 = LINE('',#9769,#9770);
#9769 = CARTESIAN_POINT('',(-71.62802927551,-65.54224998592,20.));
#9770 = VECTOR('',#9771,1.);
#9771 = DIRECTION('',(-0.,-0.,-1.));
#9772 = PCURVE('',#1607,#9773);
#9773 = DEFINITIONAL_REPRESENTATION('',(#9774),#9778);
#9774 = LINE('',#9775,#9776);
#9775 = CARTESIAN_POINT('',(0.,0.));
#9776 = VECTOR('',#9777,1.);
#9777 = DIRECTION('',(0.,-1.));
#9778 = ( GEOMETRIC_REPRESENTATION_CONTEXT(2) 
PARAMETRIC_REPRESENTATION_CONTEXT() REPRESENTATION_CONTEXT('2D SPACE',''
  ) );
#9779 = PCURVE('',#9656,#9780);
#9780 = DEFINITIONAL_REPRESENTATION('',(#9781),#9785);
#9781 = LINE('',#9782,#9783);
#9782 = CARTESIAN_POINT('',(8.333333333333,0.));
#9783 = VECTOR('',#9784,1.);
#9784 = DIRECTION('',(0.,-1.));
#9785 = ( GEOMETRIC_REPRESENTATION_CONTEXT(2) 
PARAMETRIC_REPRESENTATION_CONTEXT() REPRESENTATION_CONTEXT('2D SPACE',''
  ) );
#9786 = ORIENTED_EDGE('',*,*,#9719,.T.);
#9787 = ORIENTED_EDGE('',*,*,#1592,.T.);
#9788 = ORIENTED_EDGE('',*,*,#9789,.F.);
#9789 = EDGE_CURVE('',#9746,#1564,#9790,.T.);
#9790 = SURFACE_CURVE('',#9791,(#9796,#9803),.PCURVE_S1.);
#9791 = HYPERBOLA('',#9792,4.166666666667,4.166666666667);
#9792 = AXIS2_PLACEMENT_3D('',#9793,#9794,#9795);
#9793 = CARTESIAN_POINT('',(2.678281707027,-3.191851846329,117.5));
#9794 = DIRECTION('',(-0.642787609687,0.766044443119,0.));
#9795 = DIRECTION('',(-0.,0.,-1.));
#9796 = PCURVE('',#1607,#9797);
#9797 = DEFINITIONAL_REPRESENTATION('',(#9798),#9802);
#9798 = ( BOUNDED_CURVE() B_SPLINE_CURVE(2,(#9799,#9800,#9801),
.UNSPECIFIED.,.F.,.F.) B_SPLINE_CURVE_WITH_KNOTS((3,3),(3.855639725068,
3.870766700287),.PIECEWISE_BEZIER_KNOTS.) CURVE() 
GEOMETRIC_REPRESENTATION_ITEM() RATIONAL_B_SPLINE_CURVE((1.,
1.000028603309,1.)) REPRESENTATION_ITEM('') );
#9799 = CARTESIAN_POINT('',(1.411833073513,-1.));
#9800 = CARTESIAN_POINT('',(2.156822397057,-1.744322486804));
#9801 = CARTESIAN_POINT('',(2.913156735682,-2.5));
#9802 = ( GEOMETRIC_REPRESENTATION_CONTEXT(2) 
PARAMETRIC_REPRESENTATION_CONTEXT() REPRESENTATION_CONTEXT('2D SPACE',''
  ) );
#9803 = PCURVE('',#1580,#9804);
#9804 = DEFINITIONAL_REPRESENTATION('',(#9805),#9812);
#9805 = B_SPLINE_CURVE_WITH_KNOTS('',5,(#9806,#9807,#9808,#9809,#9810,
    #9811),.UNSPECIFIED.,.F.,.F.,(6,6),(3.855639725068,3.870766700287),
  .PIECEWISE_BEZIER_KNOTS.);
#9806 = CARTESIAN_POINT('',(-3.882038164544,-1.5));
#9807 = CARTESIAN_POINT('',(-3.88191018675,-1.202265327971));
#9808 = CARTESIAN_POINT('',(-3.881782692503,-0.903403690948));
#9809 = CARTESIAN_POINT('',(-3.881655679369,-0.603409411496));
#9810 = CARTESIAN_POINT('',(-3.881529144937,-0.302276769196));
#9811 = CARTESIAN_POINT('',(-3.88140308681,2.13162820728E-14));
#9812 = ( GEOMETRIC_REPRESENTATION_CONTEXT(2) 
PARAMETRIC_REPRESENTATION_CONTEXT() REPRESENTATION_CONTEXT('2D SPACE',''
  ) );
#9813 = ADVANCED_FACE('',(#9814),#1580,.T.);
#9814 = FACE_BOUND('',#9815,.T.);
#9815 = EDGE_LOOP('',(#9816,#9817,#9844,#9866));
#9816 = ORIENTED_EDGE('',*,*,#1563,.T.);
#9817 = ORIENTED_EDGE('',*,*,#9818,.F.);
#9818 = EDGE_CURVE('',#9819,#1538,#9821,.T.);
#9819 = VERTEX_POINT('',#9820);
#9820 = CARTESIAN_POINT('',(-66.44975879252,-72.70955615608,19.));
#9821 = SURFACE_CURVE('',#9822,(#9827,#9837),.PCURVE_S1.);
#9822 = HYPERBOLA('',#9823,4.166666666667,4.166666666667);
#9823 = AXIS2_PLACEMENT_3D('',#9824,#9825,#9826);
#9824 = CARTESIAN_POINT('',(-3.191851846329,2.678281707027,117.5));
#9825 = DIRECTION('',(-0.766044443119,0.642787609687,0.));
#9826 = DIRECTION('',(-0.,0.,-1.));
#9827 = PCURVE('',#1580,#9828);
#9828 = DEFINITIONAL_REPRESENTATION('',(#9829),#9836);
#9829 = B_SPLINE_CURVE_WITH_KNOTS('',5,(#9830,#9831,#9832,#9833,#9834,
    #9835),.UNSPECIFIED.,.F.,.F.,(6,6),(3.855639725068,3.870766700287),
  .PIECEWISE_BEZIER_KNOTS.);
#9830 = CARTESIAN_POINT('',(-3.97194346943,-1.5));
#9831 = CARTESIAN_POINT('',(-3.972071447224,-1.202265327971));
#9832 = CARTESIAN_POINT('',(-3.972198941472,-0.903403690948));
#9833 = CARTESIAN_POINT('',(-3.972325954605,-0.603409411496));
#9834 = CARTESIAN_POINT('',(-3.972452489038,-0.302276769196));
#9835 = CARTESIAN_POINT('',(-3.972578547164,0.));
#9836 = ( GEOMETRIC_REPRESENTATION_CONTEXT(2) 
PARAMETRIC_REPRESENTATION_CONTEXT() REPRESENTATION_CONTEXT('2D SPACE',''
  ) );
#9837 = PCURVE('',#1552,#9838);
#9838 = DEFINITIONAL_REPRESENTATION('',(#9839),#9843);
#9839 = ( BOUNDED_CURVE() B_SPLINE_CURVE(2,(#9840,#9841,#9842),
.UNSPECIFIED.,.F.,.F.) B_SPLINE_CURVE_WITH_KNOTS((3,3),(3.855639725068,
3.870766700287),.PIECEWISE_BEZIER_KNOTS.) CURVE() 
GEOMETRIC_REPRESENTATION_ITEM() RATIONAL_B_SPLINE_CURVE((1.,
1.000028603309,1.)) REPRESENTATION_ITEM('') );
#9840 = CARTESIAN_POINT('',(1.411833073513,-1.));
#9841 = CARTESIAN_POINT('',(2.156822397057,-1.744322486804));
#9842 = CARTESIAN_POINT('',(2.913156735682,-2.5));
#9843 = ( GEOMETRIC_REPRESENTATION_CONTEXT(2) 
PARAMETRIC_REPRESENTATION_CONTEXT() REPRESENTATION_CONTEXT('2D SPACE',''
  ) );
#9844 = ORIENTED_EDGE('',*,*,#9845,.F.);
#9845 = EDGE_CURVE('',#9746,#9819,#9846,.T.);
#9846 = SURFACE_CURVE('',#9847,(#9852,#9859),.PCURVE_S1.);
#9847 = CIRCLE('',#9848,98.5);
#9848 = AXIS2_PLACEMENT_3D('',#9849,#9850,#9851);
#9849 = CARTESIAN_POINT('',(0.,0.,19.));
#9850 = DIRECTION('',(0.,0.,1.));
#9851 = DIRECTION('',(1.,0.,-0.));
#9852 = PCURVE('',#1580,#9853);
#9853 = DEFINITIONAL_REPRESENTATION('',(#9854),#9858);
#9854 = LINE('',#9855,#9856);
#9855 = CARTESIAN_POINT('',(-0.,-1.5));
#9856 = VECTOR('',#9857,1.);
#9857 = DIRECTION('',(-1.,-0.));
#9858 = ( GEOMETRIC_REPRESENTATION_CONTEXT(2) 
PARAMETRIC_REPRESENTATION_CONTEXT() REPRESENTATION_CONTEXT('2D SPACE',''
  ) );
#9859 = PCURVE('',#4211,#9860);
#9860 = DEFINITIONAL_REPRESENTATION('',(#9861),#9865);
#9861 = CIRCLE('',#9862,98.5);
#9862 = AXIS2_PLACEMENT_2D('',#9863,#9864);
#9863 = CARTESIAN_POINT('',(0.,0.));
#9864 = DIRECTION('',(1.,0.));
#9865 = ( GEOMETRIC_REPRESENTATION_CONTEXT(2) 
PARAMETRIC_REPRESENTATION_CONTEXT() REPRESENTATION_CONTEXT('2D SPACE',''
  ) );
#9866 = ORIENTED_EDGE('',*,*,#9789,.T.);
#9867 = ADVANCED_FACE('',(#9868),#1552,.F.);
#9868 = FACE_BOUND('',#9869,.F.);
#9869 = EDGE_LOOP('',(#9870,#9891,#9919,#9940,#9941));
#9870 = ORIENTED_EDGE('',*,*,#9871,.F.);
#9871 = EDGE_CURVE('',#9872,#9819,#9874,.T.);
#9872 = VERTEX_POINT('',#9873);
#9873 = CARTESIAN_POINT('',(-65.54224998592,-71.62802927551,19.));
#9874 = SURFACE_CURVE('',#9875,(#9879,#9885),.PCURVE_S1.);
#9875 = LINE('',#9876,#9877);
#9876 = CARTESIAN_POINT('',(-34.36705091612,-34.47487378424,19.));
#9877 = VECTOR('',#9878,1.);
#9878 = DIRECTION('',(-0.642787609687,-0.766044443119,0.));
#9879 = PCURVE('',#1552,#9880);
#9880 = DEFINITIONAL_REPRESENTATION('',(#9881),#9884);
#9881 = B_SPLINE_CURVE_WITH_KNOTS('',1,(#9882,#9883),.UNSPECIFIED.,.F.,
  .F.,(2,2),(48.5,54.5),.PIECEWISE_BEZIER_KNOTS.);
#9882 = CARTESIAN_POINT('',(0.,-1.));
#9883 = CARTESIAN_POINT('',(6.,-1.));
#9884 = ( GEOMETRIC_REPRESENTATION_CONTEXT(2) 
PARAMETRIC_REPRESENTATION_CONTEXT() REPRESENTATION_CONTEXT('2D SPACE',''
  ) );
#9885 = PCURVE('',#4211,#9886);
#9886 = DEFINITIONAL_REPRESENTATION('',(#9887),#9890);
#9887 = B_SPLINE_CURVE_WITH_KNOTS('',1,(#9888,#9889),.UNSPECIFIED.,.F.,
  .F.,(2,2),(48.5,54.5),.PIECEWISE_BEZIER_KNOTS.);
#9888 = CARTESIAN_POINT('',(-65.54224998592,-71.62802927551));
#9889 = CARTESIAN_POINT('',(-69.39897564404,-76.22429593422));
#9890 = ( GEOMETRIC_REPRESENTATION_CONTEXT(2) 
PARAMETRIC_REPRESENTATION_CONTEXT() REPRESENTATION_CONTEXT('2D SPACE',''
  ) );
#9891 = ORIENTED_EDGE('',*,*,#9892,.T.);
#9892 = EDGE_CURVE('',#9872,#9893,#9895,.T.);
#9893 = VERTEX_POINT('',#9894);
#9894 = CARTESIAN_POINT('',(-65.54224998592,-71.62802927551,11.));
#9895 = SURFACE_CURVE('',#9896,(#9900,#9907),.PCURVE_S1.);
#9896 = LINE('',#9897,#9898);
#9897 = CARTESIAN_POINT('',(-65.54224998592,-71.62802927551,20.));
#9898 = VECTOR('',#9899,1.);
#9899 = DIRECTION('',(-0.,-0.,-1.));
#9900 = PCURVE('',#1552,#9901);
#9901 = DEFINITIONAL_REPRESENTATION('',(#9902),#9906);
#9902 = LINE('',#9903,#9904);
#9903 = CARTESIAN_POINT('',(0.,0.));
#9904 = VECTOR('',#9905,1.);
#9905 = DIRECTION('',(0.,-1.));
#9906 = ( GEOMETRIC_REPRESENTATION_CONTEXT(2) 
PARAMETRIC_REPRESENTATION_CONTEXT() REPRESENTATION_CONTEXT('2D SPACE',''
  ) );
#9907 = PCURVE('',#9908,#9913);
#9908 = PLANE('',#9909);
#9909 = AXIS2_PLACEMENT_3D('',#9910,#9911,#9912);
#9910 = CARTESIAN_POINT('',(-65.54224998592,-71.62802927551,20.));
#9911 = DIRECTION('',(-0.642787609687,-0.766044443119,0.));
#9912 = DIRECTION('',(0.766044443119,-0.642787609687,0.));
#9913 = DEFINITIONAL_REPRESENTATION('',(#9914),#9918);
#9914 = LINE('',#9915,#9916);
#9915 = CARTESIAN_POINT('',(1.088614628655E-14,0.));
#9916 = VECTOR('',#9917,1.);
#9917 = DIRECTION('',(0.,-1.));
#9918 = ( GEOMETRIC_REPRESENTATION_CONTEXT(2) 
PARAMETRIC_REPRESENTATION_CONTEXT() REPRESENTATION_CONTEXT('2D SPACE',''
  ) );
#9919 = ORIENTED_EDGE('',*,*,#9920,.T.);
#9920 = EDGE_CURVE('',#9893,#1509,#9921,.T.);
#9921 = SURFACE_CURVE('',#9922,(#9926,#9933),.PCURVE_S1.);
#9922 = LINE('',#9923,#9924);
#9923 = CARTESIAN_POINT('',(-67.47061281498,-73.92616260487,11.));
#9924 = VECTOR('',#9925,1.);
#9925 = DIRECTION('',(-0.642787609687,-0.766044443119,0.));
#9926 = PCURVE('',#1552,#9927);
#9927 = DEFINITIONAL_REPRESENTATION('',(#9928),#9932);
#9928 = LINE('',#9929,#9930);
#9929 = CARTESIAN_POINT('',(3.,-9.));
#9930 = VECTOR('',#9931,1.);
#9931 = DIRECTION('',(1.,0.));
#9932 = ( GEOMETRIC_REPRESENTATION_CONTEXT(2) 
PARAMETRIC_REPRESENTATION_CONTEXT() REPRESENTATION_CONTEXT('2D SPACE',''
  ) );
#9933 = PCURVE('',#1525,#9934);
#9934 = DEFINITIONAL_REPRESENTATION('',(#9935),#9939);
#9935 = LINE('',#9936,#9937);
#9936 = CARTESIAN_POINT('',(0.,-4.166666666667));
#9937 = VECTOR('',#9938,1.);
#9938 = DIRECTION('',(1.,0.));
#9939 = ( GEOMETRIC_REPRESENTATION_CONTEXT(2) 
PARAMETRIC_REPRESENTATION_CONTEXT() REPRESENTATION_CONTEXT('2D SPACE',''
  ) );
#9940 = ORIENTED_EDGE('',*,*,#1537,.T.);
#9941 = ORIENTED_EDGE('',*,*,#9818,.F.);
#9942 = ADVANCED_FACE('',(#9943),#1525,.T.);
#9943 = FACE_BOUND('',#9944,.T.);
#9944 = EDGE_LOOP('',(#9945,#9968,#9969,#9970));
#9945 = ORIENTED_EDGE('',*,*,#9946,.F.);
#9946 = EDGE_CURVE('',#9893,#9947,#9949,.T.);
#9947 = VERTEX_POINT('',#9948);
#9948 = CARTESIAN_POINT('',(-59.15854629326,-76.98459268956,11.));
#9949 = SURFACE_CURVE('',#9950,(#9954,#9961),.PCURVE_S1.);
#9950 = LINE('',#9951,#9952);
#9951 = CARTESIAN_POINT('',(-62.35039813959,-74.30631098254,11.));
#9952 = VECTOR('',#9953,1.);
#9953 = DIRECTION('',(0.766044443119,-0.642787609687,0.));
#9954 = PCURVE('',#1525,#9955);
#9955 = DEFINITIONAL_REPRESENTATION('',(#9956),#9960);
#9956 = LINE('',#9957,#9958);
#9957 = CARTESIAN_POINT('',(-3.,0.));
#9958 = VECTOR('',#9959,1.);
#9959 = DIRECTION('',(0.,1.));
#9960 = ( GEOMETRIC_REPRESENTATION_CONTEXT(2) 
PARAMETRIC_REPRESENTATION_CONTEXT() REPRESENTATION_CONTEXT('2D SPACE',''
  ) );
#9961 = PCURVE('',#9908,#9962);
#9962 = DEFINITIONAL_REPRESENTATION('',(#9963),#9967);
#9963 = LINE('',#9964,#9965);
#9964 = CARTESIAN_POINT('',(4.166666666667,-9.));
#9965 = VECTOR('',#9966,1.);
#9966 = DIRECTION('',(1.,0.));
#9967 = ( GEOMETRIC_REPRESENTATION_CONTEXT(2) 
PARAMETRIC_REPRESENTATION_CONTEXT() REPRESENTATION_CONTEXT('2D SPACE',''
  ) );
#9968 = ORIENTED_EDGE('',*,*,#9920,.T.);
#9969 = ORIENTED_EDGE('',*,*,#1508,.T.);
#9970 = ORIENTED_EDGE('',*,*,#9971,.F.);
#9971 = EDGE_CURVE('',#9947,#1483,#9972,.T.);
#9972 = SURFACE_CURVE('',#9973,(#9977,#9984),.PCURVE_S1.);
#9973 = LINE('',#9974,#9975);
#9974 = CARTESIAN_POINT('',(-61.08690912232,-79.28272601892,11.));
#9975 = VECTOR('',#9976,1.);
#9976 = DIRECTION('',(-0.642787609687,-0.766044443119,0.));
#9977 = PCURVE('',#1525,#9978);
#9978 = DEFINITIONAL_REPRESENTATION('',(#9979),#9983);
#9979 = LINE('',#9980,#9981);
#9980 = CARTESIAN_POINT('',(0.,4.166666666667));
#9981 = VECTOR('',#9982,1.);
#9982 = DIRECTION('',(1.,0.));
#9983 = ( GEOMETRIC_REPRESENTATION_CONTEXT(2) 
PARAMETRIC_REPRESENTATION_CONTEXT() REPRESENTATION_CONTEXT('2D SPACE',''
  ) );
#9984 = PCURVE('',#1497,#9985);
#9985 = DEFINITIONAL_REPRESENTATION('',(#9986),#9990);
#9986 = LINE('',#9987,#9988);
#9987 = CARTESIAN_POINT('',(3.,-9.));
#9988 = VECTOR('',#9989,1.);
#9989 = DIRECTION('',(1.,0.));
#9990 = ( GEOMETRIC_REPRESENTATION_CONTEXT(2) 
PARAMETRIC_REPRESENTATION_CONTEXT() REPRESENTATION_CONTEXT('2D SPACE',''
  ) );
#9991 = ADVANCED_FACE('',(#9992),#1497,.T.);
#9992 = FACE_BOUND('',#9993,.T.);
#9993 = EDGE_LOOP('',(#9994,#10017,#10038,#10039,#10040));
#9994 = ORIENTED_EDGE('',*,*,#9995,.F.);
#9995 = EDGE_CURVE('',#9996,#9998,#10000,.T.);
#9996 = VERTEX_POINT('',#9997);
#9997 = CARTESIAN_POINT('',(-59.15854629326,-76.98459268956,19.));
#9998 = VERTEX_POINT('',#9999);
#9999 = CARTESIAN_POINT('',(-60.06605509986,-78.06611957014,19.));
#10000 = SURFACE_CURVE('',#10001,(#10005,#10011),.PCURVE_S1.);
#10001 = LINE('',#10002,#10003);
#10002 = CARTESIAN_POINT('',(-27.98334722346,-39.83143719829,19.));
#10003 = VECTOR('',#10004,1.);
#10004 = DIRECTION('',(-0.642787609687,-0.766044443119,0.));
#10005 = PCURVE('',#1497,#10006);
#10006 = DEFINITIONAL_REPRESENTATION('',(#10007),#10010);
#10007 = B_SPLINE_CURVE_WITH_KNOTS('',1,(#10008,#10009),.UNSPECIFIED.,
  .F.,.F.,(2,2),(48.5,54.5),.PIECEWISE_BEZIER_KNOTS.);
#10008 = CARTESIAN_POINT('',(-1.42108547152E-14,-1.));
#10009 = CARTESIAN_POINT('',(6.,-1.));
#10010 = ( GEOMETRIC_REPRESENTATION_CONTEXT(2) 
PARAMETRIC_REPRESENTATION_CONTEXT() REPRESENTATION_CONTEXT('2D SPACE',''
  ) );
#10011 = PCURVE('',#4211,#10012);
#10012 = DEFINITIONAL_REPRESENTATION('',(#10013),#10016);
#10013 = B_SPLINE_CURVE_WITH_KNOTS('',1,(#10014,#10015),.UNSPECIFIED.,
  .F.,.F.,(2,2),(48.5,54.5),.PIECEWISE_BEZIER_KNOTS.);
#10014 = CARTESIAN_POINT('',(-59.15854629326,-76.98459268956));
#10015 = CARTESIAN_POINT('',(-63.01527195138,-81.58085934828));
#10016 = ( GEOMETRIC_REPRESENTATION_CONTEXT(2) 
PARAMETRIC_REPRESENTATION_CONTEXT() REPRESENTATION_CONTEXT('2D SPACE',''
  ) );
#10017 = ORIENTED_EDGE('',*,*,#10018,.T.);
#10018 = EDGE_CURVE('',#9996,#9947,#10019,.T.);
#10019 = SURFACE_CURVE('',#10020,(#10024,#10031),.PCURVE_S1.);
#10020 = LINE('',#10021,#10022);
#10021 = CARTESIAN_POINT('',(-59.15854629326,-76.98459268956,20.));
#10022 = VECTOR('',#10023,1.);
#10023 = DIRECTION('',(-0.,-0.,-1.));
#10024 = PCURVE('',#1497,#10025);
#10025 = DEFINITIONAL_REPRESENTATION('',(#10026),#10030);
#10026 = LINE('',#10027,#10028);
#10027 = CARTESIAN_POINT('',(-1.545342695355E-14,0.));
#10028 = VECTOR('',#10029,1.);
#10029 = DIRECTION('',(0.,-1.));
#10030 = ( GEOMETRIC_REPRESENTATION_CONTEXT(2) 
PARAMETRIC_REPRESENTATION_CONTEXT() REPRESENTATION_CONTEXT('2D SPACE',''
  ) );
#10031 = PCURVE('',#9908,#10032);
#10032 = DEFINITIONAL_REPRESENTATION('',(#10033),#10037);
#10033 = LINE('',#10034,#10035);
#10034 = CARTESIAN_POINT('',(8.333333333333,0.));
#10035 = VECTOR('',#10036,1.);
#10036 = DIRECTION('',(0.,-1.));
#10037 = ( GEOMETRIC_REPRESENTATION_CONTEXT(2) 
PARAMETRIC_REPRESENTATION_CONTEXT() REPRESENTATION_CONTEXT('2D SPACE',''
  ) );
#10038 = ORIENTED_EDGE('',*,*,#9971,.T.);
#10039 = ORIENTED_EDGE('',*,*,#1482,.T.);
#10040 = ORIENTED_EDGE('',*,*,#10041,.F.);
#10041 = EDGE_CURVE('',#9998,#1454,#10042,.T.);
#10042 = SURFACE_CURVE('',#10043,(#10048,#10055),.PCURVE_S1.);
#10043 = HYPERBOLA('',#10044,4.166666666667,4.166666666667);
#10044 = AXIS2_PLACEMENT_3D('',#10045,#10046,#10047);
#10045 = CARTESIAN_POINT('',(3.191851846329,-2.678281707027,117.5));
#10046 = DIRECTION('',(-0.766044443119,0.642787609687,0.));
#10047 = DIRECTION('',(-0.,0.,-1.));
#10048 = PCURVE('',#1497,#10049);
#10049 = DEFINITIONAL_REPRESENTATION('',(#10050),#10054);
#10050 = ( BOUNDED_CURVE() B_SPLINE_CURVE(2,(#10051,#10052,#10053),
.UNSPECIFIED.,.F.,.F.) B_SPLINE_CURVE_WITH_KNOTS((3,3),(3.855639725068,
3.870766700287),.PIECEWISE_BEZIER_KNOTS.) CURVE() 
GEOMETRIC_REPRESENTATION_ITEM() RATIONAL_B_SPLINE_CURVE((1.,
1.000028603309,1.)) REPRESENTATION_ITEM('') );
#10051 = CARTESIAN_POINT('',(1.411833073512,-1.));
#10052 = CARTESIAN_POINT('',(2.156822397057,-1.744322486804));
#10053 = CARTESIAN_POINT('',(2.913156735682,-2.5));
#10054 = ( GEOMETRIC_REPRESENTATION_CONTEXT(2) 
PARAMETRIC_REPRESENTATION_CONTEXT() REPRESENTATION_CONTEXT('2D SPACE',''
  ) );
#10055 = PCURVE('',#1470,#10056);
#10056 = DEFINITIONAL_REPRESENTATION('',(#10057),#10064);
#10057 = B_SPLINE_CURVE_WITH_KNOTS('',5,(#10058,#10059,#10060,#10061,
    #10062,#10063),.UNSPECIFIED.,.F.,.F.,(6,6),(3.855639725068,
    3.870766700287),.PIECEWISE_BEZIER_KNOTS.);
#10058 = CARTESIAN_POINT('',(-4.056571089743,-1.5));
#10059 = CARTESIAN_POINT('',(-4.05644311195,-1.202265327971));
#10060 = CARTESIAN_POINT('',(-4.056315617702,-0.903403690948));
#10061 = CARTESIAN_POINT('',(-4.056188604569,-0.603409411496));
#10062 = CARTESIAN_POINT('',(-4.056062070136,-0.302276769196));
#10063 = CARTESIAN_POINT('',(-4.05593601201,-1.42108547152E-14));
#10064 = ( GEOMETRIC_REPRESENTATION_CONTEXT(2) 
PARAMETRIC_REPRESENTATION_CONTEXT() REPRESENTATION_CONTEXT('2D SPACE',''
  ) );
#10065 = ADVANCED_FACE('',(#10066),#1470,.T.);
#10066 = FACE_BOUND('',#10067,.T.);
#10067 = EDGE_LOOP('',(#10068,#10069,#10096,#10118));
#10068 = ORIENTED_EDGE('',*,*,#1453,.T.);
#10069 = ORIENTED_EDGE('',*,*,#10070,.F.);
#10070 = EDGE_CURVE('',#10071,#1428,#10073,.T.);
#10071 = VERTEX_POINT('',#10072);
#10072 = CARTESIAN_POINT('',(-52.81435571919,-83.14381414132,19.));
#10073 = SURFACE_CURVE('',#10074,(#10079,#10089),.PCURVE_S1.);
#10074 = HYPERBOLA('',#10075,4.166666666667,4.166666666667);
#10075 = AXIS2_PLACEMENT_3D('',#10076,#10077,#10078);
#10076 = CARTESIAN_POINT('',(-3.608439182435,2.083333333333,117.5));
#10077 = DIRECTION('',(-0.866025403784,0.5,0.));
#10078 = DIRECTION('',(-0.,0.,-1.));
#10079 = PCURVE('',#1470,#10080);
#10080 = DEFINITIONAL_REPRESENTATION('',(#10081),#10088);
#10081 = B_SPLINE_CURVE_WITH_KNOTS('',5,(#10082,#10083,#10084,#10085,
    #10086,#10087),.UNSPECIFIED.,.F.,.F.,(6,6),(3.855639725068,
    3.870766700287),.PIECEWISE_BEZIER_KNOTS.);
#10082 = CARTESIAN_POINT('',(-4.14647639463,-1.5));
#10083 = CARTESIAN_POINT('',(-4.146604372424,-1.202265327971));
#10084 = CARTESIAN_POINT('',(-4.146731866671,-0.903403690948));
#10085 = CARTESIAN_POINT('',(-4.146858879805,-0.603409411496));
#10086 = CARTESIAN_POINT('',(-4.146985414237,-0.302276769196));
#10087 = CARTESIAN_POINT('',(-4.147111472364,7.105427357601E-15));
#10088 = ( GEOMETRIC_REPRESENTATION_CONTEXT(2) 
PARAMETRIC_REPRESENTATION_CONTEXT() REPRESENTATION_CONTEXT('2D SPACE',''
  ) );
#10089 = PCURVE('',#1442,#10090);
#10090 = DEFINITIONAL_REPRESENTATION('',(#10091),#10095);
#10091 = ( BOUNDED_CURVE() B_SPLINE_CURVE(2,(#10092,#10093,#10094),
.UNSPECIFIED.,.F.,.F.) B_SPLINE_CURVE_WITH_KNOTS((3,3),(3.855639725068,
3.870766700287),.PIECEWISE_BEZIER_KNOTS.) CURVE() 
GEOMETRIC_REPRESENTATION_ITEM() RATIONAL_B_SPLINE_CURVE((1.,
1.000028603309,1.)) REPRESENTATION_ITEM('') );
#10092 = CARTESIAN_POINT('',(1.411833073513,-1.));
#10093 = CARTESIAN_POINT('',(2.156822397057,-1.744322486804));
#10094 = CARTESIAN_POINT('',(2.913156735682,-2.5));
#10095 = ( GEOMETRIC_REPRESENTATION_CONTEXT(2) 
PARAMETRIC_REPRESENTATION_CONTEXT() REPRESENTATION_CONTEXT('2D SPACE',''
  ) );
#10096 = ORIENTED_EDGE('',*,*,#10097,.F.);
#10097 = EDGE_CURVE('',#9998,#10071,#10098,.T.);
#10098 = SURFACE_CURVE('',#10099,(#10104,#10111),.PCURVE_S1.);
#10099 = CIRCLE('',#10100,98.5);
#10100 = AXIS2_PLACEMENT_3D('',#10101,#10102,#10103);
#10101 = CARTESIAN_POINT('',(0.,0.,19.));
#10102 = DIRECTION('',(0.,0.,1.));
#10103 = DIRECTION('',(1.,0.,-0.));
#10104 = PCURVE('',#1470,#10105);
#10105 = DEFINITIONAL_REPRESENTATION('',(#10106),#10110);
#10106 = LINE('',#10107,#10108);
#10107 = CARTESIAN_POINT('',(-0.,-1.5));
#10108 = VECTOR('',#10109,1.);
#10109 = DIRECTION('',(-1.,-0.));
#10110 = ( GEOMETRIC_REPRESENTATION_CONTEXT(2) 
PARAMETRIC_REPRESENTATION_CONTEXT() REPRESENTATION_CONTEXT('2D SPACE',''
  ) );
#10111 = PCURVE('',#4211,#10112);
#10112 = DEFINITIONAL_REPRESENTATION('',(#10113),#10117);
#10113 = CIRCLE('',#10114,98.5);
#10114 = AXIS2_PLACEMENT_2D('',#10115,#10116);
#10115 = CARTESIAN_POINT('',(0.,0.));
#10116 = DIRECTION('',(1.,0.));
#10117 = ( GEOMETRIC_REPRESENTATION_CONTEXT(2) 
PARAMETRIC_REPRESENTATION_CONTEXT() REPRESENTATION_CONTEXT('2D SPACE',''
  ) );
#10118 = ORIENTED_EDGE('',*,*,#10041,.T.);
#10119 = ADVANCED_FACE('',(#10120),#1442,.F.);
#10120 = FACE_BOUND('',#10121,.F.);
#10121 = EDGE_LOOP('',(#10122,#10143,#10171,#10192,#10193));
#10122 = ORIENTED_EDGE('',*,*,#10123,.F.);
#10123 = EDGE_CURVE('',#10124,#10071,#10126,.T.);
#10124 = VERTEX_POINT('',#10125);
#10125 = CARTESIAN_POINT('',(-52.10843918243,-81.92113083375,19.));
#10126 = SURFACE_CURVE('',#10127,(#10131,#10137),.PCURVE_S1.);
#10127 = LINE('',#10128,#10129);
#10128 = CARTESIAN_POINT('',(-27.85843918243,-39.91889875021,19.));
#10129 = VECTOR('',#10130,1.);
#10130 = DIRECTION('',(-0.5,-0.866025403784,0.));
#10131 = PCURVE('',#1442,#10132);
#10132 = DEFINITIONAL_REPRESENTATION('',(#10133),#10136);
#10133 = B_SPLINE_CURVE_WITH_KNOTS('',1,(#10134,#10135),.UNSPECIFIED.,
  .F.,.F.,(2,2),(48.5,54.5),.PIECEWISE_BEZIER_KNOTS.);
#10134 = CARTESIAN_POINT('',(0.,-1.));
#10135 = CARTESIAN_POINT('',(6.,-1.));
#10136 = ( GEOMETRIC_REPRESENTATION_CONTEXT(2) 
PARAMETRIC_REPRESENTATION_CONTEXT() REPRESENTATION_CONTEXT('2D SPACE',''
  ) );
#10137 = PCURVE('',#4211,#10138);
#10138 = DEFINITIONAL_REPRESENTATION('',(#10139),#10142);
#10139 = B_SPLINE_CURVE_WITH_KNOTS('',1,(#10140,#10141),.UNSPECIFIED.,
  .F.,.F.,(2,2),(48.5,54.5),.PIECEWISE_BEZIER_KNOTS.);
#10140 = CARTESIAN_POINT('',(-52.10843918243,-81.92113083375));
#10141 = CARTESIAN_POINT('',(-55.10843918243,-87.11728325646));
#10142 = ( GEOMETRIC_REPRESENTATION_CONTEXT(2) 
PARAMETRIC_REPRESENTATION_CONTEXT() REPRESENTATION_CONTEXT('2D SPACE',''
  ) );
#10143 = ORIENTED_EDGE('',*,*,#10144,.T.);
#10144 = EDGE_CURVE('',#10124,#10145,#10147,.T.);
#10145 = VERTEX_POINT('',#10146);
#10146 = CARTESIAN_POINT('',(-52.10843918243,-81.92113083375,11.));
#10147 = SURFACE_CURVE('',#10148,(#10152,#10159),.PCURVE_S1.);
#10148 = LINE('',#10149,#10150);
#10149 = CARTESIAN_POINT('',(-52.10843918243,-81.92113083375,20.));
#10150 = VECTOR('',#10151,1.);
#10151 = DIRECTION('',(-0.,-0.,-1.));
#10152 = PCURVE('',#1442,#10153);
#10153 = DEFINITIONAL_REPRESENTATION('',(#10154),#10158);
#10154 = LINE('',#10155,#10156);
#10155 = CARTESIAN_POINT('',(0.,0.));
#10156 = VECTOR('',#10157,1.);
#10157 = DIRECTION('',(0.,-1.));
#10158 = ( GEOMETRIC_REPRESENTATION_CONTEXT(2) 
PARAMETRIC_REPRESENTATION_CONTEXT() REPRESENTATION_CONTEXT('2D SPACE',''
  ) );
#10159 = PCURVE('',#10160,#10165);
#10160 = PLANE('',#10161);
#10161 = AXIS2_PLACEMENT_3D('',#10162,#10163,#10164);
#10162 = CARTESIAN_POINT('',(-52.10843918243,-81.92113083375,20.));
#10163 = DIRECTION('',(-0.5,-0.866025403784,0.));
#10164 = DIRECTION('',(0.866025403784,-0.5,0.));
#10165 = DEFINITIONAL_REPRESENTATION('',(#10166),#10170);
#10166 = LINE('',#10167,#10168);
#10167 = CARTESIAN_POINT('',(6.153480596427E-15,0.));
#10168 = VECTOR('',#10169,1.);
#10169 = DIRECTION('',(0.,-1.));
#10170 = ( GEOMETRIC_REPRESENTATION_CONTEXT(2) 
PARAMETRIC_REPRESENTATION_CONTEXT() REPRESENTATION_CONTEXT('2D SPACE',''
  ) );
#10171 = ORIENTED_EDGE('',*,*,#10172,.T.);
#10172 = EDGE_CURVE('',#10145,#1399,#10173,.T.);
#10173 = SURFACE_CURVE('',#10174,(#10178,#10185),.PCURVE_S1.);
#10174 = LINE('',#10175,#10176);
#10175 = CARTESIAN_POINT('',(-53.60843918243,-84.51920704511,11.));
#10176 = VECTOR('',#10177,1.);
#10177 = DIRECTION('',(-0.5,-0.866025403784,0.));
#10178 = PCURVE('',#1442,#10179);
#10179 = DEFINITIONAL_REPRESENTATION('',(#10180),#10184);
#10180 = LINE('',#10181,#10182);
#10181 = CARTESIAN_POINT('',(3.,-9.));
#10182 = VECTOR('',#10183,1.);
#10183 = DIRECTION('',(1.,0.));
#10184 = ( GEOMETRIC_REPRESENTATION_CONTEXT(2) 
PARAMETRIC_REPRESENTATION_CONTEXT() REPRESENTATION_CONTEXT('2D SPACE',''
  ) );
#10185 = PCURVE('',#1415,#10186);
#10186 = DEFINITIONAL_REPRESENTATION('',(#10187),#10191);
#10187 = LINE('',#10188,#10189);
#10188 = CARTESIAN_POINT('',(0.,-4.166666666667));
#10189 = VECTOR('',#10190,1.);
#10190 = DIRECTION('',(1.,0.));
#10191 = ( GEOMETRIC_REPRESENTATION_CONTEXT(2) 
PARAMETRIC_REPRESENTATION_CONTEXT() REPRESENTATION_CONTEXT('2D SPACE',''
  ) );
#10192 = ORIENTED_EDGE('',*,*,#1427,.T.);
#10193 = ORIENTED_EDGE('',*,*,#10070,.F.);
#10194 = ADVANCED_FACE('',(#10195),#1415,.T.);
#10195 = FACE_BOUND('',#10196,.T.);
#10196 = EDGE_LOOP('',(#10197,#10220,#10221,#10222));
#10197 = ORIENTED_EDGE('',*,*,#10198,.F.);
#10198 = EDGE_CURVE('',#10145,#10199,#10201,.T.);
#10199 = VERTEX_POINT('',#10200);
#10200 = CARTESIAN_POINT('',(-44.89156081756,-86.08779750042,11.));
#10201 = SURFACE_CURVE('',#10202,(#10206,#10213),.PCURVE_S1.);
#10202 = LINE('',#10203,#10204);
#10203 = CARTESIAN_POINT('',(-48.5,-84.00446416709,11.));
#10204 = VECTOR('',#10205,1.);
#10205 = DIRECTION('',(0.866025403784,-0.5,0.));
#10206 = PCURVE('',#1415,#10207);
#10207 = DEFINITIONAL_REPRESENTATION('',(#10208),#10212);
#10208 = LINE('',#10209,#10210);
#10209 = CARTESIAN_POINT('',(-3.,0.));
#10210 = VECTOR('',#10211,1.);
#10211 = DIRECTION('',(0.,1.));
#10212 = ( GEOMETRIC_REPRESENTATION_CONTEXT(2) 
PARAMETRIC_REPRESENTATION_CONTEXT() REPRESENTATION_CONTEXT('2D SPACE',''
  ) );
#10213 = PCURVE('',#10160,#10214);
#10214 = DEFINITIONAL_REPRESENTATION('',(#10215),#10219);
#10215 = LINE('',#10216,#10217);
#10216 = CARTESIAN_POINT('',(4.166666666667,-9.));
#10217 = VECTOR('',#10218,1.);
#10218 = DIRECTION('',(1.,0.));
#10219 = ( GEOMETRIC_REPRESENTATION_CONTEXT(2) 
PARAMETRIC_REPRESENTATION_CONTEXT() REPRESENTATION_CONTEXT('2D SPACE',''
  ) );
#10220 = ORIENTED_EDGE('',*,*,#10172,.T.);
#10221 = ORIENTED_EDGE('',*,*,#1398,.T.);
#10222 = ORIENTED_EDGE('',*,*,#10223,.F.);
#10223 = EDGE_CURVE('',#10199,#1373,#10224,.T.);
#10224 = SURFACE_CURVE('',#10225,(#10229,#10236),.PCURVE_S1.);
#10225 = LINE('',#10226,#10227);
#10226 = CARTESIAN_POINT('',(-46.39156081756,-88.68587371177,11.));
#10227 = VECTOR('',#10228,1.);
#10228 = DIRECTION('',(-0.5,-0.866025403784,0.));
#10229 = PCURVE('',#1415,#10230);
#10230 = DEFINITIONAL_REPRESENTATION('',(#10231),#10235);
#10231 = LINE('',#10232,#10233);
#10232 = CARTESIAN_POINT('',(0.,4.166666666667));
#10233 = VECTOR('',#10234,1.);
#10234 = DIRECTION('',(1.,0.));
#10235 = ( GEOMETRIC_REPRESENTATION_CONTEXT(2) 
PARAMETRIC_REPRESENTATION_CONTEXT() REPRESENTATION_CONTEXT('2D SPACE',''
  ) );
#10236 = PCURVE('',#1387,#10237);
#10237 = DEFINITIONAL_REPRESENTATION('',(#10238),#10242);
#10238 = LINE('',#10239,#10240);
#10239 = CARTESIAN_POINT('',(3.,-9.));
#10240 = VECTOR('',#10241,1.);
#10241 = DIRECTION('',(1.,0.));
#10242 = ( GEOMETRIC_REPRESENTATION_CONTEXT(2) 
PARAMETRIC_REPRESENTATION_CONTEXT() REPRESENTATION_CONTEXT('2D SPACE',''
  ) );
#10243 = ADVANCED_FACE('',(#10244),#1387,.T.);
#10244 = FACE_BOUND('',#10245,.T.);
#10245 = EDGE_LOOP('',(#10246,#10269,#10290,#10291,#10292));
#10246 = ORIENTED_EDGE('',*,*,#10247,.F.);
#10247 = EDGE_CURVE('',#10248,#10250,#10252,.T.);
#10248 = VERTEX_POINT('',#10249);
#10249 = CARTESIAN_POINT('',(-44.89156081756,-86.08779750042,19.));
#10250 = VERTEX_POINT('',#10251);
#10251 = CARTESIAN_POINT('',(-45.59747735432,-87.31048080798,19.));
#10252 = SURFACE_CURVE('',#10253,(#10257,#10263),.PCURVE_S1.);
#10253 = LINE('',#10254,#10255);
#10254 = CARTESIAN_POINT('',(-20.64156081756,-44.08556541687,19.));
#10255 = VECTOR('',#10256,1.);
#10256 = DIRECTION('',(-0.5,-0.866025403784,0.));
#10257 = PCURVE('',#1387,#10258);
#10258 = DEFINITIONAL_REPRESENTATION('',(#10259),#10262);
#10259 = B_SPLINE_CURVE_WITH_KNOTS('',1,(#10260,#10261),.UNSPECIFIED.,
  .F.,.F.,(2,2),(48.5,54.5),.PIECEWISE_BEZIER_KNOTS.);
#10260 = CARTESIAN_POINT('',(0.,-1.));
#10261 = CARTESIAN_POINT('',(6.,-1.));
#10262 = ( GEOMETRIC_REPRESENTATION_CONTEXT(2) 
PARAMETRIC_REPRESENTATION_CONTEXT() REPRESENTATION_CONTEXT('2D SPACE',''
  ) );
#10263 = PCURVE('',#4211,#10264);
#10264 = DEFINITIONAL_REPRESENTATION('',(#10265),#10268);
#10265 = B_SPLINE_CURVE_WITH_KNOTS('',1,(#10266,#10267),.UNSPECIFIED.,
  .F.,.F.,(2,2),(48.5,54.5),.PIECEWISE_BEZIER_KNOTS.);
#10266 = CARTESIAN_POINT('',(-44.89156081756,-86.08779750042));
#10267 = CARTESIAN_POINT('',(-47.89156081756,-91.28394992313));
#10268 = ( GEOMETRIC_REPRESENTATION_CONTEXT(2) 
PARAMETRIC_REPRESENTATION_CONTEXT() REPRESENTATION_CONTEXT('2D SPACE',''
  ) );
#10269 = ORIENTED_EDGE('',*,*,#10270,.T.);
#10270 = EDGE_CURVE('',#10248,#10199,#10271,.T.);
#10271 = SURFACE_CURVE('',#10272,(#10276,#10283),.PCURVE_S1.);
#10272 = LINE('',#10273,#10274);
#10273 = CARTESIAN_POINT('',(-44.89156081756,-86.08779750042,20.));
#10274 = VECTOR('',#10275,1.);
#10275 = DIRECTION('',(-0.,-0.,-1.));
#10276 = PCURVE('',#1387,#10277);
#10277 = DEFINITIONAL_REPRESENTATION('',(#10278),#10282);
#10278 = LINE('',#10279,#10280);
#10279 = CARTESIAN_POINT('',(1.585967487166E-14,0.));
#10280 = VECTOR('',#10281,1.);
#10281 = DIRECTION('',(0.,-1.));
#10282 = ( GEOMETRIC_REPRESENTATION_CONTEXT(2) 
PARAMETRIC_REPRESENTATION_CONTEXT() REPRESENTATION_CONTEXT('2D SPACE',''
  ) );
#10283 = PCURVE('',#10160,#10284);
#10284 = DEFINITIONAL_REPRESENTATION('',(#10285),#10289);
#10285 = LINE('',#10286,#10287);
#10286 = CARTESIAN_POINT('',(8.333333333333,0.));
#10287 = VECTOR('',#10288,1.);
#10288 = DIRECTION('',(0.,-1.));
#10289 = ( GEOMETRIC_REPRESENTATION_CONTEXT(2) 
PARAMETRIC_REPRESENTATION_CONTEXT() REPRESENTATION_CONTEXT('2D SPACE',''
  ) );
#10290 = ORIENTED_EDGE('',*,*,#10223,.T.);
#10291 = ORIENTED_EDGE('',*,*,#1372,.T.);
#10292 = ORIENTED_EDGE('',*,*,#10293,.F.);
#10293 = EDGE_CURVE('',#10250,#1344,#10294,.T.);
#10294 = SURFACE_CURVE('',#10295,(#10300,#10307),.PCURVE_S1.);
#10295 = HYPERBOLA('',#10296,4.166666666667,4.166666666667);
#10296 = AXIS2_PLACEMENT_3D('',#10297,#10298,#10299);
#10297 = CARTESIAN_POINT('',(3.608439182435,-2.083333333333,117.5));
#10298 = DIRECTION('',(-0.866025403784,0.5,0.));
#10299 = DIRECTION('',(-0.,0.,-1.));
#10300 = PCURVE('',#1387,#10301);
#10301 = DEFINITIONAL_REPRESENTATION('',(#10302),#10306);
#10302 = ( BOUNDED_CURVE() B_SPLINE_CURVE(2,(#10303,#10304,#10305),
.UNSPECIFIED.,.F.,.F.) B_SPLINE_CURVE_WITH_KNOTS((3,3),(3.855639725068,
3.870766700287),.PIECEWISE_BEZIER_KNOTS.) CURVE() 
GEOMETRIC_REPRESENTATION_ITEM() RATIONAL_B_SPLINE_CURVE((1.,
1.000028603309,1.)) REPRESENTATION_ITEM('') );
#10303 = CARTESIAN_POINT('',(1.411833073513,-1.));
#10304 = CARTESIAN_POINT('',(2.156822397058,-1.744322486804));
#10305 = CARTESIAN_POINT('',(2.913156735682,-2.5));
#10306 = ( GEOMETRIC_REPRESENTATION_CONTEXT(2) 
PARAMETRIC_REPRESENTATION_CONTEXT() REPRESENTATION_CONTEXT('2D SPACE',''
  ) );
#10307 = PCURVE('',#1360,#10308);
#10308 = DEFINITIONAL_REPRESENTATION('',(#10309),#10316);
#10309 = B_SPLINE_CURVE_WITH_KNOTS('',5,(#10310,#10311,#10312,#10313,
    #10314,#10315),.UNSPECIFIED.,.F.,.F.,(6,6),(3.855639725068,
    3.870766700287),.PIECEWISE_BEZIER_KNOTS.);
#10310 = CARTESIAN_POINT('',(-4.231104014943,-1.5));
#10311 = CARTESIAN_POINT('',(-4.230976037149,-1.202265327971));
#10312 = CARTESIAN_POINT('',(-4.230848542902,-0.903403690948));
#10313 = CARTESIAN_POINT('',(-4.230721529768,-0.603409411496));
#10314 = CARTESIAN_POINT('',(-4.230594995336,-0.302276769196));
#10315 = CARTESIAN_POINT('',(-4.230468937209,-7.105427357601E-15));
#10316 = ( GEOMETRIC_REPRESENTATION_CONTEXT(2) 
PARAMETRIC_REPRESENTATION_CONTEXT() REPRESENTATION_CONTEXT('2D SPACE',''
  ) );
#10317 = ADVANCED_FACE('',(#10318),#1360,.T.);
#10318 = FACE_BOUND('',#10319,.T.);
#10319 = EDGE_LOOP('',(#10320,#10321,#10348,#10370));
#10320 = ORIENTED_EDGE('',*,*,#1343,.T.);
#10321 = ORIENTED_EDGE('',*,*,#10322,.F.);
#10322 = EDGE_CURVE('',#10323,#1318,#10325,.T.);
#10323 = VERTEX_POINT('',#10324);
#10324 = CARTESIAN_POINT('',(-37.57421517268,-91.05178940667,19.));
#10325 = SURFACE_CURVE('',#10326,(#10331,#10341),.PCURVE_S1.);
#10326 = HYPERBOLA('',#10327,4.166666666667,4.166666666667);
#10327 = AXIS2_PLACEMENT_3D('',#10328,#10329,#10330);
#10328 = CARTESIAN_POINT('',(-3.915385919941,1.425083930524,117.5));
#10329 = DIRECTION('',(-0.939692620786,0.342020143326,0.));
#10330 = DIRECTION('',(-0.,0.,-1.));
#10331 = PCURVE('',#1360,#10332);
#10332 = DEFINITIONAL_REPRESENTATION('',(#10333),#10340);
#10333 = B_SPLINE_CURVE_WITH_KNOTS('',5,(#10334,#10335,#10336,#10337,
    #10338,#10339),.UNSPECIFIED.,.F.,.F.,(6,6),(3.855639725068,
    3.870766700287),.PIECEWISE_BEZIER_KNOTS.);
#10334 = CARTESIAN_POINT('',(-4.321009319829,-1.5));
#10335 = CARTESIAN_POINT('',(-4.321137297623,-1.202265327971));
#10336 = CARTESIAN_POINT('',(-4.321264791871,-0.903403690948));
#10337 = CARTESIAN_POINT('',(-4.321391805004,-0.603409411496));
#10338 = CARTESIAN_POINT('',(-4.321518339436,-0.302276769196));
#10339 = CARTESIAN_POINT('',(-4.321644397563,1.42108547152E-14));
#10340 = ( GEOMETRIC_REPRESENTATION_CONTEXT(2) 
PARAMETRIC_REPRESENTATION_CONTEXT() REPRESENTATION_CONTEXT('2D SPACE',''
  ) );
#10341 = PCURVE('',#1332,#10342);
#10342 = DEFINITIONAL_REPRESENTATION('',(#10343),#10347);
#10343 = ( BOUNDED_CURVE() B_SPLINE_CURVE(2,(#10344,#10345,#10346),
.UNSPECIFIED.,.F.,.F.) B_SPLINE_CURVE_WITH_KNOTS((3,3),(3.855639725068,
3.870766700287),.PIECEWISE_BEZIER_KNOTS.) CURVE() 
GEOMETRIC_REPRESENTATION_ITEM() RATIONAL_B_SPLINE_CURVE((1.,
1.000028603309,1.)) REPRESENTATION_ITEM('') );
#10344 = CARTESIAN_POINT('',(1.411833073512,-1.));
#10345 = CARTESIAN_POINT('',(2.156822397057,-1.744322486804));
#10346 = CARTESIAN_POINT('',(2.913156735682,-2.5));
#10347 = ( GEOMETRIC_REPRESENTATION_CONTEXT(2) 
PARAMETRIC_REPRESENTATION_CONTEXT() REPRESENTATION_CONTEXT('2D SPACE',''
  ) );
#10348 = ORIENTED_EDGE('',*,*,#10349,.F.);
#10349 = EDGE_CURVE('',#10250,#10323,#10350,.T.);
#10350 = SURFACE_CURVE('',#10351,(#10356,#10363),.PCURVE_S1.);
#10351 = CIRCLE('',#10352,98.5);
#10352 = AXIS2_PLACEMENT_3D('',#10353,#10354,#10355);
#10353 = CARTESIAN_POINT('',(0.,0.,19.));
#10354 = DIRECTION('',(0.,0.,1.));
#10355 = DIRECTION('',(1.,0.,-0.));
#10356 = PCURVE('',#1360,#10357);
#10357 = DEFINITIONAL_REPRESENTATION('',(#10358),#10362);
#10358 = LINE('',#10359,#10360);
#10359 = CARTESIAN_POINT('',(-0.,-1.5));
#10360 = VECTOR('',#10361,1.);
#10361 = DIRECTION('',(-1.,-0.));
#10362 = ( GEOMETRIC_REPRESENTATION_CONTEXT(2) 
PARAMETRIC_REPRESENTATION_CONTEXT() REPRESENTATION_CONTEXT('2D SPACE',''
  ) );
#10363 = PCURVE('',#4211,#10364);
#10364 = DEFINITIONAL_REPRESENTATION('',(#10365),#10369);
#10365 = CIRCLE('',#10366,98.5);
#10366 = AXIS2_PLACEMENT_2D('',#10367,#10368);
#10367 = CARTESIAN_POINT('',(0.,0.));
#10368 = DIRECTION('',(1.,0.));
#10369 = ( GEOMETRIC_REPRESENTATION_CONTEXT(2) 
PARAMETRIC_REPRESENTATION_CONTEXT() REPRESENTATION_CONTEXT('2D SPACE',''
  ) );
#10370 = ORIENTED_EDGE('',*,*,#10293,.T.);
#10371 = ADVANCED_FACE('',(#10372),#1332,.F.);
#10372 = FACE_BOUND('',#10373,.F.);
#10373 = EDGE_LOOP('',(#10374,#10395,#10423,#10444,#10445));
#10374 = ORIENTED_EDGE('',*,*,#10375,.F.);
#10375 = EDGE_CURVE('',#10376,#10323,#10378,.T.);
#10376 = VERTEX_POINT('',#10377);
#10377 = CARTESIAN_POINT('',(-37.09133982253,-89.72510028571,19.));
#10378 = SURFACE_CURVE('',#10379,(#10383,#10389),.PCURVE_S1.);
#10379 = LINE('',#10380,#10381);
#10380 = CARTESIAN_POINT('',(-20.50336287123,-44.15000817759,19.));
#10381 = VECTOR('',#10382,1.);
#10382 = DIRECTION('',(-0.342020143326,-0.939692620786,0.));
#10383 = PCURVE('',#1332,#10384);
#10384 = DEFINITIONAL_REPRESENTATION('',(#10385),#10388);
#10385 = B_SPLINE_CURVE_WITH_KNOTS('',1,(#10386,#10387),.UNSPECIFIED.,
  .F.,.F.,(2,2),(48.5,54.5),.PIECEWISE_BEZIER_KNOTS.);
#10386 = CARTESIAN_POINT('',(0.,-1.));
#10387 = CARTESIAN_POINT('',(6.,-1.));
#10388 = ( GEOMETRIC_REPRESENTATION_CONTEXT(2) 
PARAMETRIC_REPRESENTATION_CONTEXT() REPRESENTATION_CONTEXT('2D SPACE',''
  ) );
#10389 = PCURVE('',#4211,#10390);
#10390 = DEFINITIONAL_REPRESENTATION('',(#10391),#10394);
#10391 = B_SPLINE_CURVE_WITH_KNOTS('',1,(#10392,#10393),.UNSPECIFIED.,
  .F.,.F.,(2,2),(48.5,54.5),.PIECEWISE_BEZIER_KNOTS.);
#10392 = CARTESIAN_POINT('',(-37.09133982253,-89.72510028571));
#10393 = CARTESIAN_POINT('',(-39.14346068248,-95.36325601042));
#10394 = ( GEOMETRIC_REPRESENTATION_CONTEXT(2) 
PARAMETRIC_REPRESENTATION_CONTEXT() REPRESENTATION_CONTEXT('2D SPACE',''
  ) );
#10395 = ORIENTED_EDGE('',*,*,#10396,.T.);
#10396 = EDGE_CURVE('',#10376,#10397,#10399,.T.);
#10397 = VERTEX_POINT('',#10398);
#10398 = CARTESIAN_POINT('',(-37.09133982253,-89.72510028571,11.));
#10399 = SURFACE_CURVE('',#10400,(#10404,#10411),.PCURVE_S1.);
#10400 = LINE('',#10401,#10402);
#10401 = CARTESIAN_POINT('',(-37.09133982253,-89.72510028571,20.));
#10402 = VECTOR('',#10403,1.);
#10403 = DIRECTION('',(-0.,-0.,-1.));
#10404 = PCURVE('',#1332,#10405);
#10405 = DEFINITIONAL_REPRESENTATION('',(#10406),#10410);
#10406 = LINE('',#10407,#10408);
#10407 = CARTESIAN_POINT('',(0.,0.));
#10408 = VECTOR('',#10409,1.);
#10409 = DIRECTION('',(0.,-1.));
#10410 = ( GEOMETRIC_REPRESENTATION_CONTEXT(2) 
PARAMETRIC_REPRESENTATION_CONTEXT() REPRESENTATION_CONTEXT('2D SPACE',''
  ) );
#10411 = PCURVE('',#10412,#10417);
#10412 = PLANE('',#10413);
#10413 = AXIS2_PLACEMENT_3D('',#10414,#10415,#10416);
#10414 = CARTESIAN_POINT('',(-37.09133982253,-89.72510028571,20.));
#10415 = DIRECTION('',(-0.342020143326,-0.939692620786,0.));
#10416 = DIRECTION('',(0.939692620786,-0.342020143326,0.));
#10417 = DEFINITIONAL_REPRESENTATION('',(#10418),#10422);
#10418 = LINE('',#10419,#10420);
#10419 = CARTESIAN_POINT('',(0.,0.));
#10420 = VECTOR('',#10421,1.);
#10421 = DIRECTION('',(0.,-1.));
#10422 = ( GEOMETRIC_REPRESENTATION_CONTEXT(2) 
PARAMETRIC_REPRESENTATION_CONTEXT() REPRESENTATION_CONTEXT('2D SPACE',''
  ) );
#10423 = ORIENTED_EDGE('',*,*,#10424,.T.);
#10424 = EDGE_CURVE('',#10397,#1289,#10425,.T.);
#10425 = SURFACE_CURVE('',#10426,(#10430,#10437),.PCURVE_S1.);
#10426 = LINE('',#10427,#10428);
#10427 = CARTESIAN_POINT('',(-38.1174002525,-92.54417814806,11.));
#10428 = VECTOR('',#10429,1.);
#10429 = DIRECTION('',(-0.342020143326,-0.939692620786,0.));
#10430 = PCURVE('',#1332,#10431);
#10431 = DEFINITIONAL_REPRESENTATION('',(#10432),#10436);
#10432 = LINE('',#10433,#10434);
#10433 = CARTESIAN_POINT('',(3.,-9.));
#10434 = VECTOR('',#10435,1.);
#10435 = DIRECTION('',(1.,0.));
#10436 = ( GEOMETRIC_REPRESENTATION_CONTEXT(2) 
PARAMETRIC_REPRESENTATION_CONTEXT() REPRESENTATION_CONTEXT('2D SPACE',''
  ) );
#10437 = PCURVE('',#1305,#10438);
#10438 = DEFINITIONAL_REPRESENTATION('',(#10439),#10443);
#10439 = LINE('',#10440,#10441);
#10440 = CARTESIAN_POINT('',(0.,-4.166666666667));
#10441 = VECTOR('',#10442,1.);
#10442 = DIRECTION('',(1.,0.));
#10443 = ( GEOMETRIC_REPRESENTATION_CONTEXT(2) 
PARAMETRIC_REPRESENTATION_CONTEXT() REPRESENTATION_CONTEXT('2D SPACE',''
  ) );
#10444 = ORIENTED_EDGE('',*,*,#1317,.T.);
#10445 = ORIENTED_EDGE('',*,*,#10322,.F.);
#10446 = ADVANCED_FACE('',(#10447),#1305,.T.);
#10447 = FACE_BOUND('',#10448,.T.);
#10448 = EDGE_LOOP('',(#10449,#10472,#10473,#10474));
#10449 = ORIENTED_EDGE('',*,*,#10450,.F.);
#10450 = EDGE_CURVE('',#10397,#10451,#10453,.T.);
#10451 = VERTEX_POINT('',#10452);
#10452 = CARTESIAN_POINT('',(-29.26056798264,-92.57526814675,11.));
#10453 = SURFACE_CURVE('',#10454,(#10458,#10465),.PCURVE_S1.);
#10454 = LINE('',#10455,#10456);
#10455 = CARTESIAN_POINT('',(-33.17595390259,-91.15018421623,11.));
#10456 = VECTOR('',#10457,1.);
#10457 = DIRECTION('',(0.939692620786,-0.342020143326,0.));
#10458 = PCURVE('',#1305,#10459);
#10459 = DEFINITIONAL_REPRESENTATION('',(#10460),#10464);
#10460 = LINE('',#10461,#10462);
#10461 = CARTESIAN_POINT('',(-3.,0.));
#10462 = VECTOR('',#10463,1.);
#10463 = DIRECTION('',(0.,1.));
#10464 = ( GEOMETRIC_REPRESENTATION_CONTEXT(2) 
PARAMETRIC_REPRESENTATION_CONTEXT() REPRESENTATION_CONTEXT('2D SPACE',''
  ) );
#10465 = PCURVE('',#10412,#10466);
#10466 = DEFINITIONAL_REPRESENTATION('',(#10467),#10471);
#10467 = LINE('',#10468,#10469);
#10468 = CARTESIAN_POINT('',(4.166666666667,-9.));
#10469 = VECTOR('',#10470,1.);
#10470 = DIRECTION('',(1.,0.));
#10471 = ( GEOMETRIC_REPRESENTATION_CONTEXT(2) 
PARAMETRIC_REPRESENTATION_CONTEXT() REPRESENTATION_CONTEXT('2D SPACE',''
  ) );
#10472 = ORIENTED_EDGE('',*,*,#10424,.T.);
#10473 = ORIENTED_EDGE('',*,*,#1288,.T.);
#10474 = ORIENTED_EDGE('',*,*,#10475,.F.);
#10475 = EDGE_CURVE('',#10451,#1263,#10476,.T.);
#10476 = SURFACE_CURVE('',#10477,(#10481,#10488),.PCURVE_S1.);
#10477 = LINE('',#10478,#10479);
#10478 = CARTESIAN_POINT('',(-30.28662841262,-95.39434600911,11.));
#10479 = VECTOR('',#10480,1.);
#10480 = DIRECTION('',(-0.342020143326,-0.939692620786,0.));
#10481 = PCURVE('',#1305,#10482);
#10482 = DEFINITIONAL_REPRESENTATION('',(#10483),#10487);
#10483 = LINE('',#10484,#10485);
#10484 = CARTESIAN_POINT('',(0.,4.166666666667));
#10485 = VECTOR('',#10486,1.);
#10486 = DIRECTION('',(1.,0.));
#10487 = ( GEOMETRIC_REPRESENTATION_CONTEXT(2) 
PARAMETRIC_REPRESENTATION_CONTEXT() REPRESENTATION_CONTEXT('2D SPACE',''
  ) );
#10488 = PCURVE('',#1277,#10489);
#10489 = DEFINITIONAL_REPRESENTATION('',(#10490),#10494);
#10490 = LINE('',#10491,#10492);
#10491 = CARTESIAN_POINT('',(3.,-9.));
#10492 = VECTOR('',#10493,1.);
#10493 = DIRECTION('',(1.,0.));
#10494 = ( GEOMETRIC_REPRESENTATION_CONTEXT(2) 
PARAMETRIC_REPRESENTATION_CONTEXT() REPRESENTATION_CONTEXT('2D SPACE',''
  ) );
#10495 = ADVANCED_FACE('',(#10496),#1277,.T.);
#10496 = FACE_BOUND('',#10497,.T.);
#10497 = EDGE_LOOP('',(#10498,#10521,#10542,#10543,#10544));
#10498 = ORIENTED_EDGE('',*,*,#10499,.F.);
#10499 = EDGE_CURVE('',#10500,#10502,#10504,.T.);
#10500 = VERTEX_POINT('',#10501);
#10501 = CARTESIAN_POINT('',(-29.26056798264,-92.57526814675,19.));
#10502 = VERTEX_POINT('',#10503);
#10503 = CARTESIAN_POINT('',(-29.7434433328,-93.90195726771,19.));
#10504 = SURFACE_CURVE('',#10505,(#10509,#10515),.PCURVE_S1.);
#10505 = LINE('',#10506,#10507);
#10506 = CARTESIAN_POINT('',(-12.67259103135,-47.00017603864,19.));
#10507 = VECTOR('',#10508,1.);
#10508 = DIRECTION('',(-0.342020143326,-0.939692620786,0.));
#10509 = PCURVE('',#1277,#10510);
#10510 = DEFINITIONAL_REPRESENTATION('',(#10511),#10514);
#10511 = B_SPLINE_CURVE_WITH_KNOTS('',1,(#10512,#10513),.UNSPECIFIED.,
  .F.,.F.,(2,2),(48.5,54.5),.PIECEWISE_BEZIER_KNOTS.);
#10512 = CARTESIAN_POINT('',(7.105427357601E-15,-1.));
#10513 = CARTESIAN_POINT('',(6.,-1.));
#10514 = ( GEOMETRIC_REPRESENTATION_CONTEXT(2) 
PARAMETRIC_REPRESENTATION_CONTEXT() REPRESENTATION_CONTEXT('2D SPACE',''
  ) );
#10515 = PCURVE('',#4211,#10516);
#10516 = DEFINITIONAL_REPRESENTATION('',(#10517),#10520);
#10517 = B_SPLINE_CURVE_WITH_KNOTS('',1,(#10518,#10519),.UNSPECIFIED.,
  .F.,.F.,(2,2),(48.5,54.5),.PIECEWISE_BEZIER_KNOTS.);
#10518 = CARTESIAN_POINT('',(-29.26056798264,-92.57526814675));
#10519 = CARTESIAN_POINT('',(-31.3126888426,-98.21342387147));
#10520 = ( GEOMETRIC_REPRESENTATION_CONTEXT(2) 
PARAMETRIC_REPRESENTATION_CONTEXT() REPRESENTATION_CONTEXT('2D SPACE',''
  ) );
#10521 = ORIENTED_EDGE('',*,*,#10522,.T.);
#10522 = EDGE_CURVE('',#10500,#10451,#10523,.T.);
#10523 = SURFACE_CURVE('',#10524,(#10528,#10535),.PCURVE_S1.);
#10524 = LINE('',#10525,#10526);
#10525 = CARTESIAN_POINT('',(-29.26056798264,-92.57526814675,20.));
#10526 = VECTOR('',#10527,1.);
#10527 = DIRECTION('',(-0.,-0.,-1.));
#10528 = PCURVE('',#1277,#10529);
#10529 = DEFINITIONAL_REPRESENTATION('',(#10530),#10534);
#10530 = LINE('',#10531,#10532);
#10531 = CARTESIAN_POINT('',(1.456893495255E-14,0.));
#10532 = VECTOR('',#10533,1.);
#10533 = DIRECTION('',(0.,-1.));
#10534 = ( GEOMETRIC_REPRESENTATION_CONTEXT(2) 
PARAMETRIC_REPRESENTATION_CONTEXT() REPRESENTATION_CONTEXT('2D SPACE',''
  ) );
#10535 = PCURVE('',#10412,#10536);
#10536 = DEFINITIONAL_REPRESENTATION('',(#10537),#10541);
#10537 = LINE('',#10538,#10539);
#10538 = CARTESIAN_POINT('',(8.333333333333,0.));
#10539 = VECTOR('',#10540,1.);
#10540 = DIRECTION('',(0.,-1.));
#10541 = ( GEOMETRIC_REPRESENTATION_CONTEXT(2) 
PARAMETRIC_REPRESENTATION_CONTEXT() REPRESENTATION_CONTEXT('2D SPACE',''
  ) );
#10542 = ORIENTED_EDGE('',*,*,#10475,.T.);
#10543 = ORIENTED_EDGE('',*,*,#1262,.T.);
#10544 = ORIENTED_EDGE('',*,*,#10545,.F.);
#10545 = EDGE_CURVE('',#10502,#1234,#10546,.T.);
#10546 = SURFACE_CURVE('',#10547,(#10552,#10559),.PCURVE_S1.);
#10547 = HYPERBOLA('',#10548,4.166666666667,4.166666666667);
#10548 = AXIS2_PLACEMENT_3D('',#10549,#10550,#10551);
#10549 = CARTESIAN_POINT('',(3.915385919941,-1.425083930524,117.5));
#10550 = DIRECTION('',(-0.939692620786,0.342020143326,0.));
#10551 = DIRECTION('',(-0.,0.,-1.));
#10552 = PCURVE('',#1277,#10553);
#10553 = DEFINITIONAL_REPRESENTATION('',(#10554),#10558);
#10554 = ( BOUNDED_CURVE() B_SPLINE_CURVE(2,(#10555,#10556,#10557),
.UNSPECIFIED.,.F.,.F.) B_SPLINE_CURVE_WITH_KNOTS((3,3),(3.855639725068,
3.870766700287),.PIECEWISE_BEZIER_KNOTS.) CURVE() 
GEOMETRIC_REPRESENTATION_ITEM() RATIONAL_B_SPLINE_CURVE((1.,
1.000028603309,1.)) REPRESENTATION_ITEM('') );
#10555 = CARTESIAN_POINT('',(1.411833073512,-1.));
#10556 = CARTESIAN_POINT('',(2.156822397057,-1.744322486804));
#10557 = CARTESIAN_POINT('',(2.913156735682,-2.5));
#10558 = ( GEOMETRIC_REPRESENTATION_CONTEXT(2) 
PARAMETRIC_REPRESENTATION_CONTEXT() REPRESENTATION_CONTEXT('2D SPACE',''
  ) );
#10559 = PCURVE('',#1250,#10560);
#10560 = DEFINITIONAL_REPRESENTATION('',(#10561),#10568);
#10561 = B_SPLINE_CURVE_WITH_KNOTS('',5,(#10562,#10563,#10564,#10565,
    #10566,#10567),.UNSPECIFIED.,.F.,.F.,(6,6),(3.855639725068,
    3.870766700287),.PIECEWISE_BEZIER_KNOTS.);
#10562 = CARTESIAN_POINT('',(-4.405636940142,-1.5));
#10563 = CARTESIAN_POINT('',(-4.405508962349,-1.202265327971));
#10564 = CARTESIAN_POINT('',(-4.405381468101,-0.903403690948));
#10565 = CARTESIAN_POINT('',(-4.405254454968,-0.603409411496));
#10566 = CARTESIAN_POINT('',(-4.405127920535,-0.302276769196));
#10567 = CARTESIAN_POINT('',(-4.405001862408,1.42108547152E-14));
#10568 = ( GEOMETRIC_REPRESENTATION_CONTEXT(2) 
PARAMETRIC_REPRESENTATION_CONTEXT() REPRESENTATION_CONTEXT('2D SPACE',''
  ) );
#10569 = ADVANCED_FACE('',(#10570),#1250,.T.);
#10570 = FACE_BOUND('',#10571,.T.);
#10571 = EDGE_LOOP('',(#10572,#10573,#10600,#10622));
#10572 = ORIENTED_EDGE('',*,*,#1233,.T.);
#10573 = ORIENTED_EDGE('',*,*,#10574,.F.);
#10574 = EDGE_CURVE('',#10575,#1208,#10577,.T.);
#10575 = VERTEX_POINT('',#10576);
#10576 = CARTESIAN_POINT('',(-21.19240111162,-96.19320212532,19.));
#10577 = SURFACE_CURVE('',#10578,(#10583,#10593),.PCURVE_S1.);
#10578 = HYPERBOLA('',#10579,4.166666666667,4.166666666667);
#10579 = AXIS2_PLACEMENT_3D('',#10580,#10581,#10582);
#10580 = CARTESIAN_POINT('',(-4.103365637551,0.723534073612,117.5));
#10581 = DIRECTION('',(-0.984807753012,0.173648177667,0.));
#10582 = DIRECTION('',(-0.,0.,-1.));
#10583 = PCURVE('',#1250,#10584);
#10584 = DEFINITIONAL_REPRESENTATION('',(#10585),#10592);
#10585 = B_SPLINE_CURVE_WITH_KNOTS('',5,(#10586,#10587,#10588,#10589,
    #10590,#10591),.UNSPECIFIED.,.F.,.F.,(6,6),(3.855639725068,
    3.870766700287),.PIECEWISE_BEZIER_KNOTS.);
#10586 = CARTESIAN_POINT('',(-4.495542245029,-1.5));
#10587 = CARTESIAN_POINT('',(-4.495670222822,-1.202265327971));
#10588 = CARTESIAN_POINT('',(-4.49579771707,-0.903403690948));
#10589 = CARTESIAN_POINT('',(-4.495924730203,-0.603409411496));
#10590 = CARTESIAN_POINT('',(-4.496051264636,-0.302276769196));
#10591 = CARTESIAN_POINT('',(-4.496177322763,1.42108547152E-14));
#10592 = ( GEOMETRIC_REPRESENTATION_CONTEXT(2) 
PARAMETRIC_REPRESENTATION_CONTEXT() REPRESENTATION_CONTEXT('2D SPACE',''
  ) );
#10593 = PCURVE('',#1222,#10594);
#10594 = DEFINITIONAL_REPRESENTATION('',(#10595),#10599);
#10595 = ( BOUNDED_CURVE() B_SPLINE_CURVE(2,(#10596,#10597,#10598),
.UNSPECIFIED.,.F.,.F.) B_SPLINE_CURVE_WITH_KNOTS((3,3),(3.855639725068,
3.870766700287),.PIECEWISE_BEZIER_KNOTS.) CURVE() 
GEOMETRIC_REPRESENTATION_ITEM() RATIONAL_B_SPLINE_CURVE((1.,
1.000028603309,1.)) REPRESENTATION_ITEM('') );
#10596 = CARTESIAN_POINT('',(1.411833073513,-1.));
#10597 = CARTESIAN_POINT('',(2.156822397057,-1.744322486804));
#10598 = CARTESIAN_POINT('',(2.913156735682,-2.5));
#10599 = ( GEOMETRIC_REPRESENTATION_CONTEXT(2) 
PARAMETRIC_REPRESENTATION_CONTEXT() REPRESENTATION_CONTEXT('2D SPACE',''
  ) );
#10600 = ORIENTED_EDGE('',*,*,#10601,.F.);
#10601 = EDGE_CURVE('',#10502,#10575,#10602,.T.);
#10602 = SURFACE_CURVE('',#10603,(#10608,#10615),.PCURVE_S1.);
#10603 = CIRCLE('',#10604,98.5);
#10604 = AXIS2_PLACEMENT_3D('',#10605,#10606,#10607);
#10605 = CARTESIAN_POINT('',(0.,0.,19.));
#10606 = DIRECTION('',(0.,0.,1.));
#10607 = DIRECTION('',(1.,0.,-0.));
#10608 = PCURVE('',#1250,#10609);
#10609 = DEFINITIONAL_REPRESENTATION('',(#10610),#10614);
#10610 = LINE('',#10611,#10612);
#10611 = CARTESIAN_POINT('',(-0.,-1.5));
#10612 = VECTOR('',#10613,1.);
#10613 = DIRECTION('',(-1.,-0.));
#10614 = ( GEOMETRIC_REPRESENTATION_CONTEXT(2) 
PARAMETRIC_REPRESENTATION_CONTEXT() REPRESENTATION_CONTEXT('2D SPACE',''
  ) );
#10615 = PCURVE('',#4211,#10616);
#10616 = DEFINITIONAL_REPRESENTATION('',(#10617),#10621);
#10617 = CIRCLE('',#10618,98.5);
#10618 = AXIS2_PLACEMENT_2D('',#10619,#10620);
#10619 = CARTESIAN_POINT('',(0.,0.));
#10620 = DIRECTION('',(1.,0.));
#10621 = ( GEOMETRIC_REPRESENTATION_CONTEXT(2) 
PARAMETRIC_REPRESENTATION_CONTEXT() REPRESENTATION_CONTEXT('2D SPACE',''
  ) );
#10622 = ORIENTED_EDGE('',*,*,#10545,.T.);
#10623 = ADVANCED_FACE('',(#10624),#1222,.F.);
#10624 = FACE_BOUND('',#10625,.F.);
#10625 = EDGE_LOOP('',(#10626,#10647,#10675,#10696,#10697));
#10626 = ORIENTED_EDGE('',*,*,#10627,.F.);
#10627 = EDGE_CURVE('',#10628,#10575,#10630,.T.);
#10628 = VERTEX_POINT('',#10629);
#10629 = CARTESIAN_POINT('',(-20.94723887124,-94.80281796857,19.));
#10630 = SURFACE_CURVE('',#10631,(#10635,#10641),.PCURVE_S1.);
#10631 = LINE('',#10632,#10633);
#10632 = CARTESIAN_POINT('',(-12.52530225439,-47.03964194748,19.));
#10633 = VECTOR('',#10634,1.);
#10634 = DIRECTION('',(-0.173648177667,-0.984807753012,0.));
#10635 = PCURVE('',#1222,#10636);
#10636 = DEFINITIONAL_REPRESENTATION('',(#10637),#10640);
#10637 = B_SPLINE_CURVE_WITH_KNOTS('',1,(#10638,#10639),.UNSPECIFIED.,
  .F.,.F.,(2,2),(48.5,52.254217023698),.PIECEWISE_BEZIER_KNOTS.);
#10638 = CARTESIAN_POINT('',(7.105427357601E-15,-1.));
#10639 = CARTESIAN_POINT('',(3.754217023698,-1.));
#10640 = ( GEOMETRIC_REPRESENTATION_CONTEXT(2) 
PARAMETRIC_REPRESENTATION_CONTEXT() REPRESENTATION_CONTEXT('2D SPACE',''
  ) );
#10641 = PCURVE('',#4211,#10642);
#10642 = DEFINITIONAL_REPRESENTATION('',(#10643),#10646);
#10643 = B_SPLINE_CURVE_WITH_KNOTS('',1,(#10644,#10645),.UNSPECIFIED.,
  .F.,.F.,(2,2),(48.5,52.254217023698),.PIECEWISE_BEZIER_KNOTS.);
#10644 = CARTESIAN_POINT('',(-20.94723887124,-94.80281796857));
#10645 = CARTESIAN_POINT('',(-21.59915181597,-98.5));
#10646 = ( GEOMETRIC_REPRESENTATION_CONTEXT(2) 
PARAMETRIC_REPRESENTATION_CONTEXT() REPRESENTATION_CONTEXT('2D SPACE',''
  ) );
#10647 = ORIENTED_EDGE('',*,*,#10648,.T.);
#10648 = EDGE_CURVE('',#10628,#10649,#10651,.T.);
#10649 = VERTEX_POINT('',#10650);
#10650 = CARTESIAN_POINT('',(-20.94723887124,-94.80281796857,11.));
#10651 = SURFACE_CURVE('',#10652,(#10656,#10663),.PCURVE_S1.);
#10652 = LINE('',#10653,#10654);
#10653 = CARTESIAN_POINT('',(-20.94723887124,-94.80281796857,20.));
#10654 = VECTOR('',#10655,1.);
#10655 = DIRECTION('',(-0.,-0.,-1.));
#10656 = PCURVE('',#1222,#10657);
#10657 = DEFINITIONAL_REPRESENTATION('',(#10658),#10662);
#10658 = LINE('',#10659,#10660);
#10659 = CARTESIAN_POINT('',(1.461188215656E-14,0.));
#10660 = VECTOR('',#10661,1.);
#10661 = DIRECTION('',(0.,-1.));
#10662 = ( GEOMETRIC_REPRESENTATION_CONTEXT(2) 
PARAMETRIC_REPRESENTATION_CONTEXT() REPRESENTATION_CONTEXT('2D SPACE',''
  ) );
#10663 = PCURVE('',#10664,#10669);
#10664 = PLANE('',#10665);
#10665 = AXIS2_PLACEMENT_3D('',#10666,#10667,#10668);
#10666 = CARTESIAN_POINT('',(-20.94723887124,-94.80281796857,20.));
#10667 = DIRECTION('',(-0.173648177667,-0.984807753012,0.));
#10668 = DIRECTION('',(0.984807753012,-0.173648177667,0.));
#10669 = DEFINITIONAL_REPRESENTATION('',(#10670),#10674);
#10670 = LINE('',#10671,#10672);
#10671 = CARTESIAN_POINT('',(6.997479950231E-15,0.));
#10672 = VECTOR('',#10673,1.);
#10673 = DIRECTION('',(0.,-1.));
#10674 = ( GEOMETRIC_REPRESENTATION_CONTEXT(2) 
PARAMETRIC_REPRESENTATION_CONTEXT() REPRESENTATION_CONTEXT('2D SPACE',''
  ) );
#10675 = ORIENTED_EDGE('',*,*,#10676,.T.);
#10676 = EDGE_CURVE('',#10649,#1179,#10677,.T.);
#10677 = SURFACE_CURVE('',#10678,(#10682,#10689),.PCURVE_S1.);
#10678 = LINE('',#10679,#10680);
#10679 = CARTESIAN_POINT('',(-21.46818340424,-97.7572412276,11.));
#10680 = VECTOR('',#10681,1.);
#10681 = DIRECTION('',(-0.173648177667,-0.984807753012,0.));
#10682 = PCURVE('',#1222,#10683);
#10683 = DEFINITIONAL_REPRESENTATION('',(#10684),#10688);
#10684 = LINE('',#10685,#10686);
#10685 = CARTESIAN_POINT('',(3.,-9.));
#10686 = VECTOR('',#10687,1.);
#10687 = DIRECTION('',(1.,0.));
#10688 = ( GEOMETRIC_REPRESENTATION_CONTEXT(2) 
PARAMETRIC_REPRESENTATION_CONTEXT() REPRESENTATION_CONTEXT('2D SPACE',''
  ) );
#10689 = PCURVE('',#1195,#10690);
#10690 = DEFINITIONAL_REPRESENTATION('',(#10691),#10695);
#10691 = LINE('',#10692,#10693);
#10692 = CARTESIAN_POINT('',(0.,-4.166666666667));
#10693 = VECTOR('',#10694,1.);
#10694 = DIRECTION('',(1.,0.));
#10695 = ( GEOMETRIC_REPRESENTATION_CONTEXT(2) 
PARAMETRIC_REPRESENTATION_CONTEXT() REPRESENTATION_CONTEXT('2D SPACE',''
  ) );
#10696 = ORIENTED_EDGE('',*,*,#1207,.T.);
#10697 = ORIENTED_EDGE('',*,*,#10574,.F.);
#10698 = ADVANCED_FACE('',(#10699),#1195,.T.);
#10699 = FACE_BOUND('',#10700,.T.);
#10700 = EDGE_LOOP('',(#10701,#10724,#10725,#10726));
#10701 = ORIENTED_EDGE('',*,*,#10702,.F.);
#10702 = EDGE_CURVE('',#10649,#10703,#10705,.T.);
#10703 = VERTEX_POINT('',#10704);
#10704 = CARTESIAN_POINT('',(-12.74050759614,-96.24988611579,11.));
#10705 = SURFACE_CURVE('',#10706,(#10710,#10717),.PCURVE_S1.);
#10706 = LINE('',#10707,#10708);
#10707 = CARTESIAN_POINT('',(-16.84387323369,-95.52635204218,11.));
#10708 = VECTOR('',#10709,1.);
#10709 = DIRECTION('',(0.984807753012,-0.173648177667,0.));
#10710 = PCURVE('',#1195,#10711);
#10711 = DEFINITIONAL_REPRESENTATION('',(#10712),#10716);
#10712 = LINE('',#10713,#10714);
#10713 = CARTESIAN_POINT('',(-3.,0.));
#10714 = VECTOR('',#10715,1.);
#10715 = DIRECTION('',(0.,1.));
#10716 = ( GEOMETRIC_REPRESENTATION_CONTEXT(2) 
PARAMETRIC_REPRESENTATION_CONTEXT() REPRESENTATION_CONTEXT('2D SPACE',''
  ) );
#10717 = PCURVE('',#10664,#10718);
#10718 = DEFINITIONAL_REPRESENTATION('',(#10719),#10723);
#10719 = LINE('',#10720,#10721);
#10720 = CARTESIAN_POINT('',(4.166666666667,-9.));
#10721 = VECTOR('',#10722,1.);
#10722 = DIRECTION('',(1.,0.));
#10723 = ( GEOMETRIC_REPRESENTATION_CONTEXT(2) 
PARAMETRIC_REPRESENTATION_CONTEXT() REPRESENTATION_CONTEXT('2D SPACE',''
  ) );
#10724 = ORIENTED_EDGE('',*,*,#10676,.T.);
#10725 = ORIENTED_EDGE('',*,*,#1178,.T.);
#10726 = ORIENTED_EDGE('',*,*,#10727,.F.);
#10727 = EDGE_CURVE('',#10703,#1153,#10728,.T.);
#10728 = SURFACE_CURVE('',#10729,(#10733,#10740),.PCURVE_S1.);
#10729 = LINE('',#10730,#10731);
#10730 = CARTESIAN_POINT('',(-13.26145212914,-99.20430937483,11.));
#10731 = VECTOR('',#10732,1.);
#10732 = DIRECTION('',(-0.173648177667,-0.984807753012,0.));
#10733 = PCURVE('',#1195,#10734);
#10734 = DEFINITIONAL_REPRESENTATION('',(#10735),#10739);
#10735 = LINE('',#10736,#10737);
#10736 = CARTESIAN_POINT('',(0.,4.166666666667));
#10737 = VECTOR('',#10738,1.);
#10738 = DIRECTION('',(1.,0.));
#10739 = ( GEOMETRIC_REPRESENTATION_CONTEXT(2) 
PARAMETRIC_REPRESENTATION_CONTEXT() REPRESENTATION_CONTEXT('2D SPACE',''
  ) );
#10740 = PCURVE('',#1167,#10741);
#10741 = DEFINITIONAL_REPRESENTATION('',(#10742),#10746);
#10742 = LINE('',#10743,#10744);
#10743 = CARTESIAN_POINT('',(3.,-9.));
#10744 = VECTOR('',#10745,1.);
#10745 = DIRECTION('',(1.,0.));
#10746 = ( GEOMETRIC_REPRESENTATION_CONTEXT(2) 
PARAMETRIC_REPRESENTATION_CONTEXT() REPRESENTATION_CONTEXT('2D SPACE',''
  ) );
#10747 = ADVANCED_FACE('',(#10748),#1167,.T.);
#10748 = FACE_BOUND('',#10749,.T.);
#10749 = EDGE_LOOP('',(#10750,#10773,#10794,#10795,#10796));
#10750 = ORIENTED_EDGE('',*,*,#10751,.F.);
#10751 = EDGE_CURVE('',#10752,#10754,#10756,.T.);
#10752 = VERTEX_POINT('',#10753);
#10753 = CARTESIAN_POINT('',(-12.74050759614,-96.24988611579,19.));
#10754 = VERTEX_POINT('',#10755);
#10755 = CARTESIAN_POINT('',(-12.98566983652,-97.64027027255,19.));
#10756 = SURFACE_CURVE('',#10757,(#10761,#10767),.PCURVE_S1.);
#10757 = LINE('',#10758,#10759);
#10758 = CARTESIAN_POINT('',(-4.318570979295,-48.4867100947,19.));
#10759 = VECTOR('',#10760,1.);
#10760 = DIRECTION('',(-0.173648177667,-0.984807753012,0.));
#10761 = PCURVE('',#1167,#10762);
#10762 = DEFINITIONAL_REPRESENTATION('',(#10763),#10766);
#10763 = B_SPLINE_CURVE_WITH_KNOTS('',1,(#10764,#10765),.UNSPECIFIED.,
  .F.,.F.,(2,2),(48.5,50.784825517794),.PIECEWISE_BEZIER_KNOTS.);
#10764 = CARTESIAN_POINT('',(0.,-1.));
#10765 = CARTESIAN_POINT('',(2.284825517794,-1.));
#10766 = ( GEOMETRIC_REPRESENTATION_CONTEXT(2) 
PARAMETRIC_REPRESENTATION_CONTEXT() REPRESENTATION_CONTEXT('2D SPACE',''
  ) );
#10767 = PCURVE('',#4211,#10768);
#10768 = DEFINITIONAL_REPRESENTATION('',(#10769),#10772);
#10769 = B_SPLINE_CURVE_WITH_KNOTS('',1,(#10770,#10771),.UNSPECIFIED.,
  .F.,.F.,(2,2),(48.5,50.784825517794),.PIECEWISE_BEZIER_KNOTS.);
#10770 = CARTESIAN_POINT('',(-12.74050759614,-96.24988611579));
#10771 = CARTESIAN_POINT('',(-13.13726338359,-98.5));
#10772 = ( GEOMETRIC_REPRESENTATION_CONTEXT(2) 
PARAMETRIC_REPRESENTATION_CONTEXT() REPRESENTATION_CONTEXT('2D SPACE',''
  ) );
#10773 = ORIENTED_EDGE('',*,*,#10774,.T.);
#10774 = EDGE_CURVE('',#10752,#10703,#10775,.T.);
#10775 = SURFACE_CURVE('',#10776,(#10780,#10787),.PCURVE_S1.);
#10776 = LINE('',#10777,#10778);
#10777 = CARTESIAN_POINT('',(-12.74050759614,-96.24988611579,20.));
#10778 = VECTOR('',#10779,1.);
#10779 = DIRECTION('',(-0.,-0.,-1.));
#10780 = PCURVE('',#1167,#10781);
#10781 = DEFINITIONAL_REPRESENTATION('',(#10782),#10786);
#10782 = LINE('',#10783,#10784);
#10783 = CARTESIAN_POINT('',(0.,0.));
#10784 = VECTOR('',#10785,1.);
#10785 = DIRECTION('',(0.,-1.));
#10786 = ( GEOMETRIC_REPRESENTATION_CONTEXT(2) 
PARAMETRIC_REPRESENTATION_CONTEXT() REPRESENTATION_CONTEXT('2D SPACE',''
  ) );
#10787 = PCURVE('',#10664,#10788);
#10788 = DEFINITIONAL_REPRESENTATION('',(#10789),#10793);
#10789 = LINE('',#10790,#10791);
#10790 = CARTESIAN_POINT('',(8.333333333333,0.));
#10791 = VECTOR('',#10792,1.);
#10792 = DIRECTION('',(0.,-1.));
#10793 = ( GEOMETRIC_REPRESENTATION_CONTEXT(2) 
PARAMETRIC_REPRESENTATION_CONTEXT() REPRESENTATION_CONTEXT('2D SPACE',''
  ) );
#10794 = ORIENTED_EDGE('',*,*,#10727,.T.);
#10795 = ORIENTED_EDGE('',*,*,#1152,.T.);
#10796 = ORIENTED_EDGE('',*,*,#10797,.F.);
#10797 = EDGE_CURVE('',#10754,#1124,#10798,.T.);
#10798 = SURFACE_CURVE('',#10799,(#10804,#10811),.PCURVE_S1.);
#10799 = HYPERBOLA('',#10800,4.166666666667,4.166666666667);
#10800 = AXIS2_PLACEMENT_3D('',#10801,#10802,#10803);
#10801 = CARTESIAN_POINT('',(4.103365637551,-0.723534073612,117.5));
#10802 = DIRECTION('',(-0.984807753012,0.173648177667,0.));
#10803 = DIRECTION('',(-0.,0.,-1.));
#10804 = PCURVE('',#1167,#10805);
#10805 = DEFINITIONAL_REPRESENTATION('',(#10806),#10810);
#10806 = ( BOUNDED_CURVE() B_SPLINE_CURVE(2,(#10807,#10808,#10809),
.UNSPECIFIED.,.F.,.F.) B_SPLINE_CURVE_WITH_KNOTS((3,3),(3.855639725068,
3.870766700287),.PIECEWISE_BEZIER_KNOTS.) CURVE() 
GEOMETRIC_REPRESENTATION_ITEM() RATIONAL_B_SPLINE_CURVE((1.,
1.000028603309,1.)) REPRESENTATION_ITEM('') );
#10807 = CARTESIAN_POINT('',(1.411833073512,-1.));
#10808 = CARTESIAN_POINT('',(2.156822397057,-1.744322486804));
#10809 = CARTESIAN_POINT('',(2.913156735682,-2.5));
#10810 = ( GEOMETRIC_REPRESENTATION_CONTEXT(2) 
PARAMETRIC_REPRESENTATION_CONTEXT() REPRESENTATION_CONTEXT('2D SPACE',''
  ) );
#10811 = PCURVE('',#1140,#10812);
#10812 = DEFINITIONAL_REPRESENTATION('',(#10813),#10820);
#10813 = B_SPLINE_CURVE_WITH_KNOTS('',5,(#10814,#10815,#10816,#10817,
    #10818,#10819),.UNSPECIFIED.,.F.,.F.,(6,6),(3.855639725068,
    3.870766700287),.PIECEWISE_BEZIER_KNOTS.);
#10814 = CARTESIAN_POINT('',(-4.580169865342,-1.5));
#10815 = CARTESIAN_POINT('',(-4.580041887548,-1.202265327971));
#10816 = CARTESIAN_POINT('',(-4.5799143933,-0.903403690949));
#10817 = CARTESIAN_POINT('',(-4.579787380167,-0.603409411496));
#10818 = CARTESIAN_POINT('',(-4.579660845735,-0.302276769196));
#10819 = CARTESIAN_POINT('',(-4.579534787608,2.13162820728E-14));
#10820 = ( GEOMETRIC_REPRESENTATION_CONTEXT(2) 
PARAMETRIC_REPRESENTATION_CONTEXT() REPRESENTATION_CONTEXT('2D SPACE',''
  ) );
#10821 = ADVANCED_FACE('',(#10822),#1140,.T.);
#10822 = FACE_BOUND('',#10823,.T.);
#10823 = EDGE_LOOP('',(#10824,#10825,#10852,#10874));
#10824 = ORIENTED_EDGE('',*,*,#1123,.T.);
#10825 = ORIENTED_EDGE('',*,*,#10826,.F.);
#10826 = EDGE_CURVE('',#10827,#1098,#10829,.T.);
#10827 = VERTEX_POINT('',#10828);
#10828 = CARTESIAN_POINT('',(-4.166666666667,-98.41183307351,19.));
#10829 = SURFACE_CURVE('',#10830,(#10835,#10845),.PCURVE_S1.);
#10830 = HYPERBOLA('',#10831,4.166666666667,4.166666666667);
#10831 = AXIS2_PLACEMENT_3D('',#10832,#10833,#10834);
#10832 = CARTESIAN_POINT('',(-4.166666666667,9.251858538543E-16,117.5));
#10833 = DIRECTION('',(-1.,2.22044604925E-16,0.));
#10834 = DIRECTION('',(-0.,0.,-1.));
#10835 = PCURVE('',#1140,#10836);
#10836 = DEFINITIONAL_REPRESENTATION('',(#10837),#10844);
#10837 = B_SPLINE_CURVE_WITH_KNOTS('',5,(#10838,#10839,#10840,#10841,
    #10842,#10843),.UNSPECIFIED.,.F.,.F.,(6,6),(3.855639725068,
    3.870766700287),.PIECEWISE_BEZIER_KNOTS.);
#10838 = CARTESIAN_POINT('',(-4.670075170228,-1.5));
#10839 = CARTESIAN_POINT('',(-4.670203148022,-1.202265327971));
#10840 = CARTESIAN_POINT('',(-4.67033064227,-0.903403690948));
#10841 = CARTESIAN_POINT('',(-4.670457655403,-0.603409411496));
#10842 = CARTESIAN_POINT('',(-4.670584189835,-0.302276769196));
#10843 = CARTESIAN_POINT('',(-4.670710247962,1.42108547152E-14));
#10844 = ( GEOMETRIC_REPRESENTATION_CONTEXT(2) 
PARAMETRIC_REPRESENTATION_CONTEXT() REPRESENTATION_CONTEXT('2D SPACE',''
  ) );
#10845 = PCURVE('',#1112,#10846);
#10846 = DEFINITIONAL_REPRESENTATION('',(#10847),#10851);
#10847 = ( BOUNDED_CURVE() B_SPLINE_CURVE(2,(#10848,#10849,#10850),
.UNSPECIFIED.,.F.,.F.) B_SPLINE_CURVE_WITH_KNOTS((3,3),(3.855639725068,
3.870766700287),.PIECEWISE_BEZIER_KNOTS.) CURVE() 
GEOMETRIC_REPRESENTATION_ITEM() RATIONAL_B_SPLINE_CURVE((1.,
1.000028603309,1.)) REPRESENTATION_ITEM('') );
#10848 = CARTESIAN_POINT('',(1.411833073512,-1.));
#10849 = CARTESIAN_POINT('',(2.156822397057,-1.744322486804));
#10850 = CARTESIAN_POINT('',(2.913156735682,-2.5));
#10851 = ( GEOMETRIC_REPRESENTATION_CONTEXT(2) 
PARAMETRIC_REPRESENTATION_CONTEXT() REPRESENTATION_CONTEXT('2D SPACE',''
  ) );
#10852 = ORIENTED_EDGE('',*,*,#10853,.F.);
#10853 = EDGE_CURVE('',#10754,#10827,#10854,.T.);
#10854 = SURFACE_CURVE('',#10855,(#10860,#10867),.PCURVE_S1.);
#10855 = CIRCLE('',#10856,98.5);
#10856 = AXIS2_PLACEMENT_3D('',#10857,#10858,#10859);
#10857 = CARTESIAN_POINT('',(0.,0.,19.));
#10858 = DIRECTION('',(0.,0.,1.));
#10859 = DIRECTION('',(1.,0.,-0.));
#10860 = PCURVE('',#1140,#10861);
#10861 = DEFINITIONAL_REPRESENTATION('',(#10862),#10866);
#10862 = LINE('',#10863,#10864);
#10863 = CARTESIAN_POINT('',(-0.,-1.5));
#10864 = VECTOR('',#10865,1.);
#10865 = DIRECTION('',(-1.,-0.));
#10866 = ( GEOMETRIC_REPRESENTATION_CONTEXT(2) 
PARAMETRIC_REPRESENTATION_CONTEXT() REPRESENTATION_CONTEXT('2D SPACE',''
  ) );
#10867 = PCURVE('',#4211,#10868);
#10868 = DEFINITIONAL_REPRESENTATION('',(#10869),#10873);
#10869 = CIRCLE('',#10870,98.5);
#10870 = AXIS2_PLACEMENT_2D('',#10871,#10872);
#10871 = CARTESIAN_POINT('',(0.,0.));
#10872 = DIRECTION('',(1.,0.));
#10873 = ( GEOMETRIC_REPRESENTATION_CONTEXT(2) 
PARAMETRIC_REPRESENTATION_CONTEXT() REPRESENTATION_CONTEXT('2D SPACE',''
  ) );
#10874 = ORIENTED_EDGE('',*,*,#10797,.T.);
#10875 = ADVANCED_FACE('',(#10876),#1112,.F.);
#10876 = FACE_BOUND('',#10877,.F.);
#10877 = EDGE_LOOP('',(#10878,#10899,#10927,#10948,#10949));
#10878 = ORIENTED_EDGE('',*,*,#10879,.F.);
#10879 = EDGE_CURVE('',#10880,#10827,#10882,.T.);
#10880 = VERTEX_POINT('',#10881);
#10881 = CARTESIAN_POINT('',(-4.166666666667,-97.,19.));
#10882 = SURFACE_CURVE('',#10883,(#10887,#10893),.PCURVE_S1.);
#10883 = LINE('',#10884,#10885);
#10884 = CARTESIAN_POINT('',(-4.166666666667,-48.5,19.));
#10885 = VECTOR('',#10886,1.);
#10886 = DIRECTION('',(-2.22044604925E-16,-1.,0.));
#10887 = PCURVE('',#1112,#10888);
#10888 = DEFINITIONAL_REPRESENTATION('',(#10889),#10892);
#10889 = B_SPLINE_CURVE_WITH_KNOTS('',1,(#10890,#10891),.UNSPECIFIED.,
  .F.,.F.,(2,2),(48.5,50.),.PIECEWISE_BEZIER_KNOTS.);
#10890 = CARTESIAN_POINT('',(0.,-1.));
#10891 = CARTESIAN_POINT('',(1.5,-1.));
#10892 = ( GEOMETRIC_REPRESENTATION_CONTEXT(2) 
PARAMETRIC_REPRESENTATION_CONTEXT() REPRESENTATION_CONTEXT('2D SPACE',''
  ) );
#10893 = PCURVE('',#4211,#10894);
#10894 = DEFINITIONAL_REPRESENTATION('',(#10895),#10898);
#10895 = B_SPLINE_CURVE_WITH_KNOTS('',1,(#10896,#10897),.UNSPECIFIED.,
  .F.,.F.,(2,2),(48.5,50.),.PIECEWISE_BEZIER_KNOTS.);
#10896 = CARTESIAN_POINT('',(-4.166666666667,-97.));
#10897 = CARTESIAN_POINT('',(-4.166666666667,-98.5));
#10898 = ( GEOMETRIC_REPRESENTATION_CONTEXT(2) 
PARAMETRIC_REPRESENTATION_CONTEXT() REPRESENTATION_CONTEXT('2D SPACE',''
  ) );
#10899 = ORIENTED_EDGE('',*,*,#10900,.T.);
#10900 = EDGE_CURVE('',#10880,#10901,#10903,.T.);
#10901 = VERTEX_POINT('',#10902);
#10902 = CARTESIAN_POINT('',(-4.166666666667,-97.,11.));
#10903 = SURFACE_CURVE('',#10904,(#10908,#10915),.PCURVE_S1.);
#10904 = LINE('',#10905,#10906);
#10905 = CARTESIAN_POINT('',(-4.166666666667,-97.,20.));
#10906 = VECTOR('',#10907,1.);
#10907 = DIRECTION('',(-0.,-0.,-1.));
#10908 = PCURVE('',#1112,#10909);
#10909 = DEFINITIONAL_REPRESENTATION('',(#10910),#10914);
#10910 = LINE('',#10911,#10912);
#10911 = CARTESIAN_POINT('',(0.,0.));
#10912 = VECTOR('',#10913,1.);
#10913 = DIRECTION('',(0.,-1.));
#10914 = ( GEOMETRIC_REPRESENTATION_CONTEXT(2) 
PARAMETRIC_REPRESENTATION_CONTEXT() REPRESENTATION_CONTEXT('2D SPACE',''
  ) );
#10915 = PCURVE('',#10916,#10921);
#10916 = PLANE('',#10917);
#10917 = AXIS2_PLACEMENT_3D('',#10918,#10919,#10920);
#10918 = CARTESIAN_POINT('',(-4.166666666667,-97.,20.));
#10919 = DIRECTION('',(-2.22044604925E-16,-1.,0.));
#10920 = DIRECTION('',(1.,-2.22044604925E-16,0.));
#10921 = DEFINITIONAL_REPRESENTATION('',(#10922),#10926);
#10922 = LINE('',#10923,#10924);
#10923 = CARTESIAN_POINT('',(0.,0.));
#10924 = VECTOR('',#10925,1.);
#10925 = DIRECTION('',(0.,-1.));
#10926 = ( GEOMETRIC_REPRESENTATION_CONTEXT(2) 
PARAMETRIC_REPRESENTATION_CONTEXT() REPRESENTATION_CONTEXT('2D SPACE',''
  ) );
#10927 = ORIENTED_EDGE('',*,*,#10928,.T.);
#10928 = EDGE_CURVE('',#10901,#1069,#10929,.T.);
#10929 = SURFACE_CURVE('',#10930,(#10934,#10941),.PCURVE_S1.);
#10930 = LINE('',#10931,#10932);
#10931 = CARTESIAN_POINT('',(-4.166666666667,-100.,11.));
#10932 = VECTOR('',#10933,1.);
#10933 = DIRECTION('',(-2.22044604925E-16,-1.,0.));
#10934 = PCURVE('',#1112,#10935);
#10935 = DEFINITIONAL_REPRESENTATION('',(#10936),#10940);
#10936 = LINE('',#10937,#10938);
#10937 = CARTESIAN_POINT('',(3.,-9.));
#10938 = VECTOR('',#10939,1.);
#10939 = DIRECTION('',(1.,0.));
#10940 = ( GEOMETRIC_REPRESENTATION_CONTEXT(2) 
PARAMETRIC_REPRESENTATION_CONTEXT() REPRESENTATION_CONTEXT('2D SPACE',''
  ) );
#10941 = PCURVE('',#1085,#10942);
#10942 = DEFINITIONAL_REPRESENTATION('',(#10943),#10947);
#10943 = LINE('',#10944,#10945);
#10944 = CARTESIAN_POINT('',(0.,-4.166666666667));
#10945 = VECTOR('',#10946,1.);
#10946 = DIRECTION('',(1.,0.));
#10947 = ( GEOMETRIC_REPRESENTATION_CONTEXT(2) 
PARAMETRIC_REPRESENTATION_CONTEXT() REPRESENTATION_CONTEXT('2D SPACE',''
  ) );
#10948 = ORIENTED_EDGE('',*,*,#1097,.T.);
#10949 = ORIENTED_EDGE('',*,*,#10826,.F.);
#10950 = ADVANCED_FACE('',(#10951),#1085,.T.);
#10951 = FACE_BOUND('',#10952,.T.);
#10952 = EDGE_LOOP('',(#10953,#10976,#10977,#10978));
#10953 = ORIENTED_EDGE('',*,*,#10954,.F.);
#10954 = EDGE_CURVE('',#10901,#10955,#10957,.T.);
#10955 = VERTEX_POINT('',#10956);
#10956 = CARTESIAN_POINT('',(4.166666666667,-97.,11.));
#10957 = SURFACE_CURVE('',#10958,(#10962,#10969),.PCURVE_S1.);
#10958 = LINE('',#10959,#10960);
#10959 = CARTESIAN_POINT('',(-2.153832667773E-14,-97.,11.));
#10960 = VECTOR('',#10961,1.);
#10961 = DIRECTION('',(1.,-2.22044604925E-16,0.));
#10962 = PCURVE('',#1085,#10963);
#10963 = DEFINITIONAL_REPRESENTATION('',(#10964),#10968);
#10964 = LINE('',#10965,#10966);
#10965 = CARTESIAN_POINT('',(-3.,0.));
#10966 = VECTOR('',#10967,1.);
#10967 = DIRECTION('',(0.,1.));
#10968 = ( GEOMETRIC_REPRESENTATION_CONTEXT(2) 
PARAMETRIC_REPRESENTATION_CONTEXT() REPRESENTATION_CONTEXT('2D SPACE',''
  ) );
#10969 = PCURVE('',#10916,#10970);
#10970 = DEFINITIONAL_REPRESENTATION('',(#10971),#10975);
#10971 = LINE('',#10972,#10973);
#10972 = CARTESIAN_POINT('',(4.166666666667,-9.));
#10973 = VECTOR('',#10974,1.);
#10974 = DIRECTION('',(1.,0.));
#10975 = ( GEOMETRIC_REPRESENTATION_CONTEXT(2) 
PARAMETRIC_REPRESENTATION_CONTEXT() REPRESENTATION_CONTEXT('2D SPACE',''
  ) );
#10976 = ORIENTED_EDGE('',*,*,#10928,.T.);
#10977 = ORIENTED_EDGE('',*,*,#1068,.T.);
#10978 = ORIENTED_EDGE('',*,*,#10979,.F.);
#10979 = EDGE_CURVE('',#10955,#1043,#10980,.T.);
#10980 = SURFACE_CURVE('',#10981,(#10985,#10992),.PCURVE_S1.);
#10981 = LINE('',#10982,#10983);
#10982 = CARTESIAN_POINT('',(4.166666666667,-100.,11.));
#10983 = VECTOR('',#10984,1.);
#10984 = DIRECTION('',(-2.22044604925E-16,-1.,0.));
#10985 = PCURVE('',#1085,#10986);
#10986 = DEFINITIONAL_REPRESENTATION('',(#10987),#10991);
#10987 = LINE('',#10988,#10989);
#10988 = CARTESIAN_POINT('',(0.,4.166666666667));
#10989 = VECTOR('',#10990,1.);
#10990 = DIRECTION('',(1.,0.));
#10991 = ( GEOMETRIC_REPRESENTATION_CONTEXT(2) 
PARAMETRIC_REPRESENTATION_CONTEXT() REPRESENTATION_CONTEXT('2D SPACE',''
  ) );
#10992 = PCURVE('',#1057,#10993);
#10993 = DEFINITIONAL_REPRESENTATION('',(#10994),#10998);
#10994 = LINE('',#10995,#10996);
#10995 = CARTESIAN_POINT('',(3.,-9.));
#10996 = VECTOR('',#10997,1.);
#10997 = DIRECTION('',(1.,0.));
#10998 = ( GEOMETRIC_REPRESENTATION_CONTEXT(2) 
PARAMETRIC_REPRESENTATION_CONTEXT() REPRESENTATION_CONTEXT('2D SPACE',''
  ) );
#10999 = ADVANCED_FACE('',(#11000),#1057,.T.);
#11000 = FACE_BOUND('',#11001,.T.);
#11001 = EDGE_LOOP('',(#11002,#11025,#11046,#11047,#11048));
#11002 = ORIENTED_EDGE('',*,*,#11003,.F.);
#11003 = EDGE_CURVE('',#11004,#11006,#11008,.T.);
#11004 = VERTEX_POINT('',#11005);
#11005 = CARTESIAN_POINT('',(4.166666666667,-97.,19.));
#11006 = VERTEX_POINT('',#11007);
#11007 = CARTESIAN_POINT('',(4.166666666667,-98.41183307351,19.));
#11008 = SURFACE_CURVE('',#11009,(#11013,#11019),.PCURVE_S1.);
#11009 = LINE('',#11010,#11011);
#11010 = CARTESIAN_POINT('',(4.166666666667,-48.5,19.));
#11011 = VECTOR('',#11012,1.);
#11012 = DIRECTION('',(-2.22044604925E-16,-1.,0.));
#11013 = PCURVE('',#1057,#11014);
#11014 = DEFINITIONAL_REPRESENTATION('',(#11015),#11018);
#11015 = B_SPLINE_CURVE_WITH_KNOTS('',1,(#11016,#11017),.UNSPECIFIED.,
  .F.,.F.,(2,2),(48.5,50.),.PIECEWISE_BEZIER_KNOTS.);
#11016 = CARTESIAN_POINT('',(0.,-1.));
#11017 = CARTESIAN_POINT('',(1.5,-1.));
#11018 = ( GEOMETRIC_REPRESENTATION_CONTEXT(2) 
PARAMETRIC_REPRESENTATION_CONTEXT() REPRESENTATION_CONTEXT('2D SPACE',''
  ) );
#11019 = PCURVE('',#4211,#11020);
#11020 = DEFINITIONAL_REPRESENTATION('',(#11021),#11024);
#11021 = B_SPLINE_CURVE_WITH_KNOTS('',1,(#11022,#11023),.UNSPECIFIED.,
  .F.,.F.,(2,2),(48.5,50.),.PIECEWISE_BEZIER_KNOTS.);
#11022 = CARTESIAN_POINT('',(4.166666666667,-97.));
#11023 = CARTESIAN_POINT('',(4.166666666667,-98.5));
#11024 = ( GEOMETRIC_REPRESENTATION_CONTEXT(2) 
PARAMETRIC_REPRESENTATION_CONTEXT() REPRESENTATION_CONTEXT('2D SPACE',''
  ) );
#11025 = ORIENTED_EDGE('',*,*,#11026,.T.);
#11026 = EDGE_CURVE('',#11004,#10955,#11027,.T.);
#11027 = SURFACE_CURVE('',#11028,(#11032,#11039),.PCURVE_S1.);
#11028 = LINE('',#11029,#11030);
#11029 = CARTESIAN_POINT('',(4.166666666667,-97.,20.));
#11030 = VECTOR('',#11031,1.);
#11031 = DIRECTION('',(-0.,-0.,-1.));
#11032 = PCURVE('',#1057,#11033);
#11033 = DEFINITIONAL_REPRESENTATION('',(#11034),#11038);
#11034 = LINE('',#11035,#11036);
#11035 = CARTESIAN_POINT('',(0.,0.));
#11036 = VECTOR('',#11037,1.);
#11037 = DIRECTION('',(0.,-1.));
#11038 = ( GEOMETRIC_REPRESENTATION_CONTEXT(2) 
PARAMETRIC_REPRESENTATION_CONTEXT() REPRESENTATION_CONTEXT('2D SPACE',''
  ) );
#11039 = PCURVE('',#10916,#11040);
#11040 = DEFINITIONAL_REPRESENTATION('',(#11041),#11045);
#11041 = LINE('',#11042,#11043);
#11042 = CARTESIAN_POINT('',(8.333333333333,0.));
#11043 = VECTOR('',#11044,1.);
#11044 = DIRECTION('',(0.,-1.));
#11045 = ( GEOMETRIC_REPRESENTATION_CONTEXT(2) 
PARAMETRIC_REPRESENTATION_CONTEXT() REPRESENTATION_CONTEXT('2D SPACE',''
  ) );
#11046 = ORIENTED_EDGE('',*,*,#10979,.T.);
#11047 = ORIENTED_EDGE('',*,*,#1042,.T.);
#11048 = ORIENTED_EDGE('',*,*,#11049,.F.);
#11049 = EDGE_CURVE('',#11006,#1014,#11050,.T.);
#11050 = SURFACE_CURVE('',#11051,(#11056,#11063),.PCURVE_S1.);
#11051 = HYPERBOLA('',#11052,4.166666666667,4.166666666667);
#11052 = AXIS2_PLACEMENT_3D('',#11053,#11054,#11055);
#11053 = CARTESIAN_POINT('',(4.166666666667,-9.251858538543E-16,117.5));
#11054 = DIRECTION('',(-1.,2.22044604925E-16,0.));
#11055 = DIRECTION('',(-0.,0.,-1.));
#11056 = PCURVE('',#1057,#11057);
#11057 = DEFINITIONAL_REPRESENTATION('',(#11058),#11062);
#11058 = ( BOUNDED_CURVE() B_SPLINE_CURVE(2,(#11059,#11060,#11061),
.UNSPECIFIED.,.F.,.F.) B_SPLINE_CURVE_WITH_KNOTS((3,3),(3.855639725068,
3.870766700287),.PIECEWISE_BEZIER_KNOTS.) CURVE() 
GEOMETRIC_REPRESENTATION_ITEM() RATIONAL_B_SPLINE_CURVE((1.,
1.000028603309,1.)) REPRESENTATION_ITEM('') );
#11059 = CARTESIAN_POINT('',(1.411833073512,-1.));
#11060 = CARTESIAN_POINT('',(2.156822397057,-1.744322486804));
#11061 = CARTESIAN_POINT('',(2.913156735682,-2.5));
#11062 = ( GEOMETRIC_REPRESENTATION_CONTEXT(2) 
PARAMETRIC_REPRESENTATION_CONTEXT() REPRESENTATION_CONTEXT('2D SPACE',''
  ) );
#11063 = PCURVE('',#1030,#11064);
#11064 = DEFINITIONAL_REPRESENTATION('',(#11065),#11072);
#11065 = B_SPLINE_CURVE_WITH_KNOTS('',5,(#11066,#11067,#11068,#11069,
    #11070,#11071),.UNSPECIFIED.,.F.,.F.,(6,6),(3.855639725068,
    3.870766700287),.PIECEWISE_BEZIER_KNOTS.);
#11066 = CARTESIAN_POINT('',(-4.754702790541,-1.5));
#11067 = CARTESIAN_POINT('',(-4.754574812748,-1.202265327971));
#11068 = CARTESIAN_POINT('',(-4.7544473185,-0.903403690948));
#11069 = CARTESIAN_POINT('',(-4.754320305366,-0.603409411496));
#11070 = CARTESIAN_POINT('',(-4.754193770934,-0.302276769196));
#11071 = CARTESIAN_POINT('',(-4.754067712807,1.42108547152E-14));
#11072 = ( GEOMETRIC_REPRESENTATION_CONTEXT(2) 
PARAMETRIC_REPRESENTATION_CONTEXT() REPRESENTATION_CONTEXT('2D SPACE',''
  ) );
#11073 = ADVANCED_FACE('',(#11074),#1030,.T.);
#11074 = FACE_BOUND('',#11075,.T.);
#11075 = EDGE_LOOP('',(#11076,#11077,#11104,#11126));
#11076 = ORIENTED_EDGE('',*,*,#1013,.T.);
#11077 = ORIENTED_EDGE('',*,*,#11078,.F.);
#11078 = EDGE_CURVE('',#11079,#988,#11081,.T.);
#11079 = VERTEX_POINT('',#11080);
#11080 = CARTESIAN_POINT('',(12.985669836527,-97.64027027255,19.));
#11081 = SURFACE_CURVE('',#11082,(#11087,#11097),.PCURVE_S1.);
#11082 = HYPERBOLA('',#11083,4.166666666667,4.166666666667);
#11083 = AXIS2_PLACEMENT_3D('',#11084,#11085,#11086);
#11084 = CARTESIAN_POINT('',(-4.103365637551,-0.723534073612,117.5));
#11085 = DIRECTION('',(-0.984807753012,-0.173648177667,0.));
#11086 = DIRECTION('',(-0.,0.,-1.));
#11087 = PCURVE('',#1030,#11088);
#11088 = DEFINITIONAL_REPRESENTATION('',(#11089),#11096);
#11089 = B_SPLINE_CURVE_WITH_KNOTS('',5,(#11090,#11091,#11092,#11093,
    #11094,#11095),.UNSPECIFIED.,.F.,.F.,(6,6),(3.855639725068,
    3.870766700287),.PIECEWISE_BEZIER_KNOTS.);
#11090 = CARTESIAN_POINT('',(-4.844608095428,-1.5));
#11091 = CARTESIAN_POINT('',(-4.844736073221,-1.202265327971));
#11092 = CARTESIAN_POINT('',(-4.844863567469,-0.903403690949));
#11093 = CARTESIAN_POINT('',(-4.844990580602,-0.603409411496));
#11094 = CARTESIAN_POINT('',(-4.845117115035,-0.302276769196));
#11095 = CARTESIAN_POINT('',(-4.845243173162,1.42108547152E-14));
#11096 = ( GEOMETRIC_REPRESENTATION_CONTEXT(2) 
PARAMETRIC_REPRESENTATION_CONTEXT() REPRESENTATION_CONTEXT('2D SPACE',''
  ) );
#11097 = PCURVE('',#1002,#11098);
#11098 = DEFINITIONAL_REPRESENTATION('',(#11099),#11103);
#11099 = ( BOUNDED_CURVE() B_SPLINE_CURVE(2,(#11100,#11101,#11102),
.UNSPECIFIED.,.F.,.F.) B_SPLINE_CURVE_WITH_KNOTS((3,3),(3.855639725068,
3.870766700287),.PIECEWISE_BEZIER_KNOTS.) CURVE() 
GEOMETRIC_REPRESENTATION_ITEM() RATIONAL_B_SPLINE_CURVE((1.,
1.000028603309,1.)) REPRESENTATION_ITEM('') );
#11100 = CARTESIAN_POINT('',(1.411833073512,-1.));
#11101 = CARTESIAN_POINT('',(2.156822397057,-1.744322486804));
#11102 = CARTESIAN_POINT('',(2.913156735682,-2.5));
#11103 = ( GEOMETRIC_REPRESENTATION_CONTEXT(2) 
PARAMETRIC_REPRESENTATION_CONTEXT() REPRESENTATION_CONTEXT('2D SPACE',''
  ) );
#11104 = ORIENTED_EDGE('',*,*,#11105,.F.);
#11105 = EDGE_CURVE('',#11006,#11079,#11106,.T.);
#11106 = SURFACE_CURVE('',#11107,(#11112,#11119),.PCURVE_S1.);
#11107 = CIRCLE('',#11108,98.5);
#11108 = AXIS2_PLACEMENT_3D('',#11109,#11110,#11111);
#11109 = CARTESIAN_POINT('',(0.,0.,19.));
#11110 = DIRECTION('',(0.,0.,1.));
#11111 = DIRECTION('',(1.,0.,-0.));
#11112 = PCURVE('',#1030,#11113);
#11113 = DEFINITIONAL_REPRESENTATION('',(#11114),#11118);
#11114 = LINE('',#11115,#11116);
#11115 = CARTESIAN_POINT('',(-0.,-1.5));
#11116 = VECTOR('',#11117,1.);
#11117 = DIRECTION('',(-1.,-0.));
#11118 = ( GEOMETRIC_REPRESENTATION_CONTEXT(2) 
PARAMETRIC_REPRESENTATION_CONTEXT() REPRESENTATION_CONTEXT('2D SPACE',''
  ) );
#11119 = PCURVE('',#4211,#11120);
#11120 = DEFINITIONAL_REPRESENTATION('',(#11121),#11125);
#11121 = CIRCLE('',#11122,98.5);
#11122 = AXIS2_PLACEMENT_2D('',#11123,#11124);
#11123 = CARTESIAN_POINT('',(0.,0.));
#11124 = DIRECTION('',(1.,0.));
#11125 = ( GEOMETRIC_REPRESENTATION_CONTEXT(2) 
PARAMETRIC_REPRESENTATION_CONTEXT() REPRESENTATION_CONTEXT('2D SPACE',''
  ) );
#11126 = ORIENTED_EDGE('',*,*,#11049,.T.);
#11127 = ADVANCED_FACE('',(#11128),#1002,.F.);
#11128 = FACE_BOUND('',#11129,.F.);
#11129 = EDGE_LOOP('',(#11130,#11151,#11179,#11200,#11201));
#11130 = ORIENTED_EDGE('',*,*,#11131,.F.);
#11131 = EDGE_CURVE('',#11132,#11079,#11134,.T.);
#11132 = VERTEX_POINT('',#11133);
#11133 = CARTESIAN_POINT('',(12.740507596141,-96.24988611579,19.));
#11134 = SURFACE_CURVE('',#11135,(#11139,#11145),.PCURVE_S1.);
#11135 = LINE('',#11136,#11137);
#11136 = CARTESIAN_POINT('',(4.318570979295,-48.4867100947,19.));
#11137 = VECTOR('',#11138,1.);
#11138 = DIRECTION('',(0.173648177667,-0.984807753012,0.));
#11139 = PCURVE('',#1002,#11140);
#11140 = DEFINITIONAL_REPRESENTATION('',(#11141),#11144);
#11141 = B_SPLINE_CURVE_WITH_KNOTS('',1,(#11142,#11143),.UNSPECIFIED.,
  .F.,.F.,(2,2),(48.5,50.784825517794),.PIECEWISE_BEZIER_KNOTS.);
#11142 = CARTESIAN_POINT('',(0.,-1.));
#11143 = CARTESIAN_POINT('',(2.284825517794,-1.));
#11144 = ( GEOMETRIC_REPRESENTATION_CONTEXT(2) 
PARAMETRIC_REPRESENTATION_CONTEXT() REPRESENTATION_CONTEXT('2D SPACE',''
  ) );
#11145 = PCURVE('',#4211,#11146);
#11146 = DEFINITIONAL_REPRESENTATION('',(#11147),#11150);
#11147 = B_SPLINE_CURVE_WITH_KNOTS('',1,(#11148,#11149),.UNSPECIFIED.,
  .F.,.F.,(2,2),(48.5,50.784825517794),.PIECEWISE_BEZIER_KNOTS.);
#11148 = CARTESIAN_POINT('',(12.740507596141,-96.24988611579));
#11149 = CARTESIAN_POINT('',(13.137263383593,-98.5));
#11150 = ( GEOMETRIC_REPRESENTATION_CONTEXT(2) 
PARAMETRIC_REPRESENTATION_CONTEXT() REPRESENTATION_CONTEXT('2D SPACE',''
  ) );
#11151 = ORIENTED_EDGE('',*,*,#11152,.T.);
#11152 = EDGE_CURVE('',#11132,#11153,#11155,.T.);
#11153 = VERTEX_POINT('',#11154);
#11154 = CARTESIAN_POINT('',(12.740507596141,-96.24988611579,11.));
#11155 = SURFACE_CURVE('',#11156,(#11160,#11167),.PCURVE_S1.);
#11156 = LINE('',#11157,#11158);
#11157 = CARTESIAN_POINT('',(12.740507596141,-96.24988611579,20.));
#11158 = VECTOR('',#11159,1.);
#11159 = DIRECTION('',(-0.,-0.,-1.));
#11160 = PCURVE('',#1002,#11161);
#11161 = DEFINITIONAL_REPRESENTATION('',(#11162),#11166);
#11162 = LINE('',#11163,#11164);
#11163 = CARTESIAN_POINT('',(0.,0.));
#11164 = VECTOR('',#11165,1.);
#11165 = DIRECTION('',(0.,-1.));
#11166 = ( GEOMETRIC_REPRESENTATION_CONTEXT(2) 
PARAMETRIC_REPRESENTATION_CONTEXT() REPRESENTATION_CONTEXT('2D SPACE',''
  ) );
#11167 = PCURVE('',#11168,#11173);
#11168 = PLANE('',#11169);
#11169 = AXIS2_PLACEMENT_3D('',#11170,#11171,#11172);
#11170 = CARTESIAN_POINT('',(12.740507596141,-96.24988611579,20.));
#11171 = DIRECTION('',(0.173648177667,-0.984807753012,0.));
#11172 = DIRECTION('',(0.984807753012,0.173648177667,0.));
#11173 = DEFINITIONAL_REPRESENTATION('',(#11174),#11178);
#11174 = LINE('',#11175,#11176);
#11175 = CARTESIAN_POINT('',(0.,0.));
#11176 = VECTOR('',#11177,1.);
#11177 = DIRECTION('',(0.,-1.));
#11178 = ( GEOMETRIC_REPRESENTATION_CONTEXT(2) 
PARAMETRIC_REPRESENTATION_CONTEXT() REPRESENTATION_CONTEXT('2D SPACE',''
  ) );
#11179 = ORIENTED_EDGE('',*,*,#11180,.T.);
#11180 = EDGE_CURVE('',#11153,#959,#11181,.T.);
#11181 = SURFACE_CURVE('',#11182,(#11186,#11193),.PCURVE_S1.);
#11182 = LINE('',#11183,#11184);
#11183 = CARTESIAN_POINT('',(13.261452129142,-99.20430937483,11.));
#11184 = VECTOR('',#11185,1.);
#11185 = DIRECTION('',(0.173648177667,-0.984807753012,0.));
#11186 = PCURVE('',#1002,#11187);
#11187 = DEFINITIONAL_REPRESENTATION('',(#11188),#11192);
#11188 = LINE('',#11189,#11190);
#11189 = CARTESIAN_POINT('',(3.,-9.));
#11190 = VECTOR('',#11191,1.);
#11191 = DIRECTION('',(1.,0.));
#11192 = ( GEOMETRIC_REPRESENTATION_CONTEXT(2) 
PARAMETRIC_REPRESENTATION_CONTEXT() REPRESENTATION_CONTEXT('2D SPACE',''
  ) );
#11193 = PCURVE('',#975,#11194);
#11194 = DEFINITIONAL_REPRESENTATION('',(#11195),#11199);
#11195 = LINE('',#11196,#11197);
#11196 = CARTESIAN_POINT('',(0.,-4.166666666667));
#11197 = VECTOR('',#11198,1.);
#11198 = DIRECTION('',(1.,0.));
#11199 = ( GEOMETRIC_REPRESENTATION_CONTEXT(2) 
PARAMETRIC_REPRESENTATION_CONTEXT() REPRESENTATION_CONTEXT('2D SPACE',''
  ) );
#11200 = ORIENTED_EDGE('',*,*,#987,.T.);
#11201 = ORIENTED_EDGE('',*,*,#11078,.F.);
#11202 = ADVANCED_FACE('',(#11203),#975,.T.);
#11203 = FACE_BOUND('',#11204,.T.);
#11204 = EDGE_LOOP('',(#11205,#11228,#11229,#11230));
#11205 = ORIENTED_EDGE('',*,*,#11206,.F.);
#11206 = EDGE_CURVE('',#11153,#11207,#11209,.T.);
#11207 = VERTEX_POINT('',#11208);
#11208 = CARTESIAN_POINT('',(20.947238871243,-94.80281796857,11.));
#11209 = SURFACE_CURVE('',#11210,(#11214,#11221),.PCURVE_S1.);
#11210 = LINE('',#11211,#11212);
#11211 = CARTESIAN_POINT('',(16.843873233692,-95.52635204218,11.));
#11212 = VECTOR('',#11213,1.);
#11213 = DIRECTION('',(0.984807753012,0.173648177667,0.));
#11214 = PCURVE('',#975,#11215);
#11215 = DEFINITIONAL_REPRESENTATION('',(#11216),#11220);
#11216 = LINE('',#11217,#11218);
#11217 = CARTESIAN_POINT('',(-3.,0.));
#11218 = VECTOR('',#11219,1.);
#11219 = DIRECTION('',(0.,1.));
#11220 = ( GEOMETRIC_REPRESENTATION_CONTEXT(2) 
PARAMETRIC_REPRESENTATION_CONTEXT() REPRESENTATION_CONTEXT('2D SPACE',''
  ) );
#11221 = PCURVE('',#11168,#11222);
#11222 = DEFINITIONAL_REPRESENTATION('',(#11223),#11227);
#11223 = LINE('',#11224,#11225);
#11224 = CARTESIAN_POINT('',(4.166666666667,-9.));
#11225 = VECTOR('',#11226,1.);
#11226 = DIRECTION('',(1.,0.));
#11227 = ( GEOMETRIC_REPRESENTATION_CONTEXT(2) 
PARAMETRIC_REPRESENTATION_CONTEXT() REPRESENTATION_CONTEXT('2D SPACE',''
  ) );
#11228 = ORIENTED_EDGE('',*,*,#11180,.T.);
#11229 = ORIENTED_EDGE('',*,*,#958,.T.);
#11230 = ORIENTED_EDGE('',*,*,#11231,.F.);
#11231 = EDGE_CURVE('',#11207,#933,#11232,.T.);
#11232 = SURFACE_CURVE('',#11233,(#11237,#11244),.PCURVE_S1.);
#11233 = LINE('',#11234,#11235);
#11234 = CARTESIAN_POINT('',(21.468183404244,-97.7572412276,11.));
#11235 = VECTOR('',#11236,1.);
#11236 = DIRECTION('',(0.173648177667,-0.984807753012,0.));
#11237 = PCURVE('',#975,#11238);
#11238 = DEFINITIONAL_REPRESENTATION('',(#11239),#11243);
#11239 = LINE('',#11240,#11241);
#11240 = CARTESIAN_POINT('',(0.,4.166666666667));
#11241 = VECTOR('',#11242,1.);
#11242 = DIRECTION('',(1.,0.));
#11243 = ( GEOMETRIC_REPRESENTATION_CONTEXT(2) 
PARAMETRIC_REPRESENTATION_CONTEXT() REPRESENTATION_CONTEXT('2D SPACE',''
  ) );
#11244 = PCURVE('',#947,#11245);
#11245 = DEFINITIONAL_REPRESENTATION('',(#11246),#11250);
#11246 = LINE('',#11247,#11248);
#11247 = CARTESIAN_POINT('',(3.,-9.));
#11248 = VECTOR('',#11249,1.);
#11249 = DIRECTION('',(1.,0.));
#11250 = ( GEOMETRIC_REPRESENTATION_CONTEXT(2) 
PARAMETRIC_REPRESENTATION_CONTEXT() REPRESENTATION_CONTEXT('2D SPACE',''
  ) );
#11251 = ADVANCED_FACE('',(#11252),#947,.T.);
#11252 = FACE_BOUND('',#11253,.T.);
#11253 = EDGE_LOOP('',(#11254,#11277,#11298,#11299,#11300));
#11254 = ORIENTED_EDGE('',*,*,#11255,.F.);
#11255 = EDGE_CURVE('',#11256,#11258,#11260,.T.);
#11256 = VERTEX_POINT('',#11257);
#11257 = CARTESIAN_POINT('',(20.947238871243,-94.80281796857,19.));
#11258 = VERTEX_POINT('',#11259);
#11259 = CARTESIAN_POINT('',(21.192401111628,-96.19320212532,19.));
#11260 = SURFACE_CURVE('',#11261,(#11265,#11271),.PCURVE_S1.);
#11261 = LINE('',#11262,#11263);
#11262 = CARTESIAN_POINT('',(12.525302254397,-47.03964194748,19.));
#11263 = VECTOR('',#11264,1.);
#11264 = DIRECTION('',(0.173648177667,-0.984807753012,0.));
#11265 = PCURVE('',#947,#11266);
#11266 = DEFINITIONAL_REPRESENTATION('',(#11267),#11270);
#11267 = B_SPLINE_CURVE_WITH_KNOTS('',1,(#11268,#11269),.UNSPECIFIED.,
  .F.,.F.,(2,2),(48.5,52.254217023698),.PIECEWISE_BEZIER_KNOTS.);
#11268 = CARTESIAN_POINT('',(7.105427357601E-15,-1.));
#11269 = CARTESIAN_POINT('',(3.754217023698,-1.));
#11270 = ( GEOMETRIC_REPRESENTATION_CONTEXT(2) 
PARAMETRIC_REPRESENTATION_CONTEXT() REPRESENTATION_CONTEXT('2D SPACE',''
  ) );
#11271 = PCURVE('',#4211,#11272);
#11272 = DEFINITIONAL_REPRESENTATION('',(#11273),#11276);
#11273 = B_SPLINE_CURVE_WITH_KNOTS('',1,(#11274,#11275),.UNSPECIFIED.,
  .F.,.F.,(2,2),(48.5,52.254217023698),.PIECEWISE_BEZIER_KNOTS.);
#11274 = CARTESIAN_POINT('',(20.947238871243,-94.80281796857));
#11275 = CARTESIAN_POINT('',(21.599151815974,-98.5));
#11276 = ( GEOMETRIC_REPRESENTATION_CONTEXT(2) 
PARAMETRIC_REPRESENTATION_CONTEXT() REPRESENTATION_CONTEXT('2D SPACE',''
  ) );
#11277 = ORIENTED_EDGE('',*,*,#11278,.T.);
#11278 = EDGE_CURVE('',#11256,#11207,#11279,.T.);
#11279 = SURFACE_CURVE('',#11280,(#11284,#11291),.PCURVE_S1.);
#11280 = LINE('',#11281,#11282);
#11281 = CARTESIAN_POINT('',(20.947238871243,-94.80281796857,20.));
#11282 = VECTOR('',#11283,1.);
#11283 = DIRECTION('',(-0.,-0.,-1.));
#11284 = PCURVE('',#947,#11285);
#11285 = DEFINITIONAL_REPRESENTATION('',(#11286),#11290);
#11286 = LINE('',#11287,#11288);
#11287 = CARTESIAN_POINT('',(1.461188215656E-14,0.));
#11288 = VECTOR('',#11289,1.);
#11289 = DIRECTION('',(0.,-1.));
#11290 = ( GEOMETRIC_REPRESENTATION_CONTEXT(2) 
PARAMETRIC_REPRESENTATION_CONTEXT() REPRESENTATION_CONTEXT('2D SPACE',''
  ) );
#11291 = PCURVE('',#11168,#11292);
#11292 = DEFINITIONAL_REPRESENTATION('',(#11293),#11297);
#11293 = LINE('',#11294,#11295);
#11294 = CARTESIAN_POINT('',(8.333333333333,0.));
#11295 = VECTOR('',#11296,1.);
#11296 = DIRECTION('',(0.,-1.));
#11297 = ( GEOMETRIC_REPRESENTATION_CONTEXT(2) 
PARAMETRIC_REPRESENTATION_CONTEXT() REPRESENTATION_CONTEXT('2D SPACE',''
  ) );
#11298 = ORIENTED_EDGE('',*,*,#11231,.T.);
#11299 = ORIENTED_EDGE('',*,*,#932,.T.);
#11300 = ORIENTED_EDGE('',*,*,#11301,.F.);
#11301 = EDGE_CURVE('',#11258,#904,#11302,.T.);
#11302 = SURFACE_CURVE('',#11303,(#11308,#11315),.PCURVE_S1.);
#11303 = HYPERBOLA('',#11304,4.166666666667,4.166666666667);
#11304 = AXIS2_PLACEMENT_3D('',#11305,#11306,#11307);
#11305 = CARTESIAN_POINT('',(4.103365637551,0.723534073612,117.5));
#11306 = DIRECTION('',(-0.984807753012,-0.173648177667,0.));
#11307 = DIRECTION('',(-0.,0.,-1.));
#11308 = PCURVE('',#947,#11309);
#11309 = DEFINITIONAL_REPRESENTATION('',(#11310),#11314);
#11310 = ( BOUNDED_CURVE() B_SPLINE_CURVE(2,(#11311,#11312,#11313),
.UNSPECIFIED.,.F.,.F.) B_SPLINE_CURVE_WITH_KNOTS((3,3),(3.855639725068,
3.870766700287),.PIECEWISE_BEZIER_KNOTS.) CURVE() 
GEOMETRIC_REPRESENTATION_ITEM() RATIONAL_B_SPLINE_CURVE((1.,
1.000028603309,1.)) REPRESENTATION_ITEM('') );
#11311 = CARTESIAN_POINT('',(1.411833073513,-1.));
#11312 = CARTESIAN_POINT('',(2.156822397057,-1.744322486804));
#11313 = CARTESIAN_POINT('',(2.913156735682,-2.5));
#11314 = ( GEOMETRIC_REPRESENTATION_CONTEXT(2) 
PARAMETRIC_REPRESENTATION_CONTEXT() REPRESENTATION_CONTEXT('2D SPACE',''
  ) );
#11315 = PCURVE('',#920,#11316);
#11316 = DEFINITIONAL_REPRESENTATION('',(#11317),#11324);
#11317 = B_SPLINE_CURVE_WITH_KNOTS('',5,(#11318,#11319,#11320,#11321,
    #11322,#11323),.UNSPECIFIED.,.F.,.F.,(6,6),(3.855639725068,
    3.870766700287),.PIECEWISE_BEZIER_KNOTS.);
#11318 = CARTESIAN_POINT('',(-4.929235715741,-1.5));
#11319 = CARTESIAN_POINT('',(-4.929107737947,-1.202265327971));
#11320 = CARTESIAN_POINT('',(-4.928980243699,-0.903403690948));
#11321 = CARTESIAN_POINT('',(-4.928853230566,-0.603409411496));
#11322 = CARTESIAN_POINT('',(-4.928726696134,-0.302276769196));
#11323 = CARTESIAN_POINT('',(-4.928600638007,2.84217094304E-14));
#11324 = ( GEOMETRIC_REPRESENTATION_CONTEXT(2) 
PARAMETRIC_REPRESENTATION_CONTEXT() REPRESENTATION_CONTEXT('2D SPACE',''
  ) );
#11325 = ADVANCED_FACE('',(#11326),#920,.T.);
#11326 = FACE_BOUND('',#11327,.T.);
#11327 = EDGE_LOOP('',(#11328,#11329,#11356,#11378));
#11328 = ORIENTED_EDGE('',*,*,#903,.T.);
#11329 = ORIENTED_EDGE('',*,*,#11330,.F.);
#11330 = EDGE_CURVE('',#11331,#878,#11333,.T.);
#11331 = VERTEX_POINT('',#11332);
#11332 = CARTESIAN_POINT('',(29.743443332803,-93.90195726771,19.));
#11333 = SURFACE_CURVE('',#11334,(#11339,#11349),.PCURVE_S1.);
#11334 = HYPERBOLA('',#11335,4.166666666667,4.166666666667);
#11335 = AXIS2_PLACEMENT_3D('',#11336,#11337,#11338);
#11336 = CARTESIAN_POINT('',(-3.915385919941,-1.425083930524,117.5));
#11337 = DIRECTION('',(-0.939692620786,-0.342020143326,0.));
#11338 = DIRECTION('',(-0.,0.,-1.));
#11339 = PCURVE('',#920,#11340);
#11340 = DEFINITIONAL_REPRESENTATION('',(#11341),#11348);
#11341 = B_SPLINE_CURVE_WITH_KNOTS('',5,(#11342,#11343,#11344,#11345,
    #11346,#11347),.UNSPECIFIED.,.F.,.F.,(6,6),(3.855639725068,
    3.870766700287),.PIECEWISE_BEZIER_KNOTS.);
#11342 = CARTESIAN_POINT('',(-5.019141020627,-1.5));
#11343 = CARTESIAN_POINT('',(-5.019268998421,-1.202265327971));
#11344 = CARTESIAN_POINT('',(-5.019396492668,-0.903403690948));
#11345 = CARTESIAN_POINT('',(-5.019523505802,-0.603409411496));
#11346 = CARTESIAN_POINT('',(-5.019650040234,-0.302276769196));
#11347 = CARTESIAN_POINT('',(-5.019776098361,-7.105427357601E-15));
#11348 = ( GEOMETRIC_REPRESENTATION_CONTEXT(2) 
PARAMETRIC_REPRESENTATION_CONTEXT() REPRESENTATION_CONTEXT('2D SPACE',''
  ) );
#11349 = PCURVE('',#892,#11350);
#11350 = DEFINITIONAL_REPRESENTATION('',(#11351),#11355);
#11351 = ( BOUNDED_CURVE() B_SPLINE_CURVE(2,(#11352,#11353,#11354),
.UNSPECIFIED.,.F.,.F.) B_SPLINE_CURVE_WITH_KNOTS((3,3),(3.855639725068,
3.870766700287),.PIECEWISE_BEZIER_KNOTS.) CURVE() 
GEOMETRIC_REPRESENTATION_ITEM() RATIONAL_B_SPLINE_CURVE((1.,
1.000028603309,1.)) REPRESENTATION_ITEM('') );
#11352 = CARTESIAN_POINT('',(1.411833073512,-1.));
#11353 = CARTESIAN_POINT('',(2.156822397057,-1.744322486804));
#11354 = CARTESIAN_POINT('',(2.913156735682,-2.5));
#11355 = ( GEOMETRIC_REPRESENTATION_CONTEXT(2) 
PARAMETRIC_REPRESENTATION_CONTEXT() REPRESENTATION_CONTEXT('2D SPACE',''
  ) );
#11356 = ORIENTED_EDGE('',*,*,#11357,.F.);
#11357 = EDGE_CURVE('',#11258,#11331,#11358,.T.);
#11358 = SURFACE_CURVE('',#11359,(#11364,#11371),.PCURVE_S1.);
#11359 = CIRCLE('',#11360,98.5);
#11360 = AXIS2_PLACEMENT_3D('',#11361,#11362,#11363);
#11361 = CARTESIAN_POINT('',(0.,0.,19.));
#11362 = DIRECTION('',(0.,0.,1.));
#11363 = DIRECTION('',(1.,0.,-0.));
#11364 = PCURVE('',#920,#11365);
#11365 = DEFINITIONAL_REPRESENTATION('',(#11366),#11370);
#11366 = LINE('',#11367,#11368);
#11367 = CARTESIAN_POINT('',(-0.,-1.5));
#11368 = VECTOR('',#11369,1.);
#11369 = DIRECTION('',(-1.,-0.));
#11370 = ( GEOMETRIC_REPRESENTATION_CONTEXT(2) 
PARAMETRIC_REPRESENTATION_CONTEXT() REPRESENTATION_CONTEXT('2D SPACE',''
  ) );
#11371 = PCURVE('',#4211,#11372);
#11372 = DEFINITIONAL_REPRESENTATION('',(#11373),#11377);
#11373 = CIRCLE('',#11374,98.5);
#11374 = AXIS2_PLACEMENT_2D('',#11375,#11376);
#11375 = CARTESIAN_POINT('',(0.,0.));
#11376 = DIRECTION('',(1.,0.));
#11377 = ( GEOMETRIC_REPRESENTATION_CONTEXT(2) 
PARAMETRIC_REPRESENTATION_CONTEXT() REPRESENTATION_CONTEXT('2D SPACE',''
  ) );
#11378 = ORIENTED_EDGE('',*,*,#11301,.T.);
#11379 = ADVANCED_FACE('',(#11380),#892,.F.);
#11380 = FACE_BOUND('',#11381,.F.);
#11381 = EDGE_LOOP('',(#11382,#11403,#11431,#11452,#11453));
#11382 = ORIENTED_EDGE('',*,*,#11383,.F.);
#11383 = EDGE_CURVE('',#11384,#11331,#11386,.T.);
#11384 = VERTEX_POINT('',#11385);
#11385 = CARTESIAN_POINT('',(29.260567982649,-92.57526814675,19.));
#11386 = SURFACE_CURVE('',#11387,(#11391,#11397),.PCURVE_S1.);
#11387 = LINE('',#11388,#11389);
#11388 = CARTESIAN_POINT('',(12.672591031354,-47.00017603864,19.));
#11389 = VECTOR('',#11390,1.);
#11390 = DIRECTION('',(0.342020143326,-0.939692620786,0.));
#11391 = PCURVE('',#892,#11392);
#11392 = DEFINITIONAL_REPRESENTATION('',(#11393),#11396);
#11393 = B_SPLINE_CURVE_WITH_KNOTS('',1,(#11394,#11395),.UNSPECIFIED.,
  .F.,.F.,(2,2),(48.5,54.5),.PIECEWISE_BEZIER_KNOTS.);
#11394 = CARTESIAN_POINT('',(0.,-1.));
#11395 = CARTESIAN_POINT('',(6.,-1.));
#11396 = ( GEOMETRIC_REPRESENTATION_CONTEXT(2) 
PARAMETRIC_REPRESENTATION_CONTEXT() REPRESENTATION_CONTEXT('2D SPACE',''
  ) );
#11397 = PCURVE('',#4211,#11398);
#11398 = DEFINITIONAL_REPRESENTATION('',(#11399),#11402);
#11399 = B_SPLINE_CURVE_WITH_KNOTS('',1,(#11400,#11401),.UNSPECIFIED.,
  .F.,.F.,(2,2),(48.5,54.5),.PIECEWISE_BEZIER_KNOTS.);
#11400 = CARTESIAN_POINT('',(29.260567982649,-92.57526814675));
#11401 = CARTESIAN_POINT('',(31.312688842603,-98.21342387147));
#11402 = ( GEOMETRIC_REPRESENTATION_CONTEXT(2) 
PARAMETRIC_REPRESENTATION_CONTEXT() REPRESENTATION_CONTEXT('2D SPACE',''
  ) );
#11403 = ORIENTED_EDGE('',*,*,#11404,.T.);
#11404 = EDGE_CURVE('',#11384,#11405,#11407,.T.);
#11405 = VERTEX_POINT('',#11406);
#11406 = CARTESIAN_POINT('',(29.260567982649,-92.57526814675,11.));
#11407 = SURFACE_CURVE('',#11408,(#11412,#11419),.PCURVE_S1.);
#11408 = LINE('',#11409,#11410);
#11409 = CARTESIAN_POINT('',(29.260567982649,-92.57526814675,20.));
#11410 = VECTOR('',#11411,1.);
#11411 = DIRECTION('',(-0.,-0.,-1.));
#11412 = PCURVE('',#892,#11413);
#11413 = DEFINITIONAL_REPRESENTATION('',(#11414),#11418);
#11414 = LINE('',#11415,#11416);
#11415 = CARTESIAN_POINT('',(0.,0.));
#11416 = VECTOR('',#11417,1.);
#11417 = DIRECTION('',(0.,-1.));
#11418 = ( GEOMETRIC_REPRESENTATION_CONTEXT(2) 
PARAMETRIC_REPRESENTATION_CONTEXT() REPRESENTATION_CONTEXT('2D SPACE',''
  ) );
#11419 = PCURVE('',#11420,#11425);
#11420 = PLANE('',#11421);
#11421 = AXIS2_PLACEMENT_3D('',#11422,#11423,#11424);
#11422 = CARTESIAN_POINT('',(29.260567982649,-92.57526814675,20.));
#11423 = DIRECTION('',(0.342020143326,-0.939692620786,0.));
#11424 = DIRECTION('',(0.939692620786,0.342020143326,0.));
#11425 = DEFINITIONAL_REPRESENTATION('',(#11426),#11430);
#11426 = LINE('',#11427,#11428);
#11427 = CARTESIAN_POINT('',(3.338458827734E-15,0.));
#11428 = VECTOR('',#11429,1.);
#11429 = DIRECTION('',(0.,-1.));
#11430 = ( GEOMETRIC_REPRESENTATION_CONTEXT(2) 
PARAMETRIC_REPRESENTATION_CONTEXT() REPRESENTATION_CONTEXT('2D SPACE',''
  ) );
#11431 = ORIENTED_EDGE('',*,*,#11432,.T.);
#11432 = EDGE_CURVE('',#11405,#849,#11433,.T.);
#11433 = SURFACE_CURVE('',#11434,(#11438,#11445),.PCURVE_S1.);
#11434 = LINE('',#11435,#11436);
#11435 = CARTESIAN_POINT('',(30.286628412626,-95.39434600911,11.));
#11436 = VECTOR('',#11437,1.);
#11437 = DIRECTION('',(0.342020143326,-0.939692620786,0.));
#11438 = PCURVE('',#892,#11439);
#11439 = DEFINITIONAL_REPRESENTATION('',(#11440),#11444);
#11440 = LINE('',#11441,#11442);
#11441 = CARTESIAN_POINT('',(3.,-9.));
#11442 = VECTOR('',#11443,1.);
#11443 = DIRECTION('',(1.,0.));
#11444 = ( GEOMETRIC_REPRESENTATION_CONTEXT(2) 
PARAMETRIC_REPRESENTATION_CONTEXT() REPRESENTATION_CONTEXT('2D SPACE',''
  ) );
#11445 = PCURVE('',#865,#11446);
#11446 = DEFINITIONAL_REPRESENTATION('',(#11447),#11451);
#11447 = LINE('',#11448,#11449);
#11448 = CARTESIAN_POINT('',(0.,-4.166666666667));
#11449 = VECTOR('',#11450,1.);
#11450 = DIRECTION('',(1.,0.));
#11451 = ( GEOMETRIC_REPRESENTATION_CONTEXT(2) 
PARAMETRIC_REPRESENTATION_CONTEXT() REPRESENTATION_CONTEXT('2D SPACE',''
  ) );
#11452 = ORIENTED_EDGE('',*,*,#877,.T.);
#11453 = ORIENTED_EDGE('',*,*,#11330,.F.);
#11454 = ADVANCED_FACE('',(#11455),#865,.T.);
#11455 = FACE_BOUND('',#11456,.T.);
#11456 = EDGE_LOOP('',(#11457,#11480,#11481,#11482));
#11457 = ORIENTED_EDGE('',*,*,#11458,.F.);
#11458 = EDGE_CURVE('',#11405,#11459,#11461,.T.);
#11459 = VERTEX_POINT('',#11460);
#11460 = CARTESIAN_POINT('',(37.091339822531,-89.7251002857,11.));
#11461 = SURFACE_CURVE('',#11462,(#11466,#11473),.PCURVE_S1.);
#11462 = LINE('',#11463,#11464);
#11463 = CARTESIAN_POINT('',(33.17595390259,-91.15018421623,11.));
#11464 = VECTOR('',#11465,1.);
#11465 = DIRECTION('',(0.939692620786,0.342020143326,0.));
#11466 = PCURVE('',#865,#11467);
#11467 = DEFINITIONAL_REPRESENTATION('',(#11468),#11472);
#11468 = LINE('',#11469,#11470);
#11469 = CARTESIAN_POINT('',(-3.,0.));
#11470 = VECTOR('',#11471,1.);
#11471 = DIRECTION('',(0.,1.));
#11472 = ( GEOMETRIC_REPRESENTATION_CONTEXT(2) 
PARAMETRIC_REPRESENTATION_CONTEXT() REPRESENTATION_CONTEXT('2D SPACE',''
  ) );
#11473 = PCURVE('',#11420,#11474);
#11474 = DEFINITIONAL_REPRESENTATION('',(#11475),#11479);
#11475 = LINE('',#11476,#11477);
#11476 = CARTESIAN_POINT('',(4.166666666667,-9.));
#11477 = VECTOR('',#11478,1.);
#11478 = DIRECTION('',(1.,0.));
#11479 = ( GEOMETRIC_REPRESENTATION_CONTEXT(2) 
PARAMETRIC_REPRESENTATION_CONTEXT() REPRESENTATION_CONTEXT('2D SPACE',''
  ) );
#11480 = ORIENTED_EDGE('',*,*,#11432,.T.);
#11481 = ORIENTED_EDGE('',*,*,#848,.T.);
#11482 = ORIENTED_EDGE('',*,*,#11483,.F.);
#11483 = EDGE_CURVE('',#11459,#823,#11484,.T.);
#11484 = SURFACE_CURVE('',#11485,(#11489,#11496),.PCURVE_S1.);
#11485 = LINE('',#11486,#11487);
#11486 = CARTESIAN_POINT('',(38.117400252508,-92.54417814806,11.));
#11487 = VECTOR('',#11488,1.);
#11488 = DIRECTION('',(0.342020143326,-0.939692620786,0.));
#11489 = PCURVE('',#865,#11490);
#11490 = DEFINITIONAL_REPRESENTATION('',(#11491),#11495);
#11491 = LINE('',#11492,#11493);
#11492 = CARTESIAN_POINT('',(0.,4.166666666667));
#11493 = VECTOR('',#11494,1.);
#11494 = DIRECTION('',(1.,0.));
#11495 = ( GEOMETRIC_REPRESENTATION_CONTEXT(2) 
PARAMETRIC_REPRESENTATION_CONTEXT() REPRESENTATION_CONTEXT('2D SPACE',''
  ) );
#11496 = PCURVE('',#837,#11497);
#11497 = DEFINITIONAL_REPRESENTATION('',(#11498),#11502);
#11498 = LINE('',#11499,#11500);
#11499 = CARTESIAN_POINT('',(3.,-9.));
#11500 = VECTOR('',#11501,1.);
#11501 = DIRECTION('',(1.,0.));
#11502 = ( GEOMETRIC_REPRESENTATION_CONTEXT(2) 
PARAMETRIC_REPRESENTATION_CONTEXT() REPRESENTATION_CONTEXT('2D SPACE',''
  ) );
#11503 = ADVANCED_FACE('',(#11504),#837,.T.);
#11504 = FACE_BOUND('',#11505,.T.);
#11505 = EDGE_LOOP('',(#11506,#11529,#11550,#11551,#11552));
#11506 = ORIENTED_EDGE('',*,*,#11507,.F.);
#11507 = EDGE_CURVE('',#11508,#11510,#11512,.T.);
#11508 = VERTEX_POINT('',#11509);
#11509 = CARTESIAN_POINT('',(37.091339822531,-89.7251002857,19.));
#11510 = VERTEX_POINT('',#11511);
#11511 = CARTESIAN_POINT('',(37.574215172686,-91.05178940667,19.));
#11512 = SURFACE_CURVE('',#11513,(#11517,#11523),.PCURVE_S1.);
#11513 = LINE('',#11514,#11515);
#11514 = CARTESIAN_POINT('',(20.503362871236,-44.15000817759,19.));
#11515 = VECTOR('',#11516,1.);
#11516 = DIRECTION('',(0.342020143326,-0.939692620786,0.));
#11517 = PCURVE('',#837,#11518);
#11518 = DEFINITIONAL_REPRESENTATION('',(#11519),#11522);
#11519 = B_SPLINE_CURVE_WITH_KNOTS('',1,(#11520,#11521),.UNSPECIFIED.,
  .F.,.F.,(2,2),(48.5,54.5),.PIECEWISE_BEZIER_KNOTS.);
#11520 = CARTESIAN_POINT('',(7.105427357601E-15,-1.));
#11521 = CARTESIAN_POINT('',(6.,-1.));
#11522 = ( GEOMETRIC_REPRESENTATION_CONTEXT(2) 
PARAMETRIC_REPRESENTATION_CONTEXT() REPRESENTATION_CONTEXT('2D SPACE',''
  ) );
#11523 = PCURVE('',#4211,#11524);
#11524 = DEFINITIONAL_REPRESENTATION('',(#11525),#11528);
#11525 = B_SPLINE_CURVE_WITH_KNOTS('',1,(#11526,#11527),.UNSPECIFIED.,
  .F.,.F.,(2,2),(48.5,54.5),.PIECEWISE_BEZIER_KNOTS.);
#11526 = CARTESIAN_POINT('',(37.091339822531,-89.7251002857));
#11527 = CARTESIAN_POINT('',(39.143460682485,-95.36325601042));
#11528 = ( GEOMETRIC_REPRESENTATION_CONTEXT(2) 
PARAMETRIC_REPRESENTATION_CONTEXT() REPRESENTATION_CONTEXT('2D SPACE',''
  ) );
#11529 = ORIENTED_EDGE('',*,*,#11530,.T.);
#11530 = EDGE_CURVE('',#11508,#11459,#11531,.T.);
#11531 = SURFACE_CURVE('',#11532,(#11536,#11543),.PCURVE_S1.);
#11532 = LINE('',#11533,#11534);
#11533 = CARTESIAN_POINT('',(37.091339822531,-89.7251002857,20.));
#11534 = VECTOR('',#11535,1.);
#11535 = DIRECTION('',(-0.,-0.,-1.));
#11536 = PCURVE('',#837,#11537);
#11537 = DEFINITIONAL_REPRESENTATION('',(#11538),#11542);
#11538 = LINE('',#11539,#11540);
#11539 = CARTESIAN_POINT('',(1.578403459417E-14,0.));
#11540 = VECTOR('',#11541,1.);
#11541 = DIRECTION('',(0.,-1.));
#11542 = ( GEOMETRIC_REPRESENTATION_CONTEXT(2) 
PARAMETRIC_REPRESENTATION_CONTEXT() REPRESENTATION_CONTEXT('2D SPACE',''
  ) );
#11543 = PCURVE('',#11420,#11544);
#11544 = DEFINITIONAL_REPRESENTATION('',(#11545),#11549);
#11545 = LINE('',#11546,#11547);
#11546 = CARTESIAN_POINT('',(8.333333333333,0.));
#11547 = VECTOR('',#11548,1.);
#11548 = DIRECTION('',(0.,-1.));
#11549 = ( GEOMETRIC_REPRESENTATION_CONTEXT(2) 
PARAMETRIC_REPRESENTATION_CONTEXT() REPRESENTATION_CONTEXT('2D SPACE',''
  ) );
#11550 = ORIENTED_EDGE('',*,*,#11483,.T.);
#11551 = ORIENTED_EDGE('',*,*,#822,.T.);
#11552 = ORIENTED_EDGE('',*,*,#11553,.F.);
#11553 = EDGE_CURVE('',#11510,#794,#11554,.T.);
#11554 = SURFACE_CURVE('',#11555,(#11560,#11567),.PCURVE_S1.);
#11555 = HYPERBOLA('',#11556,4.166666666667,4.166666666667);
#11556 = AXIS2_PLACEMENT_3D('',#11557,#11558,#11559);
#11557 = CARTESIAN_POINT('',(3.915385919941,1.425083930524,117.5));
#11558 = DIRECTION('',(-0.939692620786,-0.342020143326,0.));
#11559 = DIRECTION('',(-0.,0.,-1.));
#11560 = PCURVE('',#837,#11561);
#11561 = DEFINITIONAL_REPRESENTATION('',(#11562),#11566);
#11562 = ( BOUNDED_CURVE() B_SPLINE_CURVE(2,(#11563,#11564,#11565),
.UNSPECIFIED.,.F.,.F.) B_SPLINE_CURVE_WITH_KNOTS((3,3),(3.855639725068,
3.870766700287),.PIECEWISE_BEZIER_KNOTS.) CURVE() 
GEOMETRIC_REPRESENTATION_ITEM() RATIONAL_B_SPLINE_CURVE((1.,
1.000028603309,1.)) REPRESENTATION_ITEM('') );
#11563 = CARTESIAN_POINT('',(1.411833073513,-1.));
#11564 = CARTESIAN_POINT('',(2.156822397057,-1.744322486804));
#11565 = CARTESIAN_POINT('',(2.913156735682,-2.5));
#11566 = ( GEOMETRIC_REPRESENTATION_CONTEXT(2) 
PARAMETRIC_REPRESENTATION_CONTEXT() REPRESENTATION_CONTEXT('2D SPACE',''
  ) );
#11567 = PCURVE('',#810,#11568);
#11568 = DEFINITIONAL_REPRESENTATION('',(#11569),#11576);
#11569 = B_SPLINE_CURVE_WITH_KNOTS('',5,(#11570,#11571,#11572,#11573,
    #11574,#11575),.UNSPECIFIED.,.F.,.F.,(6,6),(3.855639725068,
    3.870766700287),.PIECEWISE_BEZIER_KNOTS.);
#11570 = CARTESIAN_POINT('',(-5.10376864094,-1.5));
#11571 = CARTESIAN_POINT('',(-5.103640663146,-1.202265327971));
#11572 = CARTESIAN_POINT('',(-5.103513168899,-0.903403690949));
#11573 = CARTESIAN_POINT('',(-5.103386155765,-0.603409411496));
#11574 = CARTESIAN_POINT('',(-5.103259621333,-0.302276769196));
#11575 = CARTESIAN_POINT('',(-5.103133563206,2.84217094304E-14));
#11576 = ( GEOMETRIC_REPRESENTATION_CONTEXT(2) 
PARAMETRIC_REPRESENTATION_CONTEXT() REPRESENTATION_CONTEXT('2D SPACE',''
  ) );
#11577 = ADVANCED_FACE('',(#11578),#810,.T.);
#11578 = FACE_BOUND('',#11579,.T.);
#11579 = EDGE_LOOP('',(#11580,#11581,#11608,#11630));
#11580 = ORIENTED_EDGE('',*,*,#793,.T.);
#11581 = ORIENTED_EDGE('',*,*,#11582,.F.);
#11582 = EDGE_CURVE('',#11583,#768,#11585,.T.);
#11583 = VERTEX_POINT('',#11584);
#11584 = CARTESIAN_POINT('',(45.597477354321,-87.31048080798,19.));
#11585 = SURFACE_CURVE('',#11586,(#11591,#11601),.PCURVE_S1.);
#11586 = HYPERBOLA('',#11587,4.166666666667,4.166666666667);
#11587 = AXIS2_PLACEMENT_3D('',#11588,#11589,#11590);
#11588 = CARTESIAN_POINT('',(-3.608439182435,-2.083333333333,117.5));
#11589 = DIRECTION('',(-0.866025403784,-0.5,0.));
#11590 = DIRECTION('',(-0.,0.,-1.));
#11591 = PCURVE('',#810,#11592);
#11592 = DEFINITIONAL_REPRESENTATION('',(#11593),#11600);
#11593 = B_SPLINE_CURVE_WITH_KNOTS('',5,(#11594,#11595,#11596,#11597,
    #11598,#11599),.UNSPECIFIED.,.F.,.F.,(6,6),(3.855639725068,
    3.870766700287),.PIECEWISE_BEZIER_KNOTS.);
#11594 = CARTESIAN_POINT('',(-5.193673945826,-1.5));
#11595 = CARTESIAN_POINT('',(-5.19380192362,-1.202265327971));
#11596 = CARTESIAN_POINT('',(-5.193929417868,-0.903403690948));
#11597 = CARTESIAN_POINT('',(-5.194056431001,-0.603409411496));
#11598 = CARTESIAN_POINT('',(-5.194182965434,-0.302276769196));
#11599 = CARTESIAN_POINT('',(-5.19430902356,1.42108547152E-14));
#11600 = ( GEOMETRIC_REPRESENTATION_CONTEXT(2) 
PARAMETRIC_REPRESENTATION_CONTEXT() REPRESENTATION_CONTEXT('2D SPACE',''
  ) );
#11601 = PCURVE('',#782,#11602);
#11602 = DEFINITIONAL_REPRESENTATION('',(#11603),#11607);
#11603 = ( BOUNDED_CURVE() B_SPLINE_CURVE(2,(#11604,#11605,#11606),
.UNSPECIFIED.,.F.,.F.) B_SPLINE_CURVE_WITH_KNOTS((3,3),(3.855639725068,
3.870766700287),.PIECEWISE_BEZIER_KNOTS.) CURVE() 
GEOMETRIC_REPRESENTATION_ITEM() RATIONAL_B_SPLINE_CURVE((1.,
1.000028603309,1.)) REPRESENTATION_ITEM('') );
#11604 = CARTESIAN_POINT('',(1.411833073512,-1.));
#11605 = CARTESIAN_POINT('',(2.156822397058,-1.744322486804));
#11606 = CARTESIAN_POINT('',(2.913156735682,-2.5));
#11607 = ( GEOMETRIC_REPRESENTATION_CONTEXT(2) 
PARAMETRIC_REPRESENTATION_CONTEXT() REPRESENTATION_CONTEXT('2D SPACE',''
  ) );
#11608 = ORIENTED_EDGE('',*,*,#11609,.F.);
#11609 = EDGE_CURVE('',#11510,#11583,#11610,.T.);
#11610 = SURFACE_CURVE('',#11611,(#11616,#11623),.PCURVE_S1.);
#11611 = CIRCLE('',#11612,98.5);
#11612 = AXIS2_PLACEMENT_3D('',#11613,#11614,#11615);
#11613 = CARTESIAN_POINT('',(0.,0.,19.));
#11614 = DIRECTION('',(0.,0.,1.));
#11615 = DIRECTION('',(1.,0.,-0.));
#11616 = PCURVE('',#810,#11617);
#11617 = DEFINITIONAL_REPRESENTATION('',(#11618),#11622);
#11618 = LINE('',#11619,#11620);
#11619 = CARTESIAN_POINT('',(-0.,-1.5));
#11620 = VECTOR('',#11621,1.);
#11621 = DIRECTION('',(-1.,-0.));
#11622 = ( GEOMETRIC_REPRESENTATION_CONTEXT(2) 
PARAMETRIC_REPRESENTATION_CONTEXT() REPRESENTATION_CONTEXT('2D SPACE',''
  ) );
#11623 = PCURVE('',#4211,#11624);
#11624 = DEFINITIONAL_REPRESENTATION('',(#11625),#11629);
#11625 = CIRCLE('',#11626,98.5);
#11626 = AXIS2_PLACEMENT_2D('',#11627,#11628);
#11627 = CARTESIAN_POINT('',(0.,0.));
#11628 = DIRECTION('',(1.,0.));
#11629 = ( GEOMETRIC_REPRESENTATION_CONTEXT(2) 
PARAMETRIC_REPRESENTATION_CONTEXT() REPRESENTATION_CONTEXT('2D SPACE',''
  ) );
#11630 = ORIENTED_EDGE('',*,*,#11553,.T.);
#11631 = ADVANCED_FACE('',(#11632),#782,.F.);
#11632 = FACE_BOUND('',#11633,.F.);
#11633 = EDGE_LOOP('',(#11634,#11655,#11683,#11704,#11705));
#11634 = ORIENTED_EDGE('',*,*,#11635,.F.);
#11635 = EDGE_CURVE('',#11636,#11583,#11638,.T.);
#11636 = VERTEX_POINT('',#11637);
#11637 = CARTESIAN_POINT('',(44.891560817565,-86.08779750042,19.));
#11638 = SURFACE_CURVE('',#11639,(#11643,#11649),.PCURVE_S1.);
#11639 = LINE('',#11640,#11641);
#11640 = CARTESIAN_POINT('',(20.641560817565,-44.08556541687,19.));
#11641 = VECTOR('',#11642,1.);
#11642 = DIRECTION('',(0.5,-0.866025403784,0.));
#11643 = PCURVE('',#782,#11644);
#11644 = DEFINITIONAL_REPRESENTATION('',(#11645),#11648);
#11645 = B_SPLINE_CURVE_WITH_KNOTS('',1,(#11646,#11647),.UNSPECIFIED.,
  .F.,.F.,(2,2),(48.5,54.5),.PIECEWISE_BEZIER_KNOTS.);
#11646 = CARTESIAN_POINT('',(0.,-1.));
#11647 = CARTESIAN_POINT('',(6.,-1.));
#11648 = ( GEOMETRIC_REPRESENTATION_CONTEXT(2) 
PARAMETRIC_REPRESENTATION_CONTEXT() REPRESENTATION_CONTEXT('2D SPACE',''
  ) );
#11649 = PCURVE('',#4211,#11650);
#11650 = DEFINITIONAL_REPRESENTATION('',(#11651),#11654);
#11651 = B_SPLINE_CURVE_WITH_KNOTS('',1,(#11652,#11653),.UNSPECIFIED.,
  .F.,.F.,(2,2),(48.5,54.5),.PIECEWISE_BEZIER_KNOTS.);
#11652 = CARTESIAN_POINT('',(44.891560817565,-86.08779750042));
#11653 = CARTESIAN_POINT('',(47.891560817565,-91.28394992313));
#11654 = ( GEOMETRIC_REPRESENTATION_CONTEXT(2) 
PARAMETRIC_REPRESENTATION_CONTEXT() REPRESENTATION_CONTEXT('2D SPACE',''
  ) );
#11655 = ORIENTED_EDGE('',*,*,#11656,.T.);
#11656 = EDGE_CURVE('',#11636,#11657,#11659,.T.);
#11657 = VERTEX_POINT('',#11658);
#11658 = CARTESIAN_POINT('',(44.891560817565,-86.08779750042,11.));
#11659 = SURFACE_CURVE('',#11660,(#11664,#11671),.PCURVE_S1.);
#11660 = LINE('',#11661,#11662);
#11661 = CARTESIAN_POINT('',(44.891560817565,-86.08779750042,20.));
#11662 = VECTOR('',#11663,1.);
#11663 = DIRECTION('',(-0.,-0.,-1.));
#11664 = PCURVE('',#782,#11665);
#11665 = DEFINITIONAL_REPRESENTATION('',(#11666),#11670);
#11666 = LINE('',#11667,#11668);
#11667 = CARTESIAN_POINT('',(0.,0.));
#11668 = VECTOR('',#11669,1.);
#11669 = DIRECTION('',(0.,-1.));
#11670 = ( GEOMETRIC_REPRESENTATION_CONTEXT(2) 
PARAMETRIC_REPRESENTATION_CONTEXT() REPRESENTATION_CONTEXT('2D SPACE',''
  ) );
#11671 = PCURVE('',#11672,#11677);
#11672 = PLANE('',#11673);
#11673 = AXIS2_PLACEMENT_3D('',#11674,#11675,#11676);
#11674 = CARTESIAN_POINT('',(44.891560817565,-86.08779750042,20.));
#11675 = DIRECTION('',(0.5,-0.866025403784,0.));
#11676 = DIRECTION('',(0.866025403784,0.5,0.));
#11677 = DEFINITIONAL_REPRESENTATION('',(#11678),#11682);
#11678 = LINE('',#11679,#11680);
#11679 = CARTESIAN_POINT('',(0.,0.));
#11680 = VECTOR('',#11681,1.);
#11681 = DIRECTION('',(0.,-1.));
#11682 = ( GEOMETRIC_REPRESENTATION_CONTEXT(2) 
PARAMETRIC_REPRESENTATION_CONTEXT() REPRESENTATION_CONTEXT('2D SPACE',''
  ) );
#11683 = ORIENTED_EDGE('',*,*,#11684,.T.);
#11684 = EDGE_CURVE('',#11657,#739,#11685,.T.);
#11685 = SURFACE_CURVE('',#11686,(#11690,#11697),.PCURVE_S1.);
#11686 = LINE('',#11687,#11688);
#11687 = CARTESIAN_POINT('',(46.391560817565,-88.68587371177,11.));
#11688 = VECTOR('',#11689,1.);
#11689 = DIRECTION('',(0.5,-0.866025403784,0.));
#11690 = PCURVE('',#782,#11691);
#11691 = DEFINITIONAL_REPRESENTATION('',(#11692),#11696);
#11692 = LINE('',#11693,#11694);
#11693 = CARTESIAN_POINT('',(3.,-9.));
#11694 = VECTOR('',#11695,1.);
#11695 = DIRECTION('',(1.,0.));
#11696 = ( GEOMETRIC_REPRESENTATION_CONTEXT(2) 
PARAMETRIC_REPRESENTATION_CONTEXT() REPRESENTATION_CONTEXT('2D SPACE',''
  ) );
#11697 = PCURVE('',#755,#11698);
#11698 = DEFINITIONAL_REPRESENTATION('',(#11699),#11703);
#11699 = LINE('',#11700,#11701);
#11700 = CARTESIAN_POINT('',(0.,-4.166666666667));
#11701 = VECTOR('',#11702,1.);
#11702 = DIRECTION('',(1.,0.));
#11703 = ( GEOMETRIC_REPRESENTATION_CONTEXT(2) 
PARAMETRIC_REPRESENTATION_CONTEXT() REPRESENTATION_CONTEXT('2D SPACE',''
  ) );
#11704 = ORIENTED_EDGE('',*,*,#767,.T.);
#11705 = ORIENTED_EDGE('',*,*,#11582,.F.);
#11706 = ADVANCED_FACE('',(#11707),#755,.T.);
#11707 = FACE_BOUND('',#11708,.T.);
#11708 = EDGE_LOOP('',(#11709,#11732,#11733,#11734));
#11709 = ORIENTED_EDGE('',*,*,#11710,.F.);
#11710 = EDGE_CURVE('',#11657,#11711,#11713,.T.);
#11711 = VERTEX_POINT('',#11712);
#11712 = CARTESIAN_POINT('',(52.108439182435,-81.92113083375,11.));
#11713 = SURFACE_CURVE('',#11714,(#11718,#11725),.PCURVE_S1.);
#11714 = LINE('',#11715,#11716);
#11715 = CARTESIAN_POINT('',(48.5,-84.00446416709,11.));
#11716 = VECTOR('',#11717,1.);
#11717 = DIRECTION('',(0.866025403784,0.5,0.));
#11718 = PCURVE('',#755,#11719);
#11719 = DEFINITIONAL_REPRESENTATION('',(#11720),#11724);
#11720 = LINE('',#11721,#11722);
#11721 = CARTESIAN_POINT('',(-3.,0.));
#11722 = VECTOR('',#11723,1.);
#11723 = DIRECTION('',(0.,1.));
#11724 = ( GEOMETRIC_REPRESENTATION_CONTEXT(2) 
PARAMETRIC_REPRESENTATION_CONTEXT() REPRESENTATION_CONTEXT('2D SPACE',''
  ) );
#11725 = PCURVE('',#11672,#11726);
#11726 = DEFINITIONAL_REPRESENTATION('',(#11727),#11731);
#11727 = LINE('',#11728,#11729);
#11728 = CARTESIAN_POINT('',(4.166666666667,-9.));
#11729 = VECTOR('',#11730,1.);
#11730 = DIRECTION('',(1.,0.));
#11731 = ( GEOMETRIC_REPRESENTATION_CONTEXT(2) 
PARAMETRIC_REPRESENTATION_CONTEXT() REPRESENTATION_CONTEXT('2D SPACE',''
  ) );
#11732 = ORIENTED_EDGE('',*,*,#11684,.T.);
#11733 = ORIENTED_EDGE('',*,*,#738,.T.);
#11734 = ORIENTED_EDGE('',*,*,#11735,.F.);
#11735 = EDGE_CURVE('',#11711,#713,#11736,.T.);
#11736 = SURFACE_CURVE('',#11737,(#11741,#11748),.PCURVE_S1.);
#11737 = LINE('',#11738,#11739);
#11738 = CARTESIAN_POINT('',(53.608439182435,-84.51920704511,11.));
#11739 = VECTOR('',#11740,1.);
#11740 = DIRECTION('',(0.5,-0.866025403784,0.));
#11741 = PCURVE('',#755,#11742);
#11742 = DEFINITIONAL_REPRESENTATION('',(#11743),#11747);
#11743 = LINE('',#11744,#11745);
#11744 = CARTESIAN_POINT('',(0.,4.166666666667));
#11745 = VECTOR('',#11746,1.);
#11746 = DIRECTION('',(1.,0.));
#11747 = ( GEOMETRIC_REPRESENTATION_CONTEXT(2) 
PARAMETRIC_REPRESENTATION_CONTEXT() REPRESENTATION_CONTEXT('2D SPACE',''
  ) );
#11748 = PCURVE('',#727,#11749);
#11749 = DEFINITIONAL_REPRESENTATION('',(#11750),#11754);
#11750 = LINE('',#11751,#11752);
#11751 = CARTESIAN_POINT('',(3.,-9.));
#11752 = VECTOR('',#11753,1.);
#11753 = DIRECTION('',(1.,0.));
#11754 = ( GEOMETRIC_REPRESENTATION_CONTEXT(2) 
PARAMETRIC_REPRESENTATION_CONTEXT() REPRESENTATION_CONTEXT('2D SPACE',''
  ) );
#11755 = ADVANCED_FACE('',(#11756),#727,.T.);
#11756 = FACE_BOUND('',#11757,.T.);
#11757 = EDGE_LOOP('',(#11758,#11781,#11802,#11803,#11804));
#11758 = ORIENTED_EDGE('',*,*,#11759,.F.);
#11759 = EDGE_CURVE('',#11760,#11762,#11764,.T.);
#11760 = VERTEX_POINT('',#11761);
#11761 = CARTESIAN_POINT('',(52.108439182435,-81.92113083375,19.));
#11762 = VERTEX_POINT('',#11763);
#11763 = CARTESIAN_POINT('',(52.814355719191,-83.14381414132,19.));
#11764 = SURFACE_CURVE('',#11765,(#11769,#11775),.PCURVE_S1.);
#11765 = LINE('',#11766,#11767);
#11766 = CARTESIAN_POINT('',(27.858439182435,-39.91889875021,19.));
#11767 = VECTOR('',#11768,1.);
#11768 = DIRECTION('',(0.5,-0.866025403784,0.));
#11769 = PCURVE('',#727,#11770);
#11770 = DEFINITIONAL_REPRESENTATION('',(#11771),#11774);
#11771 = B_SPLINE_CURVE_WITH_KNOTS('',1,(#11772,#11773),.UNSPECIFIED.,
  .F.,.F.,(2,2),(48.5,54.5),.PIECEWISE_BEZIER_KNOTS.);
#11772 = CARTESIAN_POINT('',(0.,-1.));
#11773 = CARTESIAN_POINT('',(6.,-1.));
#11774 = ( GEOMETRIC_REPRESENTATION_CONTEXT(2) 
PARAMETRIC_REPRESENTATION_CONTEXT() REPRESENTATION_CONTEXT('2D SPACE',''
  ) );
#11775 = PCURVE('',#4211,#11776);
#11776 = DEFINITIONAL_REPRESENTATION('',(#11777),#11780);
#11777 = B_SPLINE_CURVE_WITH_KNOTS('',1,(#11778,#11779),.UNSPECIFIED.,
  .F.,.F.,(2,2),(48.5,54.5),.PIECEWISE_BEZIER_KNOTS.);
#11778 = CARTESIAN_POINT('',(52.108439182435,-81.92113083375));
#11779 = CARTESIAN_POINT('',(55.108439182435,-87.11728325646));
#11780 = ( GEOMETRIC_REPRESENTATION_CONTEXT(2) 
PARAMETRIC_REPRESENTATION_CONTEXT() REPRESENTATION_CONTEXT('2D SPACE',''
  ) );
#11781 = ORIENTED_EDGE('',*,*,#11782,.T.);
#11782 = EDGE_CURVE('',#11760,#11711,#11783,.T.);
#11783 = SURFACE_CURVE('',#11784,(#11788,#11795),.PCURVE_S1.);
#11784 = LINE('',#11785,#11786);
#11785 = CARTESIAN_POINT('',(52.108439182435,-81.92113083375,20.));
#11786 = VECTOR('',#11787,1.);
#11787 = DIRECTION('',(-0.,-0.,-1.));
#11788 = PCURVE('',#727,#11789);
#11789 = DEFINITIONAL_REPRESENTATION('',(#11790),#11794);
#11790 = LINE('',#11791,#11792);
#11791 = CARTESIAN_POINT('',(0.,0.));
#11792 = VECTOR('',#11793,1.);
#11793 = DIRECTION('',(0.,-1.));
#11794 = ( GEOMETRIC_REPRESENTATION_CONTEXT(2) 
PARAMETRIC_REPRESENTATION_CONTEXT() REPRESENTATION_CONTEXT('2D SPACE',''
  ) );
#11795 = PCURVE('',#11672,#11796);
#11796 = DEFINITIONAL_REPRESENTATION('',(#11797),#11801);
#11797 = LINE('',#11798,#11799);
#11798 = CARTESIAN_POINT('',(8.333333333333,0.));
#11799 = VECTOR('',#11800,1.);
#11800 = DIRECTION('',(0.,-1.));
#11801 = ( GEOMETRIC_REPRESENTATION_CONTEXT(2) 
PARAMETRIC_REPRESENTATION_CONTEXT() REPRESENTATION_CONTEXT('2D SPACE',''
  ) );
#11802 = ORIENTED_EDGE('',*,*,#11735,.T.);
#11803 = ORIENTED_EDGE('',*,*,#712,.T.);
#11804 = ORIENTED_EDGE('',*,*,#11805,.F.);
#11805 = EDGE_CURVE('',#11762,#684,#11806,.T.);
#11806 = SURFACE_CURVE('',#11807,(#11812,#11819),.PCURVE_S1.);
#11807 = HYPERBOLA('',#11808,4.166666666667,4.166666666667);
#11808 = AXIS2_PLACEMENT_3D('',#11809,#11810,#11811);
#11809 = CARTESIAN_POINT('',(3.608439182435,2.083333333333,117.5));
#11810 = DIRECTION('',(-0.866025403784,-0.5,0.));
#11811 = DIRECTION('',(-0.,0.,-1.));
#11812 = PCURVE('',#727,#11813);
#11813 = DEFINITIONAL_REPRESENTATION('',(#11814),#11818);
#11814 = ( BOUNDED_CURVE() B_SPLINE_CURVE(2,(#11815,#11816,#11817),
.UNSPECIFIED.,.F.,.F.) B_SPLINE_CURVE_WITH_KNOTS((3,3),(3.855639725068,
3.870766700287),.PIECEWISE_BEZIER_KNOTS.) CURVE() 
GEOMETRIC_REPRESENTATION_ITEM() RATIONAL_B_SPLINE_CURVE((1.,
1.000028603309,1.)) REPRESENTATION_ITEM('') );
#11815 = CARTESIAN_POINT('',(1.411833073512,-1.));
#11816 = CARTESIAN_POINT('',(2.156822397057,-1.744322486804));
#11817 = CARTESIAN_POINT('',(2.913156735682,-2.5));
#11818 = ( GEOMETRIC_REPRESENTATION_CONTEXT(2) 
PARAMETRIC_REPRESENTATION_CONTEXT() REPRESENTATION_CONTEXT('2D SPACE',''
  ) );
#11819 = PCURVE('',#700,#11820);
#11820 = DEFINITIONAL_REPRESENTATION('',(#11821),#11828);
#11821 = B_SPLINE_CURVE_WITH_KNOTS('',5,(#11822,#11823,#11824,#11825,
    #11826,#11827),.UNSPECIFIED.,.F.,.F.,(6,6),(3.855639725068,
    3.870766700287),.PIECEWISE_BEZIER_KNOTS.);
#11822 = CARTESIAN_POINT('',(-5.27830156614,-1.5));
#11823 = CARTESIAN_POINT('',(-5.278173588346,-1.202265327971));
#11824 = CARTESIAN_POINT('',(-5.278046094098,-0.903403690948));
#11825 = CARTESIAN_POINT('',(-5.277919080965,-0.603409411496));
#11826 = CARTESIAN_POINT('',(-5.277792546532,-0.302276769196));
#11827 = CARTESIAN_POINT('',(-5.277666488406,-1.42108547152E-14));
#11828 = ( GEOMETRIC_REPRESENTATION_CONTEXT(2) 
PARAMETRIC_REPRESENTATION_CONTEXT() REPRESENTATION_CONTEXT('2D SPACE',''
  ) );
#11829 = ADVANCED_FACE('',(#11830),#700,.T.);
#11830 = FACE_BOUND('',#11831,.T.);
#11831 = EDGE_LOOP('',(#11832,#11833,#11860,#11882));
#11832 = ORIENTED_EDGE('',*,*,#683,.T.);
#11833 = ORIENTED_EDGE('',*,*,#11834,.F.);
#11834 = EDGE_CURVE('',#11835,#658,#11837,.T.);
#11835 = VERTEX_POINT('',#11836);
#11836 = CARTESIAN_POINT('',(60.066055099865,-78.06611957014,19.));
#11837 = SURFACE_CURVE('',#11838,(#11843,#11853),.PCURVE_S1.);
#11838 = HYPERBOLA('',#11839,4.166666666667,4.166666666667);
#11839 = AXIS2_PLACEMENT_3D('',#11840,#11841,#11842);
#11840 = CARTESIAN_POINT('',(-3.191851846329,-2.678281707027,117.5));
#11841 = DIRECTION('',(-0.766044443119,-0.642787609687,0.));
#11842 = DIRECTION('',(-0.,0.,-1.));
#11843 = PCURVE('',#700,#11844);
#11844 = DEFINITIONAL_REPRESENTATION('',(#11845),#11852);
#11845 = B_SPLINE_CURVE_WITH_KNOTS('',5,(#11846,#11847,#11848,#11849,
    #11850,#11851),.UNSPECIFIED.,.F.,.F.,(6,6),(3.855639725068,
    3.870766700287),.PIECEWISE_BEZIER_KNOTS.);
#11846 = CARTESIAN_POINT('',(-5.368206871026,-1.5));
#11847 = CARTESIAN_POINT('',(-5.36833484882,-1.202265327971));
#11848 = CARTESIAN_POINT('',(-5.368462343067,-0.903403690948));
#11849 = CARTESIAN_POINT('',(-5.368589356201,-0.603409411496));
#11850 = CARTESIAN_POINT('',(-5.368715890633,-0.302276769196));
#11851 = CARTESIAN_POINT('',(-5.36884194876,-7.105427357601E-15));
#11852 = ( GEOMETRIC_REPRESENTATION_CONTEXT(2) 
PARAMETRIC_REPRESENTATION_CONTEXT() REPRESENTATION_CONTEXT('2D SPACE',''
  ) );
#11853 = PCURVE('',#672,#11854);
#11854 = DEFINITIONAL_REPRESENTATION('',(#11855),#11859);
#11855 = ( BOUNDED_CURVE() B_SPLINE_CURVE(2,(#11856,#11857,#11858),
.UNSPECIFIED.,.F.,.F.) B_SPLINE_CURVE_WITH_KNOTS((3,3),(3.855639725068,
3.870766700287),.PIECEWISE_BEZIER_KNOTS.) CURVE() 
GEOMETRIC_REPRESENTATION_ITEM() RATIONAL_B_SPLINE_CURVE((1.,
1.000028603309,1.)) REPRESENTATION_ITEM('') );
#11856 = CARTESIAN_POINT('',(1.411833073512,-1.));
#11857 = CARTESIAN_POINT('',(2.156822397057,-1.744322486804));
#11858 = CARTESIAN_POINT('',(2.913156735682,-2.5));
#11859 = ( GEOMETRIC_REPRESENTATION_CONTEXT(2) 
PARAMETRIC_REPRESENTATION_CONTEXT() REPRESENTATION_CONTEXT('2D SPACE',''
  ) );
#11860 = ORIENTED_EDGE('',*,*,#11861,.F.);
#11861 = EDGE_CURVE('',#11762,#11835,#11862,.T.);
#11862 = SURFACE_CURVE('',#11863,(#11868,#11875),.PCURVE_S1.);
#11863 = CIRCLE('',#11864,98.5);
#11864 = AXIS2_PLACEMENT_3D('',#11865,#11866,#11867);
#11865 = CARTESIAN_POINT('',(0.,0.,19.));
#11866 = DIRECTION('',(0.,0.,1.));
#11867 = DIRECTION('',(1.,0.,-0.));
#11868 = PCURVE('',#700,#11869);
#11869 = DEFINITIONAL_REPRESENTATION('',(#11870),#11874);
#11870 = LINE('',#11871,#11872);
#11871 = CARTESIAN_POINT('',(-0.,-1.5));
#11872 = VECTOR('',#11873,1.);
#11873 = DIRECTION('',(-1.,-0.));
#11874 = ( GEOMETRIC_REPRESENTATION_CONTEXT(2) 
PARAMETRIC_REPRESENTATION_CONTEXT() REPRESENTATION_CONTEXT('2D SPACE',''
  ) );
#11875 = PCURVE('',#4211,#11876);
#11876 = DEFINITIONAL_REPRESENTATION('',(#11877),#11881);
#11877 = CIRCLE('',#11878,98.5);
#11878 = AXIS2_PLACEMENT_2D('',#11879,#11880);
#11879 = CARTESIAN_POINT('',(0.,0.));
#11880 = DIRECTION('',(1.,0.));
#11881 = ( GEOMETRIC_REPRESENTATION_CONTEXT(2) 
PARAMETRIC_REPRESENTATION_CONTEXT() REPRESENTATION_CONTEXT('2D SPACE',''
  ) );
#11882 = ORIENTED_EDGE('',*,*,#11805,.T.);
#11883 = ADVANCED_FACE('',(#11884),#672,.F.);
#11884 = FACE_BOUND('',#11885,.F.);
#11885 = EDGE_LOOP('',(#11886,#11907,#11935,#11956,#11957));
#11886 = ORIENTED_EDGE('',*,*,#11887,.F.);
#11887 = EDGE_CURVE('',#11888,#11835,#11890,.T.);
#11888 = VERTEX_POINT('',#11889);
#11889 = CARTESIAN_POINT('',(59.158546293265,-76.98459268956,19.));
#11890 = SURFACE_CURVE('',#11891,(#11895,#11901),.PCURVE_S1.);
#11891 = LINE('',#11892,#11893);
#11892 = CARTESIAN_POINT('',(27.983347223468,-39.83143719829,19.));
#11893 = VECTOR('',#11894,1.);
#11894 = DIRECTION('',(0.642787609687,-0.766044443119,0.));
#11895 = PCURVE('',#672,#11896);
#11896 = DEFINITIONAL_REPRESENTATION('',(#11897),#11900);
#11897 = B_SPLINE_CURVE_WITH_KNOTS('',1,(#11898,#11899),.UNSPECIFIED.,
  .F.,.F.,(2,2),(48.5,54.5),.PIECEWISE_BEZIER_KNOTS.);
#11898 = CARTESIAN_POINT('',(-1.42108547152E-14,-1.));
#11899 = CARTESIAN_POINT('',(6.,-1.));
#11900 = ( GEOMETRIC_REPRESENTATION_CONTEXT(2) 
PARAMETRIC_REPRESENTATION_CONTEXT() REPRESENTATION_CONTEXT('2D SPACE',''
  ) );
#11901 = PCURVE('',#4211,#11902);
#11902 = DEFINITIONAL_REPRESENTATION('',(#11903),#11906);
#11903 = B_SPLINE_CURVE_WITH_KNOTS('',1,(#11904,#11905),.UNSPECIFIED.,
  .F.,.F.,(2,2),(48.5,54.5),.PIECEWISE_BEZIER_KNOTS.);
#11904 = CARTESIAN_POINT('',(59.158546293265,-76.98459268956));
#11905 = CARTESIAN_POINT('',(63.015271951384,-81.58085934828));
#11906 = ( GEOMETRIC_REPRESENTATION_CONTEXT(2) 
PARAMETRIC_REPRESENTATION_CONTEXT() REPRESENTATION_CONTEXT('2D SPACE',''
  ) );
#11907 = ORIENTED_EDGE('',*,*,#11908,.T.);
#11908 = EDGE_CURVE('',#11888,#11909,#11911,.T.);
#11909 = VERTEX_POINT('',#11910);
#11910 = CARTESIAN_POINT('',(59.158546293265,-76.98459268956,11.));
#11911 = SURFACE_CURVE('',#11912,(#11916,#11923),.PCURVE_S1.);
#11912 = LINE('',#11913,#11914);
#11913 = CARTESIAN_POINT('',(59.158546293265,-76.98459268956,20.));
#11914 = VECTOR('',#11915,1.);
#11915 = DIRECTION('',(-0.,-0.,-1.));
#11916 = PCURVE('',#672,#11917);
#11917 = DEFINITIONAL_REPRESENTATION('',(#11918),#11922);
#11918 = LINE('',#11919,#11920);
#11919 = CARTESIAN_POINT('',(-1.545342695355E-14,0.));
#11920 = VECTOR('',#11921,1.);
#11921 = DIRECTION('',(0.,-1.));
#11922 = ( GEOMETRIC_REPRESENTATION_CONTEXT(2) 
PARAMETRIC_REPRESENTATION_CONTEXT() REPRESENTATION_CONTEXT('2D SPACE',''
  ) );
#11923 = PCURVE('',#11924,#11929);
#11924 = PLANE('',#11925);
#11925 = AXIS2_PLACEMENT_3D('',#11926,#11927,#11928);
#11926 = CARTESIAN_POINT('',(59.158546293265,-76.98459268956,20.));
#11927 = DIRECTION('',(0.642787609687,-0.766044443119,0.));
#11928 = DIRECTION('',(0.766044443119,0.642787609687,0.));
#11929 = DEFINITIONAL_REPRESENTATION('',(#11930),#11934);
#11930 = LINE('',#11931,#11932);
#11931 = CARTESIAN_POINT('',(0.,0.));
#11932 = VECTOR('',#11933,1.);
#11933 = DIRECTION('',(0.,-1.));
#11934 = ( GEOMETRIC_REPRESENTATION_CONTEXT(2) 
PARAMETRIC_REPRESENTATION_CONTEXT() REPRESENTATION_CONTEXT('2D SPACE',''
  ) );
#11935 = ORIENTED_EDGE('',*,*,#11936,.T.);
#11936 = EDGE_CURVE('',#11909,#629,#11937,.T.);
#11937 = SURFACE_CURVE('',#11938,(#11942,#11949),.PCURVE_S1.);
#11938 = LINE('',#11939,#11940);
#11939 = CARTESIAN_POINT('',(61.086909122325,-79.28272601892,11.));
#11940 = VECTOR('',#11941,1.);
#11941 = DIRECTION('',(0.642787609687,-0.766044443119,0.));
#11942 = PCURVE('',#672,#11943);
#11943 = DEFINITIONAL_REPRESENTATION('',(#11944),#11948);
#11944 = LINE('',#11945,#11946);
#11945 = CARTESIAN_POINT('',(3.,-9.));
#11946 = VECTOR('',#11947,1.);
#11947 = DIRECTION('',(1.,0.));
#11948 = ( GEOMETRIC_REPRESENTATION_CONTEXT(2) 
PARAMETRIC_REPRESENTATION_CONTEXT() REPRESENTATION_CONTEXT('2D SPACE',''
  ) );
#11949 = PCURVE('',#645,#11950);
#11950 = DEFINITIONAL_REPRESENTATION('',(#11951),#11955);
#11951 = LINE('',#11952,#11953);
#11952 = CARTESIAN_POINT('',(0.,-4.166666666667));
#11953 = VECTOR('',#11954,1.);
#11954 = DIRECTION('',(1.,0.));
#11955 = ( GEOMETRIC_REPRESENTATION_CONTEXT(2) 
PARAMETRIC_REPRESENTATION_CONTEXT() REPRESENTATION_CONTEXT('2D SPACE',''
  ) );
#11956 = ORIENTED_EDGE('',*,*,#657,.T.);
#11957 = ORIENTED_EDGE('',*,*,#11834,.F.);
#11958 = ADVANCED_FACE('',(#11959),#645,.T.);
#11959 = FACE_BOUND('',#11960,.T.);
#11960 = EDGE_LOOP('',(#11961,#11984,#11985,#11986));
#11961 = ORIENTED_EDGE('',*,*,#11962,.F.);
#11962 = EDGE_CURVE('',#11909,#11963,#11965,.T.);
#11963 = VERTEX_POINT('',#11964);
#11964 = CARTESIAN_POINT('',(65.542249985923,-71.62802927551,11.));
#11965 = SURFACE_CURVE('',#11966,(#11970,#11977),.PCURVE_S1.);
#11966 = LINE('',#11967,#11968);
#11967 = CARTESIAN_POINT('',(62.350398139594,-74.30631098254,11.));
#11968 = VECTOR('',#11969,1.);
#11969 = DIRECTION('',(0.766044443119,0.642787609687,0.));
#11970 = PCURVE('',#645,#11971);
#11971 = DEFINITIONAL_REPRESENTATION('',(#11972),#11976);
#11972 = LINE('',#11973,#11974);
#11973 = CARTESIAN_POINT('',(-3.,0.));
#11974 = VECTOR('',#11975,1.);
#11975 = DIRECTION('',(0.,1.));
#11976 = ( GEOMETRIC_REPRESENTATION_CONTEXT(2) 
PARAMETRIC_REPRESENTATION_CONTEXT() REPRESENTATION_CONTEXT('2D SPACE',''
  ) );
#11977 = PCURVE('',#11924,#11978);
#11978 = DEFINITIONAL_REPRESENTATION('',(#11979),#11983);
#11979 = LINE('',#11980,#11981);
#11980 = CARTESIAN_POINT('',(4.166666666667,-9.));
#11981 = VECTOR('',#11982,1.);
#11982 = DIRECTION('',(1.,0.));
#11983 = ( GEOMETRIC_REPRESENTATION_CONTEXT(2) 
PARAMETRIC_REPRESENTATION_CONTEXT() REPRESENTATION_CONTEXT('2D SPACE',''
  ) );
#11984 = ORIENTED_EDGE('',*,*,#11936,.T.);
#11985 = ORIENTED_EDGE('',*,*,#628,.T.);
#11986 = ORIENTED_EDGE('',*,*,#11987,.F.);
#11987 = EDGE_CURVE('',#11963,#603,#11988,.T.);
#11988 = SURFACE_CURVE('',#11989,(#11993,#12000),.PCURVE_S1.);
#11989 = LINE('',#11990,#11991);
#11990 = CARTESIAN_POINT('',(67.470612814983,-73.92616260487,11.));
#11991 = VECTOR('',#11992,1.);
#11992 = DIRECTION('',(0.642787609687,-0.766044443119,0.));
#11993 = PCURVE('',#645,#11994);
#11994 = DEFINITIONAL_REPRESENTATION('',(#11995),#11999);
#11995 = LINE('',#11996,#11997);
#11996 = CARTESIAN_POINT('',(0.,4.166666666667));
#11997 = VECTOR('',#11998,1.);
#11998 = DIRECTION('',(1.,0.));
#11999 = ( GEOMETRIC_REPRESENTATION_CONTEXT(2) 
PARAMETRIC_REPRESENTATION_CONTEXT() REPRESENTATION_CONTEXT('2D SPACE',''
  ) );
#12000 = PCURVE('',#617,#12001);
#12001 = DEFINITIONAL_REPRESENTATION('',(#12002),#12006);
#12002 = LINE('',#12003,#12004);
#12003 = CARTESIAN_POINT('',(3.,-9.));
#12004 = VECTOR('',#12005,1.);
#12005 = DIRECTION('',(1.,0.));
#12006 = ( GEOMETRIC_REPRESENTATION_CONTEXT(2) 
PARAMETRIC_REPRESENTATION_CONTEXT() REPRESENTATION_CONTEXT('2D SPACE',''
  ) );
#12007 = ADVANCED_FACE('',(#12008),#617,.T.);
#12008 = FACE_BOUND('',#12009,.T.);
#12009 = EDGE_LOOP('',(#12010,#12033,#12054,#12055,#12056));
#12010 = ORIENTED_EDGE('',*,*,#12011,.F.);
#12011 = EDGE_CURVE('',#12012,#12014,#12016,.T.);
#12012 = VERTEX_POINT('',#12013);
#12013 = CARTESIAN_POINT('',(65.542249985923,-71.62802927551,19.));
#12014 = VERTEX_POINT('',#12015);
#12015 = CARTESIAN_POINT('',(66.449758792523,-72.70955615608,19.));
#12016 = SURFACE_CURVE('',#12017,(#12021,#12027),.PCURVE_S1.);
#12017 = LINE('',#12018,#12019);
#12018 = CARTESIAN_POINT('',(34.367050916126,-34.47487378424,19.));
#12019 = VECTOR('',#12020,1.);
#12020 = DIRECTION('',(0.642787609687,-0.766044443119,0.));
#12021 = PCURVE('',#617,#12022);
#12022 = DEFINITIONAL_REPRESENTATION('',(#12023),#12026);
#12023 = B_SPLINE_CURVE_WITH_KNOTS('',1,(#12024,#12025),.UNSPECIFIED.,
  .F.,.F.,(2,2),(48.5,54.5),.PIECEWISE_BEZIER_KNOTS.);
#12024 = CARTESIAN_POINT('',(0.,-1.));
#12025 = CARTESIAN_POINT('',(6.,-1.));
#12026 = ( GEOMETRIC_REPRESENTATION_CONTEXT(2) 
PARAMETRIC_REPRESENTATION_CONTEXT() REPRESENTATION_CONTEXT('2D SPACE',''
  ) );
#12027 = PCURVE('',#4211,#12028);
#12028 = DEFINITIONAL_REPRESENTATION('',(#12029),#12032);
#12029 = B_SPLINE_CURVE_WITH_KNOTS('',1,(#12030,#12031),.UNSPECIFIED.,
  .F.,.F.,(2,2),(48.5,54.5),.PIECEWISE_BEZIER_KNOTS.);
#12030 = CARTESIAN_POINT('',(65.542249985923,-71.62802927551));
#12031 = CARTESIAN_POINT('',(69.398975644043,-76.22429593422));
#12032 = ( GEOMETRIC_REPRESENTATION_CONTEXT(2) 
PARAMETRIC_REPRESENTATION_CONTEXT() REPRESENTATION_CONTEXT('2D SPACE',''
  ) );
#12033 = ORIENTED_EDGE('',*,*,#12034,.T.);
#12034 = EDGE_CURVE('',#12012,#11963,#12035,.T.);
#12035 = SURFACE_CURVE('',#12036,(#12040,#12047),.PCURVE_S1.);
#12036 = LINE('',#12037,#12038);
#12037 = CARTESIAN_POINT('',(65.542249985923,-71.62802927551,20.));
#12038 = VECTOR('',#12039,1.);
#12039 = DIRECTION('',(-0.,-0.,-1.));
#12040 = PCURVE('',#617,#12041);
#12041 = DEFINITIONAL_REPRESENTATION('',(#12042),#12046);
#12042 = LINE('',#12043,#12044);
#12043 = CARTESIAN_POINT('',(0.,0.));
#12044 = VECTOR('',#12045,1.);
#12045 = DIRECTION('',(0.,-1.));
#12046 = ( GEOMETRIC_REPRESENTATION_CONTEXT(2) 
PARAMETRIC_REPRESENTATION_CONTEXT() REPRESENTATION_CONTEXT('2D SPACE',''
  ) );
#12047 = PCURVE('',#11924,#12048);
#12048 = DEFINITIONAL_REPRESENTATION('',(#12049),#12053);
#12049 = LINE('',#12050,#12051);
#12050 = CARTESIAN_POINT('',(8.333333333333,0.));
#12051 = VECTOR('',#12052,1.);
#12052 = DIRECTION('',(0.,-1.));
#12053 = ( GEOMETRIC_REPRESENTATION_CONTEXT(2) 
PARAMETRIC_REPRESENTATION_CONTEXT() REPRESENTATION_CONTEXT('2D SPACE',''
  ) );
#12054 = ORIENTED_EDGE('',*,*,#11987,.T.);
#12055 = ORIENTED_EDGE('',*,*,#602,.T.);
#12056 = ORIENTED_EDGE('',*,*,#12057,.F.);
#12057 = EDGE_CURVE('',#12014,#574,#12058,.T.);
#12058 = SURFACE_CURVE('',#12059,(#12064,#12071),.PCURVE_S1.);
#12059 = HYPERBOLA('',#12060,4.166666666667,4.166666666667);
#12060 = AXIS2_PLACEMENT_3D('',#12061,#12062,#12063);
#12061 = CARTESIAN_POINT('',(3.191851846329,2.678281707027,117.5));
#12062 = DIRECTION('',(-0.766044443119,-0.642787609687,0.));
#12063 = DIRECTION('',(-0.,0.,-1.));
#12064 = PCURVE('',#617,#12065);
#12065 = DEFINITIONAL_REPRESENTATION('',(#12066),#12070);
#12066 = ( BOUNDED_CURVE() B_SPLINE_CURVE(2,(#12067,#12068,#12069),
.UNSPECIFIED.,.F.,.F.) B_SPLINE_CURVE_WITH_KNOTS((3,3),(3.855639725068,
3.870766700287),.PIECEWISE_BEZIER_KNOTS.) CURVE() 
GEOMETRIC_REPRESENTATION_ITEM() RATIONAL_B_SPLINE_CURVE((1.,
1.000028603309,1.)) REPRESENTATION_ITEM('') );
#12067 = CARTESIAN_POINT('',(1.411833073513,-1.));
#12068 = CARTESIAN_POINT('',(2.156822397057,-1.744322486804));
#12069 = CARTESIAN_POINT('',(2.913156735682,-2.5));
#12070 = ( GEOMETRIC_REPRESENTATION_CONTEXT(2) 
PARAMETRIC_REPRESENTATION_CONTEXT() REPRESENTATION_CONTEXT('2D SPACE',''
  ) );
#12071 = PCURVE('',#590,#12072);
#12072 = DEFINITIONAL_REPRESENTATION('',(#12073),#12080);
#12073 = B_SPLINE_CURVE_WITH_KNOTS('',5,(#12074,#12075,#12076,#12077,
    #12078,#12079),.UNSPECIFIED.,.F.,.F.,(6,6),(3.855639725068,
    3.870766700287),.PIECEWISE_BEZIER_KNOTS.);
#12074 = CARTESIAN_POINT('',(-5.452834491339,-1.5));
#12075 = CARTESIAN_POINT('',(-5.452706513545,-1.202265327971));
#12076 = CARTESIAN_POINT('',(-5.452579019298,-0.903403690948));
#12077 = CARTESIAN_POINT('',(-5.452452006164,-0.603409411496));
#12078 = CARTESIAN_POINT('',(-5.452325471732,-0.302276769196));
#12079 = CARTESIAN_POINT('',(-5.452199413605,2.84217094304E-14));
#12080 = ( GEOMETRIC_REPRESENTATION_CONTEXT(2) 
PARAMETRIC_REPRESENTATION_CONTEXT() REPRESENTATION_CONTEXT('2D SPACE',''
  ) );
#12081 = ADVANCED_FACE('',(#12082),#590,.T.);
#12082 = FACE_BOUND('',#12083,.T.);
#12083 = EDGE_LOOP('',(#12084,#12085,#12112,#12134));
#12084 = ORIENTED_EDGE('',*,*,#573,.T.);
#12085 = ORIENTED_EDGE('',*,*,#12086,.F.);
#12086 = EDGE_CURVE('',#12087,#548,#12089,.T.);
#12087 = VERTEX_POINT('',#12088);
#12088 = CARTESIAN_POINT('',(72.709556156089,-66.44975879252,19.));
#12089 = SURFACE_CURVE('',#12090,(#12095,#12105),.PCURVE_S1.);
#12090 = HYPERBOLA('',#12091,4.166666666667,4.166666666667);
#12091 = AXIS2_PLACEMENT_3D('',#12092,#12093,#12094);
#12092 = CARTESIAN_POINT('',(-2.678281707027,-3.191851846329,117.5));
#12093 = DIRECTION('',(-0.642787609687,-0.766044443119,0.));
#12094 = DIRECTION('',(-0.,0.,-1.));
#12095 = PCURVE('',#590,#12096);
#12096 = DEFINITIONAL_REPRESENTATION('',(#12097),#12104);
#12097 = B_SPLINE_CURVE_WITH_KNOTS('',5,(#12098,#12099,#12100,#12101,
    #12102,#12103),.UNSPECIFIED.,.F.,.F.,(6,6),(3.855639725068,
    3.870766700287),.PIECEWISE_BEZIER_KNOTS.);
#12098 = CARTESIAN_POINT('',(-5.542739796225,-1.5));
#12099 = CARTESIAN_POINT('',(-5.542867774019,-1.202265327971));
#12100 = CARTESIAN_POINT('',(-5.542995268267,-0.903403690948));
#12101 = CARTESIAN_POINT('',(-5.5431222814,-0.603409411496));
#12102 = CARTESIAN_POINT('',(-5.543248815832,-0.302276769196));
#12103 = CARTESIAN_POINT('',(-5.543374873959,2.13162820728E-14));
#12104 = ( GEOMETRIC_REPRESENTATION_CONTEXT(2) 
PARAMETRIC_REPRESENTATION_CONTEXT() REPRESENTATION_CONTEXT('2D SPACE',''
  ) );
#12105 = PCURVE('',#562,#12106);
#12106 = DEFINITIONAL_REPRESENTATION('',(#12107),#12111);
#12107 = ( BOUNDED_CURVE() B_SPLINE_CURVE(2,(#12108,#12109,#12110),
.UNSPECIFIED.,.F.,.F.) B_SPLINE_CURVE_WITH_KNOTS((3,3),(3.855639725068,
3.870766700287),.PIECEWISE_BEZIER_KNOTS.) CURVE() 
GEOMETRIC_REPRESENTATION_ITEM() RATIONAL_B_SPLINE_CURVE((1.,
1.000028603309,1.)) REPRESENTATION_ITEM('') );
#12108 = CARTESIAN_POINT('',(1.411833073513,-1.));
#12109 = CARTESIAN_POINT('',(2.156822397057,-1.744322486804));
#12110 = CARTESIAN_POINT('',(2.913156735682,-2.5));
#12111 = ( GEOMETRIC_REPRESENTATION_CONTEXT(2) 
PARAMETRIC_REPRESENTATION_CONTEXT() REPRESENTATION_CONTEXT('2D SPACE',''
  ) );
#12112 = ORIENTED_EDGE('',*,*,#12113,.F.);
#12113 = EDGE_CURVE('',#12014,#12087,#12114,.T.);
#12114 = SURFACE_CURVE('',#12115,(#12120,#12127),.PCURVE_S1.);
#12115 = CIRCLE('',#12116,98.5);
#12116 = AXIS2_PLACEMENT_3D('',#12117,#12118,#12119);
#12117 = CARTESIAN_POINT('',(0.,0.,19.));
#12118 = DIRECTION('',(0.,0.,1.));
#12119 = DIRECTION('',(1.,0.,-0.));
#12120 = PCURVE('',#590,#12121);
#12121 = DEFINITIONAL_REPRESENTATION('',(#12122),#12126);
#12122 = LINE('',#12123,#12124);
#12123 = CARTESIAN_POINT('',(-0.,-1.5));
#12124 = VECTOR('',#12125,1.);
#12125 = DIRECTION('',(-1.,-0.));
#12126 = ( GEOMETRIC_REPRESENTATION_CONTEXT(2) 
PARAMETRIC_REPRESENTATION_CONTEXT() REPRESENTATION_CONTEXT('2D SPACE',''
  ) );
#12127 = PCURVE('',#4211,#12128);
#12128 = DEFINITIONAL_REPRESENTATION('',(#12129),#12133);
#12129 = CIRCLE('',#12130,98.5);
#12130 = AXIS2_PLACEMENT_2D('',#12131,#12132);
#12131 = CARTESIAN_POINT('',(0.,0.));
#12132 = DIRECTION('',(1.,0.));
#12133 = ( GEOMETRIC_REPRESENTATION_CONTEXT(2) 
PARAMETRIC_REPRESENTATION_CONTEXT() REPRESENTATION_CONTEXT('2D SPACE',''
  ) );
#12134 = ORIENTED_EDGE('',*,*,#12057,.T.);
#12135 = ADVANCED_FACE('',(#12136),#562,.F.);
#12136 = FACE_BOUND('',#12137,.F.);
#12137 = EDGE_LOOP('',(#12138,#12159,#12187,#12208,#12209));
#12138 = ORIENTED_EDGE('',*,*,#12139,.F.);
#12139 = EDGE_CURVE('',#12140,#12087,#12142,.T.);
#12140 = VERTEX_POINT('',#12141);
#12141 = CARTESIAN_POINT('',(71.628029275514,-65.54224998592,19.));
#12142 = SURFACE_CURVE('',#12143,(#12147,#12153),.PCURVE_S1.);
#12143 = LINE('',#12144,#12145);
#12144 = CARTESIAN_POINT('',(34.474873784243,-34.36705091612,19.));
#12145 = VECTOR('',#12146,1.);
#12146 = DIRECTION('',(0.766044443119,-0.642787609687,0.));
#12147 = PCURVE('',#562,#12148);
#12148 = DEFINITIONAL_REPRESENTATION('',(#12149),#12152);
#12149 = B_SPLINE_CURVE_WITH_KNOTS('',1,(#12150,#12151),.UNSPECIFIED.,
  .F.,.F.,(2,2),(48.5,54.5),.PIECEWISE_BEZIER_KNOTS.);
#12150 = CARTESIAN_POINT('',(0.,-1.));
#12151 = CARTESIAN_POINT('',(6.,-1.));
#12152 = ( GEOMETRIC_REPRESENTATION_CONTEXT(2) 
PARAMETRIC_REPRESENTATION_CONTEXT() REPRESENTATION_CONTEXT('2D SPACE',''
  ) );
#12153 = PCURVE('',#4211,#12154);
#12154 = DEFINITIONAL_REPRESENTATION('',(#12155),#12158);
#12155 = B_SPLINE_CURVE_WITH_KNOTS('',1,(#12156,#12157),.UNSPECIFIED.,
  .F.,.F.,(2,2),(48.5,54.5),.PIECEWISE_BEZIER_KNOTS.);
#12156 = CARTESIAN_POINT('',(71.628029275514,-65.54224998592));
#12157 = CARTESIAN_POINT('',(76.224295934227,-69.39897564404));
#12158 = ( GEOMETRIC_REPRESENTATION_CONTEXT(2) 
PARAMETRIC_REPRESENTATION_CONTEXT() REPRESENTATION_CONTEXT('2D SPACE',''
  ) );
#12159 = ORIENTED_EDGE('',*,*,#12160,.T.);
#12160 = EDGE_CURVE('',#12140,#12161,#12163,.T.);
#12161 = VERTEX_POINT('',#12162);
#12162 = CARTESIAN_POINT('',(71.628029275514,-65.54224998592,11.));
#12163 = SURFACE_CURVE('',#12164,(#12168,#12175),.PCURVE_S1.);
#12164 = LINE('',#12165,#12166);
#12165 = CARTESIAN_POINT('',(71.628029275514,-65.54224998592,20.));
#12166 = VECTOR('',#12167,1.);
#12167 = DIRECTION('',(-0.,-0.,-1.));
#12168 = PCURVE('',#562,#12169);
#12169 = DEFINITIONAL_REPRESENTATION('',(#12170),#12174);
#12170 = LINE('',#12171,#12172);
#12171 = CARTESIAN_POINT('',(0.,0.));
#12172 = VECTOR('',#12173,1.);
#12173 = DIRECTION('',(0.,-1.));
#12174 = ( GEOMETRIC_REPRESENTATION_CONTEXT(2) 
PARAMETRIC_REPRESENTATION_CONTEXT() REPRESENTATION_CONTEXT('2D SPACE',''
  ) );
#12175 = PCURVE('',#12176,#12181);
#12176 = PLANE('',#12177);
#12177 = AXIS2_PLACEMENT_3D('',#12178,#12179,#12180);
#12178 = CARTESIAN_POINT('',(71.628029275514,-65.54224998592,20.));
#12179 = DIRECTION('',(0.766044443119,-0.642787609687,0.));
#12180 = DIRECTION('',(0.642787609687,0.766044443119,0.));
#12181 = DEFINITIONAL_REPRESENTATION('',(#12182),#12186);
#12182 = LINE('',#12183,#12184);
#12183 = CARTESIAN_POINT('',(1.088614628655E-14,0.));
#12184 = VECTOR('',#12185,1.);
#12185 = DIRECTION('',(0.,-1.));
#12186 = ( GEOMETRIC_REPRESENTATION_CONTEXT(2) 
PARAMETRIC_REPRESENTATION_CONTEXT() REPRESENTATION_CONTEXT('2D SPACE',''
  ) );
#12187 = ORIENTED_EDGE('',*,*,#12188,.T.);
#12188 = EDGE_CURVE('',#12161,#519,#12189,.T.);
#12189 = SURFACE_CURVE('',#12190,(#12194,#12201),.PCURVE_S1.);
#12190 = LINE('',#12191,#12192);
#12191 = CARTESIAN_POINT('',(73.926162604871,-67.47061281498,11.));
#12192 = VECTOR('',#12193,1.);
#12193 = DIRECTION('',(0.766044443119,-0.642787609687,0.));
#12194 = PCURVE('',#562,#12195);
#12195 = DEFINITIONAL_REPRESENTATION('',(#12196),#12200);
#12196 = LINE('',#12197,#12198);
#12197 = CARTESIAN_POINT('',(3.,-9.));
#12198 = VECTOR('',#12199,1.);
#12199 = DIRECTION('',(1.,0.));
#12200 = ( GEOMETRIC_REPRESENTATION_CONTEXT(2) 
PARAMETRIC_REPRESENTATION_CONTEXT() REPRESENTATION_CONTEXT('2D SPACE',''
  ) );
#12201 = PCURVE('',#535,#12202);
#12202 = DEFINITIONAL_REPRESENTATION('',(#12203),#12207);
#12203 = LINE('',#12204,#12205);
#12204 = CARTESIAN_POINT('',(0.,-4.166666666667));
#12205 = VECTOR('',#12206,1.);
#12206 = DIRECTION('',(1.,0.));
#12207 = ( GEOMETRIC_REPRESENTATION_CONTEXT(2) 
PARAMETRIC_REPRESENTATION_CONTEXT() REPRESENTATION_CONTEXT('2D SPACE',''
  ) );
#12208 = ORIENTED_EDGE('',*,*,#547,.T.);
#12209 = ORIENTED_EDGE('',*,*,#12086,.F.);
#12210 = ADVANCED_FACE('',(#12211),#535,.T.);
#12211 = FACE_BOUND('',#12212,.T.);
#12212 = EDGE_LOOP('',(#12213,#12236,#12237,#12238));
#12213 = ORIENTED_EDGE('',*,*,#12214,.F.);
#12214 = EDGE_CURVE('',#12161,#12215,#12217,.T.);
#12215 = VERTEX_POINT('',#12216);
#12216 = CARTESIAN_POINT('',(76.984592689568,-59.15854629326,11.));
#12217 = SURFACE_CURVE('',#12218,(#12222,#12229),.PCURVE_S1.);
#12218 = LINE('',#12219,#12220);
#12219 = CARTESIAN_POINT('',(74.306310982541,-62.35039813959,11.));
#12220 = VECTOR('',#12221,1.);
#12221 = DIRECTION('',(0.642787609687,0.766044443119,0.));
#12222 = PCURVE('',#535,#12223);
#12223 = DEFINITIONAL_REPRESENTATION('',(#12224),#12228);
#12224 = LINE('',#12225,#12226);
#12225 = CARTESIAN_POINT('',(-3.,0.));
#12226 = VECTOR('',#12227,1.);
#12227 = DIRECTION('',(0.,1.));
#12228 = ( GEOMETRIC_REPRESENTATION_CONTEXT(2) 
PARAMETRIC_REPRESENTATION_CONTEXT() REPRESENTATION_CONTEXT('2D SPACE',''
  ) );
#12229 = PCURVE('',#12176,#12230);
#12230 = DEFINITIONAL_REPRESENTATION('',(#12231),#12235);
#12231 = LINE('',#12232,#12233);
#12232 = CARTESIAN_POINT('',(4.166666666667,-9.));
#12233 = VECTOR('',#12234,1.);
#12234 = DIRECTION('',(1.,0.));
#12235 = ( GEOMETRIC_REPRESENTATION_CONTEXT(2) 
PARAMETRIC_REPRESENTATION_CONTEXT() REPRESENTATION_CONTEXT('2D SPACE',''
  ) );
#12236 = ORIENTED_EDGE('',*,*,#12188,.T.);
#12237 = ORIENTED_EDGE('',*,*,#518,.T.);
#12238 = ORIENTED_EDGE('',*,*,#12239,.F.);
#12239 = EDGE_CURVE('',#12215,#493,#12240,.T.);
#12240 = SURFACE_CURVE('',#12241,(#12245,#12252),.PCURVE_S1.);
#12241 = LINE('',#12242,#12243);
#12242 = CARTESIAN_POINT('',(79.282726018925,-61.08690912232,11.));
#12243 = VECTOR('',#12244,1.);
#12244 = DIRECTION('',(0.766044443119,-0.642787609687,0.));
#12245 = PCURVE('',#535,#12246);
#12246 = DEFINITIONAL_REPRESENTATION('',(#12247),#12251);
#12247 = LINE('',#12248,#12249);
#12248 = CARTESIAN_POINT('',(0.,4.166666666667));
#12249 = VECTOR('',#12250,1.);
#12250 = DIRECTION('',(1.,0.));
#12251 = ( GEOMETRIC_REPRESENTATION_CONTEXT(2) 
PARAMETRIC_REPRESENTATION_CONTEXT() REPRESENTATION_CONTEXT('2D SPACE',''
  ) );
#12252 = PCURVE('',#507,#12253);
#12253 = DEFINITIONAL_REPRESENTATION('',(#12254),#12258);
#12254 = LINE('',#12255,#12256);
#12255 = CARTESIAN_POINT('',(3.,-9.));
#12256 = VECTOR('',#12257,1.);
#12257 = DIRECTION('',(1.,0.));
#12258 = ( GEOMETRIC_REPRESENTATION_CONTEXT(2) 
PARAMETRIC_REPRESENTATION_CONTEXT() REPRESENTATION_CONTEXT('2D SPACE',''
  ) );
#12259 = ADVANCED_FACE('',(#12260),#507,.T.);
#12260 = FACE_BOUND('',#12261,.T.);
#12261 = EDGE_LOOP('',(#12262,#12285,#12306,#12307,#12308));
#12262 = ORIENTED_EDGE('',*,*,#12263,.F.);
#12263 = EDGE_CURVE('',#12264,#12266,#12268,.T.);
#12264 = VERTEX_POINT('',#12265);
#12265 = CARTESIAN_POINT('',(76.984592689568,-59.15854629326,19.));
#12266 = VERTEX_POINT('',#12267);
#12267 = CARTESIAN_POINT('',(78.066119570144,-60.06605509986,19.));
#12268 = SURFACE_CURVE('',#12269,(#12273,#12279),.PCURVE_S1.);
#12269 = LINE('',#12270,#12271);
#12270 = CARTESIAN_POINT('',(39.831437198298,-27.98334722346,19.));
#12271 = VECTOR('',#12272,1.);
#12272 = DIRECTION('',(0.766044443119,-0.642787609687,0.));
#12273 = PCURVE('',#507,#12274);
#12274 = DEFINITIONAL_REPRESENTATION('',(#12275),#12278);
#12275 = B_SPLINE_CURVE_WITH_KNOTS('',1,(#12276,#12277),.UNSPECIFIED.,
  .F.,.F.,(2,2),(48.5,54.5),.PIECEWISE_BEZIER_KNOTS.);
#12276 = CARTESIAN_POINT('',(-1.42108547152E-14,-1.));
#12277 = CARTESIAN_POINT('',(6.,-1.));
#12278 = ( GEOMETRIC_REPRESENTATION_CONTEXT(2) 
PARAMETRIC_REPRESENTATION_CONTEXT() REPRESENTATION_CONTEXT('2D SPACE',''
  ) );
#12279 = PCURVE('',#4211,#12280);
#12280 = DEFINITIONAL_REPRESENTATION('',(#12281),#12284);
#12281 = B_SPLINE_CURVE_WITH_KNOTS('',1,(#12282,#12283),.UNSPECIFIED.,
  .F.,.F.,(2,2),(48.5,54.5),.PIECEWISE_BEZIER_KNOTS.);
#12282 = CARTESIAN_POINT('',(76.984592689568,-59.15854629326));
#12283 = CARTESIAN_POINT('',(81.580859348282,-63.01527195138));
#12284 = ( GEOMETRIC_REPRESENTATION_CONTEXT(2) 
PARAMETRIC_REPRESENTATION_CONTEXT() REPRESENTATION_CONTEXT('2D SPACE',''
  ) );
#12285 = ORIENTED_EDGE('',*,*,#12286,.T.);
#12286 = EDGE_CURVE('',#12264,#12215,#12287,.T.);
#12287 = SURFACE_CURVE('',#12288,(#12292,#12299),.PCURVE_S1.);
#12288 = LINE('',#12289,#12290);
#12289 = CARTESIAN_POINT('',(76.984592689568,-59.15854629326,20.));
#12290 = VECTOR('',#12291,1.);
#12291 = DIRECTION('',(-0.,-0.,-1.));
#12292 = PCURVE('',#507,#12293);
#12293 = DEFINITIONAL_REPRESENTATION('',(#12294),#12298);
#12294 = LINE('',#12295,#12296);
#12295 = CARTESIAN_POINT('',(-1.545342695355E-14,0.));
#12296 = VECTOR('',#12297,1.);
#12297 = DIRECTION('',(0.,-1.));
#12298 = ( GEOMETRIC_REPRESENTATION_CONTEXT(2) 
PARAMETRIC_REPRESENTATION_CONTEXT() REPRESENTATION_CONTEXT('2D SPACE',''
  ) );
#12299 = PCURVE('',#12176,#12300);
#12300 = DEFINITIONAL_REPRESENTATION('',(#12301),#12305);
#12301 = LINE('',#12302,#12303);
#12302 = CARTESIAN_POINT('',(8.333333333333,0.));
#12303 = VECTOR('',#12304,1.);
#12304 = DIRECTION('',(0.,-1.));
#12305 = ( GEOMETRIC_REPRESENTATION_CONTEXT(2) 
PARAMETRIC_REPRESENTATION_CONTEXT() REPRESENTATION_CONTEXT('2D SPACE',''
  ) );
#12306 = ORIENTED_EDGE('',*,*,#12239,.T.);
#12307 = ORIENTED_EDGE('',*,*,#492,.T.);
#12308 = ORIENTED_EDGE('',*,*,#12309,.F.);
#12309 = EDGE_CURVE('',#12266,#464,#12310,.T.);
#12310 = SURFACE_CURVE('',#12311,(#12316,#12323),.PCURVE_S1.);
#12311 = HYPERBOLA('',#12312,4.166666666667,4.166666666667);
#12312 = AXIS2_PLACEMENT_3D('',#12313,#12314,#12315);
#12313 = CARTESIAN_POINT('',(2.678281707027,3.191851846329,117.5));
#12314 = DIRECTION('',(-0.642787609687,-0.766044443119,0.));
#12315 = DIRECTION('',(-0.,0.,-1.));
#12316 = PCURVE('',#507,#12317);
#12317 = DEFINITIONAL_REPRESENTATION('',(#12318),#12322);
#12318 = ( BOUNDED_CURVE() B_SPLINE_CURVE(2,(#12319,#12320,#12321),
.UNSPECIFIED.,.F.,.F.) B_SPLINE_CURVE_WITH_KNOTS((3,3),(3.855639725068,
3.870766700287),.PIECEWISE_BEZIER_KNOTS.) CURVE() 
GEOMETRIC_REPRESENTATION_ITEM() RATIONAL_B_SPLINE_CURVE((1.,
1.000028603309,1.)) REPRESENTATION_ITEM('') );
#12319 = CARTESIAN_POINT('',(1.411833073512,-1.));
#12320 = CARTESIAN_POINT('',(2.156822397057,-1.744322486804));
#12321 = CARTESIAN_POINT('',(2.913156735682,-2.5));
#12322 = ( GEOMETRIC_REPRESENTATION_CONTEXT(2) 
PARAMETRIC_REPRESENTATION_CONTEXT() REPRESENTATION_CONTEXT('2D SPACE',''
  ) );
#12323 = PCURVE('',#480,#12324);
#12324 = DEFINITIONAL_REPRESENTATION('',(#12325),#12332);
#12325 = B_SPLINE_CURVE_WITH_KNOTS('',5,(#12326,#12327,#12328,#12329,
    #12330,#12331),.UNSPECIFIED.,.F.,.F.,(6,6),(3.855639725068,
    3.870766700287),.PIECEWISE_BEZIER_KNOTS.);
#12326 = CARTESIAN_POINT('',(-5.627367416538,-1.5));
#12327 = CARTESIAN_POINT('',(-5.627239438745,-1.202265327971));
#12328 = CARTESIAN_POINT('',(-5.627111944497,-0.903403690948));
#12329 = CARTESIAN_POINT('',(-5.626984931364,-0.603409411496));
#12330 = CARTESIAN_POINT('',(-5.626858396931,-0.302276769196));
#12331 = CARTESIAN_POINT('',(-5.626732338804,-2.13162820728E-14));
#12332 = ( GEOMETRIC_REPRESENTATION_CONTEXT(2) 
PARAMETRIC_REPRESENTATION_CONTEXT() REPRESENTATION_CONTEXT('2D SPACE',''
  ) );
#12333 = ADVANCED_FACE('',(#12334),#480,.T.);
#12334 = FACE_BOUND('',#12335,.T.);
#12335 = EDGE_LOOP('',(#12336,#12337,#12364,#12386));
#12336 = ORIENTED_EDGE('',*,*,#463,.T.);
#12337 = ORIENTED_EDGE('',*,*,#12338,.F.);
#12338 = EDGE_CURVE('',#12339,#438,#12341,.T.);
#12339 = VERTEX_POINT('',#12340);
#12340 = CARTESIAN_POINT('',(83.143814141322,-52.81435571919,19.));
#12341 = SURFACE_CURVE('',#12342,(#12347,#12357),.PCURVE_S1.);
#12342 = HYPERBOLA('',#12343,4.166666666667,4.166666666667);
#12343 = AXIS2_PLACEMENT_3D('',#12344,#12345,#12346);
#12344 = CARTESIAN_POINT('',(-2.083333333333,-3.608439182435,117.5));
#12345 = DIRECTION('',(-0.5,-0.866025403784,0.));
#12346 = DIRECTION('',(-0.,0.,-1.));
#12347 = PCURVE('',#480,#12348);
#12348 = DEFINITIONAL_REPRESENTATION('',(#12349),#12356);
#12349 = B_SPLINE_CURVE_WITH_KNOTS('',5,(#12350,#12351,#12352,#12353,
    #12354,#12355),.UNSPECIFIED.,.F.,.F.,(6,6),(3.855639725068,
    3.870766700287),.PIECEWISE_BEZIER_KNOTS.);
#12350 = CARTESIAN_POINT('',(-5.717272721425,-1.5));
#12351 = CARTESIAN_POINT('',(-5.717400699218,-1.202265327971));
#12352 = CARTESIAN_POINT('',(-5.717528193466,-0.903403690948));
#12353 = CARTESIAN_POINT('',(-5.7176552066,-0.603409411496));
#12354 = CARTESIAN_POINT('',(-5.717781741032,-0.302276769196));
#12355 = CARTESIAN_POINT('',(-5.717907799159,1.115617790989E-30));
#12356 = ( GEOMETRIC_REPRESENTATION_CONTEXT(2) 
PARAMETRIC_REPRESENTATION_CONTEXT() REPRESENTATION_CONTEXT('2D SPACE',''
  ) );
#12357 = PCURVE('',#452,#12358);
#12358 = DEFINITIONAL_REPRESENTATION('',(#12359),#12363);
#12359 = ( BOUNDED_CURVE() B_SPLINE_CURVE(2,(#12360,#12361,#12362),
.UNSPECIFIED.,.F.,.F.) B_SPLINE_CURVE_WITH_KNOTS((3,3),(3.855639725068,
3.870766700287),.PIECEWISE_BEZIER_KNOTS.) CURVE() 
GEOMETRIC_REPRESENTATION_ITEM() RATIONAL_B_SPLINE_CURVE((1.,
1.000028603309,1.)) REPRESENTATION_ITEM('') );
#12360 = CARTESIAN_POINT('',(1.411833073512,-1.));
#12361 = CARTESIAN_POINT('',(2.156822397057,-1.744322486804));
#12362 = CARTESIAN_POINT('',(2.913156735682,-2.5));
#12363 = ( GEOMETRIC_REPRESENTATION_CONTEXT(2) 
PARAMETRIC_REPRESENTATION_CONTEXT() REPRESENTATION_CONTEXT('2D SPACE',''
  ) );
#12364 = ORIENTED_EDGE('',*,*,#12365,.F.);
#12365 = EDGE_CURVE('',#12266,#12339,#12366,.T.);
#12366 = SURFACE_CURVE('',#12367,(#12372,#12379),.PCURVE_S1.);
#12367 = CIRCLE('',#12368,98.5);
#12368 = AXIS2_PLACEMENT_3D('',#12369,#12370,#12371);
#12369 = CARTESIAN_POINT('',(0.,0.,19.));
#12370 = DIRECTION('',(0.,0.,1.));
#12371 = DIRECTION('',(1.,0.,-0.));
#12372 = PCURVE('',#480,#12373);
#12373 = DEFINITIONAL_REPRESENTATION('',(#12374),#12378);
#12374 = LINE('',#12375,#12376);
#12375 = CARTESIAN_POINT('',(-0.,-1.5));
#12376 = VECTOR('',#12377,1.);
#12377 = DIRECTION('',(-1.,-0.));
#12378 = ( GEOMETRIC_REPRESENTATION_CONTEXT(2) 
PARAMETRIC_REPRESENTATION_CONTEXT() REPRESENTATION_CONTEXT('2D SPACE',''
  ) );
#12379 = PCURVE('',#4211,#12380);
#12380 = DEFINITIONAL_REPRESENTATION('',(#12381),#12385);
#12381 = CIRCLE('',#12382,98.5);
#12382 = AXIS2_PLACEMENT_2D('',#12383,#12384);
#12383 = CARTESIAN_POINT('',(0.,0.));
#12384 = DIRECTION('',(1.,0.));
#12385 = ( GEOMETRIC_REPRESENTATION_CONTEXT(2) 
PARAMETRIC_REPRESENTATION_CONTEXT() REPRESENTATION_CONTEXT('2D SPACE',''
  ) );
#12386 = ORIENTED_EDGE('',*,*,#12309,.T.);
#12387 = ADVANCED_FACE('',(#12388),#452,.F.);
#12388 = FACE_BOUND('',#12389,.F.);
#12389 = EDGE_LOOP('',(#12390,#12411,#12439,#12460,#12461));
#12390 = ORIENTED_EDGE('',*,*,#12391,.F.);
#12391 = EDGE_CURVE('',#12392,#12339,#12394,.T.);
#12392 = VERTEX_POINT('',#12393);
#12393 = CARTESIAN_POINT('',(81.921130833757,-52.10843918243,19.));
#12394 = SURFACE_CURVE('',#12395,(#12399,#12405),.PCURVE_S1.);
#12395 = LINE('',#12396,#12397);
#12396 = CARTESIAN_POINT('',(39.918898750212,-27.85843918243,19.));
#12397 = VECTOR('',#12398,1.);
#12398 = DIRECTION('',(0.866025403784,-0.5,0.));
#12399 = PCURVE('',#452,#12400);
#12400 = DEFINITIONAL_REPRESENTATION('',(#12401),#12404);
#12401 = B_SPLINE_CURVE_WITH_KNOTS('',1,(#12402,#12403),.UNSPECIFIED.,
  .F.,.F.,(2,2),(48.5,54.5),.PIECEWISE_BEZIER_KNOTS.);
#12402 = CARTESIAN_POINT('',(0.,-1.));
#12403 = CARTESIAN_POINT('',(6.,-1.));
#12404 = ( GEOMETRIC_REPRESENTATION_CONTEXT(2) 
PARAMETRIC_REPRESENTATION_CONTEXT() REPRESENTATION_CONTEXT('2D SPACE',''
  ) );
#12405 = PCURVE('',#4211,#12406);
#12406 = DEFINITIONAL_REPRESENTATION('',(#12407),#12410);
#12407 = B_SPLINE_CURVE_WITH_KNOTS('',1,(#12408,#12409),.UNSPECIFIED.,
  .F.,.F.,(2,2),(48.5,54.5),.PIECEWISE_BEZIER_KNOTS.);
#12408 = CARTESIAN_POINT('',(81.921130833757,-52.10843918243));
#12409 = CARTESIAN_POINT('',(87.117283256464,-55.10843918243));
#12410 = ( GEOMETRIC_REPRESENTATION_CONTEXT(2) 
PARAMETRIC_REPRESENTATION_CONTEXT() REPRESENTATION_CONTEXT('2D SPACE',''
  ) );
#12411 = ORIENTED_EDGE('',*,*,#12412,.T.);
#12412 = EDGE_CURVE('',#12392,#12413,#12415,.T.);
#12413 = VERTEX_POINT('',#12414);
#12414 = CARTESIAN_POINT('',(81.921130833757,-52.10843918243,11.));
#12415 = SURFACE_CURVE('',#12416,(#12420,#12427),.PCURVE_S1.);
#12416 = LINE('',#12417,#12418);
#12417 = CARTESIAN_POINT('',(81.921130833757,-52.10843918243,20.));
#12418 = VECTOR('',#12419,1.);
#12419 = DIRECTION('',(-0.,-0.,-1.));
#12420 = PCURVE('',#452,#12421);
#12421 = DEFINITIONAL_REPRESENTATION('',(#12422),#12426);
#12422 = LINE('',#12423,#12424);
#12423 = CARTESIAN_POINT('',(0.,0.));
#12424 = VECTOR('',#12425,1.);
#12425 = DIRECTION('',(0.,-1.));
#12426 = ( GEOMETRIC_REPRESENTATION_CONTEXT(2) 
PARAMETRIC_REPRESENTATION_CONTEXT() REPRESENTATION_CONTEXT('2D SPACE',''
  ) );
#12427 = PCURVE('',#12428,#12433);
#12428 = PLANE('',#12429);
#12429 = AXIS2_PLACEMENT_3D('',#12430,#12431,#12432);
#12430 = CARTESIAN_POINT('',(81.921130833757,-52.10843918243,20.));
#12431 = DIRECTION('',(0.866025403784,-0.5,0.));
#12432 = DIRECTION('',(0.5,0.866025403784,0.));
#12433 = DEFINITIONAL_REPRESENTATION('',(#12434),#12438);
#12434 = LINE('',#12435,#12436);
#12435 = CARTESIAN_POINT('',(6.153480596427E-15,0.));
#12436 = VECTOR('',#12437,1.);
#12437 = DIRECTION('',(0.,-1.));
#12438 = ( GEOMETRIC_REPRESENTATION_CONTEXT(2) 
PARAMETRIC_REPRESENTATION_CONTEXT() REPRESENTATION_CONTEXT('2D SPACE',''
  ) );
#12439 = ORIENTED_EDGE('',*,*,#12440,.T.);
#12440 = EDGE_CURVE('',#12413,#409,#12441,.T.);
#12441 = SURFACE_CURVE('',#12442,(#12446,#12453),.PCURVE_S1.);
#12442 = LINE('',#12443,#12444);
#12443 = CARTESIAN_POINT('',(84.519207045111,-53.60843918243,11.));
#12444 = VECTOR('',#12445,1.);
#12445 = DIRECTION('',(0.866025403784,-0.5,0.));
#12446 = PCURVE('',#452,#12447);
#12447 = DEFINITIONAL_REPRESENTATION('',(#12448),#12452);
#12448 = LINE('',#12449,#12450);
#12449 = CARTESIAN_POINT('',(3.,-9.));
#12450 = VECTOR('',#12451,1.);
#12451 = DIRECTION('',(1.,0.));
#12452 = ( GEOMETRIC_REPRESENTATION_CONTEXT(2) 
PARAMETRIC_REPRESENTATION_CONTEXT() REPRESENTATION_CONTEXT('2D SPACE',''
  ) );
#12453 = PCURVE('',#425,#12454);
#12454 = DEFINITIONAL_REPRESENTATION('',(#12455),#12459);
#12455 = LINE('',#12456,#12457);
#12456 = CARTESIAN_POINT('',(0.,-4.166666666667));
#12457 = VECTOR('',#12458,1.);
#12458 = DIRECTION('',(1.,0.));
#12459 = ( GEOMETRIC_REPRESENTATION_CONTEXT(2) 
PARAMETRIC_REPRESENTATION_CONTEXT() REPRESENTATION_CONTEXT('2D SPACE',''
  ) );
#12460 = ORIENTED_EDGE('',*,*,#437,.T.);
#12461 = ORIENTED_EDGE('',*,*,#12338,.F.);
#12462 = ADVANCED_FACE('',(#12463),#425,.T.);
#12463 = FACE_BOUND('',#12464,.T.);
#12464 = EDGE_LOOP('',(#12465,#12488,#12489,#12490));
#12465 = ORIENTED_EDGE('',*,*,#12466,.F.);
#12466 = EDGE_CURVE('',#12413,#12467,#12469,.T.);
#12467 = VERTEX_POINT('',#12468);
#12468 = CARTESIAN_POINT('',(86.087797500424,-44.89156081756,11.));
#12469 = SURFACE_CURVE('',#12470,(#12474,#12481),.PCURVE_S1.);
#12470 = LINE('',#12471,#12472);
#12471 = CARTESIAN_POINT('',(84.004464167091,-48.5,11.));
#12472 = VECTOR('',#12473,1.);
#12473 = DIRECTION('',(0.5,0.866025403784,0.));
#12474 = PCURVE('',#425,#12475);
#12475 = DEFINITIONAL_REPRESENTATION('',(#12476),#12480);
#12476 = LINE('',#12477,#12478);
#12477 = CARTESIAN_POINT('',(-3.,0.));
#12478 = VECTOR('',#12479,1.);
#12479 = DIRECTION('',(0.,1.));
#12480 = ( GEOMETRIC_REPRESENTATION_CONTEXT(2) 
PARAMETRIC_REPRESENTATION_CONTEXT() REPRESENTATION_CONTEXT('2D SPACE',''
  ) );
#12481 = PCURVE('',#12428,#12482);
#12482 = DEFINITIONAL_REPRESENTATION('',(#12483),#12487);
#12483 = LINE('',#12484,#12485);
#12484 = CARTESIAN_POINT('',(4.166666666667,-9.));
#12485 = VECTOR('',#12486,1.);
#12486 = DIRECTION('',(1.,0.));
#12487 = ( GEOMETRIC_REPRESENTATION_CONTEXT(2) 
PARAMETRIC_REPRESENTATION_CONTEXT() REPRESENTATION_CONTEXT('2D SPACE',''
  ) );
#12488 = ORIENTED_EDGE('',*,*,#12440,.T.);
#12489 = ORIENTED_EDGE('',*,*,#408,.T.);
#12490 = ORIENTED_EDGE('',*,*,#12491,.F.);
#12491 = EDGE_CURVE('',#12467,#383,#12492,.T.);
#12492 = SURFACE_CURVE('',#12493,(#12497,#12504),.PCURVE_S1.);
#12493 = LINE('',#12494,#12495);
#12494 = CARTESIAN_POINT('',(88.685873711777,-46.39156081756,11.));
#12495 = VECTOR('',#12496,1.);
#12496 = DIRECTION('',(0.866025403784,-0.5,0.));
#12497 = PCURVE('',#425,#12498);
#12498 = DEFINITIONAL_REPRESENTATION('',(#12499),#12503);
#12499 = LINE('',#12500,#12501);
#12500 = CARTESIAN_POINT('',(0.,4.166666666667));
#12501 = VECTOR('',#12502,1.);
#12502 = DIRECTION('',(1.,0.));
#12503 = ( GEOMETRIC_REPRESENTATION_CONTEXT(2) 
PARAMETRIC_REPRESENTATION_CONTEXT() REPRESENTATION_CONTEXT('2D SPACE',''
  ) );
#12504 = PCURVE('',#397,#12505);
#12505 = DEFINITIONAL_REPRESENTATION('',(#12506),#12510);
#12506 = LINE('',#12507,#12508);
#12507 = CARTESIAN_POINT('',(3.,-9.));
#12508 = VECTOR('',#12509,1.);
#12509 = DIRECTION('',(1.,0.));
#12510 = ( GEOMETRIC_REPRESENTATION_CONTEXT(2) 
PARAMETRIC_REPRESENTATION_CONTEXT() REPRESENTATION_CONTEXT('2D SPACE',''
  ) );
#12511 = ADVANCED_FACE('',(#12512),#397,.T.);
#12512 = FACE_BOUND('',#12513,.T.);
#12513 = EDGE_LOOP('',(#12514,#12537,#12558,#12559,#12560));
#12514 = ORIENTED_EDGE('',*,*,#12515,.F.);
#12515 = EDGE_CURVE('',#12516,#12518,#12520,.T.);
#12516 = VERTEX_POINT('',#12517);
#12517 = CARTESIAN_POINT('',(86.087797500424,-44.89156081756,19.));
#12518 = VERTEX_POINT('',#12519);
#12519 = CARTESIAN_POINT('',(87.310480807989,-45.59747735432,19.));
#12520 = SURFACE_CURVE('',#12521,(#12525,#12531),.PCURVE_S1.);
#12521 = LINE('',#12522,#12523);
#12522 = CARTESIAN_POINT('',(44.085565416879,-20.64156081756,19.));
#12523 = VECTOR('',#12524,1.);
#12524 = DIRECTION('',(0.866025403784,-0.5,0.));
#12525 = PCURVE('',#397,#12526);
#12526 = DEFINITIONAL_REPRESENTATION('',(#12527),#12530);
#12527 = B_SPLINE_CURVE_WITH_KNOTS('',1,(#12528,#12529),.UNSPECIFIED.,
  .F.,.F.,(2,2),(48.5,54.5),.PIECEWISE_BEZIER_KNOTS.);
#12528 = CARTESIAN_POINT('',(0.,-1.));
#12529 = CARTESIAN_POINT('',(6.,-1.));
#12530 = ( GEOMETRIC_REPRESENTATION_CONTEXT(2) 
PARAMETRIC_REPRESENTATION_CONTEXT() REPRESENTATION_CONTEXT('2D SPACE',''
  ) );
#12531 = PCURVE('',#4211,#12532);
#12532 = DEFINITIONAL_REPRESENTATION('',(#12533),#12536);
#12533 = B_SPLINE_CURVE_WITH_KNOTS('',1,(#12534,#12535),.UNSPECIFIED.,
  .F.,.F.,(2,2),(48.5,54.5),.PIECEWISE_BEZIER_KNOTS.);
#12534 = CARTESIAN_POINT('',(86.087797500424,-44.89156081756));
#12535 = CARTESIAN_POINT('',(91.28394992313,-47.89156081756));
#12536 = ( GEOMETRIC_REPRESENTATION_CONTEXT(2) 
PARAMETRIC_REPRESENTATION_CONTEXT() REPRESENTATION_CONTEXT('2D SPACE',''
  ) );
#12537 = ORIENTED_EDGE('',*,*,#12538,.T.);
#12538 = EDGE_CURVE('',#12516,#12467,#12539,.T.);
#12539 = SURFACE_CURVE('',#12540,(#12544,#12551),.PCURVE_S1.);
#12540 = LINE('',#12541,#12542);
#12541 = CARTESIAN_POINT('',(86.087797500424,-44.89156081756,20.));
#12542 = VECTOR('',#12543,1.);
#12543 = DIRECTION('',(-0.,-0.,-1.));
#12544 = PCURVE('',#397,#12545);
#12545 = DEFINITIONAL_REPRESENTATION('',(#12546),#12550);
#12546 = LINE('',#12547,#12548);
#12547 = CARTESIAN_POINT('',(1.585967487166E-14,0.));
#12548 = VECTOR('',#12549,1.);
#12549 = DIRECTION('',(0.,-1.));
#12550 = ( GEOMETRIC_REPRESENTATION_CONTEXT(2) 
PARAMETRIC_REPRESENTATION_CONTEXT() REPRESENTATION_CONTEXT('2D SPACE',''
  ) );
#12551 = PCURVE('',#12428,#12552);
#12552 = DEFINITIONAL_REPRESENTATION('',(#12553),#12557);
#12553 = LINE('',#12554,#12555);
#12554 = CARTESIAN_POINT('',(8.333333333333,0.));
#12555 = VECTOR('',#12556,1.);
#12556 = DIRECTION('',(0.,-1.));
#12557 = ( GEOMETRIC_REPRESENTATION_CONTEXT(2) 
PARAMETRIC_REPRESENTATION_CONTEXT() REPRESENTATION_CONTEXT('2D SPACE',''
  ) );
#12558 = ORIENTED_EDGE('',*,*,#12491,.T.);
#12559 = ORIENTED_EDGE('',*,*,#382,.T.);
#12560 = ORIENTED_EDGE('',*,*,#12561,.F.);
#12561 = EDGE_CURVE('',#12518,#354,#12562,.T.);
#12562 = SURFACE_CURVE('',#12563,(#12568,#12575),.PCURVE_S1.);
#12563 = HYPERBOLA('',#12564,4.166666666667,4.166666666667);
#12564 = AXIS2_PLACEMENT_3D('',#12565,#12566,#12567);
#12565 = CARTESIAN_POINT('',(2.083333333333,3.608439182435,117.5));
#12566 = DIRECTION('',(-0.5,-0.866025403784,0.));
#12567 = DIRECTION('',(-0.,0.,-1.));
#12568 = PCURVE('',#397,#12569);
#12569 = DEFINITIONAL_REPRESENTATION('',(#12570),#12574);
#12570 = ( BOUNDED_CURVE() B_SPLINE_CURVE(2,(#12571,#12572,#12573),
.UNSPECIFIED.,.F.,.F.) B_SPLINE_CURVE_WITH_KNOTS((3,3),(3.855639725068,
3.870766700287),.PIECEWISE_BEZIER_KNOTS.) CURVE() 
GEOMETRIC_REPRESENTATION_ITEM() RATIONAL_B_SPLINE_CURVE((1.,
1.000028603309,1.)) REPRESENTATION_ITEM('') );
#12571 = CARTESIAN_POINT('',(1.411833073512,-1.));
#12572 = CARTESIAN_POINT('',(2.156822397057,-1.744322486804));
#12573 = CARTESIAN_POINT('',(2.913156735682,-2.5));
#12574 = ( GEOMETRIC_REPRESENTATION_CONTEXT(2) 
PARAMETRIC_REPRESENTATION_CONTEXT() REPRESENTATION_CONTEXT('2D SPACE',''
  ) );
#12575 = PCURVE('',#370,#12576);
#12576 = DEFINITIONAL_REPRESENTATION('',(#12577),#12584);
#12577 = B_SPLINE_CURVE_WITH_KNOTS('',5,(#12578,#12579,#12580,#12581,
    #12582,#12583),.UNSPECIFIED.,.F.,.F.,(6,6),(3.855639725068,
    3.870766700287),.PIECEWISE_BEZIER_KNOTS.);
#12578 = CARTESIAN_POINT('',(-5.801900341738,-1.5));
#12579 = CARTESIAN_POINT('',(-5.801772363944,-1.202265327971));
#12580 = CARTESIAN_POINT('',(-5.801644869696,-0.903403690948));
#12581 = CARTESIAN_POINT('',(-5.801517856563,-0.603409411496));
#12582 = CARTESIAN_POINT('',(-5.801391322131,-0.302276769196));
#12583 = CARTESIAN_POINT('',(-5.801265264004,7.105427357601E-15));
#12584 = ( GEOMETRIC_REPRESENTATION_CONTEXT(2) 
PARAMETRIC_REPRESENTATION_CONTEXT() REPRESENTATION_CONTEXT('2D SPACE',''
  ) );
#12585 = ADVANCED_FACE('',(#12586),#370,.T.);
#12586 = FACE_BOUND('',#12587,.T.);
#12587 = EDGE_LOOP('',(#12588,#12589,#12616,#12638));
#12588 = ORIENTED_EDGE('',*,*,#353,.T.);
#12589 = ORIENTED_EDGE('',*,*,#12590,.F.);
#12590 = EDGE_CURVE('',#12591,#328,#12593,.T.);
#12591 = VERTEX_POINT('',#12592);
#12592 = CARTESIAN_POINT('',(91.051789406671,-37.57421517268,19.));
#12593 = SURFACE_CURVE('',#12594,(#12599,#12609),.PCURVE_S1.);
#12594 = HYPERBOLA('',#12595,4.166666666667,4.166666666667);
#12595 = AXIS2_PLACEMENT_3D('',#12596,#12597,#12598);
#12596 = CARTESIAN_POINT('',(-1.425083930524,-3.915385919941,117.5));
#12597 = DIRECTION('',(-0.342020143326,-0.939692620786,0.));
#12598 = DIRECTION('',(-0.,0.,-1.));
#12599 = PCURVE('',#370,#12600);
#12600 = DEFINITIONAL_REPRESENTATION('',(#12601),#12608);
#12601 = B_SPLINE_CURVE_WITH_KNOTS('',5,(#12602,#12603,#12604,#12605,
    #12606,#12607),.UNSPECIFIED.,.F.,.F.,(6,6),(3.855639725068,
    3.870766700287),.PIECEWISE_BEZIER_KNOTS.);
#12602 = CARTESIAN_POINT('',(-5.891805646624,-1.5));
#12603 = CARTESIAN_POINT('',(-5.891933624418,-1.202265327971));
#12604 = CARTESIAN_POINT('',(-5.892061118666,-0.903403690948));
#12605 = CARTESIAN_POINT('',(-5.892188131799,-0.603409411496));
#12606 = CARTESIAN_POINT('',(-5.892314666231,-0.302276769196));
#12607 = CARTESIAN_POINT('',(-5.892440724358,-7.105427357601E-15));
#12608 = ( GEOMETRIC_REPRESENTATION_CONTEXT(2) 
PARAMETRIC_REPRESENTATION_CONTEXT() REPRESENTATION_CONTEXT('2D SPACE',''
  ) );
#12609 = PCURVE('',#342,#12610);
#12610 = DEFINITIONAL_REPRESENTATION('',(#12611),#12615);
#12611 = ( BOUNDED_CURVE() B_SPLINE_CURVE(2,(#12612,#12613,#12614),
.UNSPECIFIED.,.F.,.F.) B_SPLINE_CURVE_WITH_KNOTS((3,3),(3.855639725068,
3.870766700287),.PIECEWISE_BEZIER_KNOTS.) CURVE() 
GEOMETRIC_REPRESENTATION_ITEM() RATIONAL_B_SPLINE_CURVE((1.,
1.000028603309,1.)) REPRESENTATION_ITEM('') );
#12612 = CARTESIAN_POINT('',(1.411833073513,-1.));
#12613 = CARTESIAN_POINT('',(2.156822397057,-1.744322486804));
#12614 = CARTESIAN_POINT('',(2.913156735682,-2.5));
#12615 = ( GEOMETRIC_REPRESENTATION_CONTEXT(2) 
PARAMETRIC_REPRESENTATION_CONTEXT() REPRESENTATION_CONTEXT('2D SPACE',''
  ) );
#12616 = ORIENTED_EDGE('',*,*,#12617,.F.);
#12617 = EDGE_CURVE('',#12518,#12591,#12618,.T.);
#12618 = SURFACE_CURVE('',#12619,(#12624,#12631),.PCURVE_S1.);
#12619 = CIRCLE('',#12620,98.5);
#12620 = AXIS2_PLACEMENT_3D('',#12621,#12622,#12623);
#12621 = CARTESIAN_POINT('',(0.,0.,19.));
#12622 = DIRECTION('',(0.,0.,1.));
#12623 = DIRECTION('',(1.,0.,-0.));
#12624 = PCURVE('',#370,#12625);
#12625 = DEFINITIONAL_REPRESENTATION('',(#12626),#12630);
#12626 = LINE('',#12627,#12628);
#12627 = CARTESIAN_POINT('',(-0.,-1.5));
#12628 = VECTOR('',#12629,1.);
#12629 = DIRECTION('',(-1.,-0.));
#12630 = ( GEOMETRIC_REPRESENTATION_CONTEXT(2) 
PARAMETRIC_REPRESENTATION_CONTEXT() REPRESENTATION_CONTEXT('2D SPACE',''
  ) );
#12631 = PCURVE('',#4211,#12632);
#12632 = DEFINITIONAL_REPRESENTATION('',(#12633),#12637);
#12633 = CIRCLE('',#12634,98.5);
#12634 = AXIS2_PLACEMENT_2D('',#12635,#12636);
#12635 = CARTESIAN_POINT('',(0.,0.));
#12636 = DIRECTION('',(1.,0.));
#12637 = ( GEOMETRIC_REPRESENTATION_CONTEXT(2) 
PARAMETRIC_REPRESENTATION_CONTEXT() REPRESENTATION_CONTEXT('2D SPACE',''
  ) );
#12638 = ORIENTED_EDGE('',*,*,#12561,.T.);
#12639 = ADVANCED_FACE('',(#12640),#342,.F.);
#12640 = FACE_BOUND('',#12641,.F.);
#12641 = EDGE_LOOP('',(#12642,#12663,#12691,#12712,#12713));
#12642 = ORIENTED_EDGE('',*,*,#12643,.F.);
#12643 = EDGE_CURVE('',#12644,#12591,#12646,.T.);
#12644 = VERTEX_POINT('',#12645);
#12645 = CARTESIAN_POINT('',(89.72510028571,-37.09133982253,19.));
#12646 = SURFACE_CURVE('',#12647,(#12651,#12657),.PCURVE_S1.);
#12647 = LINE('',#12648,#12649);
#12648 = CARTESIAN_POINT('',(44.150008177593,-20.50336287123,19.));
#12649 = VECTOR('',#12650,1.);
#12650 = DIRECTION('',(0.939692620786,-0.342020143326,0.));
#12651 = PCURVE('',#342,#12652);
#12652 = DEFINITIONAL_REPRESENTATION('',(#12653),#12656);
#12653 = B_SPLINE_CURVE_WITH_KNOTS('',1,(#12654,#12655),.UNSPECIFIED.,
  .F.,.F.,(2,2),(48.5,54.5),.PIECEWISE_BEZIER_KNOTS.);
#12654 = CARTESIAN_POINT('',(0.,-1.));
#12655 = CARTESIAN_POINT('',(6.,-1.));
#12656 = ( GEOMETRIC_REPRESENTATION_CONTEXT(2) 
PARAMETRIC_REPRESENTATION_CONTEXT() REPRESENTATION_CONTEXT('2D SPACE',''
  ) );
#12657 = PCURVE('',#4211,#12658);
#12658 = DEFINITIONAL_REPRESENTATION('',(#12659),#12662);
#12659 = B_SPLINE_CURVE_WITH_KNOTS('',1,(#12660,#12661),.UNSPECIFIED.,
  .F.,.F.,(2,2),(48.5,54.5),.PIECEWISE_BEZIER_KNOTS.);
#12660 = CARTESIAN_POINT('',(89.72510028571,-37.09133982253));
#12661 = CARTESIAN_POINT('',(95.363256010425,-39.14346068248));
#12662 = ( GEOMETRIC_REPRESENTATION_CONTEXT(2) 
PARAMETRIC_REPRESENTATION_CONTEXT() REPRESENTATION_CONTEXT('2D SPACE',''
  ) );
#12663 = ORIENTED_EDGE('',*,*,#12664,.T.);
#12664 = EDGE_CURVE('',#12644,#12665,#12667,.T.);
#12665 = VERTEX_POINT('',#12666);
#12666 = CARTESIAN_POINT('',(89.72510028571,-37.09133982253,11.));
#12667 = SURFACE_CURVE('',#12668,(#12672,#12679),.PCURVE_S1.);
#12668 = LINE('',#12669,#12670);
#12669 = CARTESIAN_POINT('',(89.72510028571,-37.09133982253,20.));
#12670 = VECTOR('',#12671,1.);
#12671 = DIRECTION('',(-0.,-0.,-1.));
#12672 = PCURVE('',#342,#12673);
#12673 = DEFINITIONAL_REPRESENTATION('',(#12674),#12678);
#12674 = LINE('',#12675,#12676);
#12675 = CARTESIAN_POINT('',(0.,0.));
#12676 = VECTOR('',#12677,1.);
#12677 = DIRECTION('',(0.,-1.));
#12678 = ( GEOMETRIC_REPRESENTATION_CONTEXT(2) 
PARAMETRIC_REPRESENTATION_CONTEXT() REPRESENTATION_CONTEXT('2D SPACE',''
  ) );
#12679 = PCURVE('',#12680,#12685);
#12680 = PLANE('',#12681);
#12681 = AXIS2_PLACEMENT_3D('',#12682,#12683,#12684);
#12682 = CARTESIAN_POINT('',(89.72510028571,-37.09133982253,20.));
#12683 = DIRECTION('',(0.939692620786,-0.342020143326,0.));
#12684 = DIRECTION('',(0.342020143326,0.939692620786,0.));
#12685 = DEFINITIONAL_REPRESENTATION('',(#12686),#12690);
#12686 = LINE('',#12687,#12688);
#12687 = CARTESIAN_POINT('',(0.,0.));
#12688 = VECTOR('',#12689,1.);
#12689 = DIRECTION('',(0.,-1.));
#12690 = ( GEOMETRIC_REPRESENTATION_CONTEXT(2) 
PARAMETRIC_REPRESENTATION_CONTEXT() REPRESENTATION_CONTEXT('2D SPACE',''
  ) );
#12691 = ORIENTED_EDGE('',*,*,#12692,.T.);
#12692 = EDGE_CURVE('',#12665,#299,#12693,.T.);
#12693 = SURFACE_CURVE('',#12694,(#12698,#12705),.PCURVE_S1.);
#12694 = LINE('',#12695,#12696);
#12695 = CARTESIAN_POINT('',(92.544178148067,-38.1174002525,11.));
#12696 = VECTOR('',#12697,1.);
#12697 = DIRECTION('',(0.939692620786,-0.342020143326,0.));
#12698 = PCURVE('',#342,#12699);
#12699 = DEFINITIONAL_REPRESENTATION('',(#12700),#12704);
#12700 = LINE('',#12701,#12702);
#12701 = CARTESIAN_POINT('',(3.,-9.));
#12702 = VECTOR('',#12703,1.);
#12703 = DIRECTION('',(1.,0.));
#12704 = ( GEOMETRIC_REPRESENTATION_CONTEXT(2) 
PARAMETRIC_REPRESENTATION_CONTEXT() REPRESENTATION_CONTEXT('2D SPACE',''
  ) );
#12705 = PCURVE('',#315,#12706);
#12706 = DEFINITIONAL_REPRESENTATION('',(#12707),#12711);
#12707 = LINE('',#12708,#12709);
#12708 = CARTESIAN_POINT('',(0.,-4.166666666667));
#12709 = VECTOR('',#12710,1.);
#12710 = DIRECTION('',(1.,0.));
#12711 = ( GEOMETRIC_REPRESENTATION_CONTEXT(2) 
PARAMETRIC_REPRESENTATION_CONTEXT() REPRESENTATION_CONTEXT('2D SPACE',''
  ) );
#12712 = ORIENTED_EDGE('',*,*,#327,.T.);
#12713 = ORIENTED_EDGE('',*,*,#12590,.F.);
#12714 = ADVANCED_FACE('',(#12715),#315,.T.);
#12715 = FACE_BOUND('',#12716,.T.);
#12716 = EDGE_LOOP('',(#12717,#12740,#12741,#12742));
#12717 = ORIENTED_EDGE('',*,*,#12718,.F.);
#12718 = EDGE_CURVE('',#12665,#12719,#12721,.T.);
#12719 = VERTEX_POINT('',#12720);
#12720 = CARTESIAN_POINT('',(92.575268146757,-29.26056798264,11.));
#12721 = SURFACE_CURVE('',#12722,(#12726,#12733),.PCURVE_S1.);
#12722 = LINE('',#12723,#12724);
#12723 = CARTESIAN_POINT('',(91.150184216233,-33.17595390259,11.));
#12724 = VECTOR('',#12725,1.);
#12725 = DIRECTION('',(0.342020143326,0.939692620786,0.));
#12726 = PCURVE('',#315,#12727);
#12727 = DEFINITIONAL_REPRESENTATION('',(#12728),#12732);
#12728 = LINE('',#12729,#12730);
#12729 = CARTESIAN_POINT('',(-3.,0.));
#12730 = VECTOR('',#12731,1.);
#12731 = DIRECTION('',(0.,1.));
#12732 = ( GEOMETRIC_REPRESENTATION_CONTEXT(2) 
PARAMETRIC_REPRESENTATION_CONTEXT() REPRESENTATION_CONTEXT('2D SPACE',''
  ) );
#12733 = PCURVE('',#12680,#12734);
#12734 = DEFINITIONAL_REPRESENTATION('',(#12735),#12739);
#12735 = LINE('',#12736,#12737);
#12736 = CARTESIAN_POINT('',(4.166666666667,-9.));
#12737 = VECTOR('',#12738,1.);
#12738 = DIRECTION('',(1.,0.));
#12739 = ( GEOMETRIC_REPRESENTATION_CONTEXT(2) 
PARAMETRIC_REPRESENTATION_CONTEXT() REPRESENTATION_CONTEXT('2D SPACE',''
  ) );
#12740 = ORIENTED_EDGE('',*,*,#12692,.T.);
#12741 = ORIENTED_EDGE('',*,*,#298,.T.);
#12742 = ORIENTED_EDGE('',*,*,#12743,.F.);
#12743 = EDGE_CURVE('',#12719,#273,#12744,.T.);
#12744 = SURFACE_CURVE('',#12745,(#12749,#12756),.PCURVE_S1.);
#12745 = LINE('',#12746,#12747);
#12746 = CARTESIAN_POINT('',(95.394346009114,-30.28662841262,11.));
#12747 = VECTOR('',#12748,1.);
#12748 = DIRECTION('',(0.939692620786,-0.342020143326,0.));
#12749 = PCURVE('',#315,#12750);
#12750 = DEFINITIONAL_REPRESENTATION('',(#12751),#12755);
#12751 = LINE('',#12752,#12753);
#12752 = CARTESIAN_POINT('',(0.,4.166666666667));
#12753 = VECTOR('',#12754,1.);
#12754 = DIRECTION('',(1.,0.));
#12755 = ( GEOMETRIC_REPRESENTATION_CONTEXT(2) 
PARAMETRIC_REPRESENTATION_CONTEXT() REPRESENTATION_CONTEXT('2D SPACE',''
  ) );
#12756 = PCURVE('',#287,#12757);
#12757 = DEFINITIONAL_REPRESENTATION('',(#12758),#12762);
#12758 = LINE('',#12759,#12760);
#12759 = CARTESIAN_POINT('',(3.,-9.));
#12760 = VECTOR('',#12761,1.);
#12761 = DIRECTION('',(1.,0.));
#12762 = ( GEOMETRIC_REPRESENTATION_CONTEXT(2) 
PARAMETRIC_REPRESENTATION_CONTEXT() REPRESENTATION_CONTEXT('2D SPACE',''
  ) );
#12763 = ADVANCED_FACE('',(#12764),#287,.T.);
#12764 = FACE_BOUND('',#12765,.T.);
#12765 = EDGE_LOOP('',(#12766,#12789,#12810,#12811,#12812));
#12766 = ORIENTED_EDGE('',*,*,#12767,.F.);
#12767 = EDGE_CURVE('',#12768,#12770,#12772,.T.);
#12768 = VERTEX_POINT('',#12769);
#12769 = CARTESIAN_POINT('',(92.575268146757,-29.26056798264,19.));
#12770 = VERTEX_POINT('',#12771);
#12771 = CARTESIAN_POINT('',(93.901957267718,-29.7434433328,19.));
#12772 = SURFACE_CURVE('',#12773,(#12777,#12783),.PCURVE_S1.);
#12773 = LINE('',#12774,#12775);
#12774 = CARTESIAN_POINT('',(47.00017603864,-12.67259103135,19.));
#12775 = VECTOR('',#12776,1.);
#12776 = DIRECTION('',(0.939692620786,-0.342020143326,0.));
#12777 = PCURVE('',#287,#12778);
#12778 = DEFINITIONAL_REPRESENTATION('',(#12779),#12782);
#12779 = B_SPLINE_CURVE_WITH_KNOTS('',1,(#12780,#12781),.UNSPECIFIED.,
  .F.,.F.,(2,2),(48.5,54.5),.PIECEWISE_BEZIER_KNOTS.);
#12780 = CARTESIAN_POINT('',(7.105427357601E-15,-1.));
#12781 = CARTESIAN_POINT('',(6.,-1.));
#12782 = ( GEOMETRIC_REPRESENTATION_CONTEXT(2) 
PARAMETRIC_REPRESENTATION_CONTEXT() REPRESENTATION_CONTEXT('2D SPACE',''
  ) );
#12783 = PCURVE('',#4211,#12784);
#12784 = DEFINITIONAL_REPRESENTATION('',(#12785),#12788);
#12785 = B_SPLINE_CURVE_WITH_KNOTS('',1,(#12786,#12787),.UNSPECIFIED.,
  .F.,.F.,(2,2),(48.5,54.5),.PIECEWISE_BEZIER_KNOTS.);
#12786 = CARTESIAN_POINT('',(92.575268146757,-29.26056798264));
#12787 = CARTESIAN_POINT('',(98.213423871472,-31.3126888426));
#12788 = ( GEOMETRIC_REPRESENTATION_CONTEXT(2) 
PARAMETRIC_REPRESENTATION_CONTEXT() REPRESENTATION_CONTEXT('2D SPACE',''
  ) );
#12789 = ORIENTED_EDGE('',*,*,#12790,.T.);
#12790 = EDGE_CURVE('',#12768,#12719,#12791,.T.);
#12791 = SURFACE_CURVE('',#12792,(#12796,#12803),.PCURVE_S1.);
#12792 = LINE('',#12793,#12794);
#12793 = CARTESIAN_POINT('',(92.575268146757,-29.26056798264,20.));
#12794 = VECTOR('',#12795,1.);
#12795 = DIRECTION('',(-0.,-0.,-1.));
#12796 = PCURVE('',#287,#12797);
#12797 = DEFINITIONAL_REPRESENTATION('',(#12798),#12802);
#12798 = LINE('',#12799,#12800);
#12799 = CARTESIAN_POINT('',(1.456893495255E-14,0.));
#12800 = VECTOR('',#12801,1.);
#12801 = DIRECTION('',(0.,-1.));
#12802 = ( GEOMETRIC_REPRESENTATION_CONTEXT(2) 
PARAMETRIC_REPRESENTATION_CONTEXT() REPRESENTATION_CONTEXT('2D SPACE',''
  ) );
#12803 = PCURVE('',#12680,#12804);
#12804 = DEFINITIONAL_REPRESENTATION('',(#12805),#12809);
#12805 = LINE('',#12806,#12807);
#12806 = CARTESIAN_POINT('',(8.333333333333,0.));
#12807 = VECTOR('',#12808,1.);
#12808 = DIRECTION('',(0.,-1.));
#12809 = ( GEOMETRIC_REPRESENTATION_CONTEXT(2) 
PARAMETRIC_REPRESENTATION_CONTEXT() REPRESENTATION_CONTEXT('2D SPACE',''
  ) );
#12810 = ORIENTED_EDGE('',*,*,#12743,.T.);
#12811 = ORIENTED_EDGE('',*,*,#272,.T.);
#12812 = ORIENTED_EDGE('',*,*,#12813,.F.);
#12813 = EDGE_CURVE('',#12770,#244,#12814,.T.);
#12814 = SURFACE_CURVE('',#12815,(#12820,#12827),.PCURVE_S1.);
#12815 = HYPERBOLA('',#12816,4.166666666667,4.166666666667);
#12816 = AXIS2_PLACEMENT_3D('',#12817,#12818,#12819);
#12817 = CARTESIAN_POINT('',(1.425083930524,3.915385919941,117.5));
#12818 = DIRECTION('',(-0.342020143326,-0.939692620786,0.));
#12819 = DIRECTION('',(-0.,0.,-1.));
#12820 = PCURVE('',#287,#12821);
#12821 = DEFINITIONAL_REPRESENTATION('',(#12822),#12826);
#12822 = ( BOUNDED_CURVE() B_SPLINE_CURVE(2,(#12823,#12824,#12825),
.UNSPECIFIED.,.F.,.F.) B_SPLINE_CURVE_WITH_KNOTS((3,3),(3.855639725068,
3.870766700287),.PIECEWISE_BEZIER_KNOTS.) CURVE() 
GEOMETRIC_REPRESENTATION_ITEM() RATIONAL_B_SPLINE_CURVE((1.,
1.000028603309,1.)) REPRESENTATION_ITEM('') );
#12823 = CARTESIAN_POINT('',(1.411833073513,-1.));
#12824 = CARTESIAN_POINT('',(2.156822397058,-1.744322486804));
#12825 = CARTESIAN_POINT('',(2.913156735682,-2.5));
#12826 = ( GEOMETRIC_REPRESENTATION_CONTEXT(2) 
PARAMETRIC_REPRESENTATION_CONTEXT() REPRESENTATION_CONTEXT('2D SPACE',''
  ) );
#12827 = PCURVE('',#260,#12828);
#12828 = DEFINITIONAL_REPRESENTATION('',(#12829),#12836);
#12829 = B_SPLINE_CURVE_WITH_KNOTS('',5,(#12830,#12831,#12832,#12833,
    #12834,#12835),.UNSPECIFIED.,.F.,.F.,(6,6),(3.855639725068,
    3.870766700287),.PIECEWISE_BEZIER_KNOTS.);
#12830 = CARTESIAN_POINT('',(-5.976433266937,-1.5));
#12831 = CARTESIAN_POINT('',(-5.976305289144,-1.202265327971));
#12832 = CARTESIAN_POINT('',(-5.976177794896,-0.903403690948));
#12833 = CARTESIAN_POINT('',(-5.976050781763,-0.603409411496));
#12834 = CARTESIAN_POINT('',(-5.97592424733,-0.302276769196));
#12835 = CARTESIAN_POINT('',(-5.975798189203,4.263256414561E-14));
#12836 = ( GEOMETRIC_REPRESENTATION_CONTEXT(2) 
PARAMETRIC_REPRESENTATION_CONTEXT() REPRESENTATION_CONTEXT('2D SPACE',''
  ) );
#12837 = ADVANCED_FACE('',(#12838),#260,.T.);
#12838 = FACE_BOUND('',#12839,.T.);
#12839 = EDGE_LOOP('',(#12840,#12841,#12868,#12890));
#12840 = ORIENTED_EDGE('',*,*,#243,.T.);
#12841 = ORIENTED_EDGE('',*,*,#12842,.F.);
#12842 = EDGE_CURVE('',#12843,#218,#12845,.T.);
#12843 = VERTEX_POINT('',#12844);
#12844 = CARTESIAN_POINT('',(96.193202125326,-21.19240111162,19.));
#12845 = SURFACE_CURVE('',#12846,(#12851,#12861),.PCURVE_S1.);
#12846 = HYPERBOLA('',#12847,4.166666666667,4.166666666667);
#12847 = AXIS2_PLACEMENT_3D('',#12848,#12849,#12850);
#12848 = CARTESIAN_POINT('',(-0.723534073612,-4.103365637551,117.5));
#12849 = DIRECTION('',(-0.173648177667,-0.984807753012,0.));
#12850 = DIRECTION('',(-0.,0.,-1.));
#12851 = PCURVE('',#260,#12852);
#12852 = DEFINITIONAL_REPRESENTATION('',(#12853),#12860);
#12853 = B_SPLINE_CURVE_WITH_KNOTS('',5,(#12854,#12855,#12856,#12857,
    #12858,#12859),.UNSPECIFIED.,.F.,.F.,(6,6),(3.855639725068,
    3.870766700287),.PIECEWISE_BEZIER_KNOTS.);
#12854 = CARTESIAN_POINT('',(-6.066338571824,-1.5));
#12855 = CARTESIAN_POINT('',(-6.066466549617,-1.202265327971));
#12856 = CARTESIAN_POINT('',(-6.066594043865,-0.903403690949));
#12857 = CARTESIAN_POINT('',(-6.066721056998,-0.603409411496));
#12858 = CARTESIAN_POINT('',(-6.066847591431,-0.302276769196));
#12859 = CARTESIAN_POINT('',(-6.066973649558,2.84217094304E-14));
#12860 = ( GEOMETRIC_REPRESENTATION_CONTEXT(2) 
PARAMETRIC_REPRESENTATION_CONTEXT() REPRESENTATION_CONTEXT('2D SPACE',''
  ) );
#12861 = PCURVE('',#232,#12862);
#12862 = DEFINITIONAL_REPRESENTATION('',(#12863),#12867);
#12863 = ( BOUNDED_CURVE() B_SPLINE_CURVE(2,(#12864,#12865,#12866),
.UNSPECIFIED.,.F.,.F.) B_SPLINE_CURVE_WITH_KNOTS((3,3),(3.855639725068,
3.870766700287),.PIECEWISE_BEZIER_KNOTS.) CURVE() 
GEOMETRIC_REPRESENTATION_ITEM() RATIONAL_B_SPLINE_CURVE((1.,
1.000028603309,1.)) REPRESENTATION_ITEM('') );
#12864 = CARTESIAN_POINT('',(1.411833073512,-1.));
#12865 = CARTESIAN_POINT('',(2.156822397057,-1.744322486804));
#12866 = CARTESIAN_POINT('',(2.913156735682,-2.5));
#12867 = ( GEOMETRIC_REPRESENTATION_CONTEXT(2) 
PARAMETRIC_REPRESENTATION_CONTEXT() REPRESENTATION_CONTEXT('2D SPACE',''
  ) );
#12868 = ORIENTED_EDGE('',*,*,#12869,.F.);
#12869 = EDGE_CURVE('',#12770,#12843,#12870,.T.);
#12870 = SURFACE_CURVE('',#12871,(#12876,#12883),.PCURVE_S1.);
#12871 = CIRCLE('',#12872,98.5);
#12872 = AXIS2_PLACEMENT_3D('',#12873,#12874,#12875);
#12873 = CARTESIAN_POINT('',(0.,0.,19.));
#12874 = DIRECTION('',(0.,0.,1.));
#12875 = DIRECTION('',(1.,0.,-0.));
#12876 = PCURVE('',#260,#12877);
#12877 = DEFINITIONAL_REPRESENTATION('',(#12878),#12882);
#12878 = LINE('',#12879,#12880);
#12879 = CARTESIAN_POINT('',(-0.,-1.5));
#12880 = VECTOR('',#12881,1.);
#12881 = DIRECTION('',(-1.,-0.));
#12882 = ( GEOMETRIC_REPRESENTATION_CONTEXT(2) 
PARAMETRIC_REPRESENTATION_CONTEXT() REPRESENTATION_CONTEXT('2D SPACE',''
  ) );
#12883 = PCURVE('',#4211,#12884);
#12884 = DEFINITIONAL_REPRESENTATION('',(#12885),#12889);
#12885 = CIRCLE('',#12886,98.5);
#12886 = AXIS2_PLACEMENT_2D('',#12887,#12888);
#12887 = CARTESIAN_POINT('',(0.,0.));
#12888 = DIRECTION('',(1.,0.));
#12889 = ( GEOMETRIC_REPRESENTATION_CONTEXT(2) 
PARAMETRIC_REPRESENTATION_CONTEXT() REPRESENTATION_CONTEXT('2D SPACE',''
  ) );
#12890 = ORIENTED_EDGE('',*,*,#12813,.T.);
#12891 = ADVANCED_FACE('',(#12892),#232,.F.);
#12892 = FACE_BOUND('',#12893,.F.);
#12893 = EDGE_LOOP('',(#12894,#12915,#12943,#12964,#12965));
#12894 = ORIENTED_EDGE('',*,*,#12895,.F.);
#12895 = EDGE_CURVE('',#12896,#12843,#12898,.T.);
#12896 = VERTEX_POINT('',#12897);
#12897 = CARTESIAN_POINT('',(94.802817968572,-20.94723887124,19.));
#12898 = SURFACE_CURVE('',#12899,(#12903,#12909),.PCURVE_S1.);
#12899 = LINE('',#12900,#12901);
#12900 = CARTESIAN_POINT('',(47.03964194748,-12.52530225439,19.));
#12901 = VECTOR('',#12902,1.);
#12902 = DIRECTION('',(0.984807753012,-0.173648177667,0.));
#12903 = PCURVE('',#232,#12904);
#12904 = DEFINITIONAL_REPRESENTATION('',(#12905),#12908);
#12905 = B_SPLINE_CURVE_WITH_KNOTS('',1,(#12906,#12907),.UNSPECIFIED.,
  .F.,.F.,(2,2),(48.5,52.254217023698),.PIECEWISE_BEZIER_KNOTS.);
#12906 = CARTESIAN_POINT('',(7.105427357601E-15,-1.));
#12907 = CARTESIAN_POINT('',(3.754217023698,-1.));
#12908 = ( GEOMETRIC_REPRESENTATION_CONTEXT(2) 
PARAMETRIC_REPRESENTATION_CONTEXT() REPRESENTATION_CONTEXT('2D SPACE',''
  ) );
#12909 = PCURVE('',#4211,#12910);
#12910 = DEFINITIONAL_REPRESENTATION('',(#12911),#12914);
#12911 = B_SPLINE_CURVE_WITH_KNOTS('',1,(#12912,#12913),.UNSPECIFIED.,
  .F.,.F.,(2,2),(48.5,52.254217023698),.PIECEWISE_BEZIER_KNOTS.);
#12912 = CARTESIAN_POINT('',(94.802817968572,-20.94723887124));
#12913 = CARTESIAN_POINT('',(98.5,-21.59915181597));
#12914 = ( GEOMETRIC_REPRESENTATION_CONTEXT(2) 
PARAMETRIC_REPRESENTATION_CONTEXT() REPRESENTATION_CONTEXT('2D SPACE',''
  ) );
#12915 = ORIENTED_EDGE('',*,*,#12916,.T.);
#12916 = EDGE_CURVE('',#12896,#12917,#12919,.T.);
#12917 = VERTEX_POINT('',#12918);
#12918 = CARTESIAN_POINT('',(94.802817968572,-20.94723887124,11.));
#12919 = SURFACE_CURVE('',#12920,(#12924,#12931),.PCURVE_S1.);
#12920 = LINE('',#12921,#12922);
#12921 = CARTESIAN_POINT('',(94.802817968572,-20.94723887124,20.));
#12922 = VECTOR('',#12923,1.);
#12923 = DIRECTION('',(-0.,-0.,-1.));
#12924 = PCURVE('',#232,#12925);
#12925 = DEFINITIONAL_REPRESENTATION('',(#12926),#12930);
#12926 = LINE('',#12927,#12928);
#12927 = CARTESIAN_POINT('',(1.461188215656E-14,0.));
#12928 = VECTOR('',#12929,1.);
#12929 = DIRECTION('',(0.,-1.));
#12930 = ( GEOMETRIC_REPRESENTATION_CONTEXT(2) 
PARAMETRIC_REPRESENTATION_CONTEXT() REPRESENTATION_CONTEXT('2D SPACE',''
  ) );
#12931 = PCURVE('',#12932,#12937);
#12932 = PLANE('',#12933);
#12933 = AXIS2_PLACEMENT_3D('',#12934,#12935,#12936);
#12934 = CARTESIAN_POINT('',(94.802817968572,-20.94723887124,20.));
#12935 = DIRECTION('',(0.984807753012,-0.173648177667,0.));
#12936 = DIRECTION('',(0.173648177667,0.984807753012,0.));
#12937 = DEFINITIONAL_REPRESENTATION('',(#12938),#12942);
#12938 = LINE('',#12939,#12940);
#12939 = CARTESIAN_POINT('',(6.997479950231E-15,0.));
#12940 = VECTOR('',#12941,1.);
#12941 = DIRECTION('',(0.,-1.));
#12942 = ( GEOMETRIC_REPRESENTATION_CONTEXT(2) 
PARAMETRIC_REPRESENTATION_CONTEXT() REPRESENTATION_CONTEXT('2D SPACE',''
  ) );
#12943 = ORIENTED_EDGE('',*,*,#12944,.T.);
#12944 = EDGE_CURVE('',#12917,#189,#12945,.T.);
#12945 = SURFACE_CURVE('',#12946,(#12950,#12957),.PCURVE_S1.);
#12946 = LINE('',#12947,#12948);
#12947 = CARTESIAN_POINT('',(97.757241227609,-21.46818340424,11.));
#12948 = VECTOR('',#12949,1.);
#12949 = DIRECTION('',(0.984807753012,-0.173648177667,0.));
#12950 = PCURVE('',#232,#12951);
#12951 = DEFINITIONAL_REPRESENTATION('',(#12952),#12956);
#12952 = LINE('',#12953,#12954);
#12953 = CARTESIAN_POINT('',(3.,-9.));
#12954 = VECTOR('',#12955,1.);
#12955 = DIRECTION('',(1.,0.));
#12956 = ( GEOMETRIC_REPRESENTATION_CONTEXT(2) 
PARAMETRIC_REPRESENTATION_CONTEXT() REPRESENTATION_CONTEXT('2D SPACE',''
  ) );
#12957 = PCURVE('',#205,#12958);
#12958 = DEFINITIONAL_REPRESENTATION('',(#12959),#12963);
#12959 = LINE('',#12960,#12961);
#12960 = CARTESIAN_POINT('',(0.,-4.166666666667));
#12961 = VECTOR('',#12962,1.);
#12962 = DIRECTION('',(1.,0.));
#12963 = ( GEOMETRIC_REPRESENTATION_CONTEXT(2) 
PARAMETRIC_REPRESENTATION_CONTEXT() REPRESENTATION_CONTEXT('2D SPACE',''
  ) );
#12964 = ORIENTED_EDGE('',*,*,#217,.T.);
#12965 = ORIENTED_EDGE('',*,*,#12842,.F.);
#12966 = ADVANCED_FACE('',(#12967),#205,.T.);
#12967 = FACE_BOUND('',#12968,.T.);
#12968 = EDGE_LOOP('',(#12969,#12992,#12993,#12994));
#12969 = ORIENTED_EDGE('',*,*,#12970,.F.);
#12970 = EDGE_CURVE('',#12917,#12971,#12973,.T.);
#12971 = VERTEX_POINT('',#12972);
#12972 = CARTESIAN_POINT('',(96.249886115796,-12.74050759614,11.));
#12973 = SURFACE_CURVE('',#12974,(#12978,#12985),.PCURVE_S1.);
#12974 = LINE('',#12975,#12976);
#12975 = CARTESIAN_POINT('',(95.526352042184,-16.84387323369,11.));
#12976 = VECTOR('',#12977,1.);
#12977 = DIRECTION('',(0.173648177667,0.984807753012,0.));
#12978 = PCURVE('',#205,#12979);
#12979 = DEFINITIONAL_REPRESENTATION('',(#12980),#12984);
#12980 = LINE('',#12981,#12982);
#12981 = CARTESIAN_POINT('',(-3.,0.));
#12982 = VECTOR('',#12983,1.);
#12983 = DIRECTION('',(0.,1.));
#12984 = ( GEOMETRIC_REPRESENTATION_CONTEXT(2) 
PARAMETRIC_REPRESENTATION_CONTEXT() REPRESENTATION_CONTEXT('2D SPACE',''
  ) );
#12985 = PCURVE('',#12932,#12986);
#12986 = DEFINITIONAL_REPRESENTATION('',(#12987),#12991);
#12987 = LINE('',#12988,#12989);
#12988 = CARTESIAN_POINT('',(4.166666666667,-9.));
#12989 = VECTOR('',#12990,1.);
#12990 = DIRECTION('',(1.,0.));
#12991 = ( GEOMETRIC_REPRESENTATION_CONTEXT(2) 
PARAMETRIC_REPRESENTATION_CONTEXT() REPRESENTATION_CONTEXT('2D SPACE',''
  ) );
#12992 = ORIENTED_EDGE('',*,*,#12944,.T.);
#12993 = ORIENTED_EDGE('',*,*,#188,.T.);
#12994 = ORIENTED_EDGE('',*,*,#12995,.F.);
#12995 = EDGE_CURVE('',#12971,#163,#12996,.T.);
#12996 = SURFACE_CURVE('',#12997,(#13001,#13008),.PCURVE_S1.);
#12997 = LINE('',#12998,#12999);
#12998 = CARTESIAN_POINT('',(99.204309374833,-13.26145212914,11.));
#12999 = VECTOR('',#13000,1.);
#13000 = DIRECTION('',(0.984807753012,-0.173648177667,0.));
#13001 = PCURVE('',#205,#13002);
#13002 = DEFINITIONAL_REPRESENTATION('',(#13003),#13007);
#13003 = LINE('',#13004,#13005);
#13004 = CARTESIAN_POINT('',(0.,4.166666666667));
#13005 = VECTOR('',#13006,1.);
#13006 = DIRECTION('',(1.,0.));
#13007 = ( GEOMETRIC_REPRESENTATION_CONTEXT(2) 
PARAMETRIC_REPRESENTATION_CONTEXT() REPRESENTATION_CONTEXT('2D SPACE',''
  ) );
#13008 = PCURVE('',#177,#13009);
#13009 = DEFINITIONAL_REPRESENTATION('',(#13010),#13014);
#13010 = LINE('',#13011,#13012);
#13011 = CARTESIAN_POINT('',(3.,-9.));
#13012 = VECTOR('',#13013,1.);
#13013 = DIRECTION('',(1.,0.));
#13014 = ( GEOMETRIC_REPRESENTATION_CONTEXT(2) 
PARAMETRIC_REPRESENTATION_CONTEXT() REPRESENTATION_CONTEXT('2D SPACE',''
  ) );
#13015 = ADVANCED_FACE('',(#13016),#177,.T.);
#13016 = FACE_BOUND('',#13017,.T.);
#13017 = EDGE_LOOP('',(#13018,#13041,#13062,#13063,#13064));
#13018 = ORIENTED_EDGE('',*,*,#13019,.F.);
#13019 = EDGE_CURVE('',#13020,#13022,#13024,.T.);
#13020 = VERTEX_POINT('',#13021);
#13021 = CARTESIAN_POINT('',(96.249886115796,-12.74050759614,19.));
#13022 = VERTEX_POINT('',#13023);
#13023 = CARTESIAN_POINT('',(97.640270272551,-12.98566983652,19.));
#13024 = SURFACE_CURVE('',#13025,(#13029,#13035),.PCURVE_S1.);
#13025 = LINE('',#13026,#13027);
#13026 = CARTESIAN_POINT('',(48.486710094704,-4.318570979295,19.));
#13027 = VECTOR('',#13028,1.);
#13028 = DIRECTION('',(0.984807753012,-0.173648177667,0.));
#13029 = PCURVE('',#177,#13030);
#13030 = DEFINITIONAL_REPRESENTATION('',(#13031),#13034);
#13031 = B_SPLINE_CURVE_WITH_KNOTS('',1,(#13032,#13033),.UNSPECIFIED.,
  .F.,.F.,(2,2),(48.5,50.784825517794),.PIECEWISE_BEZIER_KNOTS.);
#13032 = CARTESIAN_POINT('',(0.,-1.));
#13033 = CARTESIAN_POINT('',(2.284825517794,-1.));
#13034 = ( GEOMETRIC_REPRESENTATION_CONTEXT(2) 
PARAMETRIC_REPRESENTATION_CONTEXT() REPRESENTATION_CONTEXT('2D SPACE',''
  ) );
#13035 = PCURVE('',#4211,#13036);
#13036 = DEFINITIONAL_REPRESENTATION('',(#13037),#13040);
#13037 = B_SPLINE_CURVE_WITH_KNOTS('',1,(#13038,#13039),.UNSPECIFIED.,
  .F.,.F.,(2,2),(48.5,50.784825517794),.PIECEWISE_BEZIER_KNOTS.);
#13038 = CARTESIAN_POINT('',(96.249886115796,-12.74050759614));
#13039 = CARTESIAN_POINT('',(98.5,-13.13726338359));
#13040 = ( GEOMETRIC_REPRESENTATION_CONTEXT(2) 
PARAMETRIC_REPRESENTATION_CONTEXT() REPRESENTATION_CONTEXT('2D SPACE',''
  ) );
#13041 = ORIENTED_EDGE('',*,*,#13042,.T.);
#13042 = EDGE_CURVE('',#13020,#12971,#13043,.T.);
#13043 = SURFACE_CURVE('',#13044,(#13048,#13055),.PCURVE_S1.);
#13044 = LINE('',#13045,#13046);
#13045 = CARTESIAN_POINT('',(96.249886115796,-12.74050759614,20.));
#13046 = VECTOR('',#13047,1.);
#13047 = DIRECTION('',(-0.,-0.,-1.));
#13048 = PCURVE('',#177,#13049);
#13049 = DEFINITIONAL_REPRESENTATION('',(#13050),#13054);
#13050 = LINE('',#13051,#13052);
#13051 = CARTESIAN_POINT('',(0.,0.));
#13052 = VECTOR('',#13053,1.);
#13053 = DIRECTION('',(0.,-1.));
#13054 = ( GEOMETRIC_REPRESENTATION_CONTEXT(2) 
PARAMETRIC_REPRESENTATION_CONTEXT() REPRESENTATION_CONTEXT('2D SPACE',''
  ) );
#13055 = PCURVE('',#12932,#13056);
#13056 = DEFINITIONAL_REPRESENTATION('',(#13057),#13061);
#13057 = LINE('',#13058,#13059);
#13058 = CARTESIAN_POINT('',(8.333333333333,0.));
#13059 = VECTOR('',#13060,1.);
#13060 = DIRECTION('',(0.,-1.));
#13061 = ( GEOMETRIC_REPRESENTATION_CONTEXT(2) 
PARAMETRIC_REPRESENTATION_CONTEXT() REPRESENTATION_CONTEXT('2D SPACE',''
  ) );
#13062 = ORIENTED_EDGE('',*,*,#12995,.T.);
#13063 = ORIENTED_EDGE('',*,*,#162,.T.);
#13064 = ORIENTED_EDGE('',*,*,#13065,.F.);
#13065 = EDGE_CURVE('',#13022,#134,#13066,.T.);
#13066 = SURFACE_CURVE('',#13067,(#13072,#13079),.PCURVE_S1.);
#13067 = HYPERBOLA('',#13068,4.166666666667,4.166666666667);
#13068 = AXIS2_PLACEMENT_3D('',#13069,#13070,#13071);
#13069 = CARTESIAN_POINT('',(0.723534073612,4.103365637551,117.5));
#13070 = DIRECTION('',(-0.173648177667,-0.984807753012,0.));
#13071 = DIRECTION('',(-0.,0.,-1.));
#13072 = PCURVE('',#177,#13073);
#13073 = DEFINITIONAL_REPRESENTATION('',(#13074),#13078);
#13074 = ( BOUNDED_CURVE() B_SPLINE_CURVE(2,(#13075,#13076,#13077),
.UNSPECIFIED.,.F.,.F.) B_SPLINE_CURVE_WITH_KNOTS((3,3),(3.855639725068,
3.870766700287),.PIECEWISE_BEZIER_KNOTS.) CURVE() 
GEOMETRIC_REPRESENTATION_ITEM() RATIONAL_B_SPLINE_CURVE((1.,
1.000028603309,1.)) REPRESENTATION_ITEM('') );
#13075 = CARTESIAN_POINT('',(1.411833073513,-1.));
#13076 = CARTESIAN_POINT('',(2.156822397057,-1.744322486804));
#13077 = CARTESIAN_POINT('',(2.913156735682,-2.5));
#13078 = ( GEOMETRIC_REPRESENTATION_CONTEXT(2) 
PARAMETRIC_REPRESENTATION_CONTEXT() REPRESENTATION_CONTEXT('2D SPACE',''
  ) );
#13079 = PCURVE('',#150,#13080);
#13080 = DEFINITIONAL_REPRESENTATION('',(#13081),#13088);
#13081 = B_SPLINE_CURVE_WITH_KNOTS('',5,(#13082,#13083,#13084,#13085,
    #13086,#13087),.UNSPECIFIED.,.F.,.F.,(6,6),(3.855639725068,
    3.870766700287),.PIECEWISE_BEZIER_KNOTS.);
#13082 = CARTESIAN_POINT('',(-6.150966192137,-1.5));
#13083 = CARTESIAN_POINT('',(-6.150838214343,-1.202265327971));
#13084 = CARTESIAN_POINT('',(-6.150710720095,-0.903403690948));
#13085 = CARTESIAN_POINT('',(-6.150583706962,-0.603409411496));
#13086 = CARTESIAN_POINT('',(-6.15045717253,-0.302276769196));
#13087 = CARTESIAN_POINT('',(-6.150331114403,-7.105427357601E-15));
#13088 = ( GEOMETRIC_REPRESENTATION_CONTEXT(2) 
PARAMETRIC_REPRESENTATION_CONTEXT() REPRESENTATION_CONTEXT('2D SPACE',''
  ) );
#13089 = ADVANCED_FACE('',(#13090),#150,.T.);
#13090 = FACE_BOUND('',#13091,.T.);
#13091 = EDGE_LOOP('',(#13092,#13093,#13120,#13142));
#13092 = ORIENTED_EDGE('',*,*,#133,.T.);
#13093 = ORIENTED_EDGE('',*,*,#13094,.F.);
#13094 = EDGE_CURVE('',#13095,#108,#13097,.T.);
#13095 = VERTEX_POINT('',#13096);
#13096 = CARTESIAN_POINT('',(98.411833073512,-4.166666666667,19.));
#13097 = SURFACE_CURVE('',#13098,(#13103,#13113),.PCURVE_S1.);
#13098 = HYPERBOLA('',#13099,4.166666666667,4.166666666667);
#13099 = AXIS2_PLACEMENT_3D('',#13100,#13101,#13102);
#13100 = CARTESIAN_POINT('',(0.,-4.166666666667,117.5));
#13101 = DIRECTION('',(0.,-1.,0.));
#13102 = DIRECTION('',(-0.,-0.,-1.));
#13103 = PCURVE('',#150,#13104);
#13104 = DEFINITIONAL_REPRESENTATION('',(#13105),#13112);
#13105 = B_SPLINE_CURVE_WITH_KNOTS('',5,(#13106,#13107,#13108,#13109,
    #13110,#13111),.UNSPECIFIED.,.F.,.F.,(6,6),(3.855639725068,
    3.870766700287),.PIECEWISE_BEZIER_KNOTS.);
#13106 = CARTESIAN_POINT('',(-6.240871497023,-1.5));
#13107 = CARTESIAN_POINT('',(-6.240999474817,-1.202265327971));
#13108 = CARTESIAN_POINT('',(-6.241126969064,-0.903403690948));
#13109 = CARTESIAN_POINT('',(-6.241253982198,-0.603409411496));
#13110 = CARTESIAN_POINT('',(-6.24138051663,-0.302276769196));
#13111 = CARTESIAN_POINT('',(-6.241506574757,7.105427357601E-15));
#13112 = ( GEOMETRIC_REPRESENTATION_CONTEXT(2) 
PARAMETRIC_REPRESENTATION_CONTEXT() REPRESENTATION_CONTEXT('2D SPACE',''
  ) );
#13113 = PCURVE('',#122,#13114);
#13114 = DEFINITIONAL_REPRESENTATION('',(#13115),#13119);
#13115 = ( BOUNDED_CURVE() B_SPLINE_CURVE(2,(#13116,#13117,#13118),
.UNSPECIFIED.,.F.,.F.) B_SPLINE_CURVE_WITH_KNOTS((3,3),(3.855639725068,
3.870766700287),.PIECEWISE_BEZIER_KNOTS.) CURVE() 
GEOMETRIC_REPRESENTATION_ITEM() RATIONAL_B_SPLINE_CURVE((1.,
1.000028603309,1.)) REPRESENTATION_ITEM('') );
#13116 = CARTESIAN_POINT('',(1.411833073512,-1.));
#13117 = CARTESIAN_POINT('',(2.156822397057,-1.744322486804));
#13118 = CARTESIAN_POINT('',(2.913156735682,-2.5));
#13119 = ( GEOMETRIC_REPRESENTATION_CONTEXT(2) 
PARAMETRIC_REPRESENTATION_CONTEXT() REPRESENTATION_CONTEXT('2D SPACE',''
  ) );
#13120 = ORIENTED_EDGE('',*,*,#13121,.F.);
#13121 = EDGE_CURVE('',#13022,#13095,#13122,.T.);
#13122 = SURFACE_CURVE('',#13123,(#13128,#13135),.PCURVE_S1.);
#13123 = CIRCLE('',#13124,98.5);
#13124 = AXIS2_PLACEMENT_3D('',#13125,#13126,#13127);
#13125 = CARTESIAN_POINT('',(0.,0.,19.));
#13126 = DIRECTION('',(0.,0.,1.));
#13127 = DIRECTION('',(1.,0.,-0.));
#13128 = PCURVE('',#150,#13129);
#13129 = DEFINITIONAL_REPRESENTATION('',(#13130),#13134);
#13130 = LINE('',#13131,#13132);
#13131 = CARTESIAN_POINT('',(-0.,-1.5));
#13132 = VECTOR('',#13133,1.);
#13133 = DIRECTION('',(-1.,-0.));
#13134 = ( GEOMETRIC_REPRESENTATION_CONTEXT(2) 
PARAMETRIC_REPRESENTATION_CONTEXT() REPRESENTATION_CONTEXT('2D SPACE',''
  ) );
#13135 = PCURVE('',#4211,#13136);
#13136 = DEFINITIONAL_REPRESENTATION('',(#13137),#13141);
#13137 = CIRCLE('',#13138,98.5);
#13138 = AXIS2_PLACEMENT_2D('',#13139,#13140);
#13139 = CARTESIAN_POINT('',(0.,0.));
#13140 = DIRECTION('',(1.,0.));
#13141 = ( GEOMETRIC_REPRESENTATION_CONTEXT(2) 
PARAMETRIC_REPRESENTATION_CONTEXT() REPRESENTATION_CONTEXT('2D SPACE',''
  ) );
#13142 = ORIENTED_EDGE('',*,*,#13065,.T.);
#13143 = ADVANCED_FACE('',(#13144),#122,.F.);
#13144 = FACE_BOUND('',#13145,.F.);
#13145 = EDGE_LOOP('',(#13146,#13167,#13188,#13189,#13190));
#13146 = ORIENTED_EDGE('',*,*,#13147,.F.);
#13147 = EDGE_CURVE('',#13148,#13095,#13150,.T.);
#13148 = VERTEX_POINT('',#13149);
#13149 = CARTESIAN_POINT('',(97.,-4.166666666667,19.));
#13150 = SURFACE_CURVE('',#13151,(#13155,#13161),.PCURVE_S1.);
#13151 = LINE('',#13152,#13153);
#13152 = CARTESIAN_POINT('',(48.5,-4.166666666667,19.));
#13153 = VECTOR('',#13154,1.);
#13154 = DIRECTION('',(1.,0.,-0.));
#13155 = PCURVE('',#122,#13156);
#13156 = DEFINITIONAL_REPRESENTATION('',(#13157),#13160);
#13157 = B_SPLINE_CURVE_WITH_KNOTS('',1,(#13158,#13159),.UNSPECIFIED.,
  .F.,.F.,(2,2),(48.5,50.),.PIECEWISE_BEZIER_KNOTS.);
#13158 = CARTESIAN_POINT('',(0.,-1.));
#13159 = CARTESIAN_POINT('',(1.5,-1.));
#13160 = ( GEOMETRIC_REPRESENTATION_CONTEXT(2) 
PARAMETRIC_REPRESENTATION_CONTEXT() REPRESENTATION_CONTEXT('2D SPACE',''
  ) );
#13161 = PCURVE('',#4211,#13162);
#13162 = DEFINITIONAL_REPRESENTATION('',(#13163),#13166);
#13163 = B_SPLINE_CURVE_WITH_KNOTS('',1,(#13164,#13165),.UNSPECIFIED.,
  .F.,.F.,(2,2),(48.5,50.),.PIECEWISE_BEZIER_KNOTS.);
#13164 = CARTESIAN_POINT('',(97.,-4.166666666667));
#13165 = CARTESIAN_POINT('',(98.5,-4.166666666667));
#13166 = ( GEOMETRIC_REPRESENTATION_CONTEXT(2) 
PARAMETRIC_REPRESENTATION_CONTEXT() REPRESENTATION_CONTEXT('2D SPACE',''
  ) );
#13167 = ORIENTED_EDGE('',*,*,#13168,.T.);
#13168 = EDGE_CURVE('',#13148,#4118,#13169,.T.);
#13169 = SURFACE_CURVE('',#13170,(#13174,#13181),.PCURVE_S1.);
#13170 = LINE('',#13171,#13172);
#13171 = CARTESIAN_POINT('',(97.,-4.166666666667,20.));
#13172 = VECTOR('',#13173,1.);
#13173 = DIRECTION('',(-0.,-0.,-1.));
#13174 = PCURVE('',#122,#13175);
#13175 = DEFINITIONAL_REPRESENTATION('',(#13176),#13180);
#13176 = LINE('',#13177,#13178);
#13177 = CARTESIAN_POINT('',(0.,0.));
#13178 = VECTOR('',#13179,1.);
#13179 = DIRECTION('',(0.,-1.));
#13180 = ( GEOMETRIC_REPRESENTATION_CONTEXT(2) 
PARAMETRIC_REPRESENTATION_CONTEXT() REPRESENTATION_CONTEXT('2D SPACE',''
  ) );
#13181 = PCURVE('',#4135,#13182);
#13182 = DEFINITIONAL_REPRESENTATION('',(#13183),#13187);
#13183 = LINE('',#13184,#13185);
#13184 = CARTESIAN_POINT('',(0.,0.));
#13185 = VECTOR('',#13186,1.);
#13186 = DIRECTION('',(0.,-1.));
#13187 = ( GEOMETRIC_REPRESENTATION_CONTEXT(2) 
PARAMETRIC_REPRESENTATION_CONTEXT() REPRESENTATION_CONTEXT('2D SPACE',''
  ) );
#13188 = ORIENTED_EDGE('',*,*,#4147,.T.);
#13189 = ORIENTED_EDGE('',*,*,#107,.T.);
#13190 = ORIENTED_EDGE('',*,*,#13094,.F.);
#13191 = ADVANCED_FACE('',(#13192,#13195,#13230,#13265,#13296,#13331,
    #13366,#13401),#4102,.F.);
#13192 = FACE_BOUND('',#13193,.F.);
#13193 = EDGE_LOOP('',(#13194));
#13194 = ORIENTED_EDGE('',*,*,#4087,.T.);
#13195 = FACE_BOUND('',#13196,.F.);
#13196 = EDGE_LOOP('',(#13197));
#13197 = ORIENTED_EDGE('',*,*,#13198,.T.);
#13198 = EDGE_CURVE('',#13199,#13199,#13201,.T.);
#13199 = VERTEX_POINT('',#13200);
#13200 = CARTESIAN_POINT('',(-16.125,-27.92931927204,0.));
#13201 = SURFACE_CURVE('',#13202,(#13207,#13218),.PCURVE_S1.);
#13202 = CIRCLE('',#13203,4.25);
#13203 = AXIS2_PLACEMENT_3D('',#13204,#13205,#13206);
#13204 = CARTESIAN_POINT('',(-14.,-24.24871130596,0.));
#13205 = DIRECTION('',(-0.,0.,-1.));
#13206 = DIRECTION('',(-0.5,-0.866025403784,0.));
#13207 = PCURVE('',#4102,#13208);
#13208 = DEFINITIONAL_REPRESENTATION('',(#13209),#13217);
#13209 = ( BOUNDED_CURVE() B_SPLINE_CURVE(2,(#13210,#13211,#13212,#13213
    ,#13214,#13215,#13216),.UNSPECIFIED.,.T.,.F.) 
B_SPLINE_CURVE_WITH_KNOTS((1,2,2,2,2,1),(-2.094395102393,0.,
    2.094395102393,4.188790204786,6.28318530718,8.377580409573),
.UNSPECIFIED.) CURVE() GEOMETRIC_REPRESENTATION_ITEM() 
RATIONAL_B_SPLINE_CURVE((1.,0.5,1.,0.5,1.,0.5,1.)) REPRESENTATION_ITEM(
  '') );
#13210 = CARTESIAN_POINT('',(-16.125,-27.92931927204));
#13211 = CARTESIAN_POINT('',(-22.5,-24.24871130596));
#13212 = CARTESIAN_POINT('',(-16.125,-20.56810333988));
#13213 = CARTESIAN_POINT('',(-9.75,-16.88749537379));
#13214 = CARTESIAN_POINT('',(-9.75,-24.24871130596));
#13215 = CARTESIAN_POINT('',(-9.75,-31.60992723813));
#13216 = CARTESIAN_POINT('',(-16.125,-27.92931927204));
#13217 = ( GEOMETRIC_REPRESENTATION_CONTEXT(2) 
PARAMETRIC_REPRESENTATION_CONTEXT() REPRESENTATION_CONTEXT('2D SPACE',''
  ) );
#13218 = PCURVE('',#13219,#13224);
#13219 = CYLINDRICAL_SURFACE('',#13220,4.25);
#13220 = AXIS2_PLACEMENT_3D('',#13221,#13222,#13223);
#13221 = CARTESIAN_POINT('',(-14.,-24.24871130596,-1.));
#13222 = DIRECTION('',(-0.,-0.,-1.));
#13223 = DIRECTION('',(-0.5,-0.866025403784,0.));
#13224 = DEFINITIONAL_REPRESENTATION('',(#13225),#13229);
#13225 = LINE('',#13226,#13227);
#13226 = CARTESIAN_POINT('',(-6.28318530718,-1.));
#13227 = VECTOR('',#13228,1.);
#13228 = DIRECTION('',(1.,-0.));
#13229 = ( GEOMETRIC_REPRESENTATION_CONTEXT(2) 
PARAMETRIC_REPRESENTATION_CONTEXT() REPRESENTATION_CONTEXT('2D SPACE',''
  ) );
#13230 = FACE_BOUND('',#13231,.F.);
#13231 = EDGE_LOOP('',(#13232));
#13232 = ORIENTED_EDGE('',*,*,#13233,.T.);
#13233 = EDGE_CURVE('',#13234,#13234,#13236,.T.);
#13234 = VERTEX_POINT('',#13235);
#13235 = CARTESIAN_POINT('',(16.125,-27.92931927204,0.));
#13236 = SURFACE_CURVE('',#13237,(#13242,#13253),.PCURVE_S1.);
#13237 = CIRCLE('',#13238,4.25);
#13238 = AXIS2_PLACEMENT_3D('',#13239,#13240,#13241);
#13239 = CARTESIAN_POINT('',(14.,-24.24871130596,0.));
#13240 = DIRECTION('',(0.,-0.,-1.));
#13241 = DIRECTION('',(0.5,-0.866025403784,0.));
#13242 = PCURVE('',#4102,#13243);
#13243 = DEFINITIONAL_REPRESENTATION('',(#13244),#13252);
#13244 = ( BOUNDED_CURVE() B_SPLINE_CURVE(2,(#13245,#13246,#13247,#13248
    ,#13249,#13250,#13251),.UNSPECIFIED.,.T.,.F.) 
B_SPLINE_CURVE_WITH_KNOTS((1,2,2,2,2,1),(-2.094395102393,0.,
    2.094395102393,4.188790204786,6.28318530718,8.377580409573),
.UNSPECIFIED.) CURVE() GEOMETRIC_REPRESENTATION_ITEM() 
RATIONAL_B_SPLINE_CURVE((1.,0.5,1.,0.5,1.,0.5,1.)) REPRESENTATION_ITEM(
  '') );
#13245 = CARTESIAN_POINT('',(16.125,-27.92931927204));
#13246 = CARTESIAN_POINT('',(9.75,-31.60992723813));
#13247 = CARTESIAN_POINT('',(9.75,-24.24871130596));
#13248 = CARTESIAN_POINT('',(9.75,-16.88749537379));
#13249 = CARTESIAN_POINT('',(16.125,-20.56810333988));
#13250 = CARTESIAN_POINT('',(22.5,-24.24871130596));
#13251 = CARTESIAN_POINT('',(16.125,-27.92931927204));
#13252 = ( GEOMETRIC_REPRESENTATION_CONTEXT(2) 
PARAMETRIC_REPRESENTATION_CONTEXT() REPRESENTATION_CONTEXT('2D SPACE',''
  ) );
#13253 = PCURVE('',#13254,#13259);
#13254 = CYLINDRICAL_SURFACE('',#13255,4.25);
#13255 = AXIS2_PLACEMENT_3D('',#13256,#13257,#13258);
#13256 = CARTESIAN_POINT('',(14.,-24.24871130596,-1.));
#13257 = DIRECTION('',(0.,-0.,-1.));
#13258 = DIRECTION('',(0.5,-0.866025403784,0.));
#13259 = DEFINITIONAL_REPRESENTATION('',(#13260),#13264);
#13260 = LINE('',#13261,#13262);
#13261 = CARTESIAN_POINT('',(-6.28318530718,-1.));
#13262 = VECTOR('',#13263,1.);
#13263 = DIRECTION('',(1.,-0.));
#13264 = ( GEOMETRIC_REPRESENTATION_CONTEXT(2) 
PARAMETRIC_REPRESENTATION_CONTEXT() REPRESENTATION_CONTEXT('2D SPACE',''
  ) );
#13265 = FACE_BOUND('',#13266,.F.);
#13266 = EDGE_LOOP('',(#13267));
#13267 = ORIENTED_EDGE('',*,*,#13268,.F.);
#13268 = EDGE_CURVE('',#13269,#13269,#13271,.T.);
#13269 = VERTEX_POINT('',#13270);
#13270 = CARTESIAN_POINT('',(16.,-3.918869757272E-15,0.));
#13271 = SURFACE_CURVE('',#13272,(#13277,#13284),.PCURVE_S1.);
#13272 = CIRCLE('',#13273,16.);
#13273 = AXIS2_PLACEMENT_3D('',#13274,#13275,#13276);
#13274 = CARTESIAN_POINT('',(0.,0.,0.));
#13275 = DIRECTION('',(0.,0.,1.));
#13276 = DIRECTION('',(1.,0.,-0.));
#13277 = PCURVE('',#4102,#13278);
#13278 = DEFINITIONAL_REPRESENTATION('',(#13279),#13283);
#13279 = CIRCLE('',#13280,16.);
#13280 = AXIS2_PLACEMENT_2D('',#13281,#13282);
#13281 = CARTESIAN_POINT('',(0.,0.));
#13282 = DIRECTION('',(1.,0.));
#13283 = ( GEOMETRIC_REPRESENTATION_CONTEXT(2) 
PARAMETRIC_REPRESENTATION_CONTEXT() REPRESENTATION_CONTEXT('2D SPACE',''
  ) );
#13284 = PCURVE('',#13285,#13290);
#13285 = CYLINDRICAL_SURFACE('',#13286,16.);
#13286 = AXIS2_PLACEMENT_3D('',#13287,#13288,#13289);
#13287 = CARTESIAN_POINT('',(0.,0.,-28.5));
#13288 = DIRECTION('',(0.,0.,1.));
#13289 = DIRECTION('',(1.,0.,-0.));
#13290 = DEFINITIONAL_REPRESENTATION('',(#13291),#13295);
#13291 = LINE('',#13292,#13293);
#13292 = CARTESIAN_POINT('',(0.,28.5));
#13293 = VECTOR('',#13294,1.);
#13294 = DIRECTION('',(1.,0.));
#13295 = ( GEOMETRIC_REPRESENTATION_CONTEXT(2) 
PARAMETRIC_REPRESENTATION_CONTEXT() REPRESENTATION_CONTEXT('2D SPACE',''
  ) );
#13296 = FACE_BOUND('',#13297,.F.);
#13297 = EDGE_LOOP('',(#13298));
#13298 = ORIENTED_EDGE('',*,*,#13299,.T.);
#13299 = EDGE_CURVE('',#13300,#13300,#13302,.T.);
#13300 = VERTEX_POINT('',#13301);
#13301 = CARTESIAN_POINT('',(32.25,0.,0.));
#13302 = SURFACE_CURVE('',#13303,(#13308,#13319),.PCURVE_S1.);
#13303 = CIRCLE('',#13304,4.25);
#13304 = AXIS2_PLACEMENT_3D('',#13305,#13306,#13307);
#13305 = CARTESIAN_POINT('',(28.,0.,0.));
#13306 = DIRECTION('',(0.,0.,-1.));
#13307 = DIRECTION('',(1.,0.,0.));
#13308 = PCURVE('',#4102,#13309);
#13309 = DEFINITIONAL_REPRESENTATION('',(#13310),#13318);
#13310 = ( BOUNDED_CURVE() B_SPLINE_CURVE(2,(#13311,#13312,#13313,#13314
    ,#13315,#13316,#13317),.UNSPECIFIED.,.T.,.F.) 
B_SPLINE_CURVE_WITH_KNOTS((1,2,2,2,2,1),(-2.094395102393,0.,
    2.094395102393,4.188790204786,6.28318530718,8.377580409573),
.UNSPECIFIED.) CURVE() GEOMETRIC_REPRESENTATION_ITEM() 
RATIONAL_B_SPLINE_CURVE((1.,0.5,1.,0.5,1.,0.5,1.)) REPRESENTATION_ITEM(
  '') );
#13311 = CARTESIAN_POINT('',(32.25,0.));
#13312 = CARTESIAN_POINT('',(32.25,-7.361215932168));
#13313 = CARTESIAN_POINT('',(25.875,-3.680607966084));
#13314 = CARTESIAN_POINT('',(19.5,-1.040949779275E-15));
#13315 = CARTESIAN_POINT('',(25.875,3.680607966084));
#13316 = CARTESIAN_POINT('',(32.25,7.361215932168));
#13317 = CARTESIAN_POINT('',(32.25,0.));
#13318 = ( GEOMETRIC_REPRESENTATION_CONTEXT(2) 
PARAMETRIC_REPRESENTATION_CONTEXT() REPRESENTATION_CONTEXT('2D SPACE',''
  ) );
#13319 = PCURVE('',#13320,#13325);
#13320 = CYLINDRICAL_SURFACE('',#13321,4.25);
#13321 = AXIS2_PLACEMENT_3D('',#13322,#13323,#13324);
#13322 = CARTESIAN_POINT('',(28.,0.,-1.));
#13323 = DIRECTION('',(-0.,-0.,-1.));
#13324 = DIRECTION('',(1.,0.,0.));
#13325 = DEFINITIONAL_REPRESENTATION('',(#13326),#13330);
#13326 = LINE('',#13327,#13328);
#13327 = CARTESIAN_POINT('',(-6.28318530718,-1.));
#13328 = VECTOR('',#13329,1.);
#13329 = DIRECTION('',(1.,-0.));
#13330 = ( GEOMETRIC_REPRESENTATION_CONTEXT(2) 
PARAMETRIC_REPRESENTATION_CONTEXT() REPRESENTATION_CONTEXT('2D SPACE',''
  ) );
#13331 = FACE_BOUND('',#13332,.F.);
#13332 = EDGE_LOOP('',(#13333));
#13333 = ORIENTED_EDGE('',*,*,#13334,.T.);
#13334 = EDGE_CURVE('',#13335,#13335,#13337,.T.);
#13335 = VERTEX_POINT('',#13336);
#13336 = CARTESIAN_POINT('',(-32.25,3.94948592725E-15,0.));
#13337 = SURFACE_CURVE('',#13338,(#13343,#13354),.PCURVE_S1.);
#13338 = CIRCLE('',#13339,4.25);
#13339 = AXIS2_PLACEMENT_3D('',#13340,#13341,#13342);
#13340 = CARTESIAN_POINT('',(-28.,3.429011037613E-15,0.));
#13341 = DIRECTION('',(-0.,0.,-1.));
#13342 = DIRECTION('',(-1.,1.224646799147E-16,0.));
#13343 = PCURVE('',#4102,#13344);
#13344 = DEFINITIONAL_REPRESENTATION('',(#13345),#13353);
#13345 = ( BOUNDED_CURVE() B_SPLINE_CURVE(2,(#13346,#13347,#13348,#13349
    ,#13350,#13351,#13352),.UNSPECIFIED.,.T.,.F.) 
B_SPLINE_CURVE_WITH_KNOTS((1,2,2,2,2,1),(-2.094395102393,0.,
    2.094395102393,4.188790204786,6.28318530718,8.377580409573),
.UNSPECIFIED.) CURVE() GEOMETRIC_REPRESENTATION_ITEM() 
RATIONAL_B_SPLINE_CURVE((1.,0.5,1.,0.5,1.,0.5,1.)) REPRESENTATION_ITEM(
  '') );
#13346 = CARTESIAN_POINT('',(-32.25,3.94948592725E-15));
#13347 = CARTESIAN_POINT('',(-32.25,7.361215932168));
#13348 = CARTESIAN_POINT('',(-25.875,3.680607966084));
#13349 = CARTESIAN_POINT('',(-19.5,3.429011037613E-15));
#13350 = CARTESIAN_POINT('',(-25.875,-3.680607966084));
#13351 = CARTESIAN_POINT('',(-32.25,-7.361215932168));
#13352 = CARTESIAN_POINT('',(-32.25,3.94948592725E-15));
#13353 = ( GEOMETRIC_REPRESENTATION_CONTEXT(2) 
PARAMETRIC_REPRESENTATION_CONTEXT() REPRESENTATION_CONTEXT('2D SPACE',''
  ) );
#13354 = PCURVE('',#13355,#13360);
#13355 = CYLINDRICAL_SURFACE('',#13356,4.25);
#13356 = AXIS2_PLACEMENT_3D('',#13357,#13358,#13359);
#13357 = CARTESIAN_POINT('',(-28.,3.429011037613E-15,-1.));
#13358 = DIRECTION('',(-0.,-0.,-1.));
#13359 = DIRECTION('',(-1.,1.224646799147E-16,0.));
#13360 = DEFINITIONAL_REPRESENTATION('',(#13361),#13365);
#13361 = LINE('',#13362,#13363);
#13362 = CARTESIAN_POINT('',(-6.28318530718,-1.));
#13363 = VECTOR('',#13364,1.);
#13364 = DIRECTION('',(1.,-0.));
#13365 = ( GEOMETRIC_REPRESENTATION_CONTEXT(2) 
PARAMETRIC_REPRESENTATION_CONTEXT() REPRESENTATION_CONTEXT('2D SPACE',''
  ) );
#13366 = FACE_BOUND('',#13367,.F.);
#13367 = EDGE_LOOP('',(#13368));
#13368 = ORIENTED_EDGE('',*,*,#13369,.T.);
#13369 = EDGE_CURVE('',#13370,#13370,#13372,.T.);
#13370 = VERTEX_POINT('',#13371);
#13371 = CARTESIAN_POINT('',(-16.125,27.929319272048,0.));
#13372 = SURFACE_CURVE('',#13373,(#13378,#13389),.PCURVE_S1.);
#13373 = CIRCLE('',#13374,4.25);
#13374 = AXIS2_PLACEMENT_3D('',#13375,#13376,#13377);
#13375 = CARTESIAN_POINT('',(-14.,24.248711305964,0.));
#13376 = DIRECTION('',(-0.,0.,-1.));
#13377 = DIRECTION('',(-0.5,0.866025403784,0.));
#13378 = PCURVE('',#4102,#13379);
#13379 = DEFINITIONAL_REPRESENTATION('',(#13380),#13388);
#13380 = ( BOUNDED_CURVE() B_SPLINE_CURVE(2,(#13381,#13382,#13383,#13384
    ,#13385,#13386,#13387),.UNSPECIFIED.,.T.,.F.) 
B_SPLINE_CURVE_WITH_KNOTS((1,2,2,2,2,1),(-2.094395102393,0.,
    2.094395102393,4.188790204786,6.28318530718,8.377580409573),
.UNSPECIFIED.) CURVE() GEOMETRIC_REPRESENTATION_ITEM() 
RATIONAL_B_SPLINE_CURVE((1.,0.5,1.,0.5,1.,0.5,1.)) REPRESENTATION_ITEM(
  '') );
#13381 = CARTESIAN_POINT('',(-16.125,27.929319272048));
#13382 = CARTESIAN_POINT('',(-9.75,31.609927238132));
#13383 = CARTESIAN_POINT('',(-9.75,24.248711305964));
#13384 = CARTESIAN_POINT('',(-9.75,16.887495373797));
#13385 = CARTESIAN_POINT('',(-16.125,20.56810333988));
#13386 = CARTESIAN_POINT('',(-22.5,24.248711305964));
#13387 = CARTESIAN_POINT('',(-16.125,27.929319272048));
#13388 = ( GEOMETRIC_REPRESENTATION_CONTEXT(2) 
PARAMETRIC_REPRESENTATION_CONTEXT() REPRESENTATION_CONTEXT('2D SPACE',''
  ) );
#13389 = PCURVE('',#13390,#13395);
#13390 = CYLINDRICAL_SURFACE('',#13391,4.25);
#13391 = AXIS2_PLACEMENT_3D('',#13392,#13393,#13394);
#13392 = CARTESIAN_POINT('',(-14.,24.248711305964,-1.));
#13393 = DIRECTION('',(-0.,-0.,-1.));
#13394 = DIRECTION('',(-0.5,0.866025403784,0.));
#13395 = DEFINITIONAL_REPRESENTATION('',(#13396),#13400);
#13396 = LINE('',#13397,#13398);
#13397 = CARTESIAN_POINT('',(-6.28318530718,-1.));
#13398 = VECTOR('',#13399,1.);
#13399 = DIRECTION('',(1.,-0.));
#13400 = ( GEOMETRIC_REPRESENTATION_CONTEXT(2) 
PARAMETRIC_REPRESENTATION_CONTEXT() REPRESENTATION_CONTEXT('2D SPACE',''
  ) );
#13401 = FACE_BOUND('',#13402,.F.);
#13402 = EDGE_LOOP('',(#13403));
#13403 = ORIENTED_EDGE('',*,*,#13404,.T.);
#13404 = EDGE_CURVE('',#13405,#13405,#13407,.T.);
#13405 = VERTEX_POINT('',#13406);
#13406 = CARTESIAN_POINT('',(16.125,27.929319272048,0.));
#13407 = SURFACE_CURVE('',#13408,(#13413,#13424),.PCURVE_S1.);
#13408 = CIRCLE('',#13409,4.25);
#13409 = AXIS2_PLACEMENT_3D('',#13410,#13411,#13412);
#13410 = CARTESIAN_POINT('',(14.,24.248711305964,0.));
#13411 = DIRECTION('',(0.,0.,-1.));
#13412 = DIRECTION('',(0.5,0.866025403784,0.));
#13413 = PCURVE('',#4102,#13414);
#13414 = DEFINITIONAL_REPRESENTATION('',(#13415),#13423);
#13415 = ( BOUNDED_CURVE() B_SPLINE_CURVE(2,(#13416,#13417,#13418,#13419
    ,#13420,#13421,#13422),.UNSPECIFIED.,.T.,.F.) 
B_SPLINE_CURVE_WITH_KNOTS((1,2,2,2,2,1),(-2.094395102393,0.,
    2.094395102393,4.188790204786,6.28318530718,8.377580409573),
.UNSPECIFIED.) CURVE() GEOMETRIC_REPRESENTATION_ITEM() 
RATIONAL_B_SPLINE_CURVE((1.,0.5,1.,0.5,1.,0.5,1.)) REPRESENTATION_ITEM(
  '') );
#13416 = CARTESIAN_POINT('',(16.125,27.929319272048));
#13417 = CARTESIAN_POINT('',(22.5,24.248711305964));
#13418 = CARTESIAN_POINT('',(16.125,20.56810333988));
#13419 = CARTESIAN_POINT('',(9.75,16.887495373797));
#13420 = CARTESIAN_POINT('',(9.75,24.248711305964));
#13421 = CARTESIAN_POINT('',(9.75,31.609927238132));
#13422 = CARTESIAN_POINT('',(16.125,27.929319272048));
#13423 = ( GEOMETRIC_REPRESENTATION_CONTEXT(2) 
PARAMETRIC_REPRESENTATION_CONTEXT() REPRESENTATION_CONTEXT('2D SPACE',''
  ) );
#13424 = PCURVE('',#13425,#13430);
#13425 = CYLINDRICAL_SURFACE('',#13426,4.25);
#13426 = AXIS2_PLACEMENT_3D('',#13427,#13428,#13429);
#13427 = CARTESIAN_POINT('',(14.,24.248711305964,-1.));
#13428 = DIRECTION('',(-0.,0.,-1.));
#13429 = DIRECTION('',(0.5,0.866025403784,0.));
#13430 = DEFINITIONAL_REPRESENTATION('',(#13431),#13435);
#13431 = LINE('',#13432,#13433);
#13432 = CARTESIAN_POINT('',(-6.28318530718,-1.));
#13433 = VECTOR('',#13434,1.);
#13434 = DIRECTION('',(1.,-0.));
#13435 = ( GEOMETRIC_REPRESENTATION_CONTEXT(2) 
PARAMETRIC_REPRESENTATION_CONTEXT() REPRESENTATION_CONTEXT('2D SPACE',''
  ) );
#13436 = ADVANCED_FACE('',(#13437),#4135,.T.);
#13437 = FACE_BOUND('',#13438,.T.);
#13438 = EDGE_LOOP('',(#13439,#13458,#13459,#13460));
#13439 = ORIENTED_EDGE('',*,*,#13440,.F.);
#13440 = EDGE_CURVE('',#13148,#4195,#13441,.T.);
#13441 = SURFACE_CURVE('',#13442,(#13446,#13452),.PCURVE_S1.);
#13442 = LINE('',#13443,#13444);
#13443 = CARTESIAN_POINT('',(97.,-2.083333333333,19.));
#13444 = VECTOR('',#13445,1.);
#13445 = DIRECTION('',(0.,1.,0.));
#13446 = PCURVE('',#4135,#13447);
#13447 = DEFINITIONAL_REPRESENTATION('',(#13448),#13451);
#13448 = B_SPLINE_CURVE_WITH_KNOTS('',1,(#13449,#13450),.UNSPECIFIED.,
  .F.,.F.,(2,2),(-2.083333333333,6.25),.PIECEWISE_BEZIER_KNOTS.);
#13449 = CARTESIAN_POINT('',(0.,-1.));
#13450 = CARTESIAN_POINT('',(8.333333333333,-1.));
#13451 = ( GEOMETRIC_REPRESENTATION_CONTEXT(2) 
PARAMETRIC_REPRESENTATION_CONTEXT() REPRESENTATION_CONTEXT('2D SPACE',''
  ) );
#13452 = PCURVE('',#4211,#13453);
#13453 = DEFINITIONAL_REPRESENTATION('',(#13454),#13457);
#13454 = B_SPLINE_CURVE_WITH_KNOTS('',1,(#13455,#13456),.UNSPECIFIED.,
  .F.,.F.,(2,2),(-2.083333333333,6.25),.PIECEWISE_BEZIER_KNOTS.);
#13455 = CARTESIAN_POINT('',(97.,-4.166666666667));
#13456 = CARTESIAN_POINT('',(97.,4.166666666667));
#13457 = ( GEOMETRIC_REPRESENTATION_CONTEXT(2) 
PARAMETRIC_REPRESENTATION_CONTEXT() REPRESENTATION_CONTEXT('2D SPACE',''
  ) );
#13458 = ORIENTED_EDGE('',*,*,#13168,.T.);
#13459 = ORIENTED_EDGE('',*,*,#4117,.T.);
#13460 = ORIENTED_EDGE('',*,*,#4222,.F.);
#13461 = ADVANCED_FACE('',(#13462,#14238),#4211,.T.);
#13462 = FACE_BOUND('',#13463,.T.);
#13463 = EDGE_LOOP('',(#13464,#13465,#13466,#13467,#13486,#13487,#13488,
    #13489,#13508,#13509,#13510,#13511,#13530,#13531,#13532,#13533,
    #13552,#13553,#13554,#13555,#13574,#13575,#13576,#13577,#13596,
    #13597,#13598,#13599,#13618,#13619,#13620,#13621,#13640,#13641,
    #13642,#13643,#13662,#13663,#13664,#13665,#13684,#13685,#13686,
    #13687,#13706,#13707,#13708,#13709,#13728,#13729,#13730,#13731,
    #13750,#13751,#13752,#13753,#13772,#13773,#13774,#13775,#13794,
    #13795,#13796,#13797,#13816,#13817,#13818,#13819,#13838,#13839,
    #13840,#13841,#13860,#13861,#13862,#13863,#13882,#13883,#13884,
    #13885,#13904,#13905,#13906,#13907,#13926,#13927,#13928,#13929,
    #13948,#13949,#13950,#13951,#13970,#13971,#13972,#13973,#13992,
    #13993,#13994,#13995,#14014,#14015,#14016,#14017,#14036,#14037,
    #14038,#14039,#14058,#14059,#14060,#14061,#14080,#14081,#14082,
    #14083,#14102,#14103,#14104,#14105,#14124,#14125,#14126,#14127,
    #14146,#14147,#14148,#14149,#14168,#14169,#14170,#14171,#14190,
    #14191,#14192,#14193,#14212,#14213,#14214,#14215,#14234,#14235,
    #14236,#14237));
#13464 = ORIENTED_EDGE('',*,*,#4194,.T.);
#13465 = ORIENTED_EDGE('',*,*,#4302,.T.);
#13466 = ORIENTED_EDGE('',*,*,#4327,.F.);
#13467 = ORIENTED_EDGE('',*,*,#13468,.T.);
#13468 = EDGE_CURVE('',#4328,#4452,#13469,.T.);
#13469 = SURFACE_CURVE('',#13470,(#13474,#13480),.PCURVE_S1.);
#13470 = LINE('',#13471,#13472);
#13471 = CARTESIAN_POINT('',(95.88811907899,14.792190414917,19.));
#13472 = VECTOR('',#13473,1.);
#13473 = DIRECTION('',(-0.173648177667,0.984807753012,0.));
#13474 = PCURVE('',#4211,#13475);
#13475 = DEFINITIONAL_REPRESENTATION('',(#13476),#13479);
#13476 = B_SPLINE_CURVE_WITH_KNOTS('',1,(#13477,#13478),.UNSPECIFIED.,
  .F.,.F.,(2,2),(-2.083333333333,6.25),.PIECEWISE_BEZIER_KNOTS.);
#13477 = CARTESIAN_POINT('',(96.249886115796,12.740507596141));
#13478 = CARTESIAN_POINT('',(94.802817968572,20.947238871243));
#13479 = ( GEOMETRIC_REPRESENTATION_CONTEXT(2) 
PARAMETRIC_REPRESENTATION_CONTEXT() REPRESENTATION_CONTEXT('2D SPACE',''
  ) );
#13480 = PCURVE('',#4364,#13481);
#13481 = DEFINITIONAL_REPRESENTATION('',(#13482),#13485);
#13482 = B_SPLINE_CURVE_WITH_KNOTS('',1,(#13483,#13484),.UNSPECIFIED.,
  .F.,.F.,(2,2),(-2.083333333333,6.25),.PIECEWISE_BEZIER_KNOTS.);
#13483 = CARTESIAN_POINT('',(-1.7763568394E-15,-1.));
#13484 = CARTESIAN_POINT('',(8.333333333333,-1.));
#13485 = ( GEOMETRIC_REPRESENTATION_CONTEXT(2) 
PARAMETRIC_REPRESENTATION_CONTEXT() REPRESENTATION_CONTEXT('2D SPACE',''
  ) );
#13486 = ORIENTED_EDGE('',*,*,#4451,.T.);
#13487 = ORIENTED_EDGE('',*,*,#4554,.T.);
#13488 = ORIENTED_EDGE('',*,*,#4579,.F.);
#13489 = ORIENTED_EDGE('',*,*,#13490,.T.);
#13490 = EDGE_CURVE('',#4580,#4704,#13491,.T.);
#13491 = SURFACE_CURVE('',#13492,(#13496,#13502),.PCURVE_S1.);
#13492 = LINE('',#13493,#13494);
#13493 = CARTESIAN_POINT('',(91.862726181495,31.218260942619,19.));
#13494 = VECTOR('',#13495,1.);
#13495 = DIRECTION('',(-0.342020143326,0.939692620786,0.));
#13496 = PCURVE('',#4211,#13497);
#13497 = DEFINITIONAL_REPRESENTATION('',(#13498),#13501);
#13498 = B_SPLINE_CURVE_WITH_KNOTS('',1,(#13499,#13500),.UNSPECIFIED.,
  .F.,.F.,(2,2),(-2.083333333333,6.25),.PIECEWISE_BEZIER_KNOTS.);
#13499 = CARTESIAN_POINT('',(92.575268146757,29.260567982649));
#13500 = CARTESIAN_POINT('',(89.725100285709,37.091339822531));
#13501 = ( GEOMETRIC_REPRESENTATION_CONTEXT(2) 
PARAMETRIC_REPRESENTATION_CONTEXT() REPRESENTATION_CONTEXT('2D SPACE',''
  ) );
#13502 = PCURVE('',#4616,#13503);
#13503 = DEFINITIONAL_REPRESENTATION('',(#13504),#13507);
#13504 = B_SPLINE_CURVE_WITH_KNOTS('',1,(#13505,#13506),.UNSPECIFIED.,
  .F.,.F.,(2,2),(-2.083333333333,6.25),.PIECEWISE_BEZIER_KNOTS.);
#13505 = CARTESIAN_POINT('',(-8.881784197001E-16,-1.));
#13506 = CARTESIAN_POINT('',(8.333333333333,-1.));
#13507 = ( GEOMETRIC_REPRESENTATION_CONTEXT(2) 
PARAMETRIC_REPRESENTATION_CONTEXT() REPRESENTATION_CONTEXT('2D SPACE',''
  ) );
#13508 = ORIENTED_EDGE('',*,*,#4703,.T.);
#13509 = ORIENTED_EDGE('',*,*,#4806,.T.);
#13510 = ORIENTED_EDGE('',*,*,#4831,.F.);
#13511 = ORIENTED_EDGE('',*,*,#13512,.T.);
#13512 = EDGE_CURVE('',#4832,#4956,#13513,.T.);
#13513 = SURFACE_CURVE('',#13514,(#13518,#13524),.PCURVE_S1.);
#13514 = LINE('',#13515,#13516);
#13515 = CARTESIAN_POINT('',(85.046130833757,46.695780408782,19.));
#13516 = VECTOR('',#13517,1.);
#13517 = DIRECTION('',(-0.5,0.866025403784,0.));
#13518 = PCURVE('',#4211,#13519);
#13519 = DEFINITIONAL_REPRESENTATION('',(#13520),#13523);
#13520 = B_SPLINE_CURVE_WITH_KNOTS('',1,(#13521,#13522),.UNSPECIFIED.,
  .F.,.F.,(2,2),(-2.083333333333,6.25),.PIECEWISE_BEZIER_KNOTS.);
#13521 = CARTESIAN_POINT('',(86.087797500424,44.891560817565));
#13522 = CARTESIAN_POINT('',(81.921130833757,52.108439182435));
#13523 = ( GEOMETRIC_REPRESENTATION_CONTEXT(2) 
PARAMETRIC_REPRESENTATION_CONTEXT() REPRESENTATION_CONTEXT('2D SPACE',''
  ) );
#13524 = PCURVE('',#4868,#13525);
#13525 = DEFINITIONAL_REPRESENTATION('',(#13526),#13529);
#13526 = B_SPLINE_CURVE_WITH_KNOTS('',1,(#13527,#13528),.UNSPECIFIED.,
  .F.,.F.,(2,2),(-2.083333333333,6.25),.PIECEWISE_BEZIER_KNOTS.);
#13527 = CARTESIAN_POINT('',(-8.881784197001E-16,-1.));
#13528 = CARTESIAN_POINT('',(8.333333333333,-1.));
#13529 = ( GEOMETRIC_REPRESENTATION_CONTEXT(2) 
PARAMETRIC_REPRESENTATION_CONTEXT() REPRESENTATION_CONTEXT('2D SPACE',''
  ) );
#13530 = ORIENTED_EDGE('',*,*,#4955,.T.);
#13531 = ORIENTED_EDGE('',*,*,#5058,.T.);
#13532 = ORIENTED_EDGE('',*,*,#5083,.F.);
#13533 = ORIENTED_EDGE('',*,*,#13534,.T.);
#13534 = EDGE_CURVE('',#5084,#5208,#13535,.T.);
#13535 = SURFACE_CURVE('',#13536,(#13540,#13546),.PCURVE_S1.);
#13536 = LINE('',#13537,#13538);
#13537 = CARTESIAN_POINT('',(75.645451836055,60.75447221643,19.));
#13538 = VECTOR('',#13539,1.);
#13539 = DIRECTION('',(-0.642787609687,0.766044443119,0.));
#13540 = PCURVE('',#4211,#13541);
#13541 = DEFINITIONAL_REPRESENTATION('',(#13542),#13545);
#13542 = B_SPLINE_CURVE_WITH_KNOTS('',1,(#13543,#13544),.UNSPECIFIED.,
  .F.,.F.,(2,2),(-2.083333333333,6.25),.PIECEWISE_BEZIER_KNOTS.);
#13543 = CARTESIAN_POINT('',(76.984592689568,59.158546293265));
#13544 = CARTESIAN_POINT('',(71.628029275514,65.542249985923));
#13545 = ( GEOMETRIC_REPRESENTATION_CONTEXT(2) 
PARAMETRIC_REPRESENTATION_CONTEXT() REPRESENTATION_CONTEXT('2D SPACE',''
  ) );
#13546 = PCURVE('',#5120,#13547);
#13547 = DEFINITIONAL_REPRESENTATION('',(#13548),#13551);
#13548 = B_SPLINE_CURVE_WITH_KNOTS('',1,(#13549,#13550),.UNSPECIFIED.,
  .F.,.F.,(2,2),(-2.083333333333,6.25),.PIECEWISE_BEZIER_KNOTS.);
#13549 = CARTESIAN_POINT('',(0.,-1.));
#13550 = CARTESIAN_POINT('',(8.333333333333,-1.));
#13551 = ( GEOMETRIC_REPRESENTATION_CONTEXT(2) 
PARAMETRIC_REPRESENTATION_CONTEXT() REPRESENTATION_CONTEXT('2D SPACE',''
  ) );
#13552 = ORIENTED_EDGE('',*,*,#5207,.T.);
#13553 = ORIENTED_EDGE('',*,*,#5310,.T.);
#13554 = ORIENTED_EDGE('',*,*,#5335,.F.);
#13555 = ORIENTED_EDGE('',*,*,#13556,.T.);
#13556 = EDGE_CURVE('',#5336,#5460,#13557,.T.);
#13557 = SURFACE_CURVE('',#13558,(#13562,#13568),.PCURVE_S1.);
#13558 = LINE('',#13559,#13560);
#13559 = CARTESIAN_POINT('',(63.946324062759,72.967170129027,19.));
#13560 = VECTOR('',#13561,1.);
#13561 = DIRECTION('',(-0.766044443119,0.642787609687,0.));
#13562 = PCURVE('',#4211,#13563);
#13563 = DEFINITIONAL_REPRESENTATION('',(#13564),#13567);
#13564 = B_SPLINE_CURVE_WITH_KNOTS('',1,(#13565,#13566),.UNSPECIFIED.,
  .F.,.F.,(2,2),(-2.083333333333,6.25),.PIECEWISE_BEZIER_KNOTS.);
#13565 = CARTESIAN_POINT('',(65.542249985923,71.628029275514));
#13566 = CARTESIAN_POINT('',(59.158546293265,76.984592689568));
#13567 = ( GEOMETRIC_REPRESENTATION_CONTEXT(2) 
PARAMETRIC_REPRESENTATION_CONTEXT() REPRESENTATION_CONTEXT('2D SPACE',''
  ) );
#13568 = PCURVE('',#5372,#13569);
#13569 = DEFINITIONAL_REPRESENTATION('',(#13570),#13573);
#13570 = B_SPLINE_CURVE_WITH_KNOTS('',1,(#13571,#13572),.UNSPECIFIED.,
  .F.,.F.,(2,2),(-2.083333333333,6.25),.PIECEWISE_BEZIER_KNOTS.);
#13571 = CARTESIAN_POINT('',(0.,-1.));
#13572 = CARTESIAN_POINT('',(8.333333333333,-1.));
#13573 = ( GEOMETRIC_REPRESENTATION_CONTEXT(2) 
PARAMETRIC_REPRESENTATION_CONTEXT() REPRESENTATION_CONTEXT('2D SPACE',''
  ) );
#13574 = ORIENTED_EDGE('',*,*,#5459,.T.);
#13575 = ORIENTED_EDGE('',*,*,#5562,.T.);
#13576 = ORIENTED_EDGE('',*,*,#5587,.F.);
#13577 = ORIENTED_EDGE('',*,*,#13578,.T.);
#13578 = EDGE_CURVE('',#5588,#5712,#13579,.T.);
#13579 = SURFACE_CURVE('',#13580,(#13584,#13590),.PCURVE_S1.);
#13580 = LINE('',#13581,#13582);
#13581 = CARTESIAN_POINT('',(50.304219591218,82.962797500424,19.));
#13582 = VECTOR('',#13583,1.);
#13583 = DIRECTION('',(-0.866025403784,0.5,0.));
#13584 = PCURVE('',#4211,#13585);
#13585 = DEFINITIONAL_REPRESENTATION('',(#13586),#13589);
#13586 = B_SPLINE_CURVE_WITH_KNOTS('',1,(#13587,#13588),.UNSPECIFIED.,
  .F.,.F.,(2,2),(-2.083333333333,6.25),.PIECEWISE_BEZIER_KNOTS.);
#13587 = CARTESIAN_POINT('',(52.108439182435,81.921130833757));
#13588 = CARTESIAN_POINT('',(44.891560817565,86.087797500424));
#13589 = ( GEOMETRIC_REPRESENTATION_CONTEXT(2) 
PARAMETRIC_REPRESENTATION_CONTEXT() REPRESENTATION_CONTEXT('2D SPACE',''
  ) );
#13590 = PCURVE('',#5624,#13591);
#13591 = DEFINITIONAL_REPRESENTATION('',(#13592),#13595);
#13592 = B_SPLINE_CURVE_WITH_KNOTS('',1,(#13593,#13594),.UNSPECIFIED.,
  .F.,.F.,(2,2),(-2.083333333333,6.25),.PIECEWISE_BEZIER_KNOTS.);
#13593 = CARTESIAN_POINT('',(-8.881784197001E-16,-1.));
#13594 = CARTESIAN_POINT('',(8.333333333333,-1.));
#13595 = ( GEOMETRIC_REPRESENTATION_CONTEXT(2) 
PARAMETRIC_REPRESENTATION_CONTEXT() REPRESENTATION_CONTEXT('2D SPACE',''
  ) );
#13596 = ORIENTED_EDGE('',*,*,#5711,.T.);
#13597 = ORIENTED_EDGE('',*,*,#5814,.T.);
#13598 = ORIENTED_EDGE('',*,*,#5839,.F.);
#13599 = ORIENTED_EDGE('',*,*,#13600,.T.);
#13600 = EDGE_CURVE('',#5840,#5964,#13601,.T.);
#13601 = SURFACE_CURVE('',#13602,(#13606,#13612),.PCURVE_S1.);
#13602 = LINE('',#13603,#13604);
#13603 = CARTESIAN_POINT('',(35.133646862561,90.437642250971,19.));
#13604 = VECTOR('',#13605,1.);
#13605 = DIRECTION('',(-0.939692620786,0.342020143326,0.));
#13606 = PCURVE('',#4211,#13607);
#13607 = DEFINITIONAL_REPRESENTATION('',(#13608),#13611);
#13608 = B_SPLINE_CURVE_WITH_KNOTS('',1,(#13609,#13610),.UNSPECIFIED.,
  .F.,.F.,(2,2),(-2.083333333333,6.25),.PIECEWISE_BEZIER_KNOTS.);
#13609 = CARTESIAN_POINT('',(37.091339822531,89.725100285709));
#13610 = CARTESIAN_POINT('',(29.260567982649,92.575268146757));
#13611 = ( GEOMETRIC_REPRESENTATION_CONTEXT(2) 
PARAMETRIC_REPRESENTATION_CONTEXT() REPRESENTATION_CONTEXT('2D SPACE',''
  ) );
#13612 = PCURVE('',#5876,#13613);
#13613 = DEFINITIONAL_REPRESENTATION('',(#13614),#13617);
#13614 = B_SPLINE_CURVE_WITH_KNOTS('',1,(#13615,#13616),.UNSPECIFIED.,
  .F.,.F.,(2,2),(-2.083333333333,6.25),.PIECEWISE_BEZIER_KNOTS.);
#13615 = CARTESIAN_POINT('',(3.552713678801E-15,-1.));
#13616 = CARTESIAN_POINT('',(8.333333333333,-1.));
#13617 = ( GEOMETRIC_REPRESENTATION_CONTEXT(2) 
PARAMETRIC_REPRESENTATION_CONTEXT() REPRESENTATION_CONTEXT('2D SPACE',''
  ) );
#13618 = ORIENTED_EDGE('',*,*,#5963,.T.);
#13619 = ORIENTED_EDGE('',*,*,#6066,.T.);
#13620 = ORIENTED_EDGE('',*,*,#6091,.F.);
#13621 = ORIENTED_EDGE('',*,*,#13622,.T.);
#13622 = EDGE_CURVE('',#6092,#6216,#13623,.T.);
#13623 = SURFACE_CURVE('',#13624,(#13628,#13634),.PCURVE_S1.);
#13624 = LINE('',#13625,#13626);
#13625 = CARTESIAN_POINT('',(18.895556052468,95.164585005378,19.));
#13626 = VECTOR('',#13627,1.);
#13627 = DIRECTION('',(-0.984807753012,0.173648177667,0.));
#13628 = PCURVE('',#4211,#13629);
#13629 = DEFINITIONAL_REPRESENTATION('',(#13630),#13633);
#13630 = B_SPLINE_CURVE_WITH_KNOTS('',1,(#13631,#13632),.UNSPECIFIED.,
  .F.,.F.,(2,2),(-2.083333333333,6.25),.PIECEWISE_BEZIER_KNOTS.);
#13631 = CARTESIAN_POINT('',(20.947238871243,94.802817968572));
#13632 = CARTESIAN_POINT('',(12.740507596141,96.249886115796));
#13633 = ( GEOMETRIC_REPRESENTATION_CONTEXT(2) 
PARAMETRIC_REPRESENTATION_CONTEXT() REPRESENTATION_CONTEXT('2D SPACE',''
  ) );
#13634 = PCURVE('',#6128,#13635);
#13635 = DEFINITIONAL_REPRESENTATION('',(#13636),#13639);
#13636 = B_SPLINE_CURVE_WITH_KNOTS('',1,(#13637,#13638),.UNSPECIFIED.,
  .F.,.F.,(2,2),(-2.083333333333,6.25),.PIECEWISE_BEZIER_KNOTS.);
#13637 = CARTESIAN_POINT('',(-8.881784197001E-16,-1.));
#13638 = CARTESIAN_POINT('',(8.333333333333,-1.));
#13639 = ( GEOMETRIC_REPRESENTATION_CONTEXT(2) 
PARAMETRIC_REPRESENTATION_CONTEXT() REPRESENTATION_CONTEXT('2D SPACE',''
  ) );
#13640 = ORIENTED_EDGE('',*,*,#6215,.T.);
#13641 = ORIENTED_EDGE('',*,*,#6318,.T.);
#13642 = ORIENTED_EDGE('',*,*,#6343,.F.);
#13643 = ORIENTED_EDGE('',*,*,#13644,.T.);
#13644 = EDGE_CURVE('',#6344,#6468,#13645,.T.);
#13645 = SURFACE_CURVE('',#13646,(#13650,#13656),.PCURVE_S1.);
#13646 = LINE('',#13647,#13648);
#13647 = CARTESIAN_POINT('',(2.083333333333,97.,19.));
#13648 = VECTOR('',#13649,1.);
#13649 = DIRECTION('',(-1.,1.110223024625E-16,0.));
#13650 = PCURVE('',#4211,#13651);
#13651 = DEFINITIONAL_REPRESENTATION('',(#13652),#13655);
#13652 = B_SPLINE_CURVE_WITH_KNOTS('',1,(#13653,#13654),.UNSPECIFIED.,
  .F.,.F.,(2,2),(-2.083333333333,6.25),.PIECEWISE_BEZIER_KNOTS.);
#13653 = CARTESIAN_POINT('',(4.166666666667,97.));
#13654 = CARTESIAN_POINT('',(-4.166666666667,97.));
#13655 = ( GEOMETRIC_REPRESENTATION_CONTEXT(2) 
PARAMETRIC_REPRESENTATION_CONTEXT() REPRESENTATION_CONTEXT('2D SPACE',''
  ) );
#13656 = PCURVE('',#6380,#13657);
#13657 = DEFINITIONAL_REPRESENTATION('',(#13658),#13661);
#13658 = B_SPLINE_CURVE_WITH_KNOTS('',1,(#13659,#13660),.UNSPECIFIED.,
  .F.,.F.,(2,2),(-2.083333333333,6.25),.PIECEWISE_BEZIER_KNOTS.);
#13659 = CARTESIAN_POINT('',(-8.881784197001E-16,-1.));
#13660 = CARTESIAN_POINT('',(8.333333333333,-1.));
#13661 = ( GEOMETRIC_REPRESENTATION_CONTEXT(2) 
PARAMETRIC_REPRESENTATION_CONTEXT() REPRESENTATION_CONTEXT('2D SPACE',''
  ) );
#13662 = ORIENTED_EDGE('',*,*,#6467,.T.);
#13663 = ORIENTED_EDGE('',*,*,#6570,.T.);
#13664 = ORIENTED_EDGE('',*,*,#6595,.F.);
#13665 = ORIENTED_EDGE('',*,*,#13666,.T.);
#13666 = EDGE_CURVE('',#6596,#6720,#13667,.T.);
#13667 = SURFACE_CURVE('',#13668,(#13672,#13678),.PCURVE_S1.);
#13668 = LINE('',#13669,#13670);
#13669 = CARTESIAN_POINT('',(-14.79219041491,95.88811907899,19.));
#13670 = VECTOR('',#13671,1.);
#13671 = DIRECTION('',(-0.984807753012,-0.173648177667,0.));
#13672 = PCURVE('',#4211,#13673);
#13673 = DEFINITIONAL_REPRESENTATION('',(#13674),#13677);
#13674 = B_SPLINE_CURVE_WITH_KNOTS('',1,(#13675,#13676),.UNSPECIFIED.,
  .F.,.F.,(2,2),(-2.083333333333,6.25),.PIECEWISE_BEZIER_KNOTS.);
#13675 = CARTESIAN_POINT('',(-12.74050759614,96.249886115796));
#13676 = CARTESIAN_POINT('',(-20.94723887124,94.802817968572));
#13677 = ( GEOMETRIC_REPRESENTATION_CONTEXT(2) 
PARAMETRIC_REPRESENTATION_CONTEXT() REPRESENTATION_CONTEXT('2D SPACE',''
  ) );
#13678 = PCURVE('',#6632,#13679);
#13679 = DEFINITIONAL_REPRESENTATION('',(#13680),#13683);
#13680 = B_SPLINE_CURVE_WITH_KNOTS('',1,(#13681,#13682),.UNSPECIFIED.,
  .F.,.F.,(2,2),(-2.083333333333,6.25),.PIECEWISE_BEZIER_KNOTS.);
#13681 = CARTESIAN_POINT('',(-1.7763568394E-15,-1.));
#13682 = CARTESIAN_POINT('',(8.333333333333,-1.));
#13683 = ( GEOMETRIC_REPRESENTATION_CONTEXT(2) 
PARAMETRIC_REPRESENTATION_CONTEXT() REPRESENTATION_CONTEXT('2D SPACE',''
  ) );
#13684 = ORIENTED_EDGE('',*,*,#6719,.T.);
#13685 = ORIENTED_EDGE('',*,*,#6822,.T.);
#13686 = ORIENTED_EDGE('',*,*,#6847,.F.);
#13687 = ORIENTED_EDGE('',*,*,#13688,.T.);
#13688 = EDGE_CURVE('',#6848,#6972,#13689,.T.);
#13689 = SURFACE_CURVE('',#13690,(#13694,#13700),.PCURVE_S1.);
#13690 = LINE('',#13691,#13692);
#13691 = CARTESIAN_POINT('',(-31.21826094261,91.862726181495,19.));
#13692 = VECTOR('',#13693,1.);
#13693 = DIRECTION('',(-0.939692620786,-0.342020143326,0.));
#13694 = PCURVE('',#4211,#13695);
#13695 = DEFINITIONAL_REPRESENTATION('',(#13696),#13699);
#13696 = B_SPLINE_CURVE_WITH_KNOTS('',1,(#13697,#13698),.UNSPECIFIED.,
  .F.,.F.,(2,2),(-2.083333333333,6.25),.PIECEWISE_BEZIER_KNOTS.);
#13697 = CARTESIAN_POINT('',(-29.26056798264,92.575268146757));
#13698 = CARTESIAN_POINT('',(-37.09133982253,89.725100285709));
#13699 = ( GEOMETRIC_REPRESENTATION_CONTEXT(2) 
PARAMETRIC_REPRESENTATION_CONTEXT() REPRESENTATION_CONTEXT('2D SPACE',''
  ) );
#13700 = PCURVE('',#6884,#13701);
#13701 = DEFINITIONAL_REPRESENTATION('',(#13702),#13705);
#13702 = B_SPLINE_CURVE_WITH_KNOTS('',1,(#13703,#13704),.UNSPECIFIED.,
  .F.,.F.,(2,2),(-2.083333333333,6.25),.PIECEWISE_BEZIER_KNOTS.);
#13703 = CARTESIAN_POINT('',(-8.881784197001E-16,-1.));
#13704 = CARTESIAN_POINT('',(8.333333333333,-1.));
#13705 = ( GEOMETRIC_REPRESENTATION_CONTEXT(2) 
PARAMETRIC_REPRESENTATION_CONTEXT() REPRESENTATION_CONTEXT('2D SPACE',''
  ) );
#13706 = ORIENTED_EDGE('',*,*,#6971,.T.);
#13707 = ORIENTED_EDGE('',*,*,#7074,.T.);
#13708 = ORIENTED_EDGE('',*,*,#7099,.F.);
#13709 = ORIENTED_EDGE('',*,*,#13710,.T.);
#13710 = EDGE_CURVE('',#7100,#7224,#13711,.T.);
#13711 = SURFACE_CURVE('',#13712,(#13716,#13722),.PCURVE_S1.);
#13712 = LINE('',#13713,#13714);
#13713 = CARTESIAN_POINT('',(-46.69578040878,85.046130833757,19.));
#13714 = VECTOR('',#13715,1.);
#13715 = DIRECTION('',(-0.866025403784,-0.5,0.));
#13716 = PCURVE('',#4211,#13717);
#13717 = DEFINITIONAL_REPRESENTATION('',(#13718),#13721);
#13718 = B_SPLINE_CURVE_WITH_KNOTS('',1,(#13719,#13720),.UNSPECIFIED.,
  .F.,.F.,(2,2),(-2.083333333333,6.25),.PIECEWISE_BEZIER_KNOTS.);
#13719 = CARTESIAN_POINT('',(-44.89156081756,86.087797500424));
#13720 = CARTESIAN_POINT('',(-52.10843918243,81.921130833757));
#13721 = ( GEOMETRIC_REPRESENTATION_CONTEXT(2) 
PARAMETRIC_REPRESENTATION_CONTEXT() REPRESENTATION_CONTEXT('2D SPACE',''
  ) );
#13722 = PCURVE('',#7136,#13723);
#13723 = DEFINITIONAL_REPRESENTATION('',(#13724),#13727);
#13724 = B_SPLINE_CURVE_WITH_KNOTS('',1,(#13725,#13726),.UNSPECIFIED.,
  .F.,.F.,(2,2),(-2.083333333333,6.25),.PIECEWISE_BEZIER_KNOTS.);
#13725 = CARTESIAN_POINT('',(-8.881784197001E-16,-1.));
#13726 = CARTESIAN_POINT('',(8.333333333333,-1.));
#13727 = ( GEOMETRIC_REPRESENTATION_CONTEXT(2) 
PARAMETRIC_REPRESENTATION_CONTEXT() REPRESENTATION_CONTEXT('2D SPACE',''
  ) );
#13728 = ORIENTED_EDGE('',*,*,#7223,.T.);
#13729 = ORIENTED_EDGE('',*,*,#7326,.T.);
#13730 = ORIENTED_EDGE('',*,*,#7351,.F.);
#13731 = ORIENTED_EDGE('',*,*,#13732,.T.);
#13732 = EDGE_CURVE('',#7352,#7476,#13733,.T.);
#13733 = SURFACE_CURVE('',#13734,(#13738,#13744),.PCURVE_S1.);
#13734 = LINE('',#13735,#13736);
#13735 = CARTESIAN_POINT('',(-60.75447221643,75.645451836055,19.));
#13736 = VECTOR('',#13737,1.);
#13737 = DIRECTION('',(-0.766044443119,-0.642787609687,0.));
#13738 = PCURVE('',#4211,#13739);
#13739 = DEFINITIONAL_REPRESENTATION('',(#13740),#13743);
#13740 = B_SPLINE_CURVE_WITH_KNOTS('',1,(#13741,#13742),.UNSPECIFIED.,
  .F.,.F.,(2,2),(-2.083333333333,6.25),.PIECEWISE_BEZIER_KNOTS.);
#13741 = CARTESIAN_POINT('',(-59.15854629326,76.984592689568));
#13742 = CARTESIAN_POINT('',(-65.54224998592,71.628029275514));
#13743 = ( GEOMETRIC_REPRESENTATION_CONTEXT(2) 
PARAMETRIC_REPRESENTATION_CONTEXT() REPRESENTATION_CONTEXT('2D SPACE',''
  ) );
#13744 = PCURVE('',#7388,#13745);
#13745 = DEFINITIONAL_REPRESENTATION('',(#13746),#13749);
#13746 = B_SPLINE_CURVE_WITH_KNOTS('',1,(#13747,#13748),.UNSPECIFIED.,
  .F.,.F.,(2,2),(-2.083333333333,6.25),.PIECEWISE_BEZIER_KNOTS.);
#13747 = CARTESIAN_POINT('',(0.,-1.));
#13748 = CARTESIAN_POINT('',(8.333333333333,-1.));
#13749 = ( GEOMETRIC_REPRESENTATION_CONTEXT(2) 
PARAMETRIC_REPRESENTATION_CONTEXT() REPRESENTATION_CONTEXT('2D SPACE',''
  ) );
#13750 = ORIENTED_EDGE('',*,*,#7475,.T.);
#13751 = ORIENTED_EDGE('',*,*,#7578,.T.);
#13752 = ORIENTED_EDGE('',*,*,#7603,.F.);
#13753 = ORIENTED_EDGE('',*,*,#13754,.T.);
#13754 = EDGE_CURVE('',#7604,#7728,#13755,.T.);
#13755 = SURFACE_CURVE('',#13756,(#13760,#13766),.PCURVE_S1.);
#13756 = LINE('',#13757,#13758);
#13757 = CARTESIAN_POINT('',(-72.96717012902,63.946324062759,19.));
#13758 = VECTOR('',#13759,1.);
#13759 = DIRECTION('',(-0.642787609687,-0.766044443119,0.));
#13760 = PCURVE('',#4211,#13761);
#13761 = DEFINITIONAL_REPRESENTATION('',(#13762),#13765);
#13762 = B_SPLINE_CURVE_WITH_KNOTS('',1,(#13763,#13764),.UNSPECIFIED.,
  .F.,.F.,(2,2),(-2.083333333333,6.25),.PIECEWISE_BEZIER_KNOTS.);
#13763 = CARTESIAN_POINT('',(-71.62802927551,65.542249985923));
#13764 = CARTESIAN_POINT('',(-76.98459268956,59.158546293265));
#13765 = ( GEOMETRIC_REPRESENTATION_CONTEXT(2) 
PARAMETRIC_REPRESENTATION_CONTEXT() REPRESENTATION_CONTEXT('2D SPACE',''
  ) );
#13766 = PCURVE('',#7640,#13767);
#13767 = DEFINITIONAL_REPRESENTATION('',(#13768),#13771);
#13768 = B_SPLINE_CURVE_WITH_KNOTS('',1,(#13769,#13770),.UNSPECIFIED.,
  .F.,.F.,(2,2),(-2.083333333333,6.25),.PIECEWISE_BEZIER_KNOTS.);
#13769 = CARTESIAN_POINT('',(6.217248937901E-15,-1.));
#13770 = CARTESIAN_POINT('',(8.333333333333,-1.));
#13771 = ( GEOMETRIC_REPRESENTATION_CONTEXT(2) 
PARAMETRIC_REPRESENTATION_CONTEXT() REPRESENTATION_CONTEXT('2D SPACE',''
  ) );
#13772 = ORIENTED_EDGE('',*,*,#7727,.T.);
#13773 = ORIENTED_EDGE('',*,*,#7830,.T.);
#13774 = ORIENTED_EDGE('',*,*,#7855,.F.);
#13775 = ORIENTED_EDGE('',*,*,#13776,.T.);
#13776 = EDGE_CURVE('',#7856,#7980,#13777,.T.);
#13777 = SURFACE_CURVE('',#13778,(#13782,#13788),.PCURVE_S1.);
#13778 = LINE('',#13779,#13780);
#13779 = CARTESIAN_POINT('',(-82.96279750042,50.304219591218,19.));
#13780 = VECTOR('',#13781,1.);
#13781 = DIRECTION('',(-0.5,-0.866025403784,0.));
#13782 = PCURVE('',#4211,#13783);
#13783 = DEFINITIONAL_REPRESENTATION('',(#13784),#13787);
#13784 = B_SPLINE_CURVE_WITH_KNOTS('',1,(#13785,#13786),.UNSPECIFIED.,
  .F.,.F.,(2,2),(-2.083333333333,6.25),.PIECEWISE_BEZIER_KNOTS.);
#13785 = CARTESIAN_POINT('',(-81.92113083375,52.108439182435));
#13786 = CARTESIAN_POINT('',(-86.08779750042,44.891560817565));
#13787 = ( GEOMETRIC_REPRESENTATION_CONTEXT(2) 
PARAMETRIC_REPRESENTATION_CONTEXT() REPRESENTATION_CONTEXT('2D SPACE',''
  ) );
#13788 = PCURVE('',#7892,#13789);
#13789 = DEFINITIONAL_REPRESENTATION('',(#13790),#13793);
#13790 = B_SPLINE_CURVE_WITH_KNOTS('',1,(#13791,#13792),.UNSPECIFIED.,
  .F.,.F.,(2,2),(-2.083333333333,6.25),.PIECEWISE_BEZIER_KNOTS.);
#13791 = CARTESIAN_POINT('',(-8.881784197001E-16,-1.));
#13792 = CARTESIAN_POINT('',(8.333333333333,-1.));
#13793 = ( GEOMETRIC_REPRESENTATION_CONTEXT(2) 
PARAMETRIC_REPRESENTATION_CONTEXT() REPRESENTATION_CONTEXT('2D SPACE',''
  ) );
#13794 = ORIENTED_EDGE('',*,*,#7979,.T.);
#13795 = ORIENTED_EDGE('',*,*,#8082,.T.);
#13796 = ORIENTED_EDGE('',*,*,#8107,.F.);
#13797 = ORIENTED_EDGE('',*,*,#13798,.T.);
#13798 = EDGE_CURVE('',#8108,#8232,#13799,.T.);
#13799 = SURFACE_CURVE('',#13800,(#13804,#13810),.PCURVE_S1.);
#13800 = LINE('',#13801,#13802);
#13801 = CARTESIAN_POINT('',(-90.43764225097,35.133646862561,19.));
#13802 = VECTOR('',#13803,1.);
#13803 = DIRECTION('',(-0.342020143326,-0.939692620786,0.));
#13804 = PCURVE('',#4211,#13805);
#13805 = DEFINITIONAL_REPRESENTATION('',(#13806),#13809);
#13806 = B_SPLINE_CURVE_WITH_KNOTS('',1,(#13807,#13808),.UNSPECIFIED.,
  .F.,.F.,(2,2),(-2.083333333333,6.25),.PIECEWISE_BEZIER_KNOTS.);
#13807 = CARTESIAN_POINT('',(-89.72510028571,37.091339822531));
#13808 = CARTESIAN_POINT('',(-92.57526814675,29.260567982649));
#13809 = ( GEOMETRIC_REPRESENTATION_CONTEXT(2) 
PARAMETRIC_REPRESENTATION_CONTEXT() REPRESENTATION_CONTEXT('2D SPACE',''
  ) );
#13810 = PCURVE('',#8144,#13811);
#13811 = DEFINITIONAL_REPRESENTATION('',(#13812),#13815);
#13812 = B_SPLINE_CURVE_WITH_KNOTS('',1,(#13813,#13814),.UNSPECIFIED.,
  .F.,.F.,(2,2),(-2.083333333333,6.25),.PIECEWISE_BEZIER_KNOTS.);
#13813 = CARTESIAN_POINT('',(3.552713678801E-15,-1.));
#13814 = CARTESIAN_POINT('',(8.333333333333,-1.));
#13815 = ( GEOMETRIC_REPRESENTATION_CONTEXT(2) 
PARAMETRIC_REPRESENTATION_CONTEXT() REPRESENTATION_CONTEXT('2D SPACE',''
  ) );
#13816 = ORIENTED_EDGE('',*,*,#8231,.T.);
#13817 = ORIENTED_EDGE('',*,*,#8334,.T.);
#13818 = ORIENTED_EDGE('',*,*,#8359,.F.);
#13819 = ORIENTED_EDGE('',*,*,#13820,.T.);
#13820 = EDGE_CURVE('',#8360,#8484,#13821,.T.);
#13821 = SURFACE_CURVE('',#13822,(#13826,#13832),.PCURVE_S1.);
#13822 = LINE('',#13823,#13824);
#13823 = CARTESIAN_POINT('',(-95.16458500537,18.895556052468,19.));
#13824 = VECTOR('',#13825,1.);
#13825 = DIRECTION('',(-0.173648177667,-0.984807753012,0.));
#13826 = PCURVE('',#4211,#13827);
#13827 = DEFINITIONAL_REPRESENTATION('',(#13828),#13831);
#13828 = B_SPLINE_CURVE_WITH_KNOTS('',1,(#13829,#13830),.UNSPECIFIED.,
  .F.,.F.,(2,2),(-2.083333333333,6.25),.PIECEWISE_BEZIER_KNOTS.);
#13829 = CARTESIAN_POINT('',(-94.80281796857,20.947238871243));
#13830 = CARTESIAN_POINT('',(-96.24988611579,12.740507596141));
#13831 = ( GEOMETRIC_REPRESENTATION_CONTEXT(2) 
PARAMETRIC_REPRESENTATION_CONTEXT() REPRESENTATION_CONTEXT('2D SPACE',''
  ) );
#13832 = PCURVE('',#8396,#13833);
#13833 = DEFINITIONAL_REPRESENTATION('',(#13834),#13837);
#13834 = B_SPLINE_CURVE_WITH_KNOTS('',1,(#13835,#13836),.UNSPECIFIED.,
  .F.,.F.,(2,2),(-2.083333333333,6.25),.PIECEWISE_BEZIER_KNOTS.);
#13835 = CARTESIAN_POINT('',(2.6645352591E-15,-1.));
#13836 = CARTESIAN_POINT('',(8.333333333333,-1.));
#13837 = ( GEOMETRIC_REPRESENTATION_CONTEXT(2) 
PARAMETRIC_REPRESENTATION_CONTEXT() REPRESENTATION_CONTEXT('2D SPACE',''
  ) );
#13838 = ORIENTED_EDGE('',*,*,#8483,.T.);
#13839 = ORIENTED_EDGE('',*,*,#8586,.T.);
#13840 = ORIENTED_EDGE('',*,*,#8611,.F.);
#13841 = ORIENTED_EDGE('',*,*,#13842,.T.);
#13842 = EDGE_CURVE('',#8612,#8736,#13843,.T.);
#13843 = SURFACE_CURVE('',#13844,(#13848,#13854),.PCURVE_S1.);
#13844 = LINE('',#13845,#13846);
#13845 = CARTESIAN_POINT('',(-97.,2.083333333333,19.));
#13846 = VECTOR('',#13847,1.);
#13847 = DIRECTION('',(-1.224646799147E-16,-1.,0.));
#13848 = PCURVE('',#4211,#13849);
#13849 = DEFINITIONAL_REPRESENTATION('',(#13850),#13853);
#13850 = B_SPLINE_CURVE_WITH_KNOTS('',1,(#13851,#13852),.UNSPECIFIED.,
  .F.,.F.,(2,2),(-2.083333333333,6.25),.PIECEWISE_BEZIER_KNOTS.);
#13851 = CARTESIAN_POINT('',(-97.,4.166666666667));
#13852 = CARTESIAN_POINT('',(-97.,-4.166666666667));
#13853 = ( GEOMETRIC_REPRESENTATION_CONTEXT(2) 
PARAMETRIC_REPRESENTATION_CONTEXT() REPRESENTATION_CONTEXT('2D SPACE',''
  ) );
#13854 = PCURVE('',#8648,#13855);
#13855 = DEFINITIONAL_REPRESENTATION('',(#13856),#13859);
#13856 = B_SPLINE_CURVE_WITH_KNOTS('',1,(#13857,#13858),.UNSPECIFIED.,
  .F.,.F.,(2,2),(-2.083333333333,6.25),.PIECEWISE_BEZIER_KNOTS.);
#13857 = CARTESIAN_POINT('',(-8.881784197001E-16,-1.));
#13858 = CARTESIAN_POINT('',(8.333333333333,-1.));
#13859 = ( GEOMETRIC_REPRESENTATION_CONTEXT(2) 
PARAMETRIC_REPRESENTATION_CONTEXT() REPRESENTATION_CONTEXT('2D SPACE',''
  ) );
#13860 = ORIENTED_EDGE('',*,*,#8735,.T.);
#13861 = ORIENTED_EDGE('',*,*,#8837,.T.);
#13862 = ORIENTED_EDGE('',*,*,#8863,.F.);
#13863 = ORIENTED_EDGE('',*,*,#13864,.T.);
#13864 = EDGE_CURVE('',#8864,#8988,#13865,.T.);
#13865 = SURFACE_CURVE('',#13866,(#13870,#13876),.PCURVE_S1.);
#13866 = LINE('',#13867,#13868);
#13867 = CARTESIAN_POINT('',(-95.88811907899,-14.79219041491,19.));
#13868 = VECTOR('',#13869,1.);
#13869 = DIRECTION('',(0.173648177667,-0.984807753012,0.));
#13870 = PCURVE('',#4211,#13871);
#13871 = DEFINITIONAL_REPRESENTATION('',(#13872),#13875);
#13872 = B_SPLINE_CURVE_WITH_KNOTS('',1,(#13873,#13874),.UNSPECIFIED.,
  .F.,.F.,(2,2),(-2.083333333333,6.25),.PIECEWISE_BEZIER_KNOTS.);
#13873 = CARTESIAN_POINT('',(-96.24988611579,-12.74050759614));
#13874 = CARTESIAN_POINT('',(-94.80281796857,-20.94723887124));
#13875 = ( GEOMETRIC_REPRESENTATION_CONTEXT(2) 
PARAMETRIC_REPRESENTATION_CONTEXT() REPRESENTATION_CONTEXT('2D SPACE',''
  ) );
#13876 = PCURVE('',#8900,#13877);
#13877 = DEFINITIONAL_REPRESENTATION('',(#13878),#13881);
#13878 = B_SPLINE_CURVE_WITH_KNOTS('',1,(#13879,#13880),.UNSPECIFIED.,
  .F.,.F.,(2,2),(-2.083333333333,6.25),.PIECEWISE_BEZIER_KNOTS.);
#13879 = CARTESIAN_POINT('',(-1.7763568394E-15,-1.));
#13880 = CARTESIAN_POINT('',(8.333333333333,-1.));
#13881 = ( GEOMETRIC_REPRESENTATION_CONTEXT(2) 
PARAMETRIC_REPRESENTATION_CONTEXT() REPRESENTATION_CONTEXT('2D SPACE',''
  ) );
#13882 = ORIENTED_EDGE('',*,*,#8987,.T.);
#13883 = ORIENTED_EDGE('',*,*,#9089,.T.);
#13884 = ORIENTED_EDGE('',*,*,#9115,.F.);
#13885 = ORIENTED_EDGE('',*,*,#13886,.T.);
#13886 = EDGE_CURVE('',#9116,#9240,#13887,.T.);
#13887 = SURFACE_CURVE('',#13888,(#13892,#13898),.PCURVE_S1.);
#13888 = LINE('',#13889,#13890);
#13889 = CARTESIAN_POINT('',(-91.86272618149,-31.21826094261,19.));
#13890 = VECTOR('',#13891,1.);
#13891 = DIRECTION('',(0.342020143326,-0.939692620786,0.));
#13892 = PCURVE('',#4211,#13893);
#13893 = DEFINITIONAL_REPRESENTATION('',(#13894),#13897);
#13894 = B_SPLINE_CURVE_WITH_KNOTS('',1,(#13895,#13896),.UNSPECIFIED.,
  .F.,.F.,(2,2),(-2.083333333333,6.25),.PIECEWISE_BEZIER_KNOTS.);
#13895 = CARTESIAN_POINT('',(-92.57526814675,-29.26056798264));
#13896 = CARTESIAN_POINT('',(-89.7251002857,-37.09133982253));
#13897 = ( GEOMETRIC_REPRESENTATION_CONTEXT(2) 
PARAMETRIC_REPRESENTATION_CONTEXT() REPRESENTATION_CONTEXT('2D SPACE',''
  ) );
#13898 = PCURVE('',#9152,#13899);
#13899 = DEFINITIONAL_REPRESENTATION('',(#13900),#13903);
#13900 = B_SPLINE_CURVE_WITH_KNOTS('',1,(#13901,#13902),.UNSPECIFIED.,
  .F.,.F.,(2,2),(-2.083333333333,6.25),.PIECEWISE_BEZIER_KNOTS.);
#13901 = CARTESIAN_POINT('',(-1.7763568394E-15,-1.));
#13902 = CARTESIAN_POINT('',(8.333333333333,-1.));
#13903 = ( GEOMETRIC_REPRESENTATION_CONTEXT(2) 
PARAMETRIC_REPRESENTATION_CONTEXT() REPRESENTATION_CONTEXT('2D SPACE',''
  ) );
#13904 = ORIENTED_EDGE('',*,*,#9239,.T.);
#13905 = ORIENTED_EDGE('',*,*,#9341,.T.);
#13906 = ORIENTED_EDGE('',*,*,#9367,.F.);
#13907 = ORIENTED_EDGE('',*,*,#13908,.T.);
#13908 = EDGE_CURVE('',#9368,#9492,#13909,.T.);
#13909 = SURFACE_CURVE('',#13910,(#13914,#13920),.PCURVE_S1.);
#13910 = LINE('',#13911,#13912);
#13911 = CARTESIAN_POINT('',(-85.04613083375,-46.69578040878,19.));
#13912 = VECTOR('',#13913,1.);
#13913 = DIRECTION('',(0.5,-0.866025403784,0.));
#13914 = PCURVE('',#4211,#13915);
#13915 = DEFINITIONAL_REPRESENTATION('',(#13916),#13919);
#13916 = B_SPLINE_CURVE_WITH_KNOTS('',1,(#13917,#13918),.UNSPECIFIED.,
  .F.,.F.,(2,2),(-2.083333333333,6.25),.PIECEWISE_BEZIER_KNOTS.);
#13917 = CARTESIAN_POINT('',(-86.08779750042,-44.89156081756));
#13918 = CARTESIAN_POINT('',(-81.92113083375,-52.10843918243));
#13919 = ( GEOMETRIC_REPRESENTATION_CONTEXT(2) 
PARAMETRIC_REPRESENTATION_CONTEXT() REPRESENTATION_CONTEXT('2D SPACE',''
  ) );
#13920 = PCURVE('',#9404,#13921);
#13921 = DEFINITIONAL_REPRESENTATION('',(#13922),#13925);
#13922 = B_SPLINE_CURVE_WITH_KNOTS('',1,(#13923,#13924),.UNSPECIFIED.,
  .F.,.F.,(2,2),(-2.083333333333,6.25),.PIECEWISE_BEZIER_KNOTS.);
#13923 = CARTESIAN_POINT('',(-8.881784197001E-16,-1.));
#13924 = CARTESIAN_POINT('',(8.333333333333,-1.));
#13925 = ( GEOMETRIC_REPRESENTATION_CONTEXT(2) 
PARAMETRIC_REPRESENTATION_CONTEXT() REPRESENTATION_CONTEXT('2D SPACE',''
  ) );
#13926 = ORIENTED_EDGE('',*,*,#9491,.T.);
#13927 = ORIENTED_EDGE('',*,*,#9593,.T.);
#13928 = ORIENTED_EDGE('',*,*,#9619,.F.);
#13929 = ORIENTED_EDGE('',*,*,#13930,.T.);
#13930 = EDGE_CURVE('',#9620,#9744,#13931,.T.);
#13931 = SURFACE_CURVE('',#13932,(#13936,#13942),.PCURVE_S1.);
#13932 = LINE('',#13933,#13934);
#13933 = CARTESIAN_POINT('',(-75.64545183605,-60.75447221643,19.));
#13934 = VECTOR('',#13935,1.);
#13935 = DIRECTION('',(0.642787609687,-0.766044443119,0.));
#13936 = PCURVE('',#4211,#13937);
#13937 = DEFINITIONAL_REPRESENTATION('',(#13938),#13941);
#13938 = B_SPLINE_CURVE_WITH_KNOTS('',1,(#13939,#13940),.UNSPECIFIED.,
  .F.,.F.,(2,2),(-2.083333333333,6.25),.PIECEWISE_BEZIER_KNOTS.);
#13939 = CARTESIAN_POINT('',(-76.98459268956,-59.15854629326));
#13940 = CARTESIAN_POINT('',(-71.62802927551,-65.54224998592));
#13941 = ( GEOMETRIC_REPRESENTATION_CONTEXT(2) 
PARAMETRIC_REPRESENTATION_CONTEXT() REPRESENTATION_CONTEXT('2D SPACE',''
  ) );
#13942 = PCURVE('',#9656,#13943);
#13943 = DEFINITIONAL_REPRESENTATION('',(#13944),#13947);
#13944 = B_SPLINE_CURVE_WITH_KNOTS('',1,(#13945,#13946),.UNSPECIFIED.,
  .F.,.F.,(2,2),(-2.083333333333,6.25),.PIECEWISE_BEZIER_KNOTS.);
#13945 = CARTESIAN_POINT('',(0.,-1.));
#13946 = CARTESIAN_POINT('',(8.333333333333,-1.));
#13947 = ( GEOMETRIC_REPRESENTATION_CONTEXT(2) 
PARAMETRIC_REPRESENTATION_CONTEXT() REPRESENTATION_CONTEXT('2D SPACE',''
  ) );
#13948 = ORIENTED_EDGE('',*,*,#9743,.T.);
#13949 = ORIENTED_EDGE('',*,*,#9845,.T.);
#13950 = ORIENTED_EDGE('',*,*,#9871,.F.);
#13951 = ORIENTED_EDGE('',*,*,#13952,.T.);
#13952 = EDGE_CURVE('',#9872,#9996,#13953,.T.);
#13953 = SURFACE_CURVE('',#13954,(#13958,#13964),.PCURVE_S1.);
#13954 = LINE('',#13955,#13956);
#13955 = CARTESIAN_POINT('',(-63.94632406275,-72.96717012902,19.));
#13956 = VECTOR('',#13957,1.);
#13957 = DIRECTION('',(0.766044443119,-0.642787609687,0.));
#13958 = PCURVE('',#4211,#13959);
#13959 = DEFINITIONAL_REPRESENTATION('',(#13960),#13963);
#13960 = B_SPLINE_CURVE_WITH_KNOTS('',1,(#13961,#13962),.UNSPECIFIED.,
  .F.,.F.,(2,2),(-2.083333333333,6.25),.PIECEWISE_BEZIER_KNOTS.);
#13961 = CARTESIAN_POINT('',(-65.54224998592,-71.62802927551));
#13962 = CARTESIAN_POINT('',(-59.15854629326,-76.98459268956));
#13963 = ( GEOMETRIC_REPRESENTATION_CONTEXT(2) 
PARAMETRIC_REPRESENTATION_CONTEXT() REPRESENTATION_CONTEXT('2D SPACE',''
  ) );
#13964 = PCURVE('',#9908,#13965);
#13965 = DEFINITIONAL_REPRESENTATION('',(#13966),#13969);
#13966 = B_SPLINE_CURVE_WITH_KNOTS('',1,(#13967,#13968),.UNSPECIFIED.,
  .F.,.F.,(2,2),(-2.083333333333,6.25),.PIECEWISE_BEZIER_KNOTS.);
#13967 = CARTESIAN_POINT('',(6.217248937901E-15,-1.));
#13968 = CARTESIAN_POINT('',(8.333333333333,-1.));
#13969 = ( GEOMETRIC_REPRESENTATION_CONTEXT(2) 
PARAMETRIC_REPRESENTATION_CONTEXT() REPRESENTATION_CONTEXT('2D SPACE',''
  ) );
#13970 = ORIENTED_EDGE('',*,*,#9995,.T.);
#13971 = ORIENTED_EDGE('',*,*,#10097,.T.);
#13972 = ORIENTED_EDGE('',*,*,#10123,.F.);
#13973 = ORIENTED_EDGE('',*,*,#13974,.T.);
#13974 = EDGE_CURVE('',#10124,#10248,#13975,.T.);
#13975 = SURFACE_CURVE('',#13976,(#13980,#13986),.PCURVE_S1.);
#13976 = LINE('',#13977,#13978);
#13977 = CARTESIAN_POINT('',(-50.30421959121,-82.96279750042,19.));
#13978 = VECTOR('',#13979,1.);
#13979 = DIRECTION('',(0.866025403784,-0.5,0.));
#13980 = PCURVE('',#4211,#13981);
#13981 = DEFINITIONAL_REPRESENTATION('',(#13982),#13985);
#13982 = B_SPLINE_CURVE_WITH_KNOTS('',1,(#13983,#13984),.UNSPECIFIED.,
  .F.,.F.,(2,2),(-2.083333333333,6.25),.PIECEWISE_BEZIER_KNOTS.);
#13983 = CARTESIAN_POINT('',(-52.10843918243,-81.92113083375));
#13984 = CARTESIAN_POINT('',(-44.89156081756,-86.08779750042));
#13985 = ( GEOMETRIC_REPRESENTATION_CONTEXT(2) 
PARAMETRIC_REPRESENTATION_CONTEXT() REPRESENTATION_CONTEXT('2D SPACE',''
  ) );
#13986 = PCURVE('',#10160,#13987);
#13987 = DEFINITIONAL_REPRESENTATION('',(#13988),#13991);
#13988 = B_SPLINE_CURVE_WITH_KNOTS('',1,(#13989,#13990),.UNSPECIFIED.,
  .F.,.F.,(2,2),(-2.083333333333,6.25),.PIECEWISE_BEZIER_KNOTS.);
#13989 = CARTESIAN_POINT('',(-7.105427357601E-15,-1.));
#13990 = CARTESIAN_POINT('',(8.333333333333,-1.));
#13991 = ( GEOMETRIC_REPRESENTATION_CONTEXT(2) 
PARAMETRIC_REPRESENTATION_CONTEXT() REPRESENTATION_CONTEXT('2D SPACE',''
  ) );
#13992 = ORIENTED_EDGE('',*,*,#10247,.T.);
#13993 = ORIENTED_EDGE('',*,*,#10349,.T.);
#13994 = ORIENTED_EDGE('',*,*,#10375,.F.);
#13995 = ORIENTED_EDGE('',*,*,#13996,.T.);
#13996 = EDGE_CURVE('',#10376,#10500,#13997,.T.);
#13997 = SURFACE_CURVE('',#13998,(#14002,#14008),.PCURVE_S1.);
#13998 = LINE('',#13999,#14000);
#13999 = CARTESIAN_POINT('',(-35.13364686256,-90.43764225097,19.));
#14000 = VECTOR('',#14001,1.);
#14001 = DIRECTION('',(0.939692620786,-0.342020143326,0.));
#14002 = PCURVE('',#4211,#14003);
#14003 = DEFINITIONAL_REPRESENTATION('',(#14004),#14007);
#14004 = B_SPLINE_CURVE_WITH_KNOTS('',1,(#14005,#14006),.UNSPECIFIED.,
  .F.,.F.,(2,2),(-2.083333333333,6.25),.PIECEWISE_BEZIER_KNOTS.);
#14005 = CARTESIAN_POINT('',(-37.09133982253,-89.72510028571));
#14006 = CARTESIAN_POINT('',(-29.26056798264,-92.57526814675));
#14007 = ( GEOMETRIC_REPRESENTATION_CONTEXT(2) 
PARAMETRIC_REPRESENTATION_CONTEXT() REPRESENTATION_CONTEXT('2D SPACE',''
  ) );
#14008 = PCURVE('',#10412,#14009);
#14009 = DEFINITIONAL_REPRESENTATION('',(#14010),#14013);
#14010 = B_SPLINE_CURVE_WITH_KNOTS('',1,(#14011,#14012),.UNSPECIFIED.,
  .F.,.F.,(2,2),(-2.083333333333,6.25),.PIECEWISE_BEZIER_KNOTS.);
#14011 = CARTESIAN_POINT('',(-8.881784197001E-16,-1.));
#14012 = CARTESIAN_POINT('',(8.333333333333,-1.));
#14013 = ( GEOMETRIC_REPRESENTATION_CONTEXT(2) 
PARAMETRIC_REPRESENTATION_CONTEXT() REPRESENTATION_CONTEXT('2D SPACE',''
  ) );
#14014 = ORIENTED_EDGE('',*,*,#10499,.T.);
#14015 = ORIENTED_EDGE('',*,*,#10601,.T.);
#14016 = ORIENTED_EDGE('',*,*,#10627,.F.);
#14017 = ORIENTED_EDGE('',*,*,#14018,.T.);
#14018 = EDGE_CURVE('',#10628,#10752,#14019,.T.);
#14019 = SURFACE_CURVE('',#14020,(#14024,#14030),.PCURVE_S1.);
#14020 = LINE('',#14021,#14022);
#14021 = CARTESIAN_POINT('',(-18.89555605246,-95.16458500537,19.));
#14022 = VECTOR('',#14023,1.);
#14023 = DIRECTION('',(0.984807753012,-0.173648177667,0.));
#14024 = PCURVE('',#4211,#14025);
#14025 = DEFINITIONAL_REPRESENTATION('',(#14026),#14029);
#14026 = B_SPLINE_CURVE_WITH_KNOTS('',1,(#14027,#14028),.UNSPECIFIED.,
  .F.,.F.,(2,2),(-2.083333333333,6.25),.PIECEWISE_BEZIER_KNOTS.);
#14027 = CARTESIAN_POINT('',(-20.94723887124,-94.80281796857));
#14028 = CARTESIAN_POINT('',(-12.74050759614,-96.24988611579));
#14029 = ( GEOMETRIC_REPRESENTATION_CONTEXT(2) 
PARAMETRIC_REPRESENTATION_CONTEXT() REPRESENTATION_CONTEXT('2D SPACE',''
  ) );
#14030 = PCURVE('',#10664,#14031);
#14031 = DEFINITIONAL_REPRESENTATION('',(#14032),#14035);
#14032 = B_SPLINE_CURVE_WITH_KNOTS('',1,(#14033,#14034),.UNSPECIFIED.,
  .F.,.F.,(2,2),(-2.083333333333,6.25),.PIECEWISE_BEZIER_KNOTS.);
#14033 = CARTESIAN_POINT('',(2.6645352591E-15,-1.));
#14034 = CARTESIAN_POINT('',(8.333333333333,-1.));
#14035 = ( GEOMETRIC_REPRESENTATION_CONTEXT(2) 
PARAMETRIC_REPRESENTATION_CONTEXT() REPRESENTATION_CONTEXT('2D SPACE',''
  ) );
#14036 = ORIENTED_EDGE('',*,*,#10751,.T.);
#14037 = ORIENTED_EDGE('',*,*,#10853,.T.);
#14038 = ORIENTED_EDGE('',*,*,#10879,.F.);
#14039 = ORIENTED_EDGE('',*,*,#14040,.T.);
#14040 = EDGE_CURVE('',#10880,#11004,#14041,.T.);
#14041 = SURFACE_CURVE('',#14042,(#14046,#14052),.PCURVE_S1.);
#14042 = LINE('',#14043,#14044);
#14043 = CARTESIAN_POINT('',(-2.083333333333,-97.,19.));
#14044 = VECTOR('',#14045,1.);
#14045 = DIRECTION('',(1.,-2.22044604925E-16,0.));
#14046 = PCURVE('',#4211,#14047);
#14047 = DEFINITIONAL_REPRESENTATION('',(#14048),#14051);
#14048 = B_SPLINE_CURVE_WITH_KNOTS('',1,(#14049,#14050),.UNSPECIFIED.,
  .F.,.F.,(2,2),(-2.083333333333,6.25),.PIECEWISE_BEZIER_KNOTS.);
#14049 = CARTESIAN_POINT('',(-4.166666666667,-97.));
#14050 = CARTESIAN_POINT('',(4.166666666667,-97.));
#14051 = ( GEOMETRIC_REPRESENTATION_CONTEXT(2) 
PARAMETRIC_REPRESENTATION_CONTEXT() REPRESENTATION_CONTEXT('2D SPACE',''
  ) );
#14052 = PCURVE('',#10916,#14053);
#14053 = DEFINITIONAL_REPRESENTATION('',(#14054),#14057);
#14054 = B_SPLINE_CURVE_WITH_KNOTS('',1,(#14055,#14056),.UNSPECIFIED.,
  .F.,.F.,(2,2),(-2.083333333333,6.25),.PIECEWISE_BEZIER_KNOTS.);
#14055 = CARTESIAN_POINT('',(0.,-1.));
#14056 = CARTESIAN_POINT('',(8.333333333333,-1.));
#14057 = ( GEOMETRIC_REPRESENTATION_CONTEXT(2) 
PARAMETRIC_REPRESENTATION_CONTEXT() REPRESENTATION_CONTEXT('2D SPACE',''
  ) );
#14058 = ORIENTED_EDGE('',*,*,#11003,.T.);
#14059 = ORIENTED_EDGE('',*,*,#11105,.T.);
#14060 = ORIENTED_EDGE('',*,*,#11131,.F.);
#14061 = ORIENTED_EDGE('',*,*,#14062,.T.);
#14062 = EDGE_CURVE('',#11132,#11256,#14063,.T.);
#14063 = SURFACE_CURVE('',#14064,(#14068,#14074),.PCURVE_S1.);
#14064 = LINE('',#14065,#14066);
#14065 = CARTESIAN_POINT('',(14.792190414917,-95.88811907899,19.));
#14066 = VECTOR('',#14067,1.);
#14067 = DIRECTION('',(0.984807753012,0.173648177667,-0.));
#14068 = PCURVE('',#4211,#14069);
#14069 = DEFINITIONAL_REPRESENTATION('',(#14070),#14073);
#14070 = B_SPLINE_CURVE_WITH_KNOTS('',1,(#14071,#14072),.UNSPECIFIED.,
  .F.,.F.,(2,2),(-2.083333333333,6.25),.PIECEWISE_BEZIER_KNOTS.);
#14071 = CARTESIAN_POINT('',(12.740507596141,-96.24988611579));
#14072 = CARTESIAN_POINT('',(20.947238871243,-94.80281796857));
#14073 = ( GEOMETRIC_REPRESENTATION_CONTEXT(2) 
PARAMETRIC_REPRESENTATION_CONTEXT() REPRESENTATION_CONTEXT('2D SPACE',''
  ) );
#14074 = PCURVE('',#11168,#14075);
#14075 = DEFINITIONAL_REPRESENTATION('',(#14076),#14079);
#14076 = B_SPLINE_CURVE_WITH_KNOTS('',1,(#14077,#14078),.UNSPECIFIED.,
  .F.,.F.,(2,2),(-2.083333333333,6.25),.PIECEWISE_BEZIER_KNOTS.);
#14077 = CARTESIAN_POINT('',(0.,-1.));
#14078 = CARTESIAN_POINT('',(8.333333333333,-1.));
#14079 = ( GEOMETRIC_REPRESENTATION_CONTEXT(2) 
PARAMETRIC_REPRESENTATION_CONTEXT() REPRESENTATION_CONTEXT('2D SPACE',''
  ) );
#14080 = ORIENTED_EDGE('',*,*,#11255,.T.);
#14081 = ORIENTED_EDGE('',*,*,#11357,.T.);
#14082 = ORIENTED_EDGE('',*,*,#11383,.F.);
#14083 = ORIENTED_EDGE('',*,*,#14084,.T.);
#14084 = EDGE_CURVE('',#11384,#11508,#14085,.T.);
#14085 = SURFACE_CURVE('',#14086,(#14090,#14096),.PCURVE_S1.);
#14086 = LINE('',#14087,#14088);
#14087 = CARTESIAN_POINT('',(31.218260942619,-91.86272618149,19.));
#14088 = VECTOR('',#14089,1.);
#14089 = DIRECTION('',(0.939692620786,0.342020143326,-0.));
#14090 = PCURVE('',#4211,#14091);
#14091 = DEFINITIONAL_REPRESENTATION('',(#14092),#14095);
#14092 = B_SPLINE_CURVE_WITH_KNOTS('',1,(#14093,#14094),.UNSPECIFIED.,
  .F.,.F.,(2,2),(-2.083333333333,6.25),.PIECEWISE_BEZIER_KNOTS.);
#14093 = CARTESIAN_POINT('',(29.260567982649,-92.57526814675));
#14094 = CARTESIAN_POINT('',(37.091339822531,-89.7251002857));
#14095 = ( GEOMETRIC_REPRESENTATION_CONTEXT(2) 
PARAMETRIC_REPRESENTATION_CONTEXT() REPRESENTATION_CONTEXT('2D SPACE',''
  ) );
#14096 = PCURVE('',#11420,#14097);
#14097 = DEFINITIONAL_REPRESENTATION('',(#14098),#14101);
#14098 = B_SPLINE_CURVE_WITH_KNOTS('',1,(#14099,#14100),.UNSPECIFIED.,
  .F.,.F.,(2,2),(-2.083333333333,6.25),.PIECEWISE_BEZIER_KNOTS.);
#14099 = CARTESIAN_POINT('',(3.552713678801E-15,-1.));
#14100 = CARTESIAN_POINT('',(8.333333333333,-1.));
#14101 = ( GEOMETRIC_REPRESENTATION_CONTEXT(2) 
PARAMETRIC_REPRESENTATION_CONTEXT() REPRESENTATION_CONTEXT('2D SPACE',''
  ) );
#14102 = ORIENTED_EDGE('',*,*,#11507,.T.);
#14103 = ORIENTED_EDGE('',*,*,#11609,.T.);
#14104 = ORIENTED_EDGE('',*,*,#11635,.F.);
#14105 = ORIENTED_EDGE('',*,*,#14106,.T.);
#14106 = EDGE_CURVE('',#11636,#11760,#14107,.T.);
#14107 = SURFACE_CURVE('',#14108,(#14112,#14118),.PCURVE_S1.);
#14108 = LINE('',#14109,#14110);
#14109 = CARTESIAN_POINT('',(46.695780408782,-85.04613083375,19.));
#14110 = VECTOR('',#14111,1.);
#14111 = DIRECTION('',(0.866025403784,0.5,-0.));
#14112 = PCURVE('',#4211,#14113);
#14113 = DEFINITIONAL_REPRESENTATION('',(#14114),#14117);
#14114 = B_SPLINE_CURVE_WITH_KNOTS('',1,(#14115,#14116),.UNSPECIFIED.,
  .F.,.F.,(2,2),(-2.083333333333,6.25),.PIECEWISE_BEZIER_KNOTS.);
#14115 = CARTESIAN_POINT('',(44.891560817565,-86.08779750042));
#14116 = CARTESIAN_POINT('',(52.108439182435,-81.92113083375));
#14117 = ( GEOMETRIC_REPRESENTATION_CONTEXT(2) 
PARAMETRIC_REPRESENTATION_CONTEXT() REPRESENTATION_CONTEXT('2D SPACE',''
  ) );
#14118 = PCURVE('',#11672,#14119);
#14119 = DEFINITIONAL_REPRESENTATION('',(#14120),#14123);
#14120 = B_SPLINE_CURVE_WITH_KNOTS('',1,(#14121,#14122),.UNSPECIFIED.,
  .F.,.F.,(2,2),(-2.083333333333,6.25),.PIECEWISE_BEZIER_KNOTS.);
#14121 = CARTESIAN_POINT('',(-8.881784197001E-16,-1.));
#14122 = CARTESIAN_POINT('',(8.333333333333,-1.));
#14123 = ( GEOMETRIC_REPRESENTATION_CONTEXT(2) 
PARAMETRIC_REPRESENTATION_CONTEXT() REPRESENTATION_CONTEXT('2D SPACE',''
  ) );
#14124 = ORIENTED_EDGE('',*,*,#11759,.T.);
#14125 = ORIENTED_EDGE('',*,*,#11861,.T.);
#14126 = ORIENTED_EDGE('',*,*,#11887,.F.);
#14127 = ORIENTED_EDGE('',*,*,#14128,.T.);
#14128 = EDGE_CURVE('',#11888,#12012,#14129,.T.);
#14129 = SURFACE_CURVE('',#14130,(#14134,#14140),.PCURVE_S1.);
#14130 = LINE('',#14131,#14132);
#14131 = CARTESIAN_POINT('',(60.75447221643,-75.64545183605,19.));
#14132 = VECTOR('',#14133,1.);
#14133 = DIRECTION('',(0.766044443119,0.642787609687,-0.));
#14134 = PCURVE('',#4211,#14135);
#14135 = DEFINITIONAL_REPRESENTATION('',(#14136),#14139);
#14136 = B_SPLINE_CURVE_WITH_KNOTS('',1,(#14137,#14138),.UNSPECIFIED.,
  .F.,.F.,(2,2),(-2.083333333333,6.25),.PIECEWISE_BEZIER_KNOTS.);
#14137 = CARTESIAN_POINT('',(59.158546293265,-76.98459268956));
#14138 = CARTESIAN_POINT('',(65.542249985923,-71.62802927551));
#14139 = ( GEOMETRIC_REPRESENTATION_CONTEXT(2) 
PARAMETRIC_REPRESENTATION_CONTEXT() REPRESENTATION_CONTEXT('2D SPACE',''
  ) );
#14140 = PCURVE('',#11924,#14141);
#14141 = DEFINITIONAL_REPRESENTATION('',(#14142),#14145);
#14142 = B_SPLINE_CURVE_WITH_KNOTS('',1,(#14143,#14144),.UNSPECIFIED.,
  .F.,.F.,(2,2),(-2.083333333333,6.25),.PIECEWISE_BEZIER_KNOTS.);
#14143 = CARTESIAN_POINT('',(0.,-1.));
#14144 = CARTESIAN_POINT('',(8.333333333333,-1.));
#14145 = ( GEOMETRIC_REPRESENTATION_CONTEXT(2) 
PARAMETRIC_REPRESENTATION_CONTEXT() REPRESENTATION_CONTEXT('2D SPACE',''
  ) );
#14146 = ORIENTED_EDGE('',*,*,#12011,.T.);
#14147 = ORIENTED_EDGE('',*,*,#12113,.T.);
#14148 = ORIENTED_EDGE('',*,*,#12139,.F.);
#14149 = ORIENTED_EDGE('',*,*,#14150,.T.);
#14150 = EDGE_CURVE('',#12140,#12264,#14151,.T.);
#14151 = SURFACE_CURVE('',#14152,(#14156,#14162),.PCURVE_S1.);
#14152 = LINE('',#14153,#14154);
#14153 = CARTESIAN_POINT('',(72.967170129027,-63.94632406275,19.));
#14154 = VECTOR('',#14155,1.);
#14155 = DIRECTION('',(0.642787609687,0.766044443119,-0.));
#14156 = PCURVE('',#4211,#14157);
#14157 = DEFINITIONAL_REPRESENTATION('',(#14158),#14161);
#14158 = B_SPLINE_CURVE_WITH_KNOTS('',1,(#14159,#14160),.UNSPECIFIED.,
  .F.,.F.,(2,2),(-2.083333333333,6.25),.PIECEWISE_BEZIER_KNOTS.);
#14159 = CARTESIAN_POINT('',(71.628029275514,-65.54224998592));
#14160 = CARTESIAN_POINT('',(76.984592689568,-59.15854629326));
#14161 = ( GEOMETRIC_REPRESENTATION_CONTEXT(2) 
PARAMETRIC_REPRESENTATION_CONTEXT() REPRESENTATION_CONTEXT('2D SPACE',''
  ) );
#14162 = PCURVE('',#12176,#14163);
#14163 = DEFINITIONAL_REPRESENTATION('',(#14164),#14167);
#14164 = B_SPLINE_CURVE_WITH_KNOTS('',1,(#14165,#14166),.UNSPECIFIED.,
  .F.,.F.,(2,2),(-2.083333333333,6.25),.PIECEWISE_BEZIER_KNOTS.);
#14165 = CARTESIAN_POINT('',(7.105427357601E-15,-1.));
#14166 = CARTESIAN_POINT('',(8.333333333333,-1.));
#14167 = ( GEOMETRIC_REPRESENTATION_CONTEXT(2) 
PARAMETRIC_REPRESENTATION_CONTEXT() REPRESENTATION_CONTEXT('2D SPACE',''
  ) );
#14168 = ORIENTED_EDGE('',*,*,#12263,.T.);
#14169 = ORIENTED_EDGE('',*,*,#12365,.T.);
#14170 = ORIENTED_EDGE('',*,*,#12391,.F.);
#14171 = ORIENTED_EDGE('',*,*,#14172,.T.);
#14172 = EDGE_CURVE('',#12392,#12516,#14173,.T.);
#14173 = SURFACE_CURVE('',#14174,(#14178,#14184),.PCURVE_S1.);
#14174 = LINE('',#14175,#14176);
#14175 = CARTESIAN_POINT('',(82.962797500424,-50.30421959121,19.));
#14176 = VECTOR('',#14177,1.);
#14177 = DIRECTION('',(0.5,0.866025403784,-0.));
#14178 = PCURVE('',#4211,#14179);
#14179 = DEFINITIONAL_REPRESENTATION('',(#14180),#14183);
#14180 = B_SPLINE_CURVE_WITH_KNOTS('',1,(#14181,#14182),.UNSPECIFIED.,
  .F.,.F.,(2,2),(-2.083333333333,6.25),.PIECEWISE_BEZIER_KNOTS.);
#14181 = CARTESIAN_POINT('',(81.921130833757,-52.10843918243));
#14182 = CARTESIAN_POINT('',(86.087797500424,-44.89156081756));
#14183 = ( GEOMETRIC_REPRESENTATION_CONTEXT(2) 
PARAMETRIC_REPRESENTATION_CONTEXT() REPRESENTATION_CONTEXT('2D SPACE',''
  ) );
#14184 = PCURVE('',#12428,#14185);
#14185 = DEFINITIONAL_REPRESENTATION('',(#14186),#14189);
#14186 = B_SPLINE_CURVE_WITH_KNOTS('',1,(#14187,#14188),.UNSPECIFIED.,
  .F.,.F.,(2,2),(-2.083333333333,6.25),.PIECEWISE_BEZIER_KNOTS.);
#14187 = CARTESIAN_POINT('',(-8.881784197001E-16,-1.));
#14188 = CARTESIAN_POINT('',(8.333333333333,-1.));
#14189 = ( GEOMETRIC_REPRESENTATION_CONTEXT(2) 
PARAMETRIC_REPRESENTATION_CONTEXT() REPRESENTATION_CONTEXT('2D SPACE',''
  ) );
#14190 = ORIENTED_EDGE('',*,*,#12515,.T.);
#14191 = ORIENTED_EDGE('',*,*,#12617,.T.);
#14192 = ORIENTED_EDGE('',*,*,#12643,.F.);
#14193 = ORIENTED_EDGE('',*,*,#14194,.T.);
#14194 = EDGE_CURVE('',#12644,#12768,#14195,.T.);
#14195 = SURFACE_CURVE('',#14196,(#14200,#14206),.PCURVE_S1.);
#14196 = LINE('',#14197,#14198);
#14197 = CARTESIAN_POINT('',(90.437642250971,-35.13364686256,19.));
#14198 = VECTOR('',#14199,1.);
#14199 = DIRECTION('',(0.342020143326,0.939692620786,-0.));
#14200 = PCURVE('',#4211,#14201);
#14201 = DEFINITIONAL_REPRESENTATION('',(#14202),#14205);
#14202 = B_SPLINE_CURVE_WITH_KNOTS('',1,(#14203,#14204),.UNSPECIFIED.,
  .F.,.F.,(2,2),(-2.083333333333,6.25),.PIECEWISE_BEZIER_KNOTS.);
#14203 = CARTESIAN_POINT('',(89.72510028571,-37.09133982253));
#14204 = CARTESIAN_POINT('',(92.575268146757,-29.26056798264));
#14205 = ( GEOMETRIC_REPRESENTATION_CONTEXT(2) 
PARAMETRIC_REPRESENTATION_CONTEXT() REPRESENTATION_CONTEXT('2D SPACE',''
  ) );
#14206 = PCURVE('',#12680,#14207);
#14207 = DEFINITIONAL_REPRESENTATION('',(#14208),#14211);
#14208 = B_SPLINE_CURVE_WITH_KNOTS('',1,(#14209,#14210),.UNSPECIFIED.,
  .F.,.F.,(2,2),(-2.083333333333,6.25),.PIECEWISE_BEZIER_KNOTS.);
#14209 = CARTESIAN_POINT('',(-1.7763568394E-15,-1.));
#14210 = CARTESIAN_POINT('',(8.333333333333,-1.));
#14211 = ( GEOMETRIC_REPRESENTATION_CONTEXT(2) 
PARAMETRIC_REPRESENTATION_CONTEXT() REPRESENTATION_CONTEXT('2D SPACE',''
  ) );
#14212 = ORIENTED_EDGE('',*,*,#12767,.T.);
#14213 = ORIENTED_EDGE('',*,*,#12869,.T.);
#14214 = ORIENTED_EDGE('',*,*,#12895,.F.);
#14215 = ORIENTED_EDGE('',*,*,#14216,.T.);
#14216 = EDGE_CURVE('',#12896,#13020,#14217,.T.);
#14217 = SURFACE_CURVE('',#14218,(#14222,#14228),.PCURVE_S1.);
#14218 = LINE('',#14219,#14220);
#14219 = CARTESIAN_POINT('',(95.164585005378,-18.89555605246,19.));
#14220 = VECTOR('',#14221,1.);
#14221 = DIRECTION('',(0.173648177667,0.984807753012,-0.));
#14222 = PCURVE('',#4211,#14223);
#14223 = DEFINITIONAL_REPRESENTATION('',(#14224),#14227);
#14224 = B_SPLINE_CURVE_WITH_KNOTS('',1,(#14225,#14226),.UNSPECIFIED.,
  .F.,.F.,(2,2),(-2.083333333333,6.25),.PIECEWISE_BEZIER_KNOTS.);
#14225 = CARTESIAN_POINT('',(94.802817968572,-20.94723887124));
#14226 = CARTESIAN_POINT('',(96.249886115796,-12.74050759614));
#14227 = ( GEOMETRIC_REPRESENTATION_CONTEXT(2) 
PARAMETRIC_REPRESENTATION_CONTEXT() REPRESENTATION_CONTEXT('2D SPACE',''
  ) );
#14228 = PCURVE('',#12932,#14229);
#14229 = DEFINITIONAL_REPRESENTATION('',(#14230),#14233);
#14230 = B_SPLINE_CURVE_WITH_KNOTS('',1,(#14231,#14232),.UNSPECIFIED.,
  .F.,.F.,(2,2),(-2.083333333333,6.25),.PIECEWISE_BEZIER_KNOTS.);
#14231 = CARTESIAN_POINT('',(2.6645352591E-15,-1.));
#14232 = CARTESIAN_POINT('',(8.333333333333,-1.));
#14233 = ( GEOMETRIC_REPRESENTATION_CONTEXT(2) 
PARAMETRIC_REPRESENTATION_CONTEXT() REPRESENTATION_CONTEXT('2D SPACE',''
  ) );
#14234 = ORIENTED_EDGE('',*,*,#13019,.T.);
#14235 = ORIENTED_EDGE('',*,*,#13121,.T.);
#14236 = ORIENTED_EDGE('',*,*,#13147,.F.);
#14237 = ORIENTED_EDGE('',*,*,#13440,.T.);
#14238 = FACE_BOUND('',#14239,.T.);
#14239 = EDGE_LOOP('',(#14240));
#14240 = ORIENTED_EDGE('',*,*,#14241,.F.);
#14241 = EDGE_CURVE('',#14242,#14242,#14244,.T.);
#14242 = VERTEX_POINT('',#14243);
#14243 = CARTESIAN_POINT('',(75.,-1.836970198721E-14,19.));
#14244 = SURFACE_CURVE('',#14245,(#14250,#14257),.PCURVE_S1.);
#14245 = CIRCLE('',#14246,75.);
#14246 = AXIS2_PLACEMENT_3D('',#14247,#14248,#14249);
#14247 = CARTESIAN_POINT('',(0.,0.,19.));
#14248 = DIRECTION('',(0.,0.,1.));
#14249 = DIRECTION('',(1.,0.,-0.));
#14250 = PCURVE('',#4211,#14251);
#14251 = DEFINITIONAL_REPRESENTATION('',(#14252),#14256);
#14252 = CIRCLE('',#14253,75.);
#14253 = AXIS2_PLACEMENT_2D('',#14254,#14255);
#14254 = CARTESIAN_POINT('',(0.,0.));
#14255 = DIRECTION('',(1.,0.));
#14256 = ( GEOMETRIC_REPRESENTATION_CONTEXT(2) 
PARAMETRIC_REPRESENTATION_CONTEXT() REPRESENTATION_CONTEXT('2D SPACE',''
  ) );
#14257 = PCURVE('',#14258,#14263);
#14258 = CYLINDRICAL_SURFACE('',#14259,75.);
#14259 = AXIS2_PLACEMENT_3D('',#14260,#14261,#14262);
#14260 = CARTESIAN_POINT('',(0.,0.,15.));
#14261 = DIRECTION('',(0.,0.,1.));
#14262 = DIRECTION('',(1.,0.,-0.));
#14263 = DEFINITIONAL_REPRESENTATION('',(#14264),#14268);
#14264 = LINE('',#14265,#14266);
#14265 = CARTESIAN_POINT('',(0.,4.));
#14266 = VECTOR('',#14267,1.);
#14267 = DIRECTION('',(1.,0.));
#14268 = ( GEOMETRIC_REPRESENTATION_CONTEXT(2) 
PARAMETRIC_REPRESENTATION_CONTEXT() REPRESENTATION_CONTEXT('2D SPACE',''
  ) );
#14269 = ADVANCED_FACE('',(#14270),#4364,.T.);
#14270 = FACE_BOUND('',#14271,.T.);
#14271 = EDGE_LOOP('',(#14272,#14273,#14274,#14275));
#14272 = ORIENTED_EDGE('',*,*,#13468,.F.);
#14273 = ORIENTED_EDGE('',*,*,#4348,.T.);
#14274 = ORIENTED_EDGE('',*,*,#4402,.T.);
#14275 = ORIENTED_EDGE('',*,*,#4474,.F.);
#14276 = ADVANCED_FACE('',(#14277),#4616,.T.);
#14277 = FACE_BOUND('',#14278,.T.);
#14278 = EDGE_LOOP('',(#14279,#14280,#14281,#14282));
#14279 = ORIENTED_EDGE('',*,*,#13490,.F.);
#14280 = ORIENTED_EDGE('',*,*,#4600,.T.);
#14281 = ORIENTED_EDGE('',*,*,#4654,.T.);
#14282 = ORIENTED_EDGE('',*,*,#4726,.F.);
#14283 = ADVANCED_FACE('',(#14284),#4868,.T.);
#14284 = FACE_BOUND('',#14285,.T.);
#14285 = EDGE_LOOP('',(#14286,#14287,#14288,#14289));
#14286 = ORIENTED_EDGE('',*,*,#13512,.F.);
#14287 = ORIENTED_EDGE('',*,*,#4852,.T.);
#14288 = ORIENTED_EDGE('',*,*,#4906,.T.);
#14289 = ORIENTED_EDGE('',*,*,#4978,.F.);
#14290 = ADVANCED_FACE('',(#14291),#5120,.T.);
#14291 = FACE_BOUND('',#14292,.T.);
#14292 = EDGE_LOOP('',(#14293,#14294,#14295,#14296));
#14293 = ORIENTED_EDGE('',*,*,#13534,.F.);
#14294 = ORIENTED_EDGE('',*,*,#5104,.T.);
#14295 = ORIENTED_EDGE('',*,*,#5158,.T.);
#14296 = ORIENTED_EDGE('',*,*,#5230,.F.);
#14297 = ADVANCED_FACE('',(#14298),#5372,.T.);
#14298 = FACE_BOUND('',#14299,.T.);
#14299 = EDGE_LOOP('',(#14300,#14301,#14302,#14303));
#14300 = ORIENTED_EDGE('',*,*,#13556,.F.);
#14301 = ORIENTED_EDGE('',*,*,#5356,.T.);
#14302 = ORIENTED_EDGE('',*,*,#5410,.T.);
#14303 = ORIENTED_EDGE('',*,*,#5482,.F.);
#14304 = ADVANCED_FACE('',(#14305),#5624,.T.);
#14305 = FACE_BOUND('',#14306,.T.);
#14306 = EDGE_LOOP('',(#14307,#14308,#14309,#14310));
#14307 = ORIENTED_EDGE('',*,*,#13578,.F.);
#14308 = ORIENTED_EDGE('',*,*,#5608,.T.);
#14309 = ORIENTED_EDGE('',*,*,#5662,.T.);
#14310 = ORIENTED_EDGE('',*,*,#5734,.F.);
#14311 = ADVANCED_FACE('',(#14312),#5876,.T.);
#14312 = FACE_BOUND('',#14313,.T.);
#14313 = EDGE_LOOP('',(#14314,#14315,#14316,#14317));
#14314 = ORIENTED_EDGE('',*,*,#13600,.F.);
#14315 = ORIENTED_EDGE('',*,*,#5860,.T.);
#14316 = ORIENTED_EDGE('',*,*,#5914,.T.);
#14317 = ORIENTED_EDGE('',*,*,#5986,.F.);
#14318 = ADVANCED_FACE('',(#14319),#6128,.T.);
#14319 = FACE_BOUND('',#14320,.T.);
#14320 = EDGE_LOOP('',(#14321,#14322,#14323,#14324));
#14321 = ORIENTED_EDGE('',*,*,#13622,.F.);
#14322 = ORIENTED_EDGE('',*,*,#6112,.T.);
#14323 = ORIENTED_EDGE('',*,*,#6166,.T.);
#14324 = ORIENTED_EDGE('',*,*,#6238,.F.);
#14325 = ADVANCED_FACE('',(#14326),#6380,.T.);
#14326 = FACE_BOUND('',#14327,.T.);
#14327 = EDGE_LOOP('',(#14328,#14329,#14330,#14331));
#14328 = ORIENTED_EDGE('',*,*,#13644,.F.);
#14329 = ORIENTED_EDGE('',*,*,#6364,.T.);
#14330 = ORIENTED_EDGE('',*,*,#6418,.T.);
#14331 = ORIENTED_EDGE('',*,*,#6490,.F.);
#14332 = ADVANCED_FACE('',(#14333),#6632,.T.);
#14333 = FACE_BOUND('',#14334,.T.);
#14334 = EDGE_LOOP('',(#14335,#14336,#14337,#14338));
#14335 = ORIENTED_EDGE('',*,*,#13666,.F.);
#14336 = ORIENTED_EDGE('',*,*,#6616,.T.);
#14337 = ORIENTED_EDGE('',*,*,#6670,.T.);
#14338 = ORIENTED_EDGE('',*,*,#6742,.F.);
#14339 = ADVANCED_FACE('',(#14340),#6884,.T.);
#14340 = FACE_BOUND('',#14341,.T.);
#14341 = EDGE_LOOP('',(#14342,#14343,#14344,#14345));
#14342 = ORIENTED_EDGE('',*,*,#13688,.F.);
#14343 = ORIENTED_EDGE('',*,*,#6868,.T.);
#14344 = ORIENTED_EDGE('',*,*,#6922,.T.);
#14345 = ORIENTED_EDGE('',*,*,#6994,.F.);
#14346 = ADVANCED_FACE('',(#14347),#7136,.T.);
#14347 = FACE_BOUND('',#14348,.T.);
#14348 = EDGE_LOOP('',(#14349,#14350,#14351,#14352));
#14349 = ORIENTED_EDGE('',*,*,#13710,.F.);
#14350 = ORIENTED_EDGE('',*,*,#7120,.T.);
#14351 = ORIENTED_EDGE('',*,*,#7174,.T.);
#14352 = ORIENTED_EDGE('',*,*,#7246,.F.);
#14353 = ADVANCED_FACE('',(#14354),#7388,.T.);
#14354 = FACE_BOUND('',#14355,.T.);
#14355 = EDGE_LOOP('',(#14356,#14357,#14358,#14359));
#14356 = ORIENTED_EDGE('',*,*,#13732,.F.);
#14357 = ORIENTED_EDGE('',*,*,#7372,.T.);
#14358 = ORIENTED_EDGE('',*,*,#7426,.T.);
#14359 = ORIENTED_EDGE('',*,*,#7498,.F.);
#14360 = ADVANCED_FACE('',(#14361),#7640,.T.);
#14361 = FACE_BOUND('',#14362,.T.);
#14362 = EDGE_LOOP('',(#14363,#14364,#14365,#14366));
#14363 = ORIENTED_EDGE('',*,*,#13754,.F.);
#14364 = ORIENTED_EDGE('',*,*,#7624,.T.);
#14365 = ORIENTED_EDGE('',*,*,#7678,.T.);
#14366 = ORIENTED_EDGE('',*,*,#7750,.F.);
#14367 = ADVANCED_FACE('',(#14368),#7892,.T.);
#14368 = FACE_BOUND('',#14369,.T.);
#14369 = EDGE_LOOP('',(#14370,#14371,#14372,#14373));
#14370 = ORIENTED_EDGE('',*,*,#13776,.F.);
#14371 = ORIENTED_EDGE('',*,*,#7876,.T.);
#14372 = ORIENTED_EDGE('',*,*,#7930,.T.);
#14373 = ORIENTED_EDGE('',*,*,#8002,.F.);
#14374 = ADVANCED_FACE('',(#14375),#8144,.T.);
#14375 = FACE_BOUND('',#14376,.T.);
#14376 = EDGE_LOOP('',(#14377,#14378,#14379,#14380));
#14377 = ORIENTED_EDGE('',*,*,#13798,.F.);
#14378 = ORIENTED_EDGE('',*,*,#8128,.T.);
#14379 = ORIENTED_EDGE('',*,*,#8182,.T.);
#14380 = ORIENTED_EDGE('',*,*,#8254,.F.);
#14381 = ADVANCED_FACE('',(#14382),#8396,.T.);
#14382 = FACE_BOUND('',#14383,.T.);
#14383 = EDGE_LOOP('',(#14384,#14385,#14386,#14387));
#14384 = ORIENTED_EDGE('',*,*,#13820,.F.);
#14385 = ORIENTED_EDGE('',*,*,#8380,.T.);
#14386 = ORIENTED_EDGE('',*,*,#8434,.T.);
#14387 = ORIENTED_EDGE('',*,*,#8506,.F.);
#14388 = ADVANCED_FACE('',(#14389),#8648,.T.);
#14389 = FACE_BOUND('',#14390,.T.);
#14390 = EDGE_LOOP('',(#14391,#14392,#14393,#14394));
#14391 = ORIENTED_EDGE('',*,*,#13842,.F.);
#14392 = ORIENTED_EDGE('',*,*,#8632,.T.);
#14393 = ORIENTED_EDGE('',*,*,#8686,.T.);
#14394 = ORIENTED_EDGE('',*,*,#8758,.F.);
#14395 = ADVANCED_FACE('',(#14396),#8900,.T.);
#14396 = FACE_BOUND('',#14397,.T.);
#14397 = EDGE_LOOP('',(#14398,#14399,#14400,#14401));
#14398 = ORIENTED_EDGE('',*,*,#13864,.F.);
#14399 = ORIENTED_EDGE('',*,*,#8884,.T.);
#14400 = ORIENTED_EDGE('',*,*,#8938,.T.);
#14401 = ORIENTED_EDGE('',*,*,#9010,.F.);
#14402 = ADVANCED_FACE('',(#14403),#9152,.T.);
#14403 = FACE_BOUND('',#14404,.T.);
#14404 = EDGE_LOOP('',(#14405,#14406,#14407,#14408));
#14405 = ORIENTED_EDGE('',*,*,#13886,.F.);
#14406 = ORIENTED_EDGE('',*,*,#9136,.T.);
#14407 = ORIENTED_EDGE('',*,*,#9190,.T.);
#14408 = ORIENTED_EDGE('',*,*,#9262,.F.);
#14409 = ADVANCED_FACE('',(#14410),#9404,.T.);
#14410 = FACE_BOUND('',#14411,.T.);
#14411 = EDGE_LOOP('',(#14412,#14413,#14414,#14415));
#14412 = ORIENTED_EDGE('',*,*,#13908,.F.);
#14413 = ORIENTED_EDGE('',*,*,#9388,.T.);
#14414 = ORIENTED_EDGE('',*,*,#9442,.T.);
#14415 = ORIENTED_EDGE('',*,*,#9514,.F.);
#14416 = ADVANCED_FACE('',(#14417),#9656,.T.);
#14417 = FACE_BOUND('',#14418,.T.);
#14418 = EDGE_LOOP('',(#14419,#14420,#14421,#14422));
#14419 = ORIENTED_EDGE('',*,*,#13930,.F.);
#14420 = ORIENTED_EDGE('',*,*,#9640,.T.);
#14421 = ORIENTED_EDGE('',*,*,#9694,.T.);
#14422 = ORIENTED_EDGE('',*,*,#9766,.F.);
#14423 = ADVANCED_FACE('',(#14424),#9908,.T.);
#14424 = FACE_BOUND('',#14425,.T.);
#14425 = EDGE_LOOP('',(#14426,#14427,#14428,#14429));
#14426 = ORIENTED_EDGE('',*,*,#13952,.F.);
#14427 = ORIENTED_EDGE('',*,*,#9892,.T.);
#14428 = ORIENTED_EDGE('',*,*,#9946,.T.);
#14429 = ORIENTED_EDGE('',*,*,#10018,.F.);
#14430 = ADVANCED_FACE('',(#14431),#10160,.T.);
#14431 = FACE_BOUND('',#14432,.T.);
#14432 = EDGE_LOOP('',(#14433,#14434,#14435,#14436));
#14433 = ORIENTED_EDGE('',*,*,#13974,.F.);
#14434 = ORIENTED_EDGE('',*,*,#10144,.T.);
#14435 = ORIENTED_EDGE('',*,*,#10198,.T.);
#14436 = ORIENTED_EDGE('',*,*,#10270,.F.);
#14437 = ADVANCED_FACE('',(#14438),#10412,.T.);
#14438 = FACE_BOUND('',#14439,.T.);
#14439 = EDGE_LOOP('',(#14440,#14441,#14442,#14443));
#14440 = ORIENTED_EDGE('',*,*,#13996,.F.);
#14441 = ORIENTED_EDGE('',*,*,#10396,.T.);
#14442 = ORIENTED_EDGE('',*,*,#10450,.T.);
#14443 = ORIENTED_EDGE('',*,*,#10522,.F.);
#14444 = ADVANCED_FACE('',(#14445),#10664,.T.);
#14445 = FACE_BOUND('',#14446,.T.);
#14446 = EDGE_LOOP('',(#14447,#14448,#14449,#14450));
#14447 = ORIENTED_EDGE('',*,*,#14018,.F.);
#14448 = ORIENTED_EDGE('',*,*,#10648,.T.);
#14449 = ORIENTED_EDGE('',*,*,#10702,.T.);
#14450 = ORIENTED_EDGE('',*,*,#10774,.F.);
#14451 = ADVANCED_FACE('',(#14452),#10916,.T.);
#14452 = FACE_BOUND('',#14453,.T.);
#14453 = EDGE_LOOP('',(#14454,#14455,#14456,#14457));
#14454 = ORIENTED_EDGE('',*,*,#14040,.F.);
#14455 = ORIENTED_EDGE('',*,*,#10900,.T.);
#14456 = ORIENTED_EDGE('',*,*,#10954,.T.);
#14457 = ORIENTED_EDGE('',*,*,#11026,.F.);
#14458 = ADVANCED_FACE('',(#14459),#11168,.T.);
#14459 = FACE_BOUND('',#14460,.T.);
#14460 = EDGE_LOOP('',(#14461,#14462,#14463,#14464));
#14461 = ORIENTED_EDGE('',*,*,#14062,.F.);
#14462 = ORIENTED_EDGE('',*,*,#11152,.T.);
#14463 = ORIENTED_EDGE('',*,*,#11206,.T.);
#14464 = ORIENTED_EDGE('',*,*,#11278,.F.);
#14465 = ADVANCED_FACE('',(#14466),#11420,.T.);
#14466 = FACE_BOUND('',#14467,.T.);
#14467 = EDGE_LOOP('',(#14468,#14469,#14470,#14471));
#14468 = ORIENTED_EDGE('',*,*,#14084,.F.);
#14469 = ORIENTED_EDGE('',*,*,#11404,.T.);
#14470 = ORIENTED_EDGE('',*,*,#11458,.T.);
#14471 = ORIENTED_EDGE('',*,*,#11530,.F.);
#14472 = ADVANCED_FACE('',(#14473),#11672,.T.);
#14473 = FACE_BOUND('',#14474,.T.);
#14474 = EDGE_LOOP('',(#14475,#14476,#14477,#14478));
#14475 = ORIENTED_EDGE('',*,*,#14106,.F.);
#14476 = ORIENTED_EDGE('',*,*,#11656,.T.);
#14477 = ORIENTED_EDGE('',*,*,#11710,.T.);
#14478 = ORIENTED_EDGE('',*,*,#11782,.F.);
#14479 = ADVANCED_FACE('',(#14480),#11924,.T.);
#14480 = FACE_BOUND('',#14481,.T.);
#14481 = EDGE_LOOP('',(#14482,#14483,#14484,#14485));
#14482 = ORIENTED_EDGE('',*,*,#14128,.F.);
#14483 = ORIENTED_EDGE('',*,*,#11908,.T.);
#14484 = ORIENTED_EDGE('',*,*,#11962,.T.);
#14485 = ORIENTED_EDGE('',*,*,#12034,.F.);
#14486 = ADVANCED_FACE('',(#14487),#12176,.T.);
#14487 = FACE_BOUND('',#14488,.T.);
#14488 = EDGE_LOOP('',(#14489,#14490,#14491,#14492));
#14489 = ORIENTED_EDGE('',*,*,#14150,.F.);
#14490 = ORIENTED_EDGE('',*,*,#12160,.T.);
#14491 = ORIENTED_EDGE('',*,*,#12214,.T.);
#14492 = ORIENTED_EDGE('',*,*,#12286,.F.);
#14493 = ADVANCED_FACE('',(#14494),#12428,.T.);
#14494 = FACE_BOUND('',#14495,.T.);
#14495 = EDGE_LOOP('',(#14496,#14497,#14498,#14499));
#14496 = ORIENTED_EDGE('',*,*,#14172,.F.);
#14497 = ORIENTED_EDGE('',*,*,#12412,.T.);
#14498 = ORIENTED_EDGE('',*,*,#12466,.T.);
#14499 = ORIENTED_EDGE('',*,*,#12538,.F.);
#14500 = ADVANCED_FACE('',(#14501),#12680,.T.);
#14501 = FACE_BOUND('',#14502,.T.);
#14502 = EDGE_LOOP('',(#14503,#14504,#14505,#14506));
#14503 = ORIENTED_EDGE('',*,*,#14194,.F.);
#14504 = ORIENTED_EDGE('',*,*,#12664,.T.);
#14505 = ORIENTED_EDGE('',*,*,#12718,.T.);
#14506 = ORIENTED_EDGE('',*,*,#12790,.F.);
#14507 = ADVANCED_FACE('',(#14508),#12932,.T.);
#14508 = FACE_BOUND('',#14509,.T.);
#14509 = EDGE_LOOP('',(#14510,#14511,#14512,#14513));
#14510 = ORIENTED_EDGE('',*,*,#14216,.F.);
#14511 = ORIENTED_EDGE('',*,*,#12916,.T.);
#14512 = ORIENTED_EDGE('',*,*,#12970,.T.);
#14513 = ORIENTED_EDGE('',*,*,#13042,.F.);
#14514 = ADVANCED_FACE('',(#14515),#13219,.F.);
#14515 = FACE_BOUND('',#14516,.T.);
#14516 = EDGE_LOOP('',(#14517,#14518,#14541,#14572));
#14517 = ORIENTED_EDGE('',*,*,#13198,.T.);
#14518 = ORIENTED_EDGE('',*,*,#14519,.T.);
#14519 = EDGE_CURVE('',#13199,#14520,#14522,.T.);
#14520 = VERTEX_POINT('',#14521);
#14521 = CARTESIAN_POINT('',(-16.125,-27.92931927204,9.));
#14522 = SEAM_CURVE('',#14523,(#14527,#14534),.PCURVE_S1.);
#14523 = LINE('',#14524,#14525);
#14524 = CARTESIAN_POINT('',(-16.125,-27.92931927204,-1.));
#14525 = VECTOR('',#14526,1.);
#14526 = DIRECTION('',(0.,0.,1.));
#14527 = PCURVE('',#13219,#14528);
#14528 = DEFINITIONAL_REPRESENTATION('',(#14529),#14533);
#14529 = LINE('',#14530,#14531);
#14530 = CARTESIAN_POINT('',(-6.28318530718,0.));
#14531 = VECTOR('',#14532,1.);
#14532 = DIRECTION('',(-0.,-1.));
#14533 = ( GEOMETRIC_REPRESENTATION_CONTEXT(2) 
PARAMETRIC_REPRESENTATION_CONTEXT() REPRESENTATION_CONTEXT('2D SPACE',''
  ) );
#14534 = PCURVE('',#13219,#14535);
#14535 = DEFINITIONAL_REPRESENTATION('',(#14536),#14540);
#14536 = LINE('',#14537,#14538);
#14537 = CARTESIAN_POINT('',(-0.,0.));
#14538 = VECTOR('',#14539,1.);
#14539 = DIRECTION('',(-0.,-1.));
#14540 = ( GEOMETRIC_REPRESENTATION_CONTEXT(2) 
PARAMETRIC_REPRESENTATION_CONTEXT() REPRESENTATION_CONTEXT('2D SPACE',''
  ) );
#14541 = ORIENTED_EDGE('',*,*,#14542,.F.);
#14542 = EDGE_CURVE('',#14520,#14520,#14543,.T.);
#14543 = SURFACE_CURVE('',#14544,(#14549,#14556),.PCURVE_S1.);
#14544 = CIRCLE('',#14545,4.25);
#14545 = AXIS2_PLACEMENT_3D('',#14546,#14547,#14548);
#14546 = CARTESIAN_POINT('',(-14.,-24.24871130596,9.));
#14547 = DIRECTION('',(-0.,0.,-1.));
#14548 = DIRECTION('',(-0.5,-0.866025403784,0.));
#14549 = PCURVE('',#13219,#14550);
#14550 = DEFINITIONAL_REPRESENTATION('',(#14551),#14555);
#14551 = LINE('',#14552,#14553);
#14552 = CARTESIAN_POINT('',(-6.28318530718,-10.));
#14553 = VECTOR('',#14554,1.);
#14554 = DIRECTION('',(1.,-0.));
#14555 = ( GEOMETRIC_REPRESENTATION_CONTEXT(2) 
PARAMETRIC_REPRESENTATION_CONTEXT() REPRESENTATION_CONTEXT('2D SPACE',''
  ) );
#14556 = PCURVE('',#14557,#14562);
#14557 = PLANE('',#14558);
#14558 = AXIS2_PLACEMENT_3D('',#14559,#14560,#14561);
#14559 = CARTESIAN_POINT('',(-14.,-24.24871130596,9.));
#14560 = DIRECTION('',(0.,0.,1.));
#14561 = DIRECTION('',(-0.5,-0.866025403784,0.));
#14562 = DEFINITIONAL_REPRESENTATION('',(#14563),#14571);
#14563 = ( BOUNDED_CURVE() B_SPLINE_CURVE(2,(#14564,#14565,#14566,#14567
    ,#14568,#14569,#14570),.UNSPECIFIED.,.T.,.F.) 
B_SPLINE_CURVE_WITH_KNOTS((1,2,2,2,2,1),(-2.094395102393,0.,
    2.094395102393,4.188790204786,6.28318530718,8.377580409573),
.UNSPECIFIED.) CURVE() GEOMETRIC_REPRESENTATION_ITEM() 
RATIONAL_B_SPLINE_CURVE((1.,0.5,1.,0.5,1.,0.5,1.)) REPRESENTATION_ITEM(
  '') );
#14564 = CARTESIAN_POINT('',(4.25,1.693846570389E-17));
#14565 = CARTESIAN_POINT('',(4.25,-7.361215932168));
#14566 = CARTESIAN_POINT('',(-2.125,-3.680607966084));
#14567 = CARTESIAN_POINT('',(-8.5,-1.074826710683E-15));
#14568 = CARTESIAN_POINT('',(-2.125,3.680607966084));
#14569 = CARTESIAN_POINT('',(4.25,7.361215932168));
#14570 = CARTESIAN_POINT('',(4.25,1.693846570389E-17));
#14571 = ( GEOMETRIC_REPRESENTATION_CONTEXT(2) 
PARAMETRIC_REPRESENTATION_CONTEXT() REPRESENTATION_CONTEXT('2D SPACE',''
  ) );
#14572 = ORIENTED_EDGE('',*,*,#14519,.F.);
#14573 = ADVANCED_FACE('',(#14574),#13254,.F.);
#14574 = FACE_BOUND('',#14575,.T.);
#14575 = EDGE_LOOP('',(#14576,#14577,#14600,#14631));
#14576 = ORIENTED_EDGE('',*,*,#13233,.T.);
#14577 = ORIENTED_EDGE('',*,*,#14578,.T.);
#14578 = EDGE_CURVE('',#13234,#14579,#14581,.T.);
#14579 = VERTEX_POINT('',#14580);
#14580 = CARTESIAN_POINT('',(16.125,-27.92931927204,9.));
#14581 = SEAM_CURVE('',#14582,(#14586,#14593),.PCURVE_S1.);
#14582 = LINE('',#14583,#14584);
#14583 = CARTESIAN_POINT('',(16.125,-27.92931927204,-1.));
#14584 = VECTOR('',#14585,1.);
#14585 = DIRECTION('',(0.,0.,1.));
#14586 = PCURVE('',#13254,#14587);
#14587 = DEFINITIONAL_REPRESENTATION('',(#14588),#14592);
#14588 = LINE('',#14589,#14590);
#14589 = CARTESIAN_POINT('',(-6.28318530718,0.));
#14590 = VECTOR('',#14591,1.);
#14591 = DIRECTION('',(-0.,-1.));
#14592 = ( GEOMETRIC_REPRESENTATION_CONTEXT(2) 
PARAMETRIC_REPRESENTATION_CONTEXT() REPRESENTATION_CONTEXT('2D SPACE',''
  ) );
#14593 = PCURVE('',#13254,#14594);
#14594 = DEFINITIONAL_REPRESENTATION('',(#14595),#14599);
#14595 = LINE('',#14596,#14597);
#14596 = CARTESIAN_POINT('',(-0.,0.));
#14597 = VECTOR('',#14598,1.);
#14598 = DIRECTION('',(-0.,-1.));
#14599 = ( GEOMETRIC_REPRESENTATION_CONTEXT(2) 
PARAMETRIC_REPRESENTATION_CONTEXT() REPRESENTATION_CONTEXT('2D SPACE',''
  ) );
#14600 = ORIENTED_EDGE('',*,*,#14601,.F.);
#14601 = EDGE_CURVE('',#14579,#14579,#14602,.T.);
#14602 = SURFACE_CURVE('',#14603,(#14608,#14615),.PCURVE_S1.);
#14603 = CIRCLE('',#14604,4.25);
#14604 = AXIS2_PLACEMENT_3D('',#14605,#14606,#14607);
#14605 = CARTESIAN_POINT('',(14.,-24.24871130596,9.));
#14606 = DIRECTION('',(0.,-0.,-1.));
#14607 = DIRECTION('',(0.5,-0.866025403784,0.));
#14608 = PCURVE('',#13254,#14609);
#14609 = DEFINITIONAL_REPRESENTATION('',(#14610),#14614);
#14610 = LINE('',#14611,#14612);
#14611 = CARTESIAN_POINT('',(-6.28318530718,-10.));
#14612 = VECTOR('',#14613,1.);
#14613 = DIRECTION('',(1.,-0.));
#14614 = ( GEOMETRIC_REPRESENTATION_CONTEXT(2) 
PARAMETRIC_REPRESENTATION_CONTEXT() REPRESENTATION_CONTEXT('2D SPACE',''
  ) );
#14615 = PCURVE('',#14616,#14621);
#14616 = PLANE('',#14617);
#14617 = AXIS2_PLACEMENT_3D('',#14618,#14619,#14620);
#14618 = CARTESIAN_POINT('',(14.,-24.24871130596,9.));
#14619 = DIRECTION('',(0.,0.,1.));
#14620 = DIRECTION('',(0.5,-0.866025403784,0.));
#14621 = DEFINITIONAL_REPRESENTATION('',(#14622),#14630);
#14622 = ( BOUNDED_CURVE() B_SPLINE_CURVE(2,(#14623,#14624,#14625,#14626
    ,#14627,#14628,#14629),.UNSPECIFIED.,.T.,.F.) 
B_SPLINE_CURVE_WITH_KNOTS((1,2,2,2,2,1),(-2.094395102393,0.,
    2.094395102393,4.188790204786,6.28318530718,8.377580409573),
.UNSPECIFIED.) CURVE() GEOMETRIC_REPRESENTATION_ITEM() 
RATIONAL_B_SPLINE_CURVE((1.,0.5,1.,0.5,1.,0.5,1.)) REPRESENTATION_ITEM(
  '') );
#14623 = CARTESIAN_POINT('',(4.25,-6.321521460918E-17));
#14624 = CARTESIAN_POINT('',(4.25,-7.361215932168));
#14625 = CARTESIAN_POINT('',(-2.125,-3.680607966084));
#14626 = CARTESIAN_POINT('',(-8.5,-9.145193500569E-16));
#14627 = CARTESIAN_POINT('',(-2.125,3.680607966084));
#14628 = CARTESIAN_POINT('',(4.25,7.361215932168));
#14629 = CARTESIAN_POINT('',(4.25,-6.321521460918E-17));
#14630 = ( GEOMETRIC_REPRESENTATION_CONTEXT(2) 
PARAMETRIC_REPRESENTATION_CONTEXT() REPRESENTATION_CONTEXT('2D SPACE',''
  ) );
#14631 = ORIENTED_EDGE('',*,*,#14578,.F.);
#14632 = ADVANCED_FACE('',(#14633),#13285,.F.);
#14633 = FACE_BOUND('',#14634,.F.);
#14634 = EDGE_LOOP('',(#14635,#14664,#14685,#14686));
#14635 = ORIENTED_EDGE('',*,*,#14636,.F.);
#14636 = EDGE_CURVE('',#14637,#14637,#14639,.T.);
#14637 = VERTEX_POINT('',#14638);
#14638 = CARTESIAN_POINT('',(16.,-3.918869757272E-15,19.));
#14639 = SURFACE_CURVE('',#14640,(#14645,#14652),.PCURVE_S1.);
#14640 = CIRCLE('',#14641,16.);
#14641 = AXIS2_PLACEMENT_3D('',#14642,#14643,#14644);
#14642 = CARTESIAN_POINT('',(0.,0.,19.));
#14643 = DIRECTION('',(0.,0.,1.));
#14644 = DIRECTION('',(1.,0.,-0.));
#14645 = PCURVE('',#13285,#14646);
#14646 = DEFINITIONAL_REPRESENTATION('',(#14647),#14651);
#14647 = LINE('',#14648,#14649);
#14648 = CARTESIAN_POINT('',(0.,47.5));
#14649 = VECTOR('',#14650,1.);
#14650 = DIRECTION('',(1.,0.));
#14651 = ( GEOMETRIC_REPRESENTATION_CONTEXT(2) 
PARAMETRIC_REPRESENTATION_CONTEXT() REPRESENTATION_CONTEXT('2D SPACE',''
  ) );
#14652 = PCURVE('',#14653,#14658);
#14653 = PLANE('',#14654);
#14654 = AXIS2_PLACEMENT_3D('',#14655,#14656,#14657);
#14655 = CARTESIAN_POINT('',(0.,0.,19.));
#14656 = DIRECTION('',(0.,0.,1.));
#14657 = DIRECTION('',(1.,0.,-0.));
#14658 = DEFINITIONAL_REPRESENTATION('',(#14659),#14663);
#14659 = CIRCLE('',#14660,16.);
#14660 = AXIS2_PLACEMENT_2D('',#14661,#14662);
#14661 = CARTESIAN_POINT('',(0.,0.));
#14662 = DIRECTION('',(1.,0.));
#14663 = ( GEOMETRIC_REPRESENTATION_CONTEXT(2) 
PARAMETRIC_REPRESENTATION_CONTEXT() REPRESENTATION_CONTEXT('2D SPACE',''
  ) );
#14664 = ORIENTED_EDGE('',*,*,#14665,.F.);
#14665 = EDGE_CURVE('',#13269,#14637,#14666,.T.);
#14666 = SEAM_CURVE('',#14667,(#14671,#14678),.PCURVE_S1.);
#14667 = LINE('',#14668,#14669);
#14668 = CARTESIAN_POINT('',(16.,-3.918869757272E-15,-28.5));
#14669 = VECTOR('',#14670,1.);
#14670 = DIRECTION('',(0.,0.,1.));
#14671 = PCURVE('',#13285,#14672);
#14672 = DEFINITIONAL_REPRESENTATION('',(#14673),#14677);
#14673 = LINE('',#14674,#14675);
#14674 = CARTESIAN_POINT('',(6.28318530718,-0.));
#14675 = VECTOR('',#14676,1.);
#14676 = DIRECTION('',(0.,1.));
#14677 = ( GEOMETRIC_REPRESENTATION_CONTEXT(2) 
PARAMETRIC_REPRESENTATION_CONTEXT() REPRESENTATION_CONTEXT('2D SPACE',''
  ) );
#14678 = PCURVE('',#13285,#14679);
#14679 = DEFINITIONAL_REPRESENTATION('',(#14680),#14684);
#14680 = LINE('',#14681,#14682);
#14681 = CARTESIAN_POINT('',(0.,-0.));
#14682 = VECTOR('',#14683,1.);
#14683 = DIRECTION('',(0.,1.));
#14684 = ( GEOMETRIC_REPRESENTATION_CONTEXT(2) 
PARAMETRIC_REPRESENTATION_CONTEXT() REPRESENTATION_CONTEXT('2D SPACE',''
  ) );
#14685 = ORIENTED_EDGE('',*,*,#13268,.T.);
#14686 = ORIENTED_EDGE('',*,*,#14665,.T.);
#14687 = ADVANCED_FACE('',(#14688),#13320,.F.);
#14688 = FACE_BOUND('',#14689,.T.);
#14689 = EDGE_LOOP('',(#14690,#14691,#14714,#14745));
#14690 = ORIENTED_EDGE('',*,*,#13299,.T.);
#14691 = ORIENTED_EDGE('',*,*,#14692,.T.);
#14692 = EDGE_CURVE('',#13300,#14693,#14695,.T.);
#14693 = VERTEX_POINT('',#14694);
#14694 = CARTESIAN_POINT('',(32.25,0.,9.));
#14695 = SEAM_CURVE('',#14696,(#14700,#14707),.PCURVE_S1.);
#14696 = LINE('',#14697,#14698);
#14697 = CARTESIAN_POINT('',(32.25,0.,-1.));
#14698 = VECTOR('',#14699,1.);
#14699 = DIRECTION('',(0.,0.,1.));
#14700 = PCURVE('',#13320,#14701);
#14701 = DEFINITIONAL_REPRESENTATION('',(#14702),#14706);
#14702 = LINE('',#14703,#14704);
#14703 = CARTESIAN_POINT('',(-6.28318530718,0.));
#14704 = VECTOR('',#14705,1.);
#14705 = DIRECTION('',(-0.,-1.));
#14706 = ( GEOMETRIC_REPRESENTATION_CONTEXT(2) 
PARAMETRIC_REPRESENTATION_CONTEXT() REPRESENTATION_CONTEXT('2D SPACE',''
  ) );
#14707 = PCURVE('',#13320,#14708);
#14708 = DEFINITIONAL_REPRESENTATION('',(#14709),#14713);
#14709 = LINE('',#14710,#14711);
#14710 = CARTESIAN_POINT('',(-0.,0.));
#14711 = VECTOR('',#14712,1.);
#14712 = DIRECTION('',(-0.,-1.));
#14713 = ( GEOMETRIC_REPRESENTATION_CONTEXT(2) 
PARAMETRIC_REPRESENTATION_CONTEXT() REPRESENTATION_CONTEXT('2D SPACE',''
  ) );
#14714 = ORIENTED_EDGE('',*,*,#14715,.F.);
#14715 = EDGE_CURVE('',#14693,#14693,#14716,.T.);
#14716 = SURFACE_CURVE('',#14717,(#14722,#14729),.PCURVE_S1.);
#14717 = CIRCLE('',#14718,4.25);
#14718 = AXIS2_PLACEMENT_3D('',#14719,#14720,#14721);
#14719 = CARTESIAN_POINT('',(28.,0.,9.));
#14720 = DIRECTION('',(0.,0.,-1.));
#14721 = DIRECTION('',(1.,0.,0.));
#14722 = PCURVE('',#13320,#14723);
#14723 = DEFINITIONAL_REPRESENTATION('',(#14724),#14728);
#14724 = LINE('',#14725,#14726);
#14725 = CARTESIAN_POINT('',(-6.28318530718,-10.));
#14726 = VECTOR('',#14727,1.);
#14727 = DIRECTION('',(1.,-0.));
#14728 = ( GEOMETRIC_REPRESENTATION_CONTEXT(2) 
PARAMETRIC_REPRESENTATION_CONTEXT() REPRESENTATION_CONTEXT('2D SPACE',''
  ) );
#14729 = PCURVE('',#14730,#14735);
#14730 = PLANE('',#14731);
#14731 = AXIS2_PLACEMENT_3D('',#14732,#14733,#14734);
#14732 = CARTESIAN_POINT('',(28.,4.9564344165E-16,9.));
#14733 = DIRECTION('',(0.,0.,1.));
#14734 = DIRECTION('',(1.,0.,0.));
#14735 = DEFINITIONAL_REPRESENTATION('',(#14736),#14744);
#14736 = ( BOUNDED_CURVE() B_SPLINE_CURVE(2,(#14737,#14738,#14739,#14740
    ,#14741,#14742,#14743),.UNSPECIFIED.,.T.,.F.) 
B_SPLINE_CURVE_WITH_KNOTS((1,2,2,2,2,1),(-2.094395102393,0.,
    2.094395102393,4.188790204786,6.28318530718,8.377580409573),
.UNSPECIFIED.) CURVE() GEOMETRIC_REPRESENTATION_ITEM() 
RATIONAL_B_SPLINE_CURVE((1.,0.5,1.,0.5,1.,0.5,1.)) REPRESENTATION_ITEM(
  '') );
#14737 = CARTESIAN_POINT('',(4.25,-4.9564344165E-16));
#14738 = CARTESIAN_POINT('',(4.25,-7.361215932168));
#14739 = CARTESIAN_POINT('',(-2.125,-3.680607966084));
#14740 = CARTESIAN_POINT('',(-8.5,-1.536593220925E-15));
#14741 = CARTESIAN_POINT('',(-2.125,3.680607966084));
#14742 = CARTESIAN_POINT('',(4.25,7.361215932168));
#14743 = CARTESIAN_POINT('',(4.25,-4.9564344165E-16));
#14744 = ( GEOMETRIC_REPRESENTATION_CONTEXT(2) 
PARAMETRIC_REPRESENTATION_CONTEXT() REPRESENTATION_CONTEXT('2D SPACE',''
  ) );
#14745 = ORIENTED_EDGE('',*,*,#14692,.F.);
#14746 = ADVANCED_FACE('',(#14747),#13355,.F.);
#14747 = FACE_BOUND('',#14748,.T.);
#14748 = EDGE_LOOP('',(#14749,#14750,#14773,#14804));
#14749 = ORIENTED_EDGE('',*,*,#13334,.T.);
#14750 = ORIENTED_EDGE('',*,*,#14751,.T.);
#14751 = EDGE_CURVE('',#13335,#14752,#14754,.T.);
#14752 = VERTEX_POINT('',#14753);
#14753 = CARTESIAN_POINT('',(-32.25,3.94948592725E-15,9.));
#14754 = SEAM_CURVE('',#14755,(#14759,#14766),.PCURVE_S1.);
#14755 = LINE('',#14756,#14757);
#14756 = CARTESIAN_POINT('',(-32.25,3.94948592725E-15,-1.));
#14757 = VECTOR('',#14758,1.);
#14758 = DIRECTION('',(0.,0.,1.));
#14759 = PCURVE('',#13355,#14760);
#14760 = DEFINITIONAL_REPRESENTATION('',(#14761),#14765);
#14761 = LINE('',#14762,#14763);
#14762 = CARTESIAN_POINT('',(-6.28318530718,0.));
#14763 = VECTOR('',#14764,1.);
#14764 = DIRECTION('',(-0.,-1.));
#14765 = ( GEOMETRIC_REPRESENTATION_CONTEXT(2) 
PARAMETRIC_REPRESENTATION_CONTEXT() REPRESENTATION_CONTEXT('2D SPACE',''
  ) );
#14766 = PCURVE('',#13355,#14767);
#14767 = DEFINITIONAL_REPRESENTATION('',(#14768),#14772);
#14768 = LINE('',#14769,#14770);
#14769 = CARTESIAN_POINT('',(-0.,0.));
#14770 = VECTOR('',#14771,1.);
#14771 = DIRECTION('',(-0.,-1.));
#14772 = ( GEOMETRIC_REPRESENTATION_CONTEXT(2) 
PARAMETRIC_REPRESENTATION_CONTEXT() REPRESENTATION_CONTEXT('2D SPACE',''
  ) );
#14773 = ORIENTED_EDGE('',*,*,#14774,.F.);
#14774 = EDGE_CURVE('',#14752,#14752,#14775,.T.);
#14775 = SURFACE_CURVE('',#14776,(#14781,#14788),.PCURVE_S1.);
#14776 = CIRCLE('',#14777,4.25);
#14777 = AXIS2_PLACEMENT_3D('',#14778,#14779,#14780);
#14778 = CARTESIAN_POINT('',(-28.,3.429011037613E-15,9.));
#14779 = DIRECTION('',(-0.,0.,-1.));
#14780 = DIRECTION('',(-1.,1.224646799147E-16,0.));
#14781 = PCURVE('',#13355,#14782);
#14782 = DEFINITIONAL_REPRESENTATION('',(#14783),#14787);
#14783 = LINE('',#14784,#14785);
#14784 = CARTESIAN_POINT('',(-6.28318530718,-10.));
#14785 = VECTOR('',#14786,1.);
#14786 = DIRECTION('',(1.,-0.));
#14787 = ( GEOMETRIC_REPRESENTATION_CONTEXT(2) 
PARAMETRIC_REPRESENTATION_CONTEXT() REPRESENTATION_CONTEXT('2D SPACE',''
  ) );
#14788 = PCURVE('',#14789,#14794);
#14789 = PLANE('',#14790);
#14790 = AXIS2_PLACEMENT_3D('',#14791,#14792,#14793);
#14791 = CARTESIAN_POINT('',(-28.,2.933367595963E-15,9.));
#14792 = DIRECTION('',(0.,0.,1.));
#14793 = DIRECTION('',(-1.,1.224646799147E-16,0.));
#14794 = DEFINITIONAL_REPRESENTATION('',(#14795),#14803);
#14795 = ( BOUNDED_CURVE() B_SPLINE_CURVE(2,(#14796,#14797,#14798,#14799
    ,#14800,#14801,#14802),.UNSPECIFIED.,.T.,.F.) 
B_SPLINE_CURVE_WITH_KNOTS((1,2,2,2,2,1),(-2.094395102393,0.,
    2.094395102393,4.188790204786,6.28318530718,8.377580409573),
.UNSPECIFIED.) CURVE() GEOMETRIC_REPRESENTATION_ITEM() 
RATIONAL_B_SPLINE_CURVE((1.,0.5,1.,0.5,1.,0.5,1.)) REPRESENTATION_ITEM(
  '') );
#14796 = CARTESIAN_POINT('',(4.25,-4.9564344165E-16));
#14797 = CARTESIAN_POINT('',(4.25,-7.361215932168));
#14798 = CARTESIAN_POINT('',(-2.125,-3.680607966084));
#14799 = CARTESIAN_POINT('',(-8.5,-1.536593220925E-15));
#14800 = CARTESIAN_POINT('',(-2.125,3.680607966084));
#14801 = CARTESIAN_POINT('',(4.25,7.361215932168));
#14802 = CARTESIAN_POINT('',(4.25,-4.9564344165E-16));
#14803 = ( GEOMETRIC_REPRESENTATION_CONTEXT(2) 
PARAMETRIC_REPRESENTATION_CONTEXT() REPRESENTATION_CONTEXT('2D SPACE',''
  ) );
#14804 = ORIENTED_EDGE('',*,*,#14751,.F.);
#14805 = ADVANCED_FACE('',(#14806),#13390,.F.);
#14806 = FACE_BOUND('',#14807,.T.);
#14807 = EDGE_LOOP('',(#14808,#14809,#14832,#14863));
#14808 = ORIENTED_EDGE('',*,*,#13369,.T.);
#14809 = ORIENTED_EDGE('',*,*,#14810,.T.);
#14810 = EDGE_CURVE('',#13370,#14811,#14813,.T.);
#14811 = VERTEX_POINT('',#14812);
#14812 = CARTESIAN_POINT('',(-16.125,27.929319272048,9.));
#14813 = SEAM_CURVE('',#14814,(#14818,#14825),.PCURVE_S1.);
#14814 = LINE('',#14815,#14816);
#14815 = CARTESIAN_POINT('',(-16.125,27.929319272048,-1.));
#14816 = VECTOR('',#14817,1.);
#14817 = DIRECTION('',(0.,0.,1.));
#14818 = PCURVE('',#13390,#14819);
#14819 = DEFINITIONAL_REPRESENTATION('',(#14820),#14824);
#14820 = LINE('',#14821,#14822);
#14821 = CARTESIAN_POINT('',(-6.28318530718,0.));
#14822 = VECTOR('',#14823,1.);
#14823 = DIRECTION('',(-0.,-1.));
#14824 = ( GEOMETRIC_REPRESENTATION_CONTEXT(2) 
PARAMETRIC_REPRESENTATION_CONTEXT() REPRESENTATION_CONTEXT('2D SPACE',''
  ) );
#14825 = PCURVE('',#13390,#14826);
#14826 = DEFINITIONAL_REPRESENTATION('',(#14827),#14831);
#14827 = LINE('',#14828,#14829);
#14828 = CARTESIAN_POINT('',(-0.,0.));
#14829 = VECTOR('',#14830,1.);
#14830 = DIRECTION('',(-0.,-1.));
#14831 = ( GEOMETRIC_REPRESENTATION_CONTEXT(2) 
PARAMETRIC_REPRESENTATION_CONTEXT() REPRESENTATION_CONTEXT('2D SPACE',''
  ) );
#14832 = ORIENTED_EDGE('',*,*,#14833,.F.);
#14833 = EDGE_CURVE('',#14811,#14811,#14834,.T.);
#14834 = SURFACE_CURVE('',#14835,(#14840,#14847),.PCURVE_S1.);
#14835 = CIRCLE('',#14836,4.25);
#14836 = AXIS2_PLACEMENT_3D('',#14837,#14838,#14839);
#14837 = CARTESIAN_POINT('',(-14.,24.248711305964,9.));
#14838 = DIRECTION('',(-0.,0.,-1.));
#14839 = DIRECTION('',(-0.5,0.866025403784,0.));
#14840 = PCURVE('',#13390,#14841);
#14841 = DEFINITIONAL_REPRESENTATION('',(#14842),#14846);
#14842 = LINE('',#14843,#14844);
#14843 = CARTESIAN_POINT('',(-6.28318530718,-10.));
#14844 = VECTOR('',#14845,1.);
#14845 = DIRECTION('',(1.,-0.));
#14846 = ( GEOMETRIC_REPRESENTATION_CONTEXT(2) 
PARAMETRIC_REPRESENTATION_CONTEXT() REPRESENTATION_CONTEXT('2D SPACE',''
  ) );
#14847 = PCURVE('',#14848,#14853);
#14848 = PLANE('',#14849);
#14849 = AXIS2_PLACEMENT_3D('',#14850,#14851,#14852);
#14850 = CARTESIAN_POINT('',(-14.,24.248711305964,9.));
#14851 = DIRECTION('',(0.,0.,1.));
#14852 = DIRECTION('',(-0.5,0.866025403784,0.));
#14853 = DEFINITIONAL_REPRESENTATION('',(#14854),#14862);
#14854 = ( BOUNDED_CURVE() B_SPLINE_CURVE(2,(#14855,#14856,#14857,#14858
    ,#14859,#14860,#14861),.UNSPECIFIED.,.T.,.F.) 
B_SPLINE_CURVE_WITH_KNOTS((1,2,2,2,2,1),(-2.094395102393,0.,
    2.094395102393,4.188790204786,6.28318530718,8.377580409573),
.UNSPECIFIED.) CURVE() GEOMETRIC_REPRESENTATION_ITEM() 
RATIONAL_B_SPLINE_CURVE((1.,0.5,1.,0.5,1.,0.5,1.)) REPRESENTATION_ITEM(
  '') );
#14855 = CARTESIAN_POINT('',(4.25,9.482282191378E-17));
#14856 = CARTESIAN_POINT('',(4.25,-7.361215932168));
#14857 = CARTESIAN_POINT('',(-2.125,-3.680607966084));
#14858 = CARTESIAN_POINT('',(-8.5,-1.230595423103E-15));
#14859 = CARTESIAN_POINT('',(-2.125,3.680607966084));
#14860 = CARTESIAN_POINT('',(4.25,7.361215932168));
#14861 = CARTESIAN_POINT('',(4.25,9.482282191378E-17));
#14862 = ( GEOMETRIC_REPRESENTATION_CONTEXT(2) 
PARAMETRIC_REPRESENTATION_CONTEXT() REPRESENTATION_CONTEXT('2D SPACE',''
  ) );
#14863 = ORIENTED_EDGE('',*,*,#14810,.F.);
#14864 = ADVANCED_FACE('',(#14865),#13425,.F.);
#14865 = FACE_BOUND('',#14866,.T.);
#14866 = EDGE_LOOP('',(#14867,#14868,#14891,#14922));
#14867 = ORIENTED_EDGE('',*,*,#13404,.T.);
#14868 = ORIENTED_EDGE('',*,*,#14869,.T.);
#14869 = EDGE_CURVE('',#13405,#14870,#14872,.T.);
#14870 = VERTEX_POINT('',#14871);
#14871 = CARTESIAN_POINT('',(16.125,27.929319272048,9.));
#14872 = SEAM_CURVE('',#14873,(#14877,#14884),.PCURVE_S1.);
#14873 = LINE('',#14874,#14875);
#14874 = CARTESIAN_POINT('',(16.125,27.929319272048,-1.));
#14875 = VECTOR('',#14876,1.);
#14876 = DIRECTION('',(0.,0.,1.));
#14877 = PCURVE('',#13425,#14878);
#14878 = DEFINITIONAL_REPRESENTATION('',(#14879),#14883);
#14879 = LINE('',#14880,#14881);
#14880 = CARTESIAN_POINT('',(-6.28318530718,0.));
#14881 = VECTOR('',#14882,1.);
#14882 = DIRECTION('',(-0.,-1.));
#14883 = ( GEOMETRIC_REPRESENTATION_CONTEXT(2) 
PARAMETRIC_REPRESENTATION_CONTEXT() REPRESENTATION_CONTEXT('2D SPACE',''
  ) );
#14884 = PCURVE('',#13425,#14885);
#14885 = DEFINITIONAL_REPRESENTATION('',(#14886),#14890);
#14886 = LINE('',#14887,#14888);
#14887 = CARTESIAN_POINT('',(-0.,0.));
#14888 = VECTOR('',#14889,1.);
#14889 = DIRECTION('',(-0.,-1.));
#14890 = ( GEOMETRIC_REPRESENTATION_CONTEXT(2) 
PARAMETRIC_REPRESENTATION_CONTEXT() REPRESENTATION_CONTEXT('2D SPACE',''
  ) );
#14891 = ORIENTED_EDGE('',*,*,#14892,.F.);
#14892 = EDGE_CURVE('',#14870,#14870,#14893,.T.);
#14893 = SURFACE_CURVE('',#14894,(#14899,#14906),.PCURVE_S1.);
#14894 = CIRCLE('',#14895,4.25);
#14895 = AXIS2_PLACEMENT_3D('',#14896,#14897,#14898);
#14896 = CARTESIAN_POINT('',(14.,24.248711305964,9.));
#14897 = DIRECTION('',(0.,0.,-1.));
#14898 = DIRECTION('',(0.5,0.866025403784,0.));
#14899 = PCURVE('',#13425,#14900);
#14900 = DEFINITIONAL_REPRESENTATION('',(#14901),#14905);
#14901 = LINE('',#14902,#14903);
#14902 = CARTESIAN_POINT('',(-6.28318530718,-10.));
#14903 = VECTOR('',#14904,1.);
#14904 = DIRECTION('',(1.,-0.));
#14905 = ( GEOMETRIC_REPRESENTATION_CONTEXT(2) 
PARAMETRIC_REPRESENTATION_CONTEXT() REPRESENTATION_CONTEXT('2D SPACE',''
  ) );
#14906 = PCURVE('',#14907,#14912);
#14907 = PLANE('',#14908);
#14908 = AXIS2_PLACEMENT_3D('',#14909,#14910,#14911);
#14909 = CARTESIAN_POINT('',(14.,24.248711305964,9.));
#14910 = DIRECTION('',(0.,0.,1.));
#14911 = DIRECTION('',(0.5,0.866025403784,0.));
#14912 = DEFINITIONAL_REPRESENTATION('',(#14913),#14921);
#14913 = ( BOUNDED_CURVE() B_SPLINE_CURVE(2,(#14914,#14915,#14916,#14917
    ,#14918,#14919,#14920),.UNSPECIFIED.,.T.,.F.) 
B_SPLINE_CURVE_WITH_KNOTS((1,2,2,2,2,1),(-2.094395102393,0.,
    2.094395102393,4.188790204786,6.28318530718,8.377580409573),
.UNSPECIFIED.) CURVE() GEOMETRIC_REPRESENTATION_ITEM() 
RATIONAL_B_SPLINE_CURVE((1.,0.5,1.,0.5,1.,0.5,1.)) REPRESENTATION_ITEM(
  '') );
#14914 = CARTESIAN_POINT('',(4.25,6.321521460918E-17));
#14915 = CARTESIAN_POINT('',(4.25,-7.361215932168));
#14916 = CARTESIAN_POINT('',(-2.125,-3.680607966084));
#14917 = CARTESIAN_POINT('',(-8.5,-1.167380208494E-15));
#14918 = CARTESIAN_POINT('',(-2.125,3.680607966084));
#14919 = CARTESIAN_POINT('',(4.25,7.361215932168));
#14920 = CARTESIAN_POINT('',(4.25,6.321521460918E-17));
#14921 = ( GEOMETRIC_REPRESENTATION_CONTEXT(2) 
PARAMETRIC_REPRESENTATION_CONTEXT() REPRESENTATION_CONTEXT('2D SPACE',''
  ) );
#14922 = ORIENTED_EDGE('',*,*,#14869,.F.);
#14923 = ADVANCED_FACE('',(#14924),#14258,.F.);
#14924 = FACE_BOUND('',#14925,.F.);
#14925 = EDGE_LOOP('',(#14926,#14927,#14950,#14977));
#14926 = ORIENTED_EDGE('',*,*,#14241,.F.);
#14927 = ORIENTED_EDGE('',*,*,#14928,.F.);
#14928 = EDGE_CURVE('',#14929,#14242,#14931,.T.);
#14929 = VERTEX_POINT('',#14930);
#14930 = CARTESIAN_POINT('',(75.,-1.836970198721E-14,15.));
#14931 = SEAM_CURVE('',#14932,(#14936,#14943),.PCURVE_S1.);
#14932 = LINE('',#14933,#14934);
#14933 = CARTESIAN_POINT('',(75.,-1.836970198721E-14,15.));
#14934 = VECTOR('',#14935,1.);
#14935 = DIRECTION('',(0.,0.,1.));
#14936 = PCURVE('',#14258,#14937);
#14937 = DEFINITIONAL_REPRESENTATION('',(#14938),#14942);
#14938 = LINE('',#14939,#14940);
#14939 = CARTESIAN_POINT('',(6.28318530718,-0.));
#14940 = VECTOR('',#14941,1.);
#14941 = DIRECTION('',(0.,1.));
#14942 = ( GEOMETRIC_REPRESENTATION_CONTEXT(2) 
PARAMETRIC_REPRESENTATION_CONTEXT() REPRESENTATION_CONTEXT('2D SPACE',''
  ) );
#14943 = PCURVE('',#14258,#14944);
#14944 = DEFINITIONAL_REPRESENTATION('',(#14945),#14949);
#14945 = LINE('',#14946,#14947);
#14946 = CARTESIAN_POINT('',(0.,-0.));
#14947 = VECTOR('',#14948,1.);
#14948 = DIRECTION('',(0.,1.));
#14949 = ( GEOMETRIC_REPRESENTATION_CONTEXT(2) 
PARAMETRIC_REPRESENTATION_CONTEXT() REPRESENTATION_CONTEXT('2D SPACE',''
  ) );
#14950 = ORIENTED_EDGE('',*,*,#14951,.T.);
#14951 = EDGE_CURVE('',#14929,#14929,#14952,.T.);
#14952 = SURFACE_CURVE('',#14953,(#14958,#14965),.PCURVE_S1.);
#14953 = CIRCLE('',#14954,75.);
#14954 = AXIS2_PLACEMENT_3D('',#14955,#14956,#14957);
#14955 = CARTESIAN_POINT('',(0.,0.,15.));
#14956 = DIRECTION('',(0.,0.,1.));
#14957 = DIRECTION('',(1.,0.,-0.));
#14958 = PCURVE('',#14258,#14959);
#14959 = DEFINITIONAL_REPRESENTATION('',(#14960),#14964);
#14960 = LINE('',#14961,#14962);
#14961 = CARTESIAN_POINT('',(0.,0.));
#14962 = VECTOR('',#14963,1.);
#14963 = DIRECTION('',(1.,0.));
#14964 = ( GEOMETRIC_REPRESENTATION_CONTEXT(2) 
PARAMETRIC_REPRESENTATION_CONTEXT() REPRESENTATION_CONTEXT('2D SPACE',''
  ) );
#14965 = PCURVE('',#14966,#14971);
#14966 = PLANE('',#14967);
#14967 = AXIS2_PLACEMENT_3D('',#14968,#14969,#14970);
#14968 = CARTESIAN_POINT('',(0.,0.,15.));
#14969 = DIRECTION('',(0.,0.,1.));
#14970 = DIRECTION('',(1.,0.,-0.));
#14971 = DEFINITIONAL_REPRESENTATION('',(#14972),#14976);
#14972 = CIRCLE('',#14973,75.);
#14973 = AXIS2_PLACEMENT_2D('',#14974,#14975);
#14974 = CARTESIAN_POINT('',(0.,0.));
#14975 = DIRECTION('',(1.,0.));
#14976 = ( GEOMETRIC_REPRESENTATION_CONTEXT(2) 
PARAMETRIC_REPRESENTATION_CONTEXT() REPRESENTATION_CONTEXT('2D SPACE',''
  ) );
#14977 = ORIENTED_EDGE('',*,*,#14928,.T.);
#14978 = ADVANCED_FACE('',(#14979,#15010),#14557,.T.);
#14979 = FACE_BOUND('',#14980,.T.);
#14980 = EDGE_LOOP('',(#14981));
#14981 = ORIENTED_EDGE('',*,*,#14982,.T.);
#14982 = EDGE_CURVE('',#14983,#14983,#14985,.T.);
#14983 = VERTEX_POINT('',#14984);
#14984 = CARTESIAN_POINT('',(-17.5,-30.31088913245,9.));
#14985 = SURFACE_CURVE('',#14986,(#14991,#14998),.PCURVE_S1.);
#14986 = CIRCLE('',#14987,7.);
#14987 = AXIS2_PLACEMENT_3D('',#14988,#14989,#14990);
#14988 = CARTESIAN_POINT('',(-14.,-24.24871130596,9.));
#14989 = DIRECTION('',(0.,0.,1.));
#14990 = DIRECTION('',(-0.5,-0.866025403784,0.));
#14991 = PCURVE('',#14557,#14992);
#14992 = DEFINITIONAL_REPRESENTATION('',(#14993),#14997);
#14993 = CIRCLE('',#14994,7.);
#14994 = AXIS2_PLACEMENT_2D('',#14995,#14996);
#14995 = CARTESIAN_POINT('',(3.906971807255E-16,-4.9564344165E-16));
#14996 = DIRECTION('',(1.,0.));
#14997 = ( GEOMETRIC_REPRESENTATION_CONTEXT(2) 
PARAMETRIC_REPRESENTATION_CONTEXT() REPRESENTATION_CONTEXT('2D SPACE',''
  ) );
#14998 = PCURVE('',#14999,#15004);
#14999 = CYLINDRICAL_SURFACE('',#15000,7.);
#15000 = AXIS2_PLACEMENT_3D('',#15001,#15002,#15003);
#15001 = CARTESIAN_POINT('',(-14.,-24.24871130596,20.));
#15002 = DIRECTION('',(0.,0.,1.));
#15003 = DIRECTION('',(-0.5,-0.866025403784,0.));
#15004 = DEFINITIONAL_REPRESENTATION('',(#15005),#15009);
#15005 = LINE('',#15006,#15007);
#15006 = CARTESIAN_POINT('',(0.,-11.));
#15007 = VECTOR('',#15008,1.);
#15008 = DIRECTION('',(1.,0.));
#15009 = ( GEOMETRIC_REPRESENTATION_CONTEXT(2) 
PARAMETRIC_REPRESENTATION_CONTEXT() REPRESENTATION_CONTEXT('2D SPACE',''
  ) );
#15010 = FACE_BOUND('',#15011,.T.);
#15011 = EDGE_LOOP('',(#15012));
#15012 = ORIENTED_EDGE('',*,*,#14542,.T.);
#15013 = ADVANCED_FACE('',(#15014,#15045),#14616,.T.);
#15014 = FACE_BOUND('',#15015,.T.);
#15015 = EDGE_LOOP('',(#15016));
#15016 = ORIENTED_EDGE('',*,*,#15017,.T.);
#15017 = EDGE_CURVE('',#15018,#15018,#15020,.T.);
#15018 = VERTEX_POINT('',#15019);
#15019 = CARTESIAN_POINT('',(17.5,-30.31088913245,9.));
#15020 = SURFACE_CURVE('',#15021,(#15026,#15033),.PCURVE_S1.);
#15021 = CIRCLE('',#15022,7.);
#15022 = AXIS2_PLACEMENT_3D('',#15023,#15024,#15025);
#15023 = CARTESIAN_POINT('',(14.,-24.24871130596,9.));
#15024 = DIRECTION('',(-0.,0.,1.));
#15025 = DIRECTION('',(0.5,-0.866025403784,0.));
#15026 = PCURVE('',#14616,#15027);
#15027 = DEFINITIONAL_REPRESENTATION('',(#15028),#15032);
#15028 = CIRCLE('',#15029,7.);
#15029 = AXIS2_PLACEMENT_2D('',#15030,#15031);
#15030 = CARTESIAN_POINT('',(3.906971807255E-16,-4.9564344165E-16));
#15031 = DIRECTION('',(1.,0.));
#15032 = ( GEOMETRIC_REPRESENTATION_CONTEXT(2) 
PARAMETRIC_REPRESENTATION_CONTEXT() REPRESENTATION_CONTEXT('2D SPACE',''
  ) );
#15033 = PCURVE('',#15034,#15039);
#15034 = CYLINDRICAL_SURFACE('',#15035,7.);
#15035 = AXIS2_PLACEMENT_3D('',#15036,#15037,#15038);
#15036 = CARTESIAN_POINT('',(14.,-24.24871130596,20.));
#15037 = DIRECTION('',(-0.,0.,1.));
#15038 = DIRECTION('',(0.5,-0.866025403784,0.));
#15039 = DEFINITIONAL_REPRESENTATION('',(#15040),#15044);
#15040 = LINE('',#15041,#15042);
#15041 = CARTESIAN_POINT('',(0.,-11.));
#15042 = VECTOR('',#15043,1.);
#15043 = DIRECTION('',(1.,0.));
#15044 = ( GEOMETRIC_REPRESENTATION_CONTEXT(2) 
PARAMETRIC_REPRESENTATION_CONTEXT() REPRESENTATION_CONTEXT('2D SPACE',''
  ) );
#15045 = FACE_BOUND('',#15046,.T.);
#15046 = EDGE_LOOP('',(#15047));
#15047 = ORIENTED_EDGE('',*,*,#14601,.T.);
#15048 = ADVANCED_FACE('',(#15049,#15080,#15106,#15132,#15135,#15166,
    #15197,#15228),#14653,.T.);
#15049 = FACE_BOUND('',#15050,.T.);
#15050 = EDGE_LOOP('',(#15051));
#15051 = ORIENTED_EDGE('',*,*,#15052,.T.);
#15052 = EDGE_CURVE('',#15053,#15053,#15055,.T.);
#15053 = VERTEX_POINT('',#15054);
#15054 = CARTESIAN_POINT('',(37.,-9.06238631369E-15,19.));
#15055 = SURFACE_CURVE('',#15056,(#15061,#15068),.PCURVE_S1.);
#15056 = CIRCLE('',#15057,37.);
#15057 = AXIS2_PLACEMENT_3D('',#15058,#15059,#15060);
#15058 = CARTESIAN_POINT('',(0.,0.,19.));
#15059 = DIRECTION('',(0.,0.,1.));
#15060 = DIRECTION('',(1.,0.,-0.));
#15061 = PCURVE('',#14653,#15062);
#15062 = DEFINITIONAL_REPRESENTATION('',(#15063),#15067);
#15063 = CIRCLE('',#15064,37.);
#15064 = AXIS2_PLACEMENT_2D('',#15065,#15066);
#15065 = CARTESIAN_POINT('',(0.,0.));
#15066 = DIRECTION('',(1.,0.));
#15067 = ( GEOMETRIC_REPRESENTATION_CONTEXT(2) 
PARAMETRIC_REPRESENTATION_CONTEXT() REPRESENTATION_CONTEXT('2D SPACE',''
  ) );
#15068 = PCURVE('',#15069,#15074);
#15069 = CYLINDRICAL_SURFACE('',#15070,37.);
#15070 = AXIS2_PLACEMENT_3D('',#15071,#15072,#15073);
#15071 = CARTESIAN_POINT('',(0.,0.,14.5));
#15072 = DIRECTION('',(0.,0.,1.));
#15073 = DIRECTION('',(1.,0.,-0.));
#15074 = DEFINITIONAL_REPRESENTATION('',(#15075),#15079);
#15075 = LINE('',#15076,#15077);
#15076 = CARTESIAN_POINT('',(0.,4.5));
#15077 = VECTOR('',#15078,1.);
#15078 = DIRECTION('',(1.,0.));
#15079 = ( GEOMETRIC_REPRESENTATION_CONTEXT(2) 
PARAMETRIC_REPRESENTATION_CONTEXT() REPRESENTATION_CONTEXT('2D SPACE',''
  ) );
#15080 = FACE_BOUND('',#15081,.T.);
#15081 = EDGE_LOOP('',(#15082));
#15082 = ORIENTED_EDGE('',*,*,#15083,.F.);
#15083 = EDGE_CURVE('',#15084,#15084,#15086,.T.);
#15084 = VERTEX_POINT('',#15085);
#15085 = CARTESIAN_POINT('',(-17.5,-30.31088913245,19.));
#15086 = SURFACE_CURVE('',#15087,(#15092,#15099),.PCURVE_S1.);
#15087 = CIRCLE('',#15088,7.);
#15088 = AXIS2_PLACEMENT_3D('',#15089,#15090,#15091);
#15089 = CARTESIAN_POINT('',(-14.,-24.24871130596,19.));
#15090 = DIRECTION('',(0.,0.,1.));
#15091 = DIRECTION('',(-0.5,-0.866025403784,0.));
#15092 = PCURVE('',#14653,#15093);
#15093 = DEFINITIONAL_REPRESENTATION('',(#15094),#15098);
#15094 = CIRCLE('',#15095,7.);
#15095 = AXIS2_PLACEMENT_2D('',#15096,#15097);
#15096 = CARTESIAN_POINT('',(-14.,-24.24871130596));
#15097 = DIRECTION('',(-0.5,-0.866025403784));
#15098 = ( GEOMETRIC_REPRESENTATION_CONTEXT(2) 
PARAMETRIC_REPRESENTATION_CONTEXT() REPRESENTATION_CONTEXT('2D SPACE',''
  ) );
#15099 = PCURVE('',#14999,#15100);
#15100 = DEFINITIONAL_REPRESENTATION('',(#15101),#15105);
#15101 = LINE('',#15102,#15103);
#15102 = CARTESIAN_POINT('',(0.,-1.));
#15103 = VECTOR('',#15104,1.);
#15104 = DIRECTION('',(1.,0.));
#15105 = ( GEOMETRIC_REPRESENTATION_CONTEXT(2) 
PARAMETRIC_REPRESENTATION_CONTEXT() REPRESENTATION_CONTEXT('2D SPACE',''
  ) );
#15106 = FACE_BOUND('',#15107,.T.);
#15107 = EDGE_LOOP('',(#15108));
#15108 = ORIENTED_EDGE('',*,*,#15109,.F.);
#15109 = EDGE_CURVE('',#15110,#15110,#15112,.T.);
#15110 = VERTEX_POINT('',#15111);
#15111 = CARTESIAN_POINT('',(17.5,-30.31088913245,19.));
#15112 = SURFACE_CURVE('',#15113,(#15118,#15125),.PCURVE_S1.);
#15113 = CIRCLE('',#15114,7.);
#15114 = AXIS2_PLACEMENT_3D('',#15115,#15116,#15117);
#15115 = CARTESIAN_POINT('',(14.,-24.24871130596,19.));
#15116 = DIRECTION('',(-0.,0.,1.));
#15117 = DIRECTION('',(0.5,-0.866025403784,0.));
#15118 = PCURVE('',#14653,#15119);
#15119 = DEFINITIONAL_REPRESENTATION('',(#15120),#15124);
#15120 = CIRCLE('',#15121,7.);
#15121 = AXIS2_PLACEMENT_2D('',#15122,#15123);
#15122 = CARTESIAN_POINT('',(14.,-24.24871130596));
#15123 = DIRECTION('',(0.5,-0.866025403784));
#15124 = ( GEOMETRIC_REPRESENTATION_CONTEXT(2) 
PARAMETRIC_REPRESENTATION_CONTEXT() REPRESENTATION_CONTEXT('2D SPACE',''
  ) );
#15125 = PCURVE('',#15034,#15126);
#15126 = DEFINITIONAL_REPRESENTATION('',(#15127),#15131);
#15127 = LINE('',#15128,#15129);
#15128 = CARTESIAN_POINT('',(1.487416814334E-17,-1.));
#15129 = VECTOR('',#15130,1.);
#15130 = DIRECTION('',(1.,0.));
#15131 = ( GEOMETRIC_REPRESENTATION_CONTEXT(2) 
PARAMETRIC_REPRESENTATION_CONTEXT() REPRESENTATION_CONTEXT('2D SPACE',''
  ) );
#15132 = FACE_BOUND('',#15133,.T.);
#15133 = EDGE_LOOP('',(#15134));
#15134 = ORIENTED_EDGE('',*,*,#14636,.F.);
#15135 = FACE_BOUND('',#15136,.T.);
#15136 = EDGE_LOOP('',(#15137));
#15137 = ORIENTED_EDGE('',*,*,#15138,.F.);
#15138 = EDGE_CURVE('',#15139,#15139,#15141,.T.);
#15139 = VERTEX_POINT('',#15140);
#15140 = CARTESIAN_POINT('',(35.,0.,19.));
#15141 = SURFACE_CURVE('',#15142,(#15147,#15154),.PCURVE_S1.);
#15142 = CIRCLE('',#15143,7.);
#15143 = AXIS2_PLACEMENT_3D('',#15144,#15145,#15146);
#15144 = CARTESIAN_POINT('',(28.,0.,19.));
#15145 = DIRECTION('',(0.,0.,1.));
#15146 = DIRECTION('',(1.,0.,-0.));
#15147 = PCURVE('',#14653,#15148);
#15148 = DEFINITIONAL_REPRESENTATION('',(#15149),#15153);
#15149 = CIRCLE('',#15150,7.);
#15150 = AXIS2_PLACEMENT_2D('',#15151,#15152);
#15151 = CARTESIAN_POINT('',(28.,0.));
#15152 = DIRECTION('',(1.,0.));
#15153 = ( GEOMETRIC_REPRESENTATION_CONTEXT(2) 
PARAMETRIC_REPRESENTATION_CONTEXT() REPRESENTATION_CONTEXT('2D SPACE',''
  ) );
#15154 = PCURVE('',#15155,#15160);
#15155 = CYLINDRICAL_SURFACE('',#15156,7.);
#15156 = AXIS2_PLACEMENT_3D('',#15157,#15158,#15159);
#15157 = CARTESIAN_POINT('',(28.,0.,20.));
#15158 = DIRECTION('',(0.,0.,1.));
#15159 = DIRECTION('',(1.,0.,0.));
#15160 = DEFINITIONAL_REPRESENTATION('',(#15161),#15165);
#15161 = LINE('',#15162,#15163);
#15162 = CARTESIAN_POINT('',(0.,-1.));
#15163 = VECTOR('',#15164,1.);
#15164 = DIRECTION('',(1.,0.));
#15165 = ( GEOMETRIC_REPRESENTATION_CONTEXT(2) 
PARAMETRIC_REPRESENTATION_CONTEXT() REPRESENTATION_CONTEXT('2D SPACE',''
  ) );
#15166 = FACE_BOUND('',#15167,.T.);
#15167 = EDGE_LOOP('',(#15168));
#15168 = ORIENTED_EDGE('',*,*,#15169,.F.);
#15169 = EDGE_CURVE('',#15170,#15170,#15172,.T.);
#15170 = VERTEX_POINT('',#15171);
#15171 = CARTESIAN_POINT('',(-35.,4.286263797016E-15,19.));
#15172 = SURFACE_CURVE('',#15173,(#15178,#15185),.PCURVE_S1.);
#15173 = CIRCLE('',#15174,7.);
#15174 = AXIS2_PLACEMENT_3D('',#15175,#15176,#15177);
#15175 = CARTESIAN_POINT('',(-28.,3.429011037613E-15,19.));
#15176 = DIRECTION('',(0.,0.,1.));
#15177 = DIRECTION('',(-1.,1.224646799147E-16,0.));
#15178 = PCURVE('',#14653,#15179);
#15179 = DEFINITIONAL_REPRESENTATION('',(#15180),#15184);
#15180 = CIRCLE('',#15181,7.);
#15181 = AXIS2_PLACEMENT_2D('',#15182,#15183);
#15182 = CARTESIAN_POINT('',(-28.,3.429011037613E-15));
#15183 = DIRECTION('',(-1.,1.224646799147E-16));
#15184 = ( GEOMETRIC_REPRESENTATION_CONTEXT(2) 
PARAMETRIC_REPRESENTATION_CONTEXT() REPRESENTATION_CONTEXT('2D SPACE',''
  ) );
#15185 = PCURVE('',#15186,#15191);
#15186 = CYLINDRICAL_SURFACE('',#15187,7.);
#15187 = AXIS2_PLACEMENT_3D('',#15188,#15189,#15190);
#15188 = CARTESIAN_POINT('',(-28.,3.429011037613E-15,20.));
#15189 = DIRECTION('',(0.,0.,1.));
#15190 = DIRECTION('',(-1.,1.224646799147E-16,0.));
#15191 = DEFINITIONAL_REPRESENTATION('',(#15192),#15196);
#15192 = LINE('',#15193,#15194);
#15193 = CARTESIAN_POINT('',(0.,-1.));
#15194 = VECTOR('',#15195,1.);
#15195 = DIRECTION('',(1.,0.));
#15196 = ( GEOMETRIC_REPRESENTATION_CONTEXT(2) 
PARAMETRIC_REPRESENTATION_CONTEXT() REPRESENTATION_CONTEXT('2D SPACE',''
  ) );
#15197 = FACE_BOUND('',#15198,.T.);
#15198 = EDGE_LOOP('',(#15199));
#15199 = ORIENTED_EDGE('',*,*,#15200,.F.);
#15200 = EDGE_CURVE('',#15201,#15201,#15203,.T.);
#15201 = VERTEX_POINT('',#15202);
#15202 = CARTESIAN_POINT('',(-17.5,30.310889132455,19.));
#15203 = SURFACE_CURVE('',#15204,(#15209,#15216),.PCURVE_S1.);
#15204 = CIRCLE('',#15205,7.);
#15205 = AXIS2_PLACEMENT_3D('',#15206,#15207,#15208);
#15206 = CARTESIAN_POINT('',(-14.,24.248711305964,19.));
#15207 = DIRECTION('',(0.,0.,1.));
#15208 = DIRECTION('',(-0.5,0.866025403784,0.));
#15209 = PCURVE('',#14653,#15210);
#15210 = DEFINITIONAL_REPRESENTATION('',(#15211),#15215);
#15211 = CIRCLE('',#15212,7.);
#15212 = AXIS2_PLACEMENT_2D('',#15213,#15214);
#15213 = CARTESIAN_POINT('',(-14.,24.248711305964));
#15214 = DIRECTION('',(-0.5,0.866025403784));
#15215 = ( GEOMETRIC_REPRESENTATION_CONTEXT(2) 
PARAMETRIC_REPRESENTATION_CONTEXT() REPRESENTATION_CONTEXT('2D SPACE',''
  ) );
#15216 = PCURVE('',#15217,#15222);
#15217 = CYLINDRICAL_SURFACE('',#15218,7.);
#15218 = AXIS2_PLACEMENT_3D('',#15219,#15220,#15221);
#15219 = CARTESIAN_POINT('',(-14.,24.248711305964,20.));
#15220 = DIRECTION('',(0.,0.,1.));
#15221 = DIRECTION('',(-0.5,0.866025403784,0.));
#15222 = DEFINITIONAL_REPRESENTATION('',(#15223),#15227);
#15223 = LINE('',#15224,#15225);
#15224 = CARTESIAN_POINT('',(0.,-1.));
#15225 = VECTOR('',#15226,1.);
#15226 = DIRECTION('',(1.,0.));
#15227 = ( GEOMETRIC_REPRESENTATION_CONTEXT(2) 
PARAMETRIC_REPRESENTATION_CONTEXT() REPRESENTATION_CONTEXT('2D SPACE',''
  ) );
#15228 = FACE_BOUND('',#15229,.T.);
#15229 = EDGE_LOOP('',(#15230));
#15230 = ORIENTED_EDGE('',*,*,#15231,.F.);
#15231 = EDGE_CURVE('',#15232,#15232,#15234,.T.);
#15232 = VERTEX_POINT('',#15233);
#15233 = CARTESIAN_POINT('',(17.5,30.310889132455,19.));
#15234 = SURFACE_CURVE('',#15235,(#15240,#15247),.PCURVE_S1.);
#15235 = CIRCLE('',#15236,7.);
#15236 = AXIS2_PLACEMENT_3D('',#15237,#15238,#15239);
#15237 = CARTESIAN_POINT('',(14.,24.248711305964,19.));
#15238 = DIRECTION('',(0.,-0.,1.));
#15239 = DIRECTION('',(0.5,0.866025403784,0.));
#15240 = PCURVE('',#14653,#15241);
#15241 = DEFINITIONAL_REPRESENTATION('',(#15242),#15246);
#15242 = CIRCLE('',#15243,7.);
#15243 = AXIS2_PLACEMENT_2D('',#15244,#15245);
#15244 = CARTESIAN_POINT('',(14.,24.248711305964));
#15245 = DIRECTION('',(0.5,0.866025403784));
#15246 = ( GEOMETRIC_REPRESENTATION_CONTEXT(2) 
PARAMETRIC_REPRESENTATION_CONTEXT() REPRESENTATION_CONTEXT('2D SPACE',''
  ) );
#15247 = PCURVE('',#15248,#15253);
#15248 = CYLINDRICAL_SURFACE('',#15249,7.);
#15249 = AXIS2_PLACEMENT_3D('',#15250,#15251,#15252);
#15250 = CARTESIAN_POINT('',(14.,24.248711305964,20.));
#15251 = DIRECTION('',(0.,-0.,1.));
#15252 = DIRECTION('',(0.5,0.866025403784,0.));
#15253 = DEFINITIONAL_REPRESENTATION('',(#15254),#15258);
#15254 = LINE('',#15255,#15256);
#15255 = CARTESIAN_POINT('',(0.,-1.));
#15256 = VECTOR('',#15257,1.);
#15257 = DIRECTION('',(1.,0.));
#15258 = ( GEOMETRIC_REPRESENTATION_CONTEXT(2) 
PARAMETRIC_REPRESENTATION_CONTEXT() REPRESENTATION_CONTEXT('2D SPACE',''
  ) );
#15259 = ADVANCED_FACE('',(#15260,#15286),#14730,.T.);
#15260 = FACE_BOUND('',#15261,.T.);
#15261 = EDGE_LOOP('',(#15262));
#15262 = ORIENTED_EDGE('',*,*,#15263,.T.);
#15263 = EDGE_CURVE('',#15264,#15264,#15266,.T.);
#15264 = VERTEX_POINT('',#15265);
#15265 = CARTESIAN_POINT('',(35.,0.,9.));
#15266 = SURFACE_CURVE('',#15267,(#15272,#15279),.PCURVE_S1.);
#15267 = CIRCLE('',#15268,7.);
#15268 = AXIS2_PLACEMENT_3D('',#15269,#15270,#15271);
#15269 = CARTESIAN_POINT('',(28.,0.,9.));
#15270 = DIRECTION('',(0.,0.,1.));
#15271 = DIRECTION('',(1.,0.,0.));
#15272 = PCURVE('',#14730,#15273);
#15273 = DEFINITIONAL_REPRESENTATION('',(#15274),#15278);
#15274 = CIRCLE('',#15275,7.);
#15275 = AXIS2_PLACEMENT_2D('',#15276,#15277);
#15276 = CARTESIAN_POINT('',(3.906971807255E-16,-4.9564344165E-16));
#15277 = DIRECTION('',(1.,0.));
#15278 = ( GEOMETRIC_REPRESENTATION_CONTEXT(2) 
PARAMETRIC_REPRESENTATION_CONTEXT() REPRESENTATION_CONTEXT('2D SPACE',''
  ) );
#15279 = PCURVE('',#15155,#15280);
#15280 = DEFINITIONAL_REPRESENTATION('',(#15281),#15285);
#15281 = LINE('',#15282,#15283);
#15282 = CARTESIAN_POINT('',(0.,-11.));
#15283 = VECTOR('',#15284,1.);
#15284 = DIRECTION('',(1.,0.));
#15285 = ( GEOMETRIC_REPRESENTATION_CONTEXT(2) 
PARAMETRIC_REPRESENTATION_CONTEXT() REPRESENTATION_CONTEXT('2D SPACE',''
  ) );
#15286 = FACE_BOUND('',#15287,.T.);
#15287 = EDGE_LOOP('',(#15288));
#15288 = ORIENTED_EDGE('',*,*,#14715,.T.);
#15289 = ADVANCED_FACE('',(#15290,#15316),#14789,.T.);
#15290 = FACE_BOUND('',#15291,.T.);
#15291 = EDGE_LOOP('',(#15292));
#15292 = ORIENTED_EDGE('',*,*,#15293,.T.);
#15293 = EDGE_CURVE('',#15294,#15294,#15296,.T.);
#15294 = VERTEX_POINT('',#15295);
#15295 = CARTESIAN_POINT('',(-35.,4.286263797016E-15,9.));
#15296 = SURFACE_CURVE('',#15297,(#15302,#15309),.PCURVE_S1.);
#15297 = CIRCLE('',#15298,7.);
#15298 = AXIS2_PLACEMENT_3D('',#15299,#15300,#15301);
#15299 = CARTESIAN_POINT('',(-28.,3.429011037613E-15,9.));
#15300 = DIRECTION('',(0.,0.,1.));
#15301 = DIRECTION('',(-1.,1.224646799147E-16,0.));
#15302 = PCURVE('',#14789,#15303);
#15303 = DEFINITIONAL_REPRESENTATION('',(#15304),#15308);
#15304 = CIRCLE('',#15305,7.);
#15305 = AXIS2_PLACEMENT_2D('',#15306,#15307);
#15306 = CARTESIAN_POINT('',(3.906971807255E-16,-4.9564344165E-16));
#15307 = DIRECTION('',(1.,0.));
#15308 = ( GEOMETRIC_REPRESENTATION_CONTEXT(2) 
PARAMETRIC_REPRESENTATION_CONTEXT() REPRESENTATION_CONTEXT('2D SPACE',''
  ) );
#15309 = PCURVE('',#15186,#15310);
#15310 = DEFINITIONAL_REPRESENTATION('',(#15311),#15315);
#15311 = LINE('',#15312,#15313);
#15312 = CARTESIAN_POINT('',(0.,-11.));
#15313 = VECTOR('',#15314,1.);
#15314 = DIRECTION('',(1.,0.));
#15315 = ( GEOMETRIC_REPRESENTATION_CONTEXT(2) 
PARAMETRIC_REPRESENTATION_CONTEXT() REPRESENTATION_CONTEXT('2D SPACE',''
  ) );
#15316 = FACE_BOUND('',#15317,.T.);
#15317 = EDGE_LOOP('',(#15318));
#15318 = ORIENTED_EDGE('',*,*,#14774,.T.);
#15319 = ADVANCED_FACE('',(#15320,#15346),#14848,.T.);
#15320 = FACE_BOUND('',#15321,.T.);
#15321 = EDGE_LOOP('',(#15322));
#15322 = ORIENTED_EDGE('',*,*,#15323,.T.);
#15323 = EDGE_CURVE('',#15324,#15324,#15326,.T.);
#15324 = VERTEX_POINT('',#15325);
#15325 = CARTESIAN_POINT('',(-17.5,30.310889132455,9.));
#15326 = SURFACE_CURVE('',#15327,(#15332,#15339),.PCURVE_S1.);
#15327 = CIRCLE('',#15328,7.);
#15328 = AXIS2_PLACEMENT_3D('',#15329,#15330,#15331);
#15329 = CARTESIAN_POINT('',(-14.,24.248711305964,9.));
#15330 = DIRECTION('',(0.,0.,1.));
#15331 = DIRECTION('',(-0.5,0.866025403784,0.));
#15332 = PCURVE('',#14848,#15333);
#15333 = DEFINITIONAL_REPRESENTATION('',(#15334),#15338);
#15334 = CIRCLE('',#15335,7.);
#15335 = AXIS2_PLACEMENT_2D('',#15336,#15337);
#15336 = CARTESIAN_POINT('',(3.906971807255E-16,-4.9564344165E-16));
#15337 = DIRECTION('',(1.,0.));
#15338 = ( GEOMETRIC_REPRESENTATION_CONTEXT(2) 
PARAMETRIC_REPRESENTATION_CONTEXT() REPRESENTATION_CONTEXT('2D SPACE',''
  ) );
#15339 = PCURVE('',#15217,#15340);
#15340 = DEFINITIONAL_REPRESENTATION('',(#15341),#15345);
#15341 = LINE('',#15342,#15343);
#15342 = CARTESIAN_POINT('',(0.,-11.));
#15343 = VECTOR('',#15344,1.);
#15344 = DIRECTION('',(1.,0.));
#15345 = ( GEOMETRIC_REPRESENTATION_CONTEXT(2) 
PARAMETRIC_REPRESENTATION_CONTEXT() REPRESENTATION_CONTEXT('2D SPACE',''
  ) );
#15346 = FACE_BOUND('',#15347,.T.);
#15347 = EDGE_LOOP('',(#15348));
#15348 = ORIENTED_EDGE('',*,*,#14833,.T.);
#15349 = ADVANCED_FACE('',(#15350,#15376),#14907,.T.);
#15350 = FACE_BOUND('',#15351,.T.);
#15351 = EDGE_LOOP('',(#15352));
#15352 = ORIENTED_EDGE('',*,*,#15353,.T.);
#15353 = EDGE_CURVE('',#15354,#15354,#15356,.T.);
#15354 = VERTEX_POINT('',#15355);
#15355 = CARTESIAN_POINT('',(17.5,30.310889132455,9.));
#15356 = SURFACE_CURVE('',#15357,(#15362,#15369),.PCURVE_S1.);
#15357 = CIRCLE('',#15358,7.);
#15358 = AXIS2_PLACEMENT_3D('',#15359,#15360,#15361);
#15359 = CARTESIAN_POINT('',(14.,24.248711305964,9.));
#15360 = DIRECTION('',(0.,-0.,1.));
#15361 = DIRECTION('',(0.5,0.866025403784,0.));
#15362 = PCURVE('',#14907,#15363);
#15363 = DEFINITIONAL_REPRESENTATION('',(#15364),#15368);
#15364 = CIRCLE('',#15365,7.);
#15365 = AXIS2_PLACEMENT_2D('',#15366,#15367);
#15366 = CARTESIAN_POINT('',(3.906971807255E-16,-4.9564344165E-16));
#15367 = DIRECTION('',(1.,0.));
#15368 = ( GEOMETRIC_REPRESENTATION_CONTEXT(2) 
PARAMETRIC_REPRESENTATION_CONTEXT() REPRESENTATION_CONTEXT('2D SPACE',''
  ) );
#15369 = PCURVE('',#15248,#15370);
#15370 = DEFINITIONAL_REPRESENTATION('',(#15371),#15375);
#15371 = LINE('',#15372,#15373);
#15372 = CARTESIAN_POINT('',(0.,-11.));
#15373 = VECTOR('',#15374,1.);
#15374 = DIRECTION('',(1.,0.));
#15375 = ( GEOMETRIC_REPRESENTATION_CONTEXT(2) 
PARAMETRIC_REPRESENTATION_CONTEXT() REPRESENTATION_CONTEXT('2D SPACE',''
  ) );
#15376 = FACE_BOUND('',#15377,.T.);
#15377 = EDGE_LOOP('',(#15378));
#15378 = ORIENTED_EDGE('',*,*,#14892,.T.);
#15379 = ADVANCED_FACE('',(#15380,#15383),#14966,.T.);
#15380 = FACE_BOUND('',#15381,.T.);
#15381 = EDGE_LOOP('',(#15382));
#15382 = ORIENTED_EDGE('',*,*,#14951,.T.);
#15383 = FACE_BOUND('',#15384,.T.);
#15384 = EDGE_LOOP('',(#15385));
#15385 = ORIENTED_EDGE('',*,*,#15386,.F.);
#15386 = EDGE_CURVE('',#15387,#15387,#15389,.T.);
#15387 = VERTEX_POINT('',#15388);
#15388 = CARTESIAN_POINT('',(37.,-9.06238631369E-15,15.));
#15389 = SURFACE_CURVE('',#15390,(#15395,#15402),.PCURVE_S1.);
#15390 = CIRCLE('',#15391,37.);
#15391 = AXIS2_PLACEMENT_3D('',#15392,#15393,#15394);
#15392 = CARTESIAN_POINT('',(0.,0.,15.));
#15393 = DIRECTION('',(0.,0.,1.));
#15394 = DIRECTION('',(1.,0.,-0.));
#15395 = PCURVE('',#14966,#15396);
#15396 = DEFINITIONAL_REPRESENTATION('',(#15397),#15401);
#15397 = CIRCLE('',#15398,37.);
#15398 = AXIS2_PLACEMENT_2D('',#15399,#15400);
#15399 = CARTESIAN_POINT('',(0.,0.));
#15400 = DIRECTION('',(1.,0.));
#15401 = ( GEOMETRIC_REPRESENTATION_CONTEXT(2) 
PARAMETRIC_REPRESENTATION_CONTEXT() REPRESENTATION_CONTEXT('2D SPACE',''
  ) );
#15402 = PCURVE('',#15069,#15403);
#15403 = DEFINITIONAL_REPRESENTATION('',(#15404),#15408);
#15404 = LINE('',#15405,#15406);
#15405 = CARTESIAN_POINT('',(0.,0.5));
#15406 = VECTOR('',#15407,1.);
#15407 = DIRECTION('',(1.,0.));
#15408 = ( GEOMETRIC_REPRESENTATION_CONTEXT(2) 
PARAMETRIC_REPRESENTATION_CONTEXT() REPRESENTATION_CONTEXT('2D SPACE',''
  ) );
#15409 = ADVANCED_FACE('',(#15410),#14999,.F.);
#15410 = FACE_BOUND('',#15411,.F.);
#15411 = EDGE_LOOP('',(#15412,#15413,#15434,#15435));
#15412 = ORIENTED_EDGE('',*,*,#15083,.F.);
#15413 = ORIENTED_EDGE('',*,*,#15414,.T.);
#15414 = EDGE_CURVE('',#15084,#14983,#15415,.T.);
#15415 = SEAM_CURVE('',#15416,(#15420,#15427),.PCURVE_S1.);
#15416 = LINE('',#15417,#15418);
#15417 = CARTESIAN_POINT('',(-17.5,-30.31088913245,20.));
#15418 = VECTOR('',#15419,1.);
#15419 = DIRECTION('',(-0.,-0.,-1.));
#15420 = PCURVE('',#14999,#15421);
#15421 = DEFINITIONAL_REPRESENTATION('',(#15422),#15426);
#15422 = LINE('',#15423,#15424);
#15423 = CARTESIAN_POINT('',(6.28318530718,0.));
#15424 = VECTOR('',#15425,1.);
#15425 = DIRECTION('',(0.,-1.));
#15426 = ( GEOMETRIC_REPRESENTATION_CONTEXT(2) 
PARAMETRIC_REPRESENTATION_CONTEXT() REPRESENTATION_CONTEXT('2D SPACE',''
  ) );
#15427 = PCURVE('',#14999,#15428);
#15428 = DEFINITIONAL_REPRESENTATION('',(#15429),#15433);
#15429 = LINE('',#15430,#15431);
#15430 = CARTESIAN_POINT('',(0.,0.));
#15431 = VECTOR('',#15432,1.);
#15432 = DIRECTION('',(0.,-1.));
#15433 = ( GEOMETRIC_REPRESENTATION_CONTEXT(2) 
PARAMETRIC_REPRESENTATION_CONTEXT() REPRESENTATION_CONTEXT('2D SPACE',''
  ) );
#15434 = ORIENTED_EDGE('',*,*,#14982,.T.);
#15435 = ORIENTED_EDGE('',*,*,#15414,.F.);
#15436 = ADVANCED_FACE('',(#15437),#15034,.F.);
#15437 = FACE_BOUND('',#15438,.F.);
#15438 = EDGE_LOOP('',(#15439,#15440,#15461,#15462));
#15439 = ORIENTED_EDGE('',*,*,#15109,.F.);
#15440 = ORIENTED_EDGE('',*,*,#15441,.T.);
#15441 = EDGE_CURVE('',#15110,#15018,#15442,.T.);
#15442 = SEAM_CURVE('',#15443,(#15447,#15454),.PCURVE_S1.);
#15443 = LINE('',#15444,#15445);
#15444 = CARTESIAN_POINT('',(17.5,-30.31088913245,20.));
#15445 = VECTOR('',#15446,1.);
#15446 = DIRECTION('',(-0.,-0.,-1.));
#15447 = PCURVE('',#15034,#15448);
#15448 = DEFINITIONAL_REPRESENTATION('',(#15449),#15453);
#15449 = LINE('',#15450,#15451);
#15450 = CARTESIAN_POINT('',(6.28318530718,0.));
#15451 = VECTOR('',#15452,1.);
#15452 = DIRECTION('',(0.,-1.));
#15453 = ( GEOMETRIC_REPRESENTATION_CONTEXT(2) 
PARAMETRIC_REPRESENTATION_CONTEXT() REPRESENTATION_CONTEXT('2D SPACE',''
  ) );
#15454 = PCURVE('',#15034,#15455);
#15455 = DEFINITIONAL_REPRESENTATION('',(#15456),#15460);
#15456 = LINE('',#15457,#15458);
#15457 = CARTESIAN_POINT('',(0.,0.));
#15458 = VECTOR('',#15459,1.);
#15459 = DIRECTION('',(0.,-1.));
#15460 = ( GEOMETRIC_REPRESENTATION_CONTEXT(2) 
PARAMETRIC_REPRESENTATION_CONTEXT() REPRESENTATION_CONTEXT('2D SPACE',''
  ) );
#15461 = ORIENTED_EDGE('',*,*,#15017,.T.);
#15462 = ORIENTED_EDGE('',*,*,#15441,.F.);
#15463 = ADVANCED_FACE('',(#15464),#15069,.T.);
#15464 = FACE_BOUND('',#15465,.T.);
#15465 = EDGE_LOOP('',(#15466,#15467,#15488,#15489));
#15466 = ORIENTED_EDGE('',*,*,#15052,.F.);
#15467 = ORIENTED_EDGE('',*,*,#15468,.F.);
#15468 = EDGE_CURVE('',#15387,#15053,#15469,.T.);
#15469 = SEAM_CURVE('',#15470,(#15474,#15481),.PCURVE_S1.);
#15470 = LINE('',#15471,#15472);
#15471 = CARTESIAN_POINT('',(37.,-9.06238631369E-15,14.5));
#15472 = VECTOR('',#15473,1.);
#15473 = DIRECTION('',(0.,0.,1.));
#15474 = PCURVE('',#15069,#15475);
#15475 = DEFINITIONAL_REPRESENTATION('',(#15476),#15480);
#15476 = LINE('',#15477,#15478);
#15477 = CARTESIAN_POINT('',(6.28318530718,-0.));
#15478 = VECTOR('',#15479,1.);
#15479 = DIRECTION('',(0.,1.));
#15480 = ( GEOMETRIC_REPRESENTATION_CONTEXT(2) 
PARAMETRIC_REPRESENTATION_CONTEXT() REPRESENTATION_CONTEXT('2D SPACE',''
  ) );
#15481 = PCURVE('',#15069,#15482);
#15482 = DEFINITIONAL_REPRESENTATION('',(#15483),#15487);
#15483 = LINE('',#15484,#15485);
#15484 = CARTESIAN_POINT('',(0.,-0.));
#15485 = VECTOR('',#15486,1.);
#15486 = DIRECTION('',(0.,1.));
#15487 = ( GEOMETRIC_REPRESENTATION_CONTEXT(2) 
PARAMETRIC_REPRESENTATION_CONTEXT() REPRESENTATION_CONTEXT('2D SPACE',''
  ) );
#15488 = ORIENTED_EDGE('',*,*,#15386,.T.);
#15489 = ORIENTED_EDGE('',*,*,#15468,.T.);
#15490 = ADVANCED_FACE('',(#15491),#15155,.F.);
#15491 = FACE_BOUND('',#15492,.F.);
#15492 = EDGE_LOOP('',(#15493,#15494,#15515,#15516));
#15493 = ORIENTED_EDGE('',*,*,#15138,.F.);
#15494 = ORIENTED_EDGE('',*,*,#15495,.T.);
#15495 = EDGE_CURVE('',#15139,#15264,#15496,.T.);
#15496 = SEAM_CURVE('',#15497,(#15501,#15508),.PCURVE_S1.);
#15497 = LINE('',#15498,#15499);
#15498 = CARTESIAN_POINT('',(35.,0.,20.));
#15499 = VECTOR('',#15500,1.);
#15500 = DIRECTION('',(-0.,-0.,-1.));
#15501 = PCURVE('',#15155,#15502);
#15502 = DEFINITIONAL_REPRESENTATION('',(#15503),#15507);
#15503 = LINE('',#15504,#15505);
#15504 = CARTESIAN_POINT('',(6.28318530718,0.));
#15505 = VECTOR('',#15506,1.);
#15506 = DIRECTION('',(0.,-1.));
#15507 = ( GEOMETRIC_REPRESENTATION_CONTEXT(2) 
PARAMETRIC_REPRESENTATION_CONTEXT() REPRESENTATION_CONTEXT('2D SPACE',''
  ) );
#15508 = PCURVE('',#15155,#15509);
#15509 = DEFINITIONAL_REPRESENTATION('',(#15510),#15514);
#15510 = LINE('',#15511,#15512);
#15511 = CARTESIAN_POINT('',(0.,0.));
#15512 = VECTOR('',#15513,1.);
#15513 = DIRECTION('',(0.,-1.));
#15514 = ( GEOMETRIC_REPRESENTATION_CONTEXT(2) 
PARAMETRIC_REPRESENTATION_CONTEXT() REPRESENTATION_CONTEXT('2D SPACE',''
  ) );
#15515 = ORIENTED_EDGE('',*,*,#15263,.T.);
#15516 = ORIENTED_EDGE('',*,*,#15495,.F.);
#15517 = ADVANCED_FACE('',(#15518),#15186,.F.);
#15518 = FACE_BOUND('',#15519,.F.);
#15519 = EDGE_LOOP('',(#15520,#15521,#15542,#15543));
#15520 = ORIENTED_EDGE('',*,*,#15169,.F.);
#15521 = ORIENTED_EDGE('',*,*,#15522,.T.);
#15522 = EDGE_CURVE('',#15170,#15294,#15523,.T.);
#15523 = SEAM_CURVE('',#15524,(#15528,#15535),.PCURVE_S1.);
#15524 = LINE('',#15525,#15526);
#15525 = CARTESIAN_POINT('',(-35.,4.286263797016E-15,20.));
#15526 = VECTOR('',#15527,1.);
#15527 = DIRECTION('',(-0.,-0.,-1.));
#15528 = PCURVE('',#15186,#15529);
#15529 = DEFINITIONAL_REPRESENTATION('',(#15530),#15534);
#15530 = LINE('',#15531,#15532);
#15531 = CARTESIAN_POINT('',(6.28318530718,0.));
#15532 = VECTOR('',#15533,1.);
#15533 = DIRECTION('',(0.,-1.));
#15534 = ( GEOMETRIC_REPRESENTATION_CONTEXT(2) 
PARAMETRIC_REPRESENTATION_CONTEXT() REPRESENTATION_CONTEXT('2D SPACE',''
  ) );
#15535 = PCURVE('',#15186,#15536);
#15536 = DEFINITIONAL_REPRESENTATION('',(#15537),#15541);
#15537 = LINE('',#15538,#15539);
#15538 = CARTESIAN_POINT('',(0.,0.));
#15539 = VECTOR('',#15540,1.);
#15540 = DIRECTION('',(0.,-1.));
#15541 = ( GEOMETRIC_REPRESENTATION_CONTEXT(2) 
PARAMETRIC_REPRESENTATION_CONTEXT() REPRESENTATION_CONTEXT('2D SPACE',''
  ) );
#15542 = ORIENTED_EDGE('',*,*,#15293,.T.);
#15543 = ORIENTED_EDGE('',*,*,#15522,.F.);
#15544 = ADVANCED_FACE('',(#15545),#15217,.F.);
#15545 = FACE_BOUND('',#15546,.F.);
#15546 = EDGE_LOOP('',(#15547,#15548,#15569,#15570));
#15547 = ORIENTED_EDGE('',*,*,#15200,.F.);
#15548 = ORIENTED_EDGE('',*,*,#15549,.T.);
#15549 = EDGE_CURVE('',#15201,#15324,#15550,.T.);
#15550 = SEAM_CURVE('',#15551,(#15555,#15562),.PCURVE_S1.);
#15551 = LINE('',#15552,#15553);
#15552 = CARTESIAN_POINT('',(-17.5,30.310889132455,20.));
#15553 = VECTOR('',#15554,1.);
#15554 = DIRECTION('',(-0.,-0.,-1.));
#15555 = PCURVE('',#15217,#15556);
#15556 = DEFINITIONAL_REPRESENTATION('',(#15557),#15561);
#15557 = LINE('',#15558,#15559);
#15558 = CARTESIAN_POINT('',(6.28318530718,0.));
#15559 = VECTOR('',#15560,1.);
#15560 = DIRECTION('',(0.,-1.));
#15561 = ( GEOMETRIC_REPRESENTATION_CONTEXT(2) 
PARAMETRIC_REPRESENTATION_CONTEXT() REPRESENTATION_CONTEXT('2D SPACE',''
  ) );
#15562 = PCURVE('',#15217,#15563);
#15563 = DEFINITIONAL_REPRESENTATION('',(#15564),#15568);
#15564 = LINE('',#15565,#15566);
#15565 = CARTESIAN_POINT('',(0.,0.));
#15566 = VECTOR('',#15567,1.);
#15567 = DIRECTION('',(0.,-1.));
#15568 = ( GEOMETRIC_REPRESENTATION_CONTEXT(2) 
PARAMETRIC_REPRESENTATION_CONTEXT() REPRESENTATION_CONTEXT('2D SPACE',''
  ) );
#15569 = ORIENTED_EDGE('',*,*,#15323,.T.);
#15570 = ORIENTED_EDGE('',*,*,#15549,.F.);
#15571 = ADVANCED_FACE('',(#15572),#15248,.F.);
#15572 = FACE_BOUND('',#15573,.F.);
#15573 = EDGE_LOOP('',(#15574,#15575,#15596,#15597));
#15574 = ORIENTED_EDGE('',*,*,#15231,.F.);
#15575 = ORIENTED_EDGE('',*,*,#15576,.T.);
#15576 = EDGE_CURVE('',#15232,#15354,#15577,.T.);
#15577 = SEAM_CURVE('',#15578,(#15582,#15589),.PCURVE_S1.);
#15578 = LINE('',#15579,#15580);
#15579 = CARTESIAN_POINT('',(17.5,30.310889132455,20.));
#15580 = VECTOR('',#15581,1.);
#15581 = DIRECTION('',(-0.,-0.,-1.));
#15582 = PCURVE('',#15248,#15583);
#15583 = DEFINITIONAL_REPRESENTATION('',(#15584),#15588);
#15584 = LINE('',#15585,#15586);
#15585 = CARTESIAN_POINT('',(6.28318530718,0.));
#15586 = VECTOR('',#15587,1.);
#15587 = DIRECTION('',(0.,-1.));
#15588 = ( GEOMETRIC_REPRESENTATION_CONTEXT(2) 
PARAMETRIC_REPRESENTATION_CONTEXT() REPRESENTATION_CONTEXT('2D SPACE',''
  ) );
#15589 = PCURVE('',#15248,#15590);
#15590 = DEFINITIONAL_REPRESENTATION('',(#15591),#15595);
#15591 = LINE('',#15592,#15593);
#15592 = CARTESIAN_POINT('',(0.,0.));
#15593 = VECTOR('',#15594,1.);
#15594 = DIRECTION('',(0.,-1.));
#15595 = ( GEOMETRIC_REPRESENTATION_CONTEXT(2) 
PARAMETRIC_REPRESENTATION_CONTEXT() REPRESENTATION_CONTEXT('2D SPACE',''
  ) );
#15596 = ORIENTED_EDGE('',*,*,#15353,.T.);
#15597 = ORIENTED_EDGE('',*,*,#15576,.F.);
#15598 = ( GEOMETRIC_REPRESENTATION_CONTEXT(3) 
GLOBAL_UNCERTAINTY_ASSIGNED_CONTEXT((#15602)) 
GLOBAL_UNIT_ASSIGNED_CONTEXT((#15599,#15600,#15601)) 
REPRESENTATION_CONTEXT('Context #1',
  '3D Context with UNIT and UNCERTAINTY') );
#15599 = ( LENGTH_UNIT() NAMED_UNIT(*) SI_UNIT(.MILLI.,.METRE.) );
#15600 = ( NAMED_UNIT(*) PLANE_ANGLE_UNIT() SI_UNIT($,.RADIAN.) );
#15601 = ( NAMED_UNIT(*) SI_UNIT($,.STERADIAN.) SOLID_ANGLE_UNIT() );
#15602 = UNCERTAINTY_MEASURE_WITH_UNIT(LENGTH_MEASURE(1.E-07),#15599,
  'distance_accuracy_value','confusion accuracy');
#15603 = PRODUCT_RELATED_PRODUCT_CATEGORY('part',$,(#7));
ENDSEC;
END-ISO-10303-21;
