ISO-10303-21;
HEADER;
FILE_DESCRIPTION (( 'STEP AP203' ),
    '1' );
FILE_NAME ('3.7.STEP',
    '2026-08-08T14:09:55',
    ( '' ),
    ( '' ),
    'SwSTEP 2.0',
    'SolidWorks 2024',
    '' );
FILE_SCHEMA (( 'CONFIG_CONTROL_DESIGN' ));
ENDSEC;

DATA;
#1 = AXIS2_PLACEMENT_3D ( 'NONE', #12708, #7772, #899 ) ;
#2 = EDGE_LOOP ( 'NONE', ( #10950, #5280, #7555, #2456 ) ) ;
#3 = LINE ( 'NONE', #1163, #37 ) ;
#5 = ORIENTED_EDGE ( 'NONE', *, *, #8102, .F. ) ;
#4 = DIRECTION ( 'NONE',  ( 0.000000000000000000, 0.000000000000000000, 1.000000000000000000 ) ) ;
#6 = DIRECTION ( 'NONE',  ( 0.000000000000000000, 1.000000000000000000, 0.000000000000000000 ) ) ;
#7 = VERTEX_POINT ( 'NONE', #157 ) ;
#8 = CARTESIAN_POINT ( 'NONE',  ( -42.99252106000919582, -20.23931917473912989, -26.79583779944157129 ) ) ;
#9 = CARTESIAN_POINT ( 'NONE',  ( -38.99960370005729970, 10.00000000000000000, 22.45063275808672998 ) ) ;
#10 = FACE_OUTER_BOUND ( 'NONE', #11768, .T. ) ;
#11 = CIRCLE ( 'NONE', #3281, 0.4999999999999991118 ) ;
#12 = VECTOR ( 'NONE', #2851, 1000.000000000000114 ) ;
#13 = DIRECTION ( 'NONE',  ( -0.1240347345892081760, -0.000000000000000000, -0.9922778767136676281 ) ) ;
#14 = AXIS2_PLACEMENT_3D ( 'NONE', #1987, #11855, #6991 ) ;
#15 = ORIENTED_EDGE ( 'NONE', *, *, #10198, .T. ) ;
#16 = LINE ( 'NONE', #3806, #2158 ) ;
#17 = EDGE_CURVE ( 'NONE', #2429, #11788, #5807, .T. ) ;
#18 = CARTESIAN_POINT ( 'NONE',  ( 22.51666049839541017, 5.000000000000000000, 12.99999999999999645 ) ) ;
#19 = EDGE_CURVE ( 'NONE', #9711, #322, #4058, .T. ) ;
#20 = AXIS2_PLACEMENT_3D ( 'NONE', #10647, #965, #4875 ) ;
#21 = AXIS2_PLACEMENT_3D ( 'NONE', #3091, #2899, #1177 ) ;
#22 = ADVANCED_FACE ( 'NONE', ( #1055 ), #215, .T. ) ;
#23 = LINE ( 'NONE', #3935, #10298 ) ;
#24 = VECTOR ( 'NONE', #4519, 1000.000000000000114 ) ;
#25 = VECTOR ( 'NONE', #4913, 1000.000000000000114 ) ;
#26 = ORIENTED_EDGE ( 'NONE', *, *, #2264, .T. ) ;
#27 = ORIENTED_EDGE ( 'NONE', *, *, #9370, .F. ) ;
#28 = CARTESIAN_POINT ( 'NONE',  ( -42.63013842481664994, 10.00000000000000000, -14.41080490052415186 ) ) ;
#29 = DIRECTION ( 'NONE',  ( -0.000000000000000000, -1.000000000000000000, -0.000000000000000000 ) ) ;
#30 = DIRECTION ( 'NONE',  ( 0.000000000000000000, 0.000000000000000000, 1.000000000000000000 ) ) ;
#31 = ORIENTED_EDGE ( 'NONE', *, *, #2791, .F. ) ;
#32 = CARTESIAN_POINT ( 'NONE',  ( -2.157587686025606022, 10.00000000000000000, 45.84930138799938248 ) ) ;
#33 = EDGE_LOOP ( 'NONE', ( #11134, #3314, #3577, #985 ) ) ;
#34 = CIRCLE ( 'NONE', #11288, 0.4999999999999977240 ) ;
#35 = CARTESIAN_POINT ( 'NONE',  ( 20.56387910459129742, -10.00000000000000000, 46.67040685671973677 ) ) ;
#36 = EDGE_CURVE ( 'NONE', #11966, #12625, #4002, .T. ) ;
#37 = VECTOR ( 'NONE', #6737, 1000.000000000000227 ) ;
#38 = AXIS2_PLACEMENT_3D ( 'NONE', #12597, #5914, #11749 ) ;
#39 = ADVANCED_FACE ( 'NONE', ( #4967 ), #1958, .T. ) ;
#40 = ORIENTED_EDGE ( 'NONE', *, *, #566, .F. ) ;
#41 = FACE_OUTER_BOUND ( 'NONE', #3981, .T. ) ;
#42 = DIRECTION ( 'NONE',  ( 0.000000000000000000, 1.000000000000000000, 0.000000000000000000 ) ) ;
#43 = ORIENTED_EDGE ( 'NONE', *, *, #4259, .F. ) ;
#44 = VERTEX_POINT ( 'NONE', #5875 ) ;
#45 = CARTESIAN_POINT ( 'NONE',  ( -31.60182249696955026, 10.00000000000000000, 35.31113623141698810 ) ) ;
#47 = ORIENTED_EDGE ( 'NONE', *, *, #709, .F. ) ;
#46 = CARTESIAN_POINT ( 'NONE',  ( -44.00516535263781037, -10.00000000000000000, 15.19272321494659472 ) ) ;
#48 = AXIS2_PLACEMENT_3D ( 'NONE', #5049, #4071, #5166 ) ;
#49 = VECTOR ( 'NONE', #2985, 1000.000000000000114 ) ;
#50 = AXIS2_PLACEMENT_3D ( 'NONE', #12645, #8799, #9621 ) ;
#51 = VERTEX_POINT ( 'NONE', #9727 ) ;
#52 = DIRECTION ( 'NONE',  ( -0.000000000000000000, -1.000000000000000000, -0.000000000000000000 ) ) ;
#53 = ADVANCED_FACE ( 'NONE', ( #3871 ), #1184, .T. ) ;
#54 = DIRECTION ( 'NONE',  ( 0.9238795325112824086, 0.000000000000000000, -0.3826834323651004399 ) ) ;
#55 = LINE ( 'NONE', #1918, #885 ) ;
#56 = VECTOR ( 'NONE', #10108, 1000.000000000000000 ) ;
#57 = VECTOR ( 'NONE', #9998, 1000.000000000000000 ) ;
#59 = ORIENTED_EDGE ( 'NONE', *, *, #4550, .T. ) ;
#58 = DIRECTION ( 'NONE',  ( -0.000000000000000000, -1.000000000000000000, -0.000000000000000000 ) ) ;
#60 = CARTESIAN_POINT ( 'NONE',  ( -34.84146812720832287, 10.00000000000000000, 30.87629374033901897 ) ) ;
#61 = EDGE_CURVE ( 'NONE', #1611, #3040, #7800, .T. ) ;
#62 = ORIENTED_EDGE ( 'NONE', *, *, #2089, .T. ) ;
#63 = DIRECTION ( 'NONE',  ( 0.000000000000000000, 1.000000000000000000, 0.000000000000000000 ) ) ;
#64 = DIRECTION ( 'NONE',  ( 0.000000000000000000, 0.000000000000000000, 1.000000000000000000 ) ) ;
#65 = AXIS2_PLACEMENT_3D ( 'NONE', #5507, #5584, #11427 ) ;
#66 = LINE ( 'NONE', #7909, #7730 ) ;
#67 = VECTOR ( 'NONE', #5810, 1000.000000000000114 ) ;
#68 = CYLINDRICAL_SURFACE ( 'NONE', #11277, 44.99999999999999289 ) ;
#69 = CARTESIAN_POINT ( 'NONE',  ( -36.85853849957269546, -20.42202547882114061, 35.24837783041250816 ) ) ;
#70 = AXIS2_PLACEMENT_3D ( 'NONE', #4904, #5882, #2088 ) ;
#71 = ORIENTED_EDGE ( 'NONE', *, *, #8693, .T. ) ;
#72 = CARTESIAN_POINT ( 'NONE',  ( 20.37347321810699441, 10.00000000000000000, 41.85922843806427807 ) ) ;
#74 = ORIENTED_EDGE ( 'NONE', *, *, #8154, .T. ) ;
#73 = DIRECTION ( 'NONE',  ( 8.659560562355054885E-17, 0.7071067811865376918, -0.7071067811865574537 ) ) ;
#75 = EDGE_CURVE ( 'NONE', #8201, #7928, #7100, .T. ) ;
#76 = CARTESIAN_POINT ( 'NONE',  ( 6.315817419441112079, -19.06525438257995120, 46.12357170388320782 ) ) ;
#77 = AXIS2_PLACEMENT_3D ( 'NONE', #651, #3840, #1927 ) ;
#78 = ORIENTED_EDGE ( 'NONE', *, *, #3100, .T. ) ;
#79 = DIRECTION ( 'NONE',  ( -0.7748486042760440728, 0.000000000000000000, 0.6321468503848347575 ) ) ;
#80 = LINE ( 'NONE', #2962, #7303 ) ;
#81 = AXIS2_PLACEMENT_3D ( 'NONE', #5041, #8971, #8909 ) ;
#82 = DIRECTION ( 'NONE',  ( 0.000000000000000000, 1.000000000000000000, 0.000000000000000000 ) ) ;
#83 = DIRECTION ( 'NONE',  ( -0.000000000000000000, -1.000000000000000000, -0.000000000000000000 ) ) ;
#84 = CYLINDRICAL_SURFACE ( 'NONE', #7492, 0.4999999999999970024 ) ;
#85 = AXIS2_PLACEMENT_3D ( 'NONE', #508, #2229, #5246 ) ;
#86 = FACE_OUTER_BOUND ( 'NONE', #5282, .T. ) ;
#87 = DIRECTION ( 'NONE',  ( 0.000000000000000000, 0.000000000000000000, 1.000000000000000000 ) ) ;
#88 = ORIENTED_EDGE ( 'NONE', *, *, #10498, .T. ) ;
#89 = ADVANCED_FACE ( 'NONE', ( #4898 ), #8779, .T. ) ;
#90 = ORIENTED_EDGE ( 'NONE', *, *, #7579, .T. ) ;
#91 = CARTESIAN_POINT ( 'NONE',  ( 42.60509675787135819, 10.00000000000000000, 27.11191122463370107 ) ) ;
#92 = DIRECTION ( 'NONE',  ( 0.3152352524413565282, 0.000000000000000000, -0.9490135592383464047 ) ) ;
#93 = EDGE_CURVE ( 'NONE', #2410, #1271, #2976, .T. ) ;
#94 = CARTESIAN_POINT ( 'NONE',  ( -11.81567228767948130, -19.06525438257990857, 45.02958255179737534 ) ) ;
#95 = DIRECTION ( 'NONE',  ( 0.000000000000000000, 1.000000000000000000, 0.000000000000000000 ) ) ;
#96 = EDGE_CURVE ( 'NONE', #7469, #4163, #9018, .T. ) ;
#97 = CARTESIAN_POINT ( 'NONE',  ( -34.84146812720832287, 10.00000000000000000, 30.87629374033901897 ) ) ;
#98 = AXIS2_PLACEMENT_3D ( 'NONE', #1739, #5501, #4744 ) ;
#100 = VERTEX_POINT ( 'NONE', #2906 ) ;
#99 = AXIS2_PLACEMENT_3D ( 'NONE', #5630, #10637, #691 ) ;
#101 = EDGE_CURVE ( 'NONE', #10464, #11251, #11382, .T. ) ;
#102 = CARTESIAN_POINT ( 'NONE',  ( 6.315817419440145741, 10.00000000000000000, -46.12357170388334282 ) ) ;
#103 = VERTEX_POINT ( 'NONE', #4843 ) ;
#104 = CARTESIAN_POINT ( 'NONE',  ( 41.85922843806464044, 10.00000000000000000, 20.37347321810624834 ) ) ;
#105 = ORIENTED_EDGE ( 'NONE', *, *, #4468, .T. ) ;
#106 = CARTESIAN_POINT ( 'NONE',  ( 46.91716864078402693, 10.00000000000000000, -6.658138915334623320 ) ) ;
#107 = CARTESIAN_POINT ( 'NONE',  ( 0.000000000000000000, -10.00000000000000000, 0.000000000000000000 ) ) ;
#108 = ORIENTED_EDGE ( 'NONE', *, *, #9679, .F. ) ;
#109 = VECTOR ( 'NONE', #450, 1000.000000000000000 ) ;
#110 = AXIS2_PLACEMENT_3D ( 'NONE', #11836, #12626, #9663 ) ;
#111 = ORIENTED_EDGE ( 'NONE', *, *, #6513, .T. ) ;
#112 = PLANE ( 'NONE',  #7826 ) ;
#114 = ORIENTED_EDGE ( 'NONE', *, *, #4906, .F. ) ;
#113 = CARTESIAN_POINT ( 'NONE',  ( 0.000000000000000000, -10.00000000000000000, 0.000000000000000000 ) ) ;
#115 = ORIENTED_EDGE ( 'NONE', *, *, #10093, .T. ) ;
#116 = DIRECTION ( 'NONE',  ( 0.4943214563281784213, -0.000000000000000000, 0.8692791828944190780 ) ) ;
#117 = ADVANCED_FACE ( 'NONE', ( #6762 ), #11831, .T. ) ;
#118 = CIRCLE ( 'NONE', #1755, 44.99999999999999289 ) ;
#119 = CARTESIAN_POINT ( 'NONE',  ( 1.605440076985779729, -18.55636363116340704, 50.63394466786608206 ) ) ;
#120 = CIRCLE ( 'NONE', #4400, 0.5000000000000004441 ) ;
#121 = DIRECTION ( 'NONE',  ( 0.9490135592383439622, 0.000000000000000000, 0.3152352524413633006 ) ) ;
#123 = ORIENTED_EDGE ( 'NONE', *, *, #8062, .F. ) ;
#122 = CARTESIAN_POINT ( 'NONE',  ( -49.78546187191620476, 10.00000000000000000, 11.06380523147334038 ) ) ;
#124 = VECTOR ( 'NONE', #5984, 1000.000000000000000 ) ;
#125 = DIRECTION ( 'NONE',  ( -0.9807852804032325400, 0.000000000000000000, -0.1950903220161181728 ) ) ;
#126 = ORIENTED_EDGE ( 'NONE', *, *, #12552, .T. ) ;
#127 = CARTESIAN_POINT ( 'NONE',  ( 0.000000000000000000, 10.00000000000000000, 0.000000000000000000 ) ) ;
#128 = DIRECTION ( 'NONE',  ( 0.000000000000000000, 1.000000000000000000, 0.000000000000000000 ) ) ;
#129 = EDGE_CURVE ( 'NONE', #3302, #11255, #6837, .T. ) ;
#130 = DIRECTION ( 'NONE',  ( 0.2930610956196625372, 0.000000000000000000, -0.9560937162403082556 ) ) ;
#131 = DIRECTION ( 'NONE',  ( -0.000000000000000000, -1.000000000000000000, -0.000000000000000000 ) ) ;
#132 = CARTESIAN_POINT ( 'NONE',  ( -41.35240453125117455, -10.00000000000000000, 28.98669762983973541 ) ) ;
#133 = VECTOR ( 'NONE', #3492, 1000.000000000000000 ) ;
#134 = ORIENTED_EDGE ( 'NONE', *, *, #8309, .F. ) ;
#135 = ORIENTED_EDGE ( 'NONE', *, *, #8072, .F. ) ;
#136 = CARTESIAN_POINT ( 'NONE',  ( -5.817177892307366704, -19.06525438257992988, -44.62242083716716223 ) ) ;
#138 = EDGE_LOOP ( 'NONE', ( #4324, #2570, #6655, #8724 ) ) ;
#137 = CARTESIAN_POINT ( 'NONE',  ( -23.67853845910838828, 10.00000000000000000, -39.32099234290784295 ) ) ;
#139 = EDGE_CURVE ( 'NONE', #9545, #8402, #7505, .T. ) ;
#140 = FACE_OUTER_BOUND ( 'NONE', #2274, .T. ) ;
#141 = ORIENTED_EDGE ( 'NONE', *, *, #11640, .T. ) ;
#142 = CARTESIAN_POINT ( 'NONE',  ( -30.89470704032667570, -20.42202547882114061, 33.94599680791360896 ) ) ;
#143 = AXIS2_PLACEMENT_3D ( 'NONE', #6640, #8718, #10425 ) ;
#144 = DIRECTION ( 'NONE',  ( 0.4481489385050592689, 0.000000000000000000, -0.8939589078457624849 ) ) ;
#145 = CARTESIAN_POINT ( 'NONE',  ( 49.34782179739804775, -19.06525438257988725, 11.45278456627739239 ) ) ;
#146 = LINE ( 'NONE', #4047, #10863 ) ;
#147 = ORIENTED_EDGE ( 'NONE', *, *, #12268, .T. ) ;
#148 = ORIENTED_EDGE ( 'NONE', *, *, #1415, .T. ) ;
#149 = DIRECTION ( 'NONE',  ( -0.000000000000000000, -1.000000000000000000, -0.000000000000000000 ) ) ;
#150 = EDGE_CURVE ( 'NONE', #10326, #7686, #6471, .T. ) ;
#151 = DIRECTION ( 'NONE',  ( 0.000000000000000000, 1.000000000000000000, 0.000000000000000000 ) ) ;
#152 = FACE_OUTER_BOUND ( 'NONE', #5110, .T. ) ;
#153 = VERTEX_POINT ( 'NONE', #10231 ) ;
#154 = VERTEX_POINT ( 'NONE', #1309 ) ;
#155 = CYLINDRICAL_SURFACE ( 'NONE', #3700, 50.99999999999999289 ) ;
#156 = CARTESIAN_POINT ( 'NONE',  ( -46.46947506094541325, -18.55636363116341414, 2.803801697542896765 ) ) ;
#157 = CARTESIAN_POINT ( 'NONE',  ( 46.46947506094539193, -10.00000000000000000, -2.803801697543220506 ) ) ;
#158 = CARTESIAN_POINT ( 'NONE',  ( -36.49718027898865813, 10.00000000000000000, 34.90280549874179883 ) ) ;
#159 = CARTESIAN_POINT ( 'NONE',  ( 0.000000000000000000, 10.00000000000000000, 0.000000000000000000 ) ) ;
#160 = ORIENTED_EDGE ( 'NONE', *, *, #5738, .F. ) ;
#161 = EDGE_CURVE ( 'NONE', #1165, #5198, #2975, .T. ) ;
#162 = CARTESIAN_POINT ( 'NONE',  ( -28.14833299833691527, 10.00000000000000000, 37.08024765038265258 ) ) ;
#163 = CARTESIAN_POINT ( 'NONE',  ( 0.000000000000000000, 10.00000000000000000, 0.000000000000000000 ) ) ;
#164 = ADVANCED_FACE ( 'NONE', ( #6372 ), #1496, .T. ) ;
#165 = DIRECTION ( 'NONE',  ( -0.000000000000000000, -1.000000000000000000, -0.000000000000000000 ) ) ;
#166 = ORIENTED_EDGE ( 'NONE', *, *, #8589, .F. ) ;
#167 = EDGE_LOOP ( 'NONE', ( #5482, #5430, #8232, #1592 ) ) ;
#168 = CARTESIAN_POINT ( 'NONE',  ( 0.000000000000000000, -8.999999999999992895, 0.000000000000000000 ) ) ;
#169 = CARTESIAN_POINT ( 'NONE',  ( 34.84146812720874919, -20.42202547882114061, 30.87629374033853225 ) ) ;
#170 = EDGE_CURVE ( 'NONE', #12420, #10652, #5147, .T. ) ;
#171 = ORIENTED_EDGE ( 'NONE', *, *, #4010, .F. ) ;
#172 = CARTESIAN_POINT ( 'NONE',  ( 44.71672993605658064, 10.00000000000000000, 15.68329018125474938 ) ) ;
#173 = LINE ( 'NONE', #8859, #9943 ) ;
#174 = CARTESIAN_POINT ( 'NONE',  ( 8.830448225977232113, -19.06525438257995120, 50.22970420108339340 ) ) ;
#175 = EDGE_CURVE ( 'NONE', #476, #6869, #938, .T. ) ;
#176 = VERTEX_POINT ( 'NONE', #534 ) ;
#178 = ORIENTED_EDGE ( 'NONE', *, *, #5298, .F. ) ;
#177 = CARTESIAN_POINT ( 'NONE',  ( 20.86000496748389921, -19.69863090235029901, 46.16528980983291319 ) ) ;
#179 = EDGE_CURVE ( 'NONE', #1211, #12312, #6187, .T. ) ;
#180 = LINE ( 'NONE', #4082, #2053 ) ;
#181 = VERTEX_POINT ( 'NONE', #4253 ) ;
#182 = EDGE_CURVE ( 'NONE', #5627, #5899, #8187, .T. ) ;
#183 = CYLINDRICAL_SURFACE ( 'NONE', #9508, 50.99999999999999289 ) ;
#184 = CYLINDRICAL_SURFACE ( 'NONE', #5391, 0.4999999999999970024 ) ;
#185 = CARTESIAN_POINT ( 'NONE',  ( 47.39404044806805416, 10.00000000000000000, 17.89353851188204558 ) ) ;
#186 = ORIENTED_EDGE ( 'NONE', *, *, #5405, .T. ) ;
#187 = EDGE_CURVE ( 'NONE', #1821, #5026, #4308, .T. ) ;
#188 = CARTESIAN_POINT ( 'NONE',  ( 47.54181953147855921, 10.00000000000000000, 18.46010280676470572 ) ) ;
#190 = ORIENTED_EDGE ( 'NONE', *, *, #761, .F. ) ;
#189 = CARTESIAN_POINT ( 'NONE',  ( 15.55241692398304920, 10.00000000000000000, -43.18490419363109822 ) ) ;
#191 = DIRECTION ( 'NONE',  ( 0.000000000000000000, 1.000000000000000000, 0.000000000000000000 ) ) ;
#192 = EDGE_CURVE ( 'NONE', #3528, #3616, #118, .T. ) ;
#193 = ORIENTED_EDGE ( 'NONE', *, *, #4048, .T. ) ;
#194 = CARTESIAN_POINT ( 'NONE',  ( 0.000000000000000000, -10.00000000000000000, 0.000000000000000000 ) ) ;
#195 = DIRECTION ( 'NONE',  ( -0.6321468503848346465, 0.000000000000000000, -0.7748486042760439618 ) ) ;
#196 = LINE ( 'NONE', #6049, #9484 ) ;
#197 = ORIENTED_EDGE ( 'NONE', *, *, #12245, .T. ) ;
#198 = DIRECTION ( 'NONE',  ( 0.000000000000000000, 1.000000000000000000, 0.000000000000000000 ) ) ;
#199 = AXIS2_PLACEMENT_3D ( 'NONE', #9461, #6498, #7532 ) ;
#200 = ADVANCED_FACE ( 'NONE', ( #2389 ), #7340, .T. ) ;
#201 = AXIS2_PLACEMENT_3D ( 'NONE', #2312, #12008, #5259 ) ;
#202 = ORIENTED_EDGE ( 'NONE', *, *, #1774, .T. ) ;
#203 = VERTEX_POINT ( 'NONE', #2442 ) ;
#204 = CARTESIAN_POINT ( 'NONE',  ( 0.000000000000000000, -19.69863090235025993, 0.000000000000000000 ) ) ;
#205 = DIRECTION ( 'NONE',  ( 0.000000000000000000, 1.000000000000000000, 0.000000000000000000 ) ) ;
#206 = PLANE ( 'NONE',  #5570 ) ;
#207 = ORIENTED_EDGE ( 'NONE', *, *, #2140, .F. ) ;
#208 = CIRCLE ( 'NONE', #12103, 38.99999999999999289 ) ;
#209 = ORIENTED_EDGE ( 'NONE', *, *, #6051, .T. ) ;
#210 = DIRECTION ( 'NONE',  ( 0.000000000000000000, 1.000000000000000000, 0.000000000000000000 ) ) ;
#211 = DIRECTION ( 'NONE',  ( 0.000000000000000000, 0.000000000000000000, -1.000000000000000000 ) ) ;
#212 = AXIS2_PLACEMENT_3D ( 'NONE', #18, #11696, #11764 ) ;
#213 = EDGE_CURVE ( 'NONE', #10769, #1470, #1374, .T. ) ;
#214 = AXIS2_PLACEMENT_3D ( 'NONE', #9234, #375, #5362 ) ;
#215 = PLANE ( 'NONE',  #2770 ) ;
#216 = CARTESIAN_POINT ( 'NONE',  ( 49.97423344059152583, -10.00000000000000000, 8.303600574123223055 ) ) ;
#217 = FACE_OUTER_BOUND ( 'NONE', #8716, .T. ) ;
#218 = ORIENTED_EDGE ( 'NONE', *, *, #7017, .T. ) ;
#219 = ORIENTED_EDGE ( 'NONE', *, *, #1178, .T. ) ;
#220 = CARTESIAN_POINT ( 'NONE',  ( -30.87629374033865659, 10.00000000000000000, 34.84146812720864261 ) ) ;
#221 = ORIENTED_EDGE ( 'NONE', *, *, #7466, .T. ) ;
#222 = AXIS2_PLACEMENT_3D ( 'NONE', #6485, #1604, #8619 ) ;
#223 = EDGE_CURVE ( 'NONE', #7197, #10753, #8743, .T. ) ;
#224 = CIRCLE ( 'NONE', #7396, 40.00000000000000000 ) ;
#225 = CONICAL_SURFACE ( 'NONE', #12521, 40.00000000000000000, 0.7853981633974415066 ) ;
#226 = AXIS2_PLACEMENT_3D ( 'NONE', #5783, #10536, #4942 ) ;
#227 = VERTEX_POINT ( 'NONE', #471 ) ;
#228 = CARTESIAN_POINT ( 'NONE',  ( 46.46947506094544877, 10.00000000000000000, 2.803801697542247506 ) ) ;
#229 = VERTEX_POINT ( 'NONE', #9340 ) ;
#230 = ORIENTED_EDGE ( 'NONE', *, *, #5339, .F. ) ;
#231 = ORIENTED_EDGE ( 'NONE', *, *, #12454, .T. ) ;
#232 = DIRECTION ( 'NONE',  ( 0.8805492600596794839, 0.000000000000000000, 0.4739546398215244705 ) ) ;
#233 = EDGE_CURVE ( 'NONE', #6687, #9669, #8132, .T. ) ;
#234 = ORIENTED_EDGE ( 'NONE', *, *, #9980, .F. ) ;
#235 = CARTESIAN_POINT ( 'NONE',  ( -46.16528980983300556, -19.69863090235029190, 20.86000496748373934 ) ) ;
#236 = VECTOR ( 'NONE', #4794, 1000.000000000000000 ) ;
#237 = VECTOR ( 'NONE', #7361, 1000.000000000000000 ) ;
#238 = VECTOR ( 'NONE', #12001, 1000.000000000000000 ) ;
#239 = CARTESIAN_POINT ( 'NONE',  ( -38.99960370005729260, -20.23931917473914410, 22.45063275808672998 ) ) ;
#240 = DIRECTION ( 'NONE',  ( 0.000000000000000000, 0.000000000000000000, -1.000000000000000000 ) ) ;
#241 = AXIS2_PLACEMENT_3D ( 'NONE', #7993, #8836, #6962 ) ;
#242 = VECTOR ( 'NONE', #10303, 1000.000000000000000 ) ;
#243 = VECTOR ( 'NONE', #8211, 1000.000000000000000 ) ;
#244 = ORIENTED_EDGE ( 'NONE', *, *, #9591, .T. ) ;
#246 = ORIENTED_EDGE ( 'NONE', *, *, #1795, .T. ) ;
#245 = DIRECTION ( 'NONE',  ( 0.000000000000000000, 1.000000000000000000, 0.000000000000000000 ) ) ;
#247 = CARTESIAN_POINT ( 'NONE',  ( 28.46743292285679416, 10.00000000000000000, 37.88346327708583061 ) ) ;
#248 = ORIENTED_EDGE ( 'NONE', *, *, #6556, .T. ) ;
#249 = DIRECTION ( 'NONE',  ( 0.000000000000000000, 0.000000000000000000, 1.000000000000000000 ) ) ;
#250 = EDGE_CURVE ( 'NONE', #12649, #10332, #4191, .T. ) ;
#251 = DIRECTION ( 'NONE',  ( -0.7561388950492610173, 0.000000000000000000, -0.6544111638669396491 ) ) ;
#252 = EDGE_CURVE ( 'NONE', #2881, #910, #5235, .T. ) ;
#253 = VECTOR ( 'NONE', #12217, 1000.000000000000000 ) ;
#254 = EDGE_CURVE ( 'NONE', #12456, #1827, #12417, .T. ) ;
#255 = DIRECTION ( 'NONE',  ( -0.7711657896326750139, 0.000000000000000000, -0.6366343730118668720 ) ) ;
#256 = AXIS2_PLACEMENT_3D ( 'NONE', #10743, #5995, #984 ) ;
#257 = VECTOR ( 'NONE', #558, 1000.000000000000114 ) ;
#258 = ADVANCED_FACE ( 'NONE', ( #7101 ), #8133, .F. ) ;
#259 = EDGE_CURVE ( 'NONE', #12635, #11594, #12026, .T. ) ;
#260 = ORIENTED_EDGE ( 'NONE', *, *, #6680, .T. ) ;
#261 = CARTESIAN_POINT ( 'NONE',  ( 2.157587686025606022, -10.00000000000000000, -45.84930138799938248 ) ) ;
#262 = CIRCLE ( 'NONE', #11931, 0.4999999999999952260 ) ;
#264 = ORIENTED_EDGE ( 'NONE', *, *, #10459, .T. ) ;
#263 = LINE ( 'NONE', #11099, #5550 ) ;
#265 = CARTESIAN_POINT ( 'NONE',  ( -28.14833299833691527, -20.23931917473912634, 37.08024765038265258 ) ) ;
#266 = AXIS2_PLACEMENT_3D ( 'NONE', #9581, #3724, #2569 ) ;
#267 = VERTEX_POINT ( 'NONE', #6551 ) ;
#268 = DIRECTION ( 'NONE',  ( 0.000000000000000000, 1.000000000000000000, 0.000000000000000000 ) ) ;
#269 = AXIS2_PLACEMENT_3D ( 'NONE', #4137, #2161, #5890 ) ;
#270 = FACE_OUTER_BOUND ( 'NONE', #11759, .T. ) ;
#271 = ORIENTED_EDGE ( 'NONE', *, *, #11295, .T. ) ;
#272 = LINE ( 'NONE', #9255, #8406 ) ;
#273 = VERTEX_POINT ( 'NONE', #9584 ) ;
#274 = PLANE ( 'NONE',  #9855 ) ;
#275 = EDGE_CURVE ( 'NONE', #7132, #489, #12404, .T. ) ;
#276 = VECTOR ( 'NONE', #1008, 1000.000000000000000 ) ;
#277 = VERTEX_POINT ( 'NONE', #2768 ) ;
#278 = EDGE_LOOP ( 'NONE', ( #7866, #6297, #5851, #8581 ) ) ;
#279 = CARTESIAN_POINT ( 'NONE',  ( 31.60182249697005119, 10.00000000000000000, 35.31113623141654756 ) ) ;
#280 = VECTOR ( 'NONE', #7683, 1000.000000000000000 ) ;
#281 = AXIS2_PLACEMENT_3D ( 'NONE', #4057, #987, #9017 ) ;
#282 = DIRECTION ( 'NONE',  ( 0.000000000000000000, 1.000000000000000000, 0.000000000000000000 ) ) ;
#283 = CARTESIAN_POINT ( 'NONE',  ( -35.24837783041213157, -10.00000000000000000, 36.85853849957305783 ) ) ;
#284 = ORIENTED_EDGE ( 'NONE', *, *, #9589, .F. ) ;
#285 = VECTOR ( 'NONE', #1391, 1000.000000000000000 ) ;
#286 = VERTEX_POINT ( 'NONE', #8630 ) ;
#287 = DIRECTION ( 'NONE',  ( 0.000000000000000000, 1.000000000000000000, 0.000000000000000000 ) ) ;
#288 = CARTESIAN_POINT ( 'NONE',  ( 50.63394466786606785, 10.00000000000000000, -1.605440076986312636 ) ) ;
#289 = EDGE_CURVE ( 'NONE', #4083, #6315, #10989, .T. ) ;
#290 = DIRECTION ( 'NONE',  ( -5.204170427930424439E-15, 0.000000000000000000, 1.000000000000000000 ) ) ;
#291 = DIRECTION ( 'NONE',  ( 0.7071067811865475727, 0.000000000000000000, -0.7071067811865475727 ) ) ;
#292 = CARTESIAN_POINT ( 'NONE',  ( 39.32099234290758005, -10.00000000000000000, -23.67853845910880040 ) ) ;
#293 = CIRCLE ( 'NONE', #12372, 0.4999999999999977240 ) ;
#294 = ORIENTED_EDGE ( 'NONE', *, *, #4597, .F. ) ;
#295 = DIRECTION ( 'NONE',  ( 0.000000000000000000, 0.000000000000000000, 1.000000000000000000 ) ) ;
#296 = VECTOR ( 'NONE', #251, 1000.000000000000114 ) ;
#297 = ORIENTED_EDGE ( 'NONE', *, *, #11500, .T. ) ;
#298 = CARTESIAN_POINT ( 'NONE',  ( -41.85922843806435623, -19.69863090235029190, 20.37347321810685585 ) ) ;
#299 = ORIENTED_EDGE ( 'NONE', *, *, #12687, .T. ) ;
#300 = ORIENTED_EDGE ( 'NONE', *, *, #772, .T. ) ;
#301 = DIRECTION ( 'NONE',  ( -2.081668171172166620E-14, 0.000000000000000000, 1.000000000000000000 ) ) ;
#302 = ADVANCED_FACE ( 'NONE', ( #3607 ), #2507, .T. ) ;
#303 = EDGE_LOOP ( 'NONE', ( #6111, #12378, #1120, #6080 ) ) ;
#304 = AXIS2_PLACEMENT_3D ( 'NONE', #8351, #10075, #3391 ) ;
#305 = DIRECTION ( 'NONE',  ( 0.09512807697520034300, -0.000000000000000000, 0.9954650415614806347 ) ) ;
#306 = VECTOR ( 'NONE', #4528, 1000.000000000000000 ) ;
#307 = DIRECTION ( 'NONE',  ( -0.000000000000000000, -1.000000000000000000, -0.000000000000000000 ) ) ;
#308 = DIRECTION ( 'NONE',  ( 0.000000000000000000, 1.000000000000000000, 0.000000000000000000 ) ) ;
#309 = EDGE_CURVE ( 'NONE', #12036, #1188, #12333, .T. ) ;
#310 = AXIS2_PLACEMENT_3D ( 'NONE', #3456, #9322, #9131 ) ;
#311 = VECTOR ( 'NONE', #4903, 1000.000000000000000 ) ;
#312 = ORIENTED_EDGE ( 'NONE', *, *, #3048, .T. ) ;
#314 = ORIENTED_EDGE ( 'NONE', *, *, #10896, .F. ) ;
#313 = DIRECTION ( 'NONE',  ( 0.000000000000000000, 0.000000000000000000, 1.000000000000000000 ) ) ;
#315 = CARTESIAN_POINT ( 'NONE',  ( -37.88346327708592298, 10.00000000000000000, 28.46743292285665561 ) ) ;
#316 = ORIENTED_EDGE ( 'NONE', *, *, #10609, .F. ) ;
#317 = CARTESIAN_POINT ( 'NONE',  ( -15.55241692398367448, -19.69863090235027414, -43.18490419363088506 ) ) ;
#318 = DIRECTION ( 'NONE',  ( -0.000000000000000000, -1.000000000000000000, -0.000000000000000000 ) ) ;
#319 = AXIS2_PLACEMENT_3D ( 'NONE', #8931, #5963, #1213 ) ;
#320 = CONICAL_SURFACE ( 'NONE', #12408, 10.99999999999999645, 0.7853981633974473908 ) ;
#321 = DIRECTION ( 'NONE',  ( -0.7893522173763186656, 0.000000000000000000, 0.6139406135149303445 ) ) ;
#322 = VERTEX_POINT ( 'NONE', #8435 ) ;
#323 = VECTOR ( 'NONE', #8901, 1000.000000000000000 ) ;
#324 = EDGE_CURVE ( 'NONE', #181, #7134, #1753, .T. ) ;
#326 = ORIENTED_EDGE ( 'NONE', *, *, #6927, .F. ) ;
#325 = DIRECTION ( 'NONE',  ( -0.000000000000000000, -1.000000000000000000, -0.000000000000000000 ) ) ;
#327 = FACE_OUTER_BOUND ( 'NONE', #1151, .T. ) ;
#328 = VERTEX_POINT ( 'NONE', #11431 ) ;
#329 = EDGE_CURVE ( 'NONE', #4133, #7577, #1976, .T. ) ;
#330 = CARTESIAN_POINT ( 'NONE',  ( 15.19272321494674571, -19.69863090235029901, 44.00516535263775353 ) ) ;
#331 = ADVANCED_FACE ( 'NONE', ( #9526 ), #4435, .T. ) ;
#332 = LINE ( 'NONE', #9253, #9562 ) ;
#333 = VERTEX_POINT ( 'NONE', #2696 ) ;
#334 = CARTESIAN_POINT ( 'NONE',  ( -41.20865162466899534, -10.00000000000000000, 29.46558707621455042 ) ) ;
#335 = ORIENTED_EDGE ( 'NONE', *, *, #5604, .F. ) ;
#336 = CIRCLE ( 'NONE', #7509, 51.00000000000000000 ) ;
#337 = DIRECTION ( 'NONE',  ( 0.000000000000000000, 0.000000000000000000, 1.000000000000000000 ) ) ;
#338 = DIRECTION ( 'NONE',  ( -0.000000000000000000, -1.000000000000000000, -0.000000000000000000 ) ) ;
#339 = VERTEX_POINT ( 'NONE', #11567 ) ;
#340 = LINE ( 'NONE', #8178, #1552 ) ;
#341 = CARTESIAN_POINT ( 'NONE',  ( 17.89353851188289113, -10.00000000000000000, 47.39404044806772731 ) ) ;
#342 = FACE_OUTER_BOUND ( 'NONE', #7677, .T. ) ;
#343 = AXIS2_PLACEMENT_3D ( 'NONE', #8487, #3458, #2615 ) ;
#344 = EDGE_CURVE ( 'NONE', #4131, #12675, #1681, .T. ) ;
#345 = DIRECTION ( 'NONE',  ( 0.000000000000000000, 1.000000000000000000, 0.000000000000000000 ) ) ;
#346 = ORIENTED_EDGE ( 'NONE', *, *, #12572, .F. ) ;
#347 = EDGE_LOOP ( 'NONE', ( #6384, #4773, #2790, #9276 ) ) ;
#348 = DIRECTION ( 'NONE',  ( 0.3826834323650841196, 0.000000000000000000, -0.9238795325112890700 ) ) ;
#349 = CARTESIAN_POINT ( 'NONE',  ( -5.817177892307364928, -10.00000000000000000, -44.62242083716716223 ) ) ;
#350 = CARTESIAN_POINT ( 'NONE',  ( 0.000000000000000000, -10.00000000000000000, 0.000000000000000000 ) ) ;
#351 = DIRECTION ( 'NONE',  ( 0.07193236855372590888, 0.000000000000000000, -0.9974095118627308576 ) ) ;
#352 = UNCERTAINTY_MEASURE_WITH_UNIT (LENGTH_MEASURE( 1.000000000000000082E-05 ), #10947, 'distance_accuracy_value', 'NONE');
#353 = FACE_OUTER_BOUND ( 'NONE', #5734, .T. ) ;
#354 = VERTEX_POINT ( 'NONE', #7464 ) ;
#355 = VERTEX_POINT ( 'NONE', #6436 ) ;
#356 = DIRECTION ( 'NONE',  ( -0.9238795325112868495, 0.000000000000000000, 0.3826834323650896152 ) ) ;
#357 = DIRECTION ( 'NONE',  ( 0.000000000000000000, 0.000000000000000000, 1.000000000000000000 ) ) ;
#358 = ORIENTED_EDGE ( 'NONE', *, *, #3182, .T. ) ;
#359 = APPROVAL ( #3877, 'UNSPECIFIED' ) ;
#360 = CARTESIAN_POINT ( 'NONE',  ( -29.46558707621439765, -10.00000000000000000, -41.20865162466911613 ) ) ;
#361 = EDGE_LOOP ( 'NONE', ( #5660, #7117, #7019, #4109 ) ) ;
#362 = ORIENTED_EDGE ( 'NONE', *, *, #8736, .F. ) ;
#363 = ORIENTED_EDGE ( 'NONE', *, *, #2302, .T. ) ;
#364 = CARTESIAN_POINT ( 'NONE',  ( -46.21285384832059862, -19.69863090235029190, 20.36227244670300252 ) ) ;
#365 = ORIENTED_EDGE ( 'NONE', *, *, #4960, .T. ) ;
#366 = CARTESIAN_POINT ( 'NONE',  ( -28.46743292285652061, 10.00000000000000000, -37.88346327708603667 ) ) ;
#367 = FACE_OUTER_BOUND ( 'NONE', #11067, .T. ) ;
#368 = ORIENTED_EDGE ( 'NONE', *, *, #6263, .T. ) ;
#369 = DIRECTION ( 'NONE',  ( -0.4739546398215150891, 0.000000000000000000, 0.8805492600596844799 ) ) ;
#370 = DIRECTION ( 'NONE',  ( 0.000000000000000000, 1.000000000000000000, 0.000000000000000000 ) ) ;
#371 = EDGE_CURVE ( 'NONE', #6585, #9470, #2628, .T. ) ;
#372 = ORIENTED_EDGE ( 'NONE', *, *, #810, .F. ) ;
#374 = VERTEX_POINT ( 'NONE', #1614 ) ;
#373 = DIRECTION ( 'NONE',  ( 0.000000000000000000, 0.000000000000000000, 1.000000000000000000 ) ) ;
#375 = DIRECTION ( 'NONE',  ( -0.000000000000000000, -1.000000000000000000, -0.000000000000000000 ) ) ;
#376 = ORIENTED_EDGE ( 'NONE', *, *, #4501, .T. ) ;
#377 = DIRECTION ( 'NONE',  ( 0.000000000000000000, 1.000000000000000000, 0.000000000000000000 ) ) ;
#378 = CARTESIAN_POINT ( 'NONE',  ( -15.68329018125492702, -10.00000000000000000, 44.71672993605652380 ) ) ;
#379 = DIRECTION ( 'NONE',  ( -0.1240347345892116732, 0.000000000000000000, -0.9922778767136672950 ) ) ;
#381 = EDGE_LOOP ( 'NONE', ( #9725, #10584, #1404, #11746 ) ) ;
#380 = DIRECTION ( 'NONE',  ( 0.000000000000000000, 0.000000000000000000, 1.000000000000000000 ) ) ;
#382 = DIRECTION ( 'NONE',  ( 0.000000000000000000, 1.000000000000000000, 0.000000000000000000 ) ) ;
#383 = ORIENTED_EDGE ( 'NONE', *, *, #11435, .T. ) ;
#384 = LINE ( 'NONE', #330, #10555 ) ;
#385 = EDGE_CURVE ( 'NONE', #10692, #10800, #10357, .T. ) ;
#386 = DIRECTION ( 'NONE',  ( 0.000000000000000000, -0.000000000000000000, 1.000000000000000000 ) ) ;
#387 = EDGE_LOOP ( 'NONE', ( #3003, #9608, #4928, #4277 ) ) ;
#388 = CYLINDRICAL_SURFACE ( 'NONE', #7799, 0.4999999999999970024 ) ;
#389 = VERTEX_POINT ( 'NONE', #719 ) ;
#390 = DIRECTION ( 'NONE',  ( 0.000000000000000000, 1.000000000000000000, 0.000000000000000000 ) ) ;
#391 = EDGE_CURVE ( 'NONE', #11607, #6342, #8950, .T. ) ;
#392 = LINE ( 'NONE', #7271, #3766 ) ;
#393 = ORIENTED_EDGE ( 'NONE', *, *, #12615, .F. ) ;
#394 = DIRECTION ( 'NONE',  ( 0.000000000000000000, 0.000000000000000000, -1.000000000000000000 ) ) ;
#395 = DIRECTION ( 'NONE',  ( 0.000000000000000000, 1.000000000000000000, 0.000000000000000000 ) ) ;
#396 = FACE_OUTER_BOUND ( 'NONE', #6446, .T. ) ;
#397 = DIRECTION ( 'NONE',  ( 0.000000000000000000, 0.000000000000000000, 1.000000000000000000 ) ) ;
#398 = VERTEX_POINT ( 'NONE', #4558 ) ;
#399 = CARTESIAN_POINT ( 'NONE',  ( 45.38924439456603466, -19.06525438257988725, 11.82862472836567136 ) ) ;
#400 = DIRECTION ( 'NONE',  ( 0.000000000000000000, 0.000000000000000000, 1.000000000000000000 ) ) ;
#401 = DIRECTION ( 'NONE',  ( 0.000000000000000000, 1.000000000000000000, 0.000000000000000000 ) ) ;
#402 = DIRECTION ( 'NONE',  ( 0.000000000000000000, 1.000000000000000000, 0.000000000000000000 ) ) ;
#403 = EDGE_CURVE ( 'NONE', #2893, #6130, #12009, .T. ) ;
#404 = VECTOR ( 'NONE', #7451, 1000.000000000000000 ) ;
#405 = CARTESIAN_POINT ( 'NONE',  ( 6.315817419441112079, -10.00000000000000000, 46.12357170388320782 ) ) ;
#406 = EDGE_CURVE ( 'NONE', #3212, #1320, #4486, .T. ) ;
#407 = ORIENTED_EDGE ( 'NONE', *, *, #3536, .T. ) ;
#408 = CARTESIAN_POINT ( 'NONE',  ( -34.66838806764730663, -20.42202547882114061, -36.93882319809778636 ) ) ;
#409 = EDGE_CURVE ( 'NONE', #11478, #502, #1561, .T. ) ;
#410 = EDGE_CURVE ( 'NONE', #1564, #7955, #12427, .T. ) ;
#411 = LINE ( 'NONE', #7160, #6156 ) ;
#412 = VECTOR ( 'NONE', #3546, 1000.000000000000000 ) ;
#413 = AXIS2_PLACEMENT_3D ( 'NONE', #9406, #11194, #4199 ) ;
#414 = DIRECTION ( 'NONE',  ( 0.000000000000000000, 1.000000000000000000, 0.000000000000000000 ) ) ;
#415 = AXIS2_PLACEMENT_3D ( 'NONE', #11214, #433, #4341 ) ;
#416 = EDGE_LOOP ( 'NONE', ( #3792, #7085, #3558, #9568 ) ) ;
#417 = VERTEX_POINT ( 'NONE', #9401 ) ;
#418 = ORIENTED_EDGE ( 'NONE', *, *, #1227, .F. ) ;
#419 = CARTESIAN_POINT ( 'NONE',  ( 49.34782179739782038, 10.00000000000000000, -11.45278456627842623 ) ) ;
#420 = ORIENTED_EDGE ( 'NONE', *, *, #568, .F. ) ;
#421 = CARTESIAN_POINT ( 'NONE',  ( 20.52974213179138019, -10.00000000000000000, 42.70926380875477690 ) ) ;
#422 = CARTESIAN_POINT ( 'NONE',  ( -28.98669762983958620, -10.00000000000000000, -41.35240453125129534 ) ) ;
#423 = AXIS2_PLACEMENT_3D ( 'NONE', #6170, #10091, #337 ) ;
#424 = CIRCLE ( 'NONE', #8018, 0.5000000000000004441 ) ;
#425 = ADVANCED_FACE ( 'NONE', ( #9713 ), #4827, .T. ) ;
#426 = CARTESIAN_POINT ( 'NONE',  ( -29.46558707621440121, -10.00000000000000000, -41.20865162466910903 ) ) ;
#427 = AXIS2_PLACEMENT_3D ( 'NONE', #4276, #12113, #9049 ) ;
#428 = DIRECTION ( 'NONE',  ( -0.8832858382179953338, 0.000000000000000000, -0.4688348621887383771 ) ) ;
#429 = VERTEX_POINT ( 'NONE', #6889 ) ;
#430 = VECTOR ( 'NONE', #10402, 1000.000000000000000 ) ;
#432 = VERTEX_POINT ( 'NONE', #2061 ) ;
#431 = CARTESIAN_POINT ( 'NONE',  ( 49.34782179739782038, -19.06525438257995830, -11.45278456627842623 ) ) ;
#433 = DIRECTION ( 'NONE',  ( 0.000000000000000000, 1.000000000000000000, 0.000000000000000000 ) ) ;
#434 = AXIS2_PLACEMENT_3D ( 'NONE', #3042, #2092, #6011 ) ;
#435 = ORIENTED_EDGE ( 'NONE', *, *, #1201, .T. ) ;
#436 = CARTESIAN_POINT ( 'NONE',  ( 10.95533655273357532, -19.06525438257995120, 49.29736910846601461 ) ) ;
#437 = CARTESIAN_POINT ( 'NONE',  ( 27.26647565272556761, -10.00000000000000000, 36.92360935593670490 ) ) ;
#438 = ADVANCED_FACE ( 'NONE', ( #5016 ), #1036, .T. ) ;
#439 = DIRECTION ( 'NONE',  ( 0.000000000000000000, 0.000000000000000000, 1.000000000000000000 ) ) ;
#440 = EDGE_LOOP ( 'NONE', ( #6428, #2913, #2636, #6735 ) ) ;
#441 = CIRCLE ( 'NONE', #7418, 4.999999999999997335 ) ;
#442 = CIRCLE ( 'NONE', #11909, 0.4999999999999971689 ) ;
#443 = CIRCLE ( 'NONE', #8032, 0.5000000000000004441 ) ;
#444 = ORIENTED_EDGE ( 'NONE', *, *, #3300, .T. ) ;
#445 = ADVANCED_FACE ( 'NONE', ( #7978 ), #10660, .T. ) ;
#447 = ORIENTED_EDGE ( 'NONE', *, *, #6940, .F. ) ;
#446 = LINE ( 'NONE', #11221, #3933 ) ;
#448 = DIRECTION ( 'NONE',  ( 0.000000000000000000, 1.000000000000000000, 0.000000000000000000 ) ) ;
#449 = ORIENTED_EDGE ( 'NONE', *, *, #6924, .F. ) ;
#450 = DIRECTION ( 'NONE',  ( -0.2651351511132981620, 0.000000000000000000, -0.9642112588246045668 ) ) ;
#451 = VECTOR ( 'NONE', #3034, 1000.000000000000000 ) ;
#452 = CIRCLE ( 'NONE', #2285, 4.999999999999998224 ) ;
#453 = FACE_OUTER_BOUND ( 'NONE', #4591, .T. ) ;
#454 = ORIENTED_EDGE ( 'NONE', *, *, #12121, .F. ) ;
#455 = LINE ( 'NONE', #8306, #3674 ) ;
#456 = ORIENTED_EDGE ( 'NONE', *, *, #3804, .T. ) ;
#457 = DIRECTION ( 'NONE',  ( -0.000000000000000000, 1.000000000000000000, -0.000000000000000000 ) ) ;
#458 = DIRECTION ( 'NONE',  ( -0.8692791828944221866, -0.000000000000000000, 0.4943214563281727036 ) ) ;
#459 = VERTEX_POINT ( 'NONE', #7013 ) ;
#460 = ORIENTED_EDGE ( 'NONE', *, *, #1132, .F. ) ;
#461 = CIRCLE ( 'NONE', #9287, 0.4999999999999991118 ) ;
#462 = EDGE_CURVE ( 'NONE', #4574, #8986, #9781, .T. ) ;
#463 = AXIS2_PLACEMENT_3D ( 'NONE', #6562, #12475, #783 ) ;
#464 = DIRECTION ( 'NONE',  ( 0.3826834323650901704, 0.000000000000000000, 0.9238795325112865164 ) ) ;
#465 = CARTESIAN_POINT ( 'NONE',  ( -34.90280549874141514, -20.42202547882114061, 36.49718027898902051 ) ) ;
#466 = CARTESIAN_POINT ( 'NONE',  ( 41.20865162466878218, -20.23931917473915831, -29.46558707621483464 ) ) ;
#467 = AXIS2_PLACEMENT_3D ( 'NONE', #1837, #5752, #12492 ) ;
#468 = EDGE_LOOP ( 'NONE', ( #3693, #3709, #5081, #1911 ) ) ;
#469 = DIRECTION ( 'NONE',  ( -0.000000000000000000, -1.000000000000000000, -0.000000000000000000 ) ) ;
#470 = DIRECTION ( 'NONE',  ( -0.9560937162403113643, 0.000000000000000000, -0.2930610956196525452 ) ) ;
#471 = CARTESIAN_POINT ( 'NONE',  ( -20.86000496748325617, -10.00000000000000000, 46.16528980983320452 ) ) ;
#472 = LINE ( 'NONE', #7401, #9896 ) ;
#473 = ORIENTED_EDGE ( 'NONE', *, *, #7954, .F. ) ;
#474 = DIRECTION ( 'NONE',  ( 0.9560937162403082556, 0.000000000000000000, -0.2930610956196625372 ) ) ;
#475 = VECTOR ( 'NONE', #8880, 1000.000000000000000 ) ;
#476 = VERTEX_POINT ( 'NONE', #4950 ) ;
#477 = DIRECTION ( 'NONE',  ( 0.000000000000000000, 1.000000000000000000, 0.000000000000000000 ) ) ;
#478 = AXIS2_PLACEMENT_3D ( 'NONE', #8584, #9596, #9540 ) ;
#479 = PRODUCT_DEFINITION_FORMATION_WITH_SPECIFIED_SOURCE ( 'ANY', '', #8186, .NOT_KNOWN. ) ;
#480 = DIRECTION ( 'NONE',  ( 0.000000000000000000, 1.000000000000000000, 0.000000000000000000 ) ) ;
#481 = EDGE_CURVE ( 'NONE', #11175, #6281, #10796, .T. ) ;
#482 = EDGE_CURVE ( 'NONE', #9346, #8763, #6678, .T. ) ;
#483 = FACE_OUTER_BOUND ( 'NONE', #10573, .T. ) ;
#484 = ORIENTED_EDGE ( 'NONE', *, *, #8337, .T. ) ;
#485 = ORIENTED_EDGE ( 'NONE', *, *, #12159, .F. ) ;
#486 = ORIENTED_EDGE ( 'NONE', *, *, #3531, .T. ) ;
#487 = CARTESIAN_POINT ( 'NONE',  ( -50.22970420108342182, -19.06525438257993699, 8.830448225977070464 ) ) ;
#488 = EDGE_CURVE ( 'NONE', #7261, #6527, #2825, .T. ) ;
#489 = VERTEX_POINT ( 'NONE', #4045 ) ;
#490 = CARTESIAN_POINT ( 'NONE',  ( 11.06088521563281901, -10.00000000000000000, 44.54739544167635046 ) ) ;
#491 = EDGE_CURVE ( 'NONE', #10305, #12349, #6075, .T. ) ;
#492 = CARTESIAN_POINT ( 'NONE',  ( 50.98728950738352239, 10.00000000000000000, -1.138555527963832859 ) ) ;
#493 = AXIS2_PLACEMENT_3D ( 'NONE', #10139, #2479, #1532 ) ;
#494 = ORIENTED_EDGE ( 'NONE', *, *, #5731, .T. ) ;
#495 = LINE ( 'NONE', #1332, #9543 ) ;
#496 = CARTESIAN_POINT ( 'NONE',  ( 2.803801697542733784, -10.00000000000000000, -46.46947506094542035 ) ) ;
#497 = CARTESIAN_POINT ( 'NONE',  ( 41.85922843806464044, -10.00000000000000000, 20.37347321810624834 ) ) ;
#498 = AXIS2_PLACEMENT_3D ( 'NONE', #4035, #4934, #1158 ) ;
#499 = AXIS2_PLACEMENT_3D ( 'NONE', #10441, #11466, #3701 ) ;
#500 = ORIENTED_EDGE ( 'NONE', *, *, #3457, .F. ) ;
#502 = VERTEX_POINT ( 'NONE', #10733 ) ;
#501 = CARTESIAN_POINT ( 'NONE',  ( 11.70188957472613112, -19.06525438257988725, -43.45187890507054362 ) ) ;
#503 = EDGE_CURVE ( 'NONE', #8917, #7230, #80, .T. ) ;
#504 = DIRECTION ( 'NONE',  ( 0.000000000000000000, 1.000000000000000000, 0.000000000000000000 ) ) ;
#505 = VERTEX_POINT ( 'NONE', #977 ) ;
#506 = ORIENTED_EDGE ( 'NONE', *, *, #8175, .F. ) ;
#507 = DIRECTION ( 'NONE',  ( 0.000000000000000000, 0.000000000000000000, 1.000000000000000000 ) ) ;
#508 = CARTESIAN_POINT ( 'NONE',  ( 20.36227244670316239, -10.00000000000000000, 46.21285384832052046 ) ) ;
#509 = LINE ( 'NONE', #12187, #1116 ) ;
#510 = AXIS2_PLACEMENT_3D ( 'NONE', #2695, #1679, #6621 ) ;
#511 = AXIS2_PLACEMENT_3D ( 'NONE', #1519, #11329, #10494 ) ;
#513 = EDGE_LOOP ( 'NONE', ( #4692, #2853, #8673, #12452 ) ) ;
#512 = DIRECTION ( 'NONE',  ( 0.000000000000000000, 0.000000000000000000, 1.000000000000000000 ) ) ;
#514 = ADVANCED_FACE ( 'NONE', ( #2002 ), #10925, .T. ) ;
#515 = DIRECTION ( 'NONE',  ( 0.000000000000000000, 0.000000000000000000, 1.000000000000000000 ) ) ;
#516 = ORIENTED_EDGE ( 'NONE', *, *, #3011, .F. ) ;
#517 = CIRCLE ( 'NONE', #2157, 0.4999999999999965028 ) ;
#518 = CIRCLE ( 'NONE', #4820, 5.000000000000000888 ) ;
#519 = FACE_BOUND ( 'NONE', #1705, .T. ) ;
#520 = CARTESIAN_POINT ( 'NONE',  ( -47.39404044806780547, -19.69863090235029190, 17.89353851188273126 ) ) ;
#521 = VERTEX_POINT ( 'NONE', #9 ) ;
#522 = FACE_BOUND ( 'NONE', #2710, .T. ) ;
#523 = CARTESIAN_POINT ( 'NONE',  ( 6.658138915334458119, -10.00000000000000000, 46.91716864078404825 ) ) ;
#524 = LINE ( 'NONE', #4427, #7067 ) ;
#525 = CIRCLE ( 'NONE', #2772, 50.99999999999999289 ) ;
#526 = VERTEX_POINT ( 'NONE', #3922 ) ;
#527 = EDGE_CURVE ( 'NONE', #6315, #2477, #3019, .T. ) ;
#528 = CARTESIAN_POINT ( 'NONE',  ( -41.76183427908534895, -10.00000000000000000, 29.27369463607575995 ) ) ;
#529 = CARTESIAN_POINT ( 'NONE',  ( -40.33403783062598080, -10.00000000000000000, 19.95408209559216672 ) ) ;
#530 = CARTESIAN_POINT ( 'NONE',  ( 45.38924439456589965, -19.06525438257995830, -6.828624728366622598 ) ) ;
#531 = CARTESIAN_POINT ( 'NONE',  ( 27.43945043190137056, -10.00000000000000000, -35.66618230194013961 ) ) ;
#532 = DIRECTION ( 'NONE',  ( 0.000000000000000000, 1.000000000000000000, 0.000000000000000000 ) ) ;
#533 = AXIS2_PLACEMENT_3D ( 'NONE', #8948, #11755, #6821 ) ;
#534 = CARTESIAN_POINT ( 'NONE',  ( -35.24837783041213157, 10.00000000000000000, 36.85853849957305783 ) ) ;
#535 = CARTESIAN_POINT ( 'NONE',  ( 44.71672993605625379, -19.69863090235031322, -15.68329018125568730 ) ) ;
#536 = CARTESIAN_POINT ( 'NONE',  ( 0.000000000000000000, -10.00000000000000000, 0.000000000000000000 ) ) ;
#537 = EDGE_CURVE ( 'NONE', #8402, #1402, #6948, .T. ) ;
#538 = ORIENTED_EDGE ( 'NONE', *, *, #2533, .T. ) ;
#539 = EDGE_LOOP ( 'NONE', ( #1509, #7096, #7546, #11051 ) ) ;
#540 = DIRECTION ( 'NONE',  ( 0.000000000000000000, 1.000000000000000000, 0.000000000000000000 ) ) ;
#541 = CIRCLE ( 'NONE', #8562, 4.999999999999997335 ) ;
#542 = DIRECTION ( 'NONE',  ( 0.000000000000000000, 1.000000000000000000, 0.000000000000000000 ) ) ;
#543 = CARTESIAN_POINT ( 'NONE',  ( 11.80310486381324786, -10.00000000000000000, 45.89377128388436233 ) ) ;
#544 = EDGE_LOOP ( 'NONE', ( #11548, #3157, #6695, #4572 ) ) ;
#545 = ORIENTED_EDGE ( 'NONE', *, *, #10376, .T. ) ;
#546 = VERTEX_POINT ( 'NONE', #2128 ) ;
#547 = CARTESIAN_POINT ( 'NONE',  ( -46.46947506094541325, -18.55636363116341414, 2.803801697542896321 ) ) ;
#548 = ORIENTED_EDGE ( 'NONE', *, *, #11189, .T. ) ;
#549 = DIRECTION ( 'NONE',  ( 0.000000000000000000, 1.000000000000000000, 0.000000000000000000 ) ) ;
#550 = PLANE ( 'NONE',  #9780 ) ;
#551 = ADVANCED_FACE ( 'NONE', ( #1945 ), #6048, .T. ) ;
#552 = ADVANCED_FACE ( 'NONE', ( #12604 ), #11633, .T. ) ;
#553 = PLANE ( 'NONE',  #511 ) ;
#554 = LINE ( 'NONE', #2407, #4159 ) ;
#555 = EDGE_CURVE ( 'NONE', #5653, #3109, #3340, .T. ) ;
#556 = LINE ( 'NONE', #2595, #8249 ) ;
#557 = ORIENTED_EDGE ( 'NONE', *, *, #1495, .T. ) ;
#559 = ORIENTED_EDGE ( 'NONE', *, *, #5866, .T. ) ;
#558 = DIRECTION ( 'NONE',  ( 0.8939589078457578220, -0.000000000000000000, 0.4481489385050685392 ) ) ;
#560 = FACE_OUTER_BOUND ( 'NONE', #10032, .T. ) ;
#561 = ORIENTED_EDGE ( 'NONE', *, *, #2755, .T. ) ;
#562 = VERTEX_POINT ( 'NONE', #5309 ) ;
#563 = DIRECTION ( 'NONE',  ( 0.000000000000000000, -1.000000000000000000, 0.000000000000000000 ) ) ;
#564 = DIRECTION ( 'NONE',  ( 0.6544111638669475317, -0.000000000000000000, 0.7561388950492543559 ) ) ;
#565 = CARTESIAN_POINT ( 'NONE',  ( -46.46947506094542746, -18.55636363116341414, -2.803801697542571691 ) ) ;
#566 = EDGE_CURVE ( 'NONE', #273, #12456, #1760, .T. ) ;
#567 = ADVANCED_FACE ( 'NONE', ( #1289, #453 ), #4101, .T. ) ;
#568 = EDGE_CURVE ( 'NONE', #12307, #1770, #8546, .T. ) ;
#570 = ORIENTED_EDGE ( 'NONE', *, *, #3686, .F. ) ;
#569 = DIRECTION ( 'NONE',  ( 0.000000000000000000, -1.000000000000000000, 0.000000000000000000 ) ) ;
#571 = CARTESIAN_POINT ( 'NONE',  ( 46.16528980983329689, 10.00000000000000000, 20.86000496748307498 ) ) ;
#572 = DIRECTION ( 'NONE',  ( 0.000000000000000000, 1.000000000000000000, 0.000000000000000000 ) ) ;
#573 = CARTESIAN_POINT ( 'NONE',  ( 46.21285384832046361, -10.00000000000000000, -20.36227244670330094 ) ) ;
#574 = ORIENTED_EDGE ( 'NONE', *, *, #5565, .T. ) ;
#575 = DIRECTION ( 'NONE',  ( 0.3152352524413731261, -0.000000000000000000, 0.9490135592383408536 ) ) ;
#576 = CARTESIAN_POINT ( 'NONE',  ( -46.12357170388322913, 10.00000000000000000, 6.315817419440961089 ) ) ;
#577 = CARTESIAN_POINT ( 'NONE',  ( 18.46010280676554771, 10.00000000000000000, 47.54181953147823236 ) ) ;
#578 = ORIENTED_EDGE ( 'NONE', *, *, #9366, .F. ) ;
#579 = ADVANCED_FACE ( 'NONE', ( #4232 ), #11168, .T. ) ;
#580 = DIRECTION ( 'NONE',  ( 0.000000000000000000, 0.000000000000000000, 1.000000000000000000 ) ) ;
#581 = ORIENTED_EDGE ( 'NONE', *, *, #9522, .F. ) ;
#582 = CARTESIAN_POINT ( 'NONE',  ( 40.33403783062626502, -10.00000000000000000, 19.95408209559158763 ) ) ;
#583 = LINE ( 'NONE', #5390, #4539 ) ;
#584 = ORIENTED_EDGE ( 'NONE', *, *, #4434, .F. ) ;
#585 = DIRECTION ( 'NONE',  ( 0.000000000000000000, 0.000000000000000000, -1.000000000000000000 ) ) ;
#586 = CARTESIAN_POINT ( 'NONE',  ( -49.34782179739789143, -19.06525438257993699, 11.45278456627809049 ) ) ;
#587 = DIRECTION ( 'NONE',  ( 0.000000000000000000, 1.000000000000000000, 0.000000000000000000 ) ) ;
#588 = LINE ( 'NONE', #4487, #7635 ) ;
#589 = EDGE_CURVE ( 'NONE', #432, #1730, #12006, .T. ) ;
#590 = CYLINDRICAL_SURFACE ( 'NONE', #199, 4.999999999999997335 ) ;
#591 = CARTESIAN_POINT ( 'NONE',  ( 45.38924439456603466, -10.00000000000000000, 6.828624728365669583 ) ) ;
#592 = DIRECTION ( 'NONE',  ( 0.000000000000000000, 1.000000000000000000, 0.000000000000000000 ) ) ;
#593 = LINE ( 'NONE', #12273, #3725 ) ;
#594 = ADVANCED_FACE ( 'NONE', ( #270 ), #7328, .T. ) ;
#595 = ORIENTED_EDGE ( 'NONE', *, *, #7945, .T. ) ;
#596 = VERTEX_POINT ( 'NONE', #6164 ) ;
#597 = FACE_OUTER_BOUND ( 'NONE', #11490, .T. ) ;
#598 = ORIENTED_EDGE ( 'NONE', *, *, #3566, .T. ) ;
#599 = DIRECTION ( 'NONE',  ( 0.000000000000000000, 0.000000000000000000, 1.000000000000000000 ) ) ;
#600 = EDGE_LOOP ( 'NONE', ( #7044, #10146 ) ) ;
#601 = CARTESIAN_POINT ( 'NONE',  ( 20.56387910459129742, -19.69863090235029901, 46.67040685671973677 ) ) ;
#602 = ORIENTED_EDGE ( 'NONE', *, *, #4933, .F. ) ;
#603 = CARTESIAN_POINT ( 'NONE',  ( 3.198396408832238080E-15, 5.000000000000000000, 34.00000000000000000 ) ) ;
#604 = DIRECTION ( 'NONE',  ( 0.000000000000000000, 0.000000000000000000, 1.000000000000000000 ) ) ;
#605 = VECTOR ( 'NONE', #12359, 1000.000000000000114 ) ;
#606 = EDGE_CURVE ( 'NONE', #6342, #9898, #8170, .T. ) ;
#607 = LINE ( 'NONE', #497, #1060 ) ;
#608 = LINE ( 'NONE', #4513, #7376 ) ;
#609 = EDGE_LOOP ( 'NONE', ( #1064, #11827, #2817, #473 ) ) ;
#610 = DIRECTION ( 'NONE',  ( 0.8314696123025421270, 0.000000000000000000, -0.5555702330196069516 ) ) ;
#612 = VERTEX_POINT ( 'NONE', #2238 ) ;
#611 = DIRECTION ( 'NONE',  ( 0.000000000000000000, 1.000000000000000000, 0.000000000000000000 ) ) ;
#613 = DIRECTION ( 'NONE',  ( 0.000000000000000000, 0.000000000000000000, 1.000000000000000000 ) ) ;
#614 = ORIENTED_EDGE ( 'NONE', *, *, #11938, .F. ) ;
#615 = ORIENTED_EDGE ( 'NONE', *, *, #11630, .T. ) ;
#616 = CYLINDRICAL_SURFACE ( 'NONE', #2670, 0.5000000000000004441 ) ;
#617 = LINE ( 'NONE', #1646, #12176 ) ;
#618 = AXIS2_PLACEMENT_3D ( 'NONE', #12272, #11060, #8262 ) ;
#619 = AXIS2_PLACEMENT_3D ( 'NONE', #7903, #1086, #2867 ) ;
#620 = DIRECTION ( 'NONE',  ( -0.000000000000000000, -1.000000000000000000, -0.000000000000000000 ) ) ;
#621 = ORIENTED_EDGE ( 'NONE', *, *, #4382, .T. ) ;
#622 = LINE ( 'NONE', #9683, #306 ) ;
#623 = AXIS2_PLACEMENT_3D ( 'NONE', #10345, #9629, #826 ) ;
#624 = ORIENTED_EDGE ( 'NONE', *, *, #5892, .T. ) ;
#625 = AXIS2_PLACEMENT_3D ( 'NONE', #11117, #5388, #3412 ) ;
#626 = CIRCLE ( 'NONE', #434, 0.5000000000000004441 ) ;
#627 = ADVANCED_FACE ( 'NONE', ( #10215 ), #10087, .T. ) ;
#629 = VERTEX_POINT ( 'NONE', #9969 ) ;
#628 = FACE_OUTER_BOUND ( 'NONE', #8243, .T. ) ;
#630 = EDGE_CURVE ( 'NONE', #5893, #8968, #7080, .T. ) ;
#631 = CARTESIAN_POINT ( 'NONE',  ( 40.33403783062584580, -19.69863090235031322, -19.95408209559242607 ) ) ;
#632 = CARTESIAN_POINT ( 'NONE',  ( -42.60509675787098161, -20.23931917473914410, 27.11191122463429792 ) ) ;
#633 = EDGE_CURVE ( 'NONE', #8451, #2412, #10985, .T. ) ;
#634 = CARTESIAN_POINT ( 'NONE',  ( 17.89353851188289113, 10.00000000000000000, 47.39404044806772731 ) ) ;
#635 = VERTEX_POINT ( 'NONE', #2188 ) ;
#636 = LINE ( 'NONE', #1665, #10046 ) ;
#637 = EDGE_CURVE ( 'NONE', #4984, #11594, #7109, .T. ) ;
#638 = AXIS2_PLACEMENT_3D ( 'NONE', #7118, #116, #11020 ) ;
#639 = EDGE_CURVE ( 'NONE', #10666, #11251, #332, .T. ) ;
#640 = LINE ( 'NONE', #4543, #6784 ) ;
#641 = DIRECTION ( 'NONE',  ( -0.7071067811865475727, 0.000000000000000000, 0.7071067811865475727 ) ) ;
#642 = CIRCLE ( 'NONE', #7211, 8.000000000000003553 ) ;
#643 = ORIENTED_EDGE ( 'NONE', *, *, #9771, .F. ) ;
#644 = DIRECTION ( 'NONE',  ( 0.000000000000000000, 1.000000000000000000, 0.000000000000000000 ) ) ;
#645 = CYLINDRICAL_SURFACE ( 'NONE', #5968, 5.000000000000000888 ) ;
#646 = FACE_OUTER_BOUND ( 'NONE', #4686, .T. ) ;
#647 = CIRCLE ( 'NONE', #5357, 50.99999999999999289 ) ;
#648 = CIRCLE ( 'NONE', #10086, 44.99999999999999289 ) ;
#649 = ORIENTED_EDGE ( 'NONE', *, *, #9945, .T. ) ;
#650 = DIRECTION ( 'NONE',  ( -0.7071067811865537900, 0.000000000000000000, -0.7071067811865412445 ) ) ;
#651 = CARTESIAN_POINT ( 'NONE',  ( 46.12357170388319361, -19.06525438257995830, -6.315817419441274616 ) ) ;
#652 = EDGE_CURVE ( 'NONE', #12440, #12241, #10378, .T. ) ;
#653 = DIRECTION ( 'NONE',  ( -0.000000000000000000, -1.000000000000000000, -0.000000000000000000 ) ) ;
#654 = DIRECTION ( 'NONE',  ( -0.9954650415614819670, 0.000000000000000000, -0.09512807697518599337 ) ) ;
#655 = DIRECTION ( 'NONE',  ( 0.000000000000000000, 0.000000000000000000, 1.000000000000000000 ) ) ;
#656 = VECTOR ( 'NONE', #2443, 1000.000000000000000 ) ;
#657 = CARTESIAN_POINT ( 'NONE',  ( -17.89353851188256428, -19.69863090235027414, -47.39404044806786942 ) ) ;
#658 = CIRCLE ( 'NONE', #3329, 44.99999999999999289 ) ;
#659 = CIRCLE ( 'NONE', #467, 0.5000000000000004441 ) ;
#660 = DIRECTION ( 'NONE',  ( -0.000000000000000000, -1.000000000000000000, -0.000000000000000000 ) ) ;
#661 = EDGE_CURVE ( 'NONE', #8938, #6899, #951, .T. ) ;
#662 = CARTESIAN_POINT ( 'NONE',  ( 26.79583779944204025, 10.00000000000000000, 42.99252106000891871 ) ) ;
#663 = ORIENTED_EDGE ( 'NONE', *, *, #10226, .F. ) ;
#664 = ORIENTED_EDGE ( 'NONE', *, *, #5514, .T. ) ;
#665 = LINE ( 'NONE', #6635, #5585 ) ;
#666 = AXIS2_PLACEMENT_3D ( 'NONE', #76, #11866, #3854 ) ;
#667 = ORIENTED_EDGE ( 'NONE', *, *, #4018, .T. ) ;
#668 = DIRECTION ( 'NONE',  ( -0.9948960270893577595, 0.000000000000000000, -0.1009053778636795629 ) ) ;
#669 = ORIENTED_EDGE ( 'NONE', *, *, #10580, .F. ) ;
#670 = FACE_OUTER_BOUND ( 'NONE', #5754, .T. ) ;
#671 = CIRCLE ( 'NONE', #2309, 0.4999999999999952260 ) ;
#672 = ORIENTED_EDGE ( 'NONE', *, *, #11640, .F. ) ;
#673 = DIRECTION ( 'NONE',  ( 0.000000000000000000, 1.000000000000000000, 0.000000000000000000 ) ) ;
#674 = CIRCLE ( 'NONE', #5837, 50.99999999999999289 ) ;
#675 = CARTESIAN_POINT ( 'NONE',  ( -34.66838806764704373, -20.42202547882114061, 36.93882319809801373 ) ) ;
#676 = ORIENTED_EDGE ( 'NONE', *, *, #3260, .T. ) ;
#677 = EDGE_CURVE ( 'NONE', #7802, #12559, #336, .T. ) ;
#678 = CIRCLE ( 'NONE', #7876, 44.99999999999999289 ) ;
#679 = FACE_OUTER_BOUND ( 'NONE', #7442, .T. ) ;
#680 = LINE ( 'NONE', #11399, #4087 ) ;
#681 = ORIENTED_EDGE ( 'NONE', *, *, #2115, .F. ) ;
#682 = CARTESIAN_POINT ( 'NONE',  ( -39.32099234290775058, 10.00000000000000000, 23.67853845910853039 ) ) ;
#684 = ORIENTED_EDGE ( 'NONE', *, *, #2520, .T. ) ;
#683 = DIRECTION ( 'NONE',  ( 0.2651351511132981065, -0.000000000000000000, 0.9642112588246045668 ) ) ;
#685 = DIRECTION ( 'NONE',  ( 0.000000000000000000, 1.000000000000000000, 0.000000000000000000 ) ) ;
#686 = ORIENTED_EDGE ( 'NONE', *, *, #6378, .F. ) ;
#687 = VERTEX_POINT ( 'NONE', #7265 ) ;
#688 = AXIS2_PLACEMENT_3D ( 'NONE', #10814, #4975, #5937 ) ;
#689 = CARTESIAN_POINT ( 'NONE',  ( 33.94599680791371554, -20.42202547882114061, 30.89470704032655846 ) ) ;
#690 = DIRECTION ( 'NONE',  ( -0.2930610956196592620, 0.000000000000000000, 0.9560937162403092549 ) ) ;
#691 = DIRECTION ( 'NONE',  ( 0.000000000000000000, 0.000000000000000000, 1.000000000000000000 ) ) ;
#692 = CIRCLE ( 'NONE', #10130, 44.99999999999999289 ) ;
#693 = ORIENTED_EDGE ( 'NONE', *, *, #8500, .F. ) ;
#694 = PLANE ( 'NONE',  #2932 ) ;
#695 = CIRCLE ( 'NONE', #7673, 5.000000000000000888 ) ;
#697 = ORIENTED_EDGE ( 'NONE', *, *, #7169, .F. ) ;
#696 = CARTESIAN_POINT ( 'NONE',  ( -39.32099234290792111, 10.00000000000000000, -23.67853845910824617 ) ) ;
#698 = DIRECTION ( 'NONE',  ( 0.000000000000000000, 0.000000000000000000, 1.000000000000000000 ) ) ;
#699 = ORIENTED_EDGE ( 'NONE', *, *, #4110, .F. ) ;
#700 = DIRECTION ( 'NONE',  ( 0.07193236855373308369, 0.000000000000000000, 0.9974095118627303025 ) ) ;
#701 = CARTESIAN_POINT ( 'NONE',  ( 24.10574140080145611, -10.00000000000000000, 40.79785237731697833 ) ) ;
#702 = VECTOR ( 'NONE', #5966, 999.9999999999998863 ) ;
#703 = CIRCLE ( 'NONE', #11356, 5.000000000000000888 ) ;
#704 = ORIENTED_EDGE ( 'NONE', *, *, #9431, .T. ) ;
#705 = LINE ( 'NONE', #6675, #3890 ) ;
#706 = LINE ( 'NONE', #3652, #6986 ) ;
#707 = FACE_OUTER_BOUND ( 'NONE', #3810, .T. ) ;
#708 = EDGE_LOOP ( 'NONE', ( #11971, #6304, #10793, #372 ) ) ;
#709 = EDGE_CURVE ( 'NONE', #8917, #12097, #738, .T. ) ;
#710 = AXIS2_PLACEMENT_3D ( 'NONE', #9188, #4358, #7378 ) ;
#711 = VECTOR ( 'NONE', #2720, 1000.000000000000000 ) ;
#712 = CARTESIAN_POINT ( 'NONE',  ( -49.97423344059146899, -19.06525438257992278, -8.303600574123578326 ) ) ;
#713 = DIRECTION ( 'NONE',  ( 0.000000000000000000, 0.000000000000000000, 1.000000000000000000 ) ) ;
#714 = EDGE_CURVE ( 'NONE', #3486, #11235, #4225, .T. ) ;
#715 = DIRECTION ( 'NONE',  ( 0.000000000000000000, 1.000000000000000000, 0.000000000000000000 ) ) ;
#716 = EDGE_LOOP ( 'NONE', ( #975, #5449, #9065, #6941 ) ) ;
#717 = CARTESIAN_POINT ( 'NONE',  ( 33.94599680791371554, 10.00000000000000000, 30.89470704032655846 ) ) ;
#718 = CARTESIAN_POINT ( 'NONE',  ( 20.52974213179138019, -19.69863090235029901, 42.70926380875477690 ) ) ;
#719 = CARTESIAN_POINT ( 'NONE',  ( 1.138555527963298841, -10.00000000000000000, 50.98728950738353660 ) ) ;
#720 = CARTESIAN_POINT ( 'NONE',  ( 36.93882319809812742, -10.00000000000000000, 34.66838806764691583 ) ) ;
#721 = ORIENTED_EDGE ( 'NONE', *, *, #3978, .F. ) ;
#722 = VECTOR ( 'NONE', #12079, 1000.000000000000000 ) ;
#723 = CARTESIAN_POINT ( 'NONE',  ( -47.39404044806791916, 10.00000000000000000, -17.89353851188239375 ) ) ;
#724 = AXIS2_PLACEMENT_3D ( 'NONE', #657, #5595, #726 ) ;
#725 = ORIENTED_EDGE ( 'NONE', *, *, #12078, .F. ) ;
#726 = DIRECTION ( 'NONE',  ( -0.6366343730118753097, 0.000000000000000000, -0.7711657896326680195 ) ) ;
#727 = EDGE_CURVE ( 'NONE', #1470, #5150, #3612, .T. ) ;
#728 = DIRECTION ( 'NONE',  ( 0.4739546398215211953, 0.000000000000000000, -0.8805492600596811492 ) ) ;
#729 = VECTOR ( 'NONE', #1106, 1000.000000000000000 ) ;
#730 = CARTESIAN_POINT ( 'NONE',  ( 44.89988864128731905, -10.00000000000000000, 2.999999999999532374 ) ) ;
#731 = EDGE_LOOP ( 'NONE', ( #1876, #10221, #362, #12617 ) ) ;
#732 = ORIENTED_EDGE ( 'NONE', *, *, #6940, .T. ) ;
#733 = DIRECTION ( 'NONE',  ( -0.000000000000000000, -1.000000000000000000, -0.000000000000000000 ) ) ;
#734 = ORIENTED_EDGE ( 'NONE', *, *, #7878, .T. ) ;
#735 = DIRECTION ( 'NONE',  ( -0.2930610956196625372, -0.000000000000000000, -0.9560937162403081446 ) ) ;
#736 = DIRECTION ( 'NONE',  ( 0.000000000000000000, 1.000000000000000000, 0.000000000000000000 ) ) ;
#737 = ORIENTED_EDGE ( 'NONE', *, *, #1191, .T. ) ;
#738 = CIRCLE ( 'NONE', #7519, 44.99999999999999289 ) ;
#739 = DIRECTION ( 'NONE',  ( -0.7893522173763271033, -0.000000000000000000, -0.6139406135149193533 ) ) ;
#740 = CARTESIAN_POINT ( 'NONE',  ( -2.803801697542733784, 10.00000000000000000, 46.46947506094542035 ) ) ;
#741 = EDGE_CURVE ( 'NONE', #6853, #7565, #4473, .T. ) ;
#742 = ORIENTED_EDGE ( 'NONE', *, *, #11727, .F. ) ;
#743 = DIRECTION ( 'NONE',  ( 0.000000000000000000, 0.000000000000000000, 1.000000000000000000 ) ) ;
#744 = LINE ( 'NONE', #9487, #12 ) ;
#745 = EDGE_CURVE ( 'NONE', #5635, #12510, #12311, .T. ) ;
#746 = VERTEX_POINT ( 'NONE', #701 ) ;
#747 = DIRECTION ( 'NONE',  ( -0.000000000000000000, -1.000000000000000000, -0.000000000000000000 ) ) ;
#749 = ORIENTED_EDGE ( 'NONE', *, *, #8190, .T. ) ;
#748 = CARTESIAN_POINT ( 'NONE',  ( -11.06380523147281636, 10.00000000000000000, 49.78546187191631844 ) ) ;
#750 = AXIS2_PLACEMENT_3D ( 'NONE', #7356, #8388, #12281 ) ;
#751 = CARTESIAN_POINT ( 'NONE',  ( 46.21285384832088283, -19.69863090235023861, 20.86227244670232750 ) ) ;
#752 = EDGE_LOOP ( 'NONE', ( #5863, #6564, #9099, #4654 ) ) ;
#753 = ORIENTED_EDGE ( 'NONE', *, *, #10347, .T. ) ;
#754 = DIRECTION ( 'NONE',  ( -0.000000000000000000, -1.000000000000000000, -0.000000000000000000 ) ) ;
#755 = ADVANCED_FACE ( 'NONE', ( #12513 ), #11285, .T. ) ;
#756 = DIRECTION ( 'NONE',  ( 0.000000000000000000, 1.000000000000000000, 0.000000000000000000 ) ) ;
#757 = CYLINDRICAL_SURFACE ( 'NONE', #2960, 5.000000000000004441 ) ;
#759 = ORIENTED_EDGE ( 'NONE', *, *, #7504, .F. ) ;
#758 = CARTESIAN_POINT ( 'NONE',  ( -40.19566517527171357, 10.00000000000000000, -23.48578117747887717 ) ) ;
#760 = LINE ( 'NONE', #4668, #3547 ) ;
#761 = EDGE_CURVE ( 'NONE', #11974, #7883, #3649, .T. ) ;
#762 = ORIENTED_EDGE ( 'NONE', *, *, #7250, .T. ) ;
#763 = CYLINDRICAL_SURFACE ( 'NONE', #12392, 50.99999999999999289 ) ;
#764 = CARTESIAN_POINT ( 'NONE',  ( -20.56387910459065438, -10.00000000000000000, 46.67040685672002809 ) ) ;
#765 = DIRECTION ( 'NONE',  ( -0.8805492600596760422, -0.000000000000000000, 0.4739546398215306322 ) ) ;
#766 = CARTESIAN_POINT ( 'NONE',  ( -40.79785237731705649, -10.00000000000000000, 24.10574140080130690 ) ) ;
#767 = CARTESIAN_POINT ( 'NONE',  ( 46.67040685672009204, -10.00000000000000000, 20.56387910459047319 ) ) ;
#768 = VERTEX_POINT ( 'NONE', #10399 ) ;
#769 = VERTEX_POINT ( 'NONE', #5497 ) ;
#770 = CARTESIAN_POINT ( 'NONE',  ( 28.46743292285599480, -20.23931917473911923, -37.88346327708642036 ) ) ;
#771 = FACE_OUTER_BOUND ( 'NONE', #3875, .T. ) ;
#772 = EDGE_CURVE ( 'NONE', #9074, #7246, #11610, .T. ) ;
#773 = CARTESIAN_POINT ( 'NONE',  ( -34.84146812720832287, -20.42202547882114061, 30.87629374033901897 ) ) ;
#774 = ORIENTED_EDGE ( 'NONE', *, *, #6753, .F. ) ;
#775 = CARTESIAN_POINT ( 'NONE',  ( -34.66838806764704373, -10.00000000000000000, 36.93882319809801373 ) ) ;
#776 = EDGE_CURVE ( 'NONE', #9356, #1099, #3591, .T. ) ;
#777 = CARTESIAN_POINT ( 'NONE',  ( -42.70926380875486217, -19.69863090235029190, 20.52974213179123453 ) ) ;
#778 = FACE_OUTER_BOUND ( 'NONE', #5517, .T. ) ;
#779 = LINE ( 'NONE', #9403, #8216 ) ;
#780 = ORIENTED_EDGE ( 'NONE', *, *, #5715, .F. ) ;
#781 = LINE ( 'NONE', #10362, #1346 ) ;
#782 = PLANE ( 'NONE',  #10457 ) ;
#783 = DIRECTION ( 'NONE',  ( 0.000000000000000000, 0.000000000000000000, 1.000000000000000000 ) ) ;
#784 = VERTEX_POINT ( 'NONE', #764 ) ;
#785 = EDGE_CURVE ( 'NONE', #5262, #7267, #4422, .T. ) ;
#786 = ORIENTED_EDGE ( 'NONE', *, *, #8664, .F. ) ;
#787 = CARTESIAN_POINT ( 'NONE',  ( 27.11191122463445069, -10.00000000000000000, 42.60509675787089634 ) ) ;
#788 = EDGE_CURVE ( 'NONE', #12397, #11160, #3713, .T. ) ;
#789 = VERTEX_POINT ( 'NONE', #634 ) ;
#790 = DIRECTION ( 'NONE',  ( 0.000000000000000000, 0.000000000000000000, 1.000000000000000000 ) ) ;
#791 = VERTEX_POINT ( 'NONE', #6350 ) ;
#792 = EDGE_CURVE ( 'NONE', #687, #7471, #1734, .T. ) ;
#793 = DIRECTION ( 'NONE',  ( -0.000000000000000000, 1.000000000000000000, -0.000000000000000000 ) ) ;
#794 = VERTEX_POINT ( 'NONE', #2494 ) ;
#795 = ADVANCED_FACE ( 'NONE', ( #10339 ), #1544, .T. ) ;
#796 = EDGE_CURVE ( 'NONE', #10228, #1630, #1368, .T. ) ;
#797 = LINE ( 'NONE', #4579, #1335 ) ;
#798 = CARTESIAN_POINT ( 'NONE',  ( -1.605440076985782172, -10.00000000000000000, 50.63394466786608206 ) ) ;
#799 = EDGE_LOOP ( 'NONE', ( #2186, #2675, #5683, #7231 ) ) ;
#800 = DIRECTION ( 'NONE',  ( -0.000000000000000000, -1.000000000000000000, -0.000000000000000000 ) ) ;
#801 = FACE_OUTER_BOUND ( 'NONE', #9952, .T. ) ;
#802 = ORIENTED_EDGE ( 'NONE', *, *, #7536, .T. ) ;
#803 = DIRECTION ( 'NONE',  ( 0.000000000000000000, 0.000000000000000000, 1.000000000000000000 ) ) ;
#805 = ORIENTED_EDGE ( 'NONE', *, *, #2198, .F. ) ;
#804 = CARTESIAN_POINT ( 'NONE',  ( -47.07572326156198272, -19.69863090235025993, -18.27912140669872798 ) ) ;
#806 = DIRECTION ( 'NONE',  ( -0.8832858382179888945, 0.000000000000000000, 0.4688348621887507006 ) ) ;
#807 = ORIENTED_EDGE ( 'NONE', *, *, #4168, .F. ) ;
#808 = ORIENTED_EDGE ( 'NONE', *, *, #3100, .F. ) ;
#809 = CARTESIAN_POINT ( 'NONE',  ( -2.157587686025606022, 10.00000000000000000, -45.84930138799938248 ) ) ;
#810 = EDGE_CURVE ( 'NONE', #12544, #2659, #8361, .T. ) ;
#811 = AXIS2_PLACEMENT_3D ( 'NONE', #2828, #10359, #2576 ) ;
#812 = CIRCLE ( 'NONE', #12081, 5.000000000000000888 ) ;
#813 = LINE ( 'NONE', #8548, #9733 ) ;
#814 = EDGE_LOOP ( 'NONE', ( #5867, #11991, #11149, #6650 ) ) ;
#815 = CARTESIAN_POINT ( 'NONE',  ( -3.000000000000005329, -10.00000000000000000, 44.89988864128729062 ) ) ;
#816 = VECTOR ( 'NONE', #3156, 1000.000000000000000 ) ;
#818 = VERTEX_POINT ( 'NONE', #6538 ) ;
#817 = CARTESIAN_POINT ( 'NONE',  ( 19.53911912941796203, -10.00000000000000000, -41.53355807099729446 ) ) ;
#819 = ADVANCED_FACE ( 'NONE', ( #7380 ), #5443, .T. ) ;
#820 = CIRCLE ( 'NONE', #5316, 0.4999999999999970024 ) ;
#821 = DIRECTION ( 'NONE',  ( 0.8832858382179872292, 0.000000000000000000, -0.4688348621887537537 ) ) ;
#822 = ORIENTED_EDGE ( 'NONE', *, *, #8608, .F. ) ;
#823 = CARTESIAN_POINT ( 'NONE',  ( 0.000000000000000000, 10.00000000000000000, 0.000000000000000000 ) ) ;
#824 = CARTESIAN_POINT ( 'NONE',  ( -1.605440076985782172, 10.00000000000000000, 50.63394466786608206 ) ) ;
#825 = DIRECTION ( 'NONE',  ( -0.09512807697519687355, 0.000000000000000000, -0.9954650415614810788 ) ) ;
#826 = DIRECTION ( 'NONE',  ( 0.000000000000000000, 0.000000000000000000, 1.000000000000000000 ) ) ;
#827 = DIRECTION ( 'NONE',  ( -0.000000000000000000, -1.000000000000000000, -0.000000000000000000 ) ) ;
#828 = AXIS2_PLACEMENT_3D ( 'NONE', #4856, #2160, #10820 ) ;
#829 = CIRCLE ( 'NONE', #4105, 5.000000000000003553 ) ;
#830 = ORIENTED_EDGE ( 'NONE', *, *, #7655, .T. ) ;
#831 = ADVANCED_FACE ( 'NONE', ( #5380 ), #12254, .T. ) ;
#832 = CIRCLE ( 'NONE', #10672, 50.99999999999999289 ) ;
#833 = CIRCLE ( 'NONE', #6787, 4.999999999999997335 ) ;
#834 = VERTEX_POINT ( 'NONE', #2751 ) ;
#835 = DIRECTION ( 'NONE',  ( -0.9807852804032325400, 0.000000000000000000, -0.1950903220161181728 ) ) ;
#836 = DIRECTION ( 'NONE',  ( -0.000000000000000000, -1.000000000000000000, -0.000000000000000000 ) ) ;
#837 = CARTESIAN_POINT ( 'NONE',  ( -18.27912140669856456, -19.69863090235025282, 47.07572326156203957 ) ) ;
#838 = ORIENTED_EDGE ( 'NONE', *, *, #2549, .F. ) ;
#839 = AXIS2_PLACEMENT_3D ( 'NONE', #10885, #2095, #8004 ) ;
#840 = DIRECTION ( 'NONE',  ( 0.000000000000000000, 1.000000000000000000, 0.000000000000000000 ) ) ;
#841 = VECTOR ( 'NONE', #8084, 1000.000000000000000 ) ;
#842 = VECTOR ( 'NONE', #3074, 1000.000000000000000 ) ;
#843 = CIRCLE ( 'NONE', #4746, 5.000000000000000888 ) ;
#844 = CARTESIAN_POINT ( 'NONE',  ( -39.32099234290792111, -20.23931917473912989, -23.67853845910824617 ) ) ;
#845 = CARTESIAN_POINT ( 'NONE',  ( 27.11191122463445069, -20.23931917473915831, 42.60509675787089634 ) ) ;
#846 = CARTESIAN_POINT ( 'NONE',  ( 8.303600574124089917, -10.00000000000000000, 49.97423344059139083 ) ) ;
#847 = ORIENTED_EDGE ( 'NONE', *, *, #6430, .T. ) ;
#848 = EDGE_CURVE ( 'NONE', #11558, #4133, #1991, .T. ) ;
#849 = FACE_OUTER_BOUND ( 'NONE', #2823, .T. ) ;
#850 = VECTOR ( 'NONE', #4844, 1000.000000000000114 ) ;
#851 = VECTOR ( 'NONE', #3553, 1000.000000000000000 ) ;
#852 = AXIS2_PLACEMENT_3D ( 'NONE', #817, #8611, #6794 ) ;
#853 = FACE_OUTER_BOUND ( 'NONE', #4854, .T. ) ;
#854 = PLANE ( 'NONE',  #11314 ) ;
#855 = ORIENTED_EDGE ( 'NONE', *, *, #727, .T. ) ;
#856 = VERTEX_POINT ( 'NONE', #4740 ) ;
#857 = LINE ( 'NONE', #4642, #4985 ) ;
#858 = ORIENTED_EDGE ( 'NONE', *, *, #4396, .F. ) ;
#859 = LINE ( 'NONE', #4774, #7841 ) ;
#860 = AXIS2_PLACEMENT_3D ( 'NONE', #2330, #9210, #3419 ) ;
#861 = CARTESIAN_POINT ( 'NONE',  ( 20.37347321810699441, -10.00000000000000000, 41.85922843806427807 ) ) ;
#862 = CIRCLE ( 'NONE', #8054, 9.000000000000007105 ) ;
#863 = AXIS2_PLACEMENT_3D ( 'NONE', #11413, #6476, #4469 ) ;
#864 = ORIENTED_EDGE ( 'NONE', *, *, #12403, .F. ) ;
#865 = FACE_OUTER_BOUND ( 'NONE', #5971, .T. ) ;
#866 = ADVANCED_FACE ( 'NONE', ( #963 ), #3782, .T. ) ;
#867 = DIRECTION ( 'NONE',  ( -0.2930610956196625372, 0.000000000000000000, -0.9560937162403082556 ) ) ;
#868 = EDGE_CURVE ( 'NONE', #51, #1306, #5879, .T. ) ;
#869 = ORIENTED_EDGE ( 'NONE', *, *, #3376, .T. ) ;
#870 = AXIS2_PLACEMENT_3D ( 'NONE', #8363, #3268, #4361 ) ;
#871 = EDGE_CURVE ( 'NONE', #2657, #2066, #5703, .T. ) ;
#872 = ORIENTED_EDGE ( 'NONE', *, *, #3308, .F. ) ;
#873 = LINE ( 'NONE', #7691, #12326 ) ;
#874 = CIRCLE ( 'NONE', #4978, 0.4999999999999991118 ) ;
#875 = CYLINDRICAL_SURFACE ( 'NONE', #1634, 44.99999999999999289 ) ;
#876 = VERTEX_POINT ( 'NONE', #12706 ) ;
#877 = EDGE_CURVE ( 'NONE', #7416, #11974, #2995, .T. ) ;
#878 = LINE ( 'NONE', #4789, #2070 ) ;
#880 = VERTEX_POINT ( 'NONE', #1018 ) ;
#879 = FACE_OUTER_BOUND ( 'NONE', #5648, .T. ) ;
#881 = EDGE_CURVE ( 'NONE', #5363, #12321, #9627, .T. ) ;
#882 = CIRCLE ( 'NONE', #3737, 50.99999999999998579 ) ;
#883 = ORIENTED_EDGE ( 'NONE', *, *, #2164, .T. ) ;
#884 = CARTESIAN_POINT ( 'NONE',  ( -17.89353851188223032, -10.00000000000000000, 47.39404044806797600 ) ) ;
#885 = VECTOR ( 'NONE', #7055, 1000.000000000000000 ) ;
#886 = CARTESIAN_POINT ( 'NONE',  ( -34.90280549874141514, -10.00000000000000000, 36.49718027898902051 ) ) ;
#887 = VECTOR ( 'NONE', #10337, 999.9999999999998863 ) ;
#888 = DIRECTION ( 'NONE',  ( 0.9807852804032310967, 0.000000000000000000, 0.1950903220161249729 ) ) ;
#889 = AXIS2_PLACEMENT_3D ( 'NONE', #10939, #8900, #8061 ) ;
#890 = EDGE_CURVE ( 'NONE', #7928, #7883, #9885, .T. ) ;
#891 = AXIS2_PLACEMENT_3D ( 'NONE', #9665, #7548, #4705 ) ;
#893 = ORIENTED_EDGE ( 'NONE', *, *, #980, .T. ) ;
#892 = CYLINDRICAL_SURFACE ( 'NONE', #12327, 0.5000000000000004441 ) ;
#894 = DIRECTION ( 'NONE',  ( 0.000000000000000000, 1.000000000000000000, 0.000000000000000000 ) ) ;
#895 = ORIENTED_EDGE ( 'NONE', *, *, #9913, .F. ) ;
#896 = DIRECTION ( 'NONE',  ( -0.000000000000000000, -1.000000000000000000, -0.000000000000000000 ) ) ;
#897 = CIRCLE ( 'NONE', #9927, 0.4999999999999952816 ) ;
#898 = LINE ( 'NONE', #9766, #2178 ) ;
#899 = DIRECTION ( 'NONE',  ( 0.000000000000000000, -0.000000000000000000, 1.000000000000000000 ) ) ;
#900 = CARTESIAN_POINT ( 'NONE',  ( -1.605440076985782172, -18.55636363116340704, -50.63394466786608206 ) ) ;
#901 = CARTESIAN_POINT ( 'NONE',  ( -45.02958255179724745, 10.00000000000000000, 11.81567228767996447 ) ) ;
#902 = CIRCLE ( 'NONE', #8090, 5.000000000000000888 ) ;
#903 = ORIENTED_EDGE ( 'NONE', *, *, #6279, .F. ) ;
#904 = ORIENTED_EDGE ( 'NONE', *, *, #6355, .T. ) ;
#905 = EDGE_CURVE ( 'NONE', #8960, #6175, #3842, .T. ) ;
#906 = CARTESIAN_POINT ( 'NONE',  ( -8.303600574123393585, -10.00000000000000000, 49.97423344059149741 ) ) ;
#908 = ORIENTED_EDGE ( 'NONE', *, *, #11511, .F. ) ;
#907 = DIRECTION ( 'NONE',  ( 0.4481489385050749230, -0.000000000000000000, 0.8939589078457547133 ) ) ;
#909 = DIRECTION ( 'NONE',  ( -0.9238795325112868495, 0.000000000000000000, 0.3826834323650896152 ) ) ;
#910 = VERTEX_POINT ( 'NONE', #6673 ) ;
#911 = AXIS2_PLACEMENT_3D ( 'NONE', #132, #9769, #967 ) ;
#912 = CIRCLE ( 'NONE', #2345, 4.999999999999999112 ) ;
#913 = AXIS2_PLACEMENT_3D ( 'NONE', #3963, #10895, #7829 ) ;
#914 = CARTESIAN_POINT ( 'NONE',  ( -47.39404044806780547, -19.69863090235029190, 17.89353851188273126 ) ) ;
#915 = CARTESIAN_POINT ( 'NONE',  ( -37.88346327708592298, -20.23931917473914410, 28.46743292285665561 ) ) ;
#916 = DIRECTION ( 'NONE',  ( 0.000000000000000000, 1.000000000000000000, 0.000000000000000000 ) ) ;
#917 = DIRECTION ( 'NONE',  ( 0.8314696123025447916, 0.000000000000000000, -0.5555702330196029548 ) ) ;
#918 = EDGE_CURVE ( 'NONE', #5572, #3208, #541, .T. ) ;
#919 = VERTEX_POINT ( 'NONE', #11673 ) ;
#920 = CARTESIAN_POINT ( 'NONE',  ( -1.138555527963307501, -10.00000000000000000, 50.98728950738353660 ) ) ;
#921 = CIRCLE ( 'NONE', #11364, 8.000000000000001776 ) ;
#922 = AXIS2_PLACEMENT_3D ( 'NONE', #9039, #7304, #369 ) ;
#923 = DIRECTION ( 'NONE',  ( -0.8939589078457578220, 0.000000000000000000, -0.4481489385050685392 ) ) ;
#924 = DIRECTION ( 'NONE',  ( 0.000000000000000000, 1.000000000000000000, 0.000000000000000000 ) ) ;
#925 = EDGE_LOOP ( 'NONE', ( #8832, #10110, #10554, #8034 ) ) ;
#926 = ORIENTED_EDGE ( 'NONE', *, *, #12652, .T. ) ;
#927 = DIRECTION ( 'NONE',  ( 0.1009053778636830739, 0.000000000000000000, -0.9948960270893574265 ) ) ;
#928 = ADVANCED_FACE ( 'NONE', ( #6802 ), #10588, .T. ) ;
#929 = DIRECTION ( 'NONE',  ( 0.000000000000000000, 0.000000000000000000, 1.000000000000000000 ) ) ;
#930 = VECTOR ( 'NONE', #4033, 1000.000000000000227 ) ;
#931 = VECTOR ( 'NONE', #10235, 1000.000000000000227 ) ;
#932 = CARTESIAN_POINT ( 'NONE',  ( -49.73725612068071200, -10.00000000000000000, -8.743875204153418679 ) ) ;
#933 = ORIENTED_EDGE ( 'NONE', *, *, #2078, .T. ) ;
#934 = DIRECTION ( 'NONE',  ( 0.000000000000000000, 1.000000000000000000, 0.000000000000000000 ) ) ;
#935 = ORIENTED_EDGE ( 'NONE', *, *, #868, .T. ) ;
#936 = CARTESIAN_POINT ( 'NONE',  ( -29.46558707621411699, 10.00000000000000000, 41.20865162466930087 ) ) ;
#937 = DIRECTION ( 'NONE',  ( 0.000000000000000000, 1.000000000000000000, 0.000000000000000000 ) ) ;
#938 = CIRCLE ( 'NONE', #9960, 0.4999999999999970024 ) ;
#939 = CIRCLE ( 'NONE', #10368, 5.000000000000000888 ) ;
#940 = VERTEX_POINT ( 'NONE', #2945 ) ;
#941 = CARTESIAN_POINT ( 'NONE',  ( -17.89353851188223032, -19.69863090235025282, 47.39404044806797600 ) ) ;
#942 = LINE ( 'NONE', #5943, #2266 ) ;
#943 = ORIENTED_EDGE ( 'NONE', *, *, #7379, .F. ) ;
#944 = VERTEX_POINT ( 'NONE', #9696 ) ;
#945 = CARTESIAN_POINT ( 'NONE',  ( 50.63394466786606785, -10.00000000000000000, -1.605440076986308862 ) ) ;
#947 = VERTEX_POINT ( 'NONE', #6873 ) ;
#946 = DIRECTION ( 'NONE',  ( -0.9922778767136689604, 0.000000000000000000, -0.1240347345891977676 ) ) ;
#948 = EDGE_CURVE ( 'NONE', #7128, #2893, #2810, .T. ) ;
#949 = ORIENTED_EDGE ( 'NONE', *, *, #9965, .F. ) ;
#950 = DIRECTION ( 'NONE',  ( 0.000000000000000000, 0.000000000000000000, 1.000000000000000000 ) ) ;
#951 = CIRCLE ( 'NONE', #8139, 5.000000000000001776 ) ;
#952 = EDGE_CURVE ( 'NONE', #505, #3998, #66, .T. ) ;
#953 = DIRECTION ( 'NONE',  ( 0.000000000000000000, 1.000000000000000000, 0.000000000000000000 ) ) ;
#954 = LINE ( 'NONE', #11729, #12353 ) ;
#955 = VECTOR ( 'NONE', #10782, 1000.000000000000000 ) ;
#957 = VERTEX_POINT ( 'NONE', #3007 ) ;
#956 = DIRECTION ( 'NONE',  ( -0.000000000000000000, -1.000000000000000000, -0.000000000000000000 ) ) ;
#958 = LINE ( 'NONE', #4926, #1042 ) ;
#959 = VERTEX_POINT ( 'NONE', #824 ) ;
#960 = ORIENTED_EDGE ( 'NONE', *, *, #8655, .T. ) ;
#961 = DIRECTION ( 'NONE',  ( 0.3826834323650777359, 0.000000000000000000, -0.9238795325112917345 ) ) ;
#962 = LINE ( 'NONE', #11923, #4819 ) ;
#963 = FACE_OUTER_BOUND ( 'NONE', #8850, .T. ) ;
#964 = LINE ( 'NONE', #4872, #7181 ) ;
#965 = DIRECTION ( 'NONE',  ( -0.000000000000000000, -1.000000000000000000, -0.000000000000000000 ) ) ;
#966 = EDGE_CURVE ( 'NONE', #153, #5091, #8686, .T. ) ;
#967 = DIRECTION ( 'NONE',  ( 0.000000000000000000, 0.000000000000000000, 1.000000000000000000 ) ) ;
#968 = EDGE_CURVE ( 'NONE', #8839, #10188, #4625, .T. ) ;
#969 = EDGE_CURVE ( 'NONE', #3400, #6012, #898, .T. ) ;
#970 = VERTEX_POINT ( 'NONE', #5845 ) ;
#971 = CARTESIAN_POINT ( 'NONE',  ( 34.66838806764755532, -20.42202547882114061, 36.93882319809753056 ) ) ;
#973 = ORIENTED_EDGE ( 'NONE', *, *, #3248, .T. ) ;
#972 = DIRECTION ( 'NONE',  ( 0.000000000000000000, 1.000000000000000000, 0.000000000000000000 ) ) ;
#974 = CYLINDRICAL_SURFACE ( 'NONE', #5581, 50.99999999999999289 ) ;
#975 = ORIENTED_EDGE ( 'NONE', *, *, #4018, .F. ) ;
#976 = DIRECTION ( 'NONE',  ( 0.000000000000000000, 0.000000000000000000, 1.000000000000000000 ) ) ;
#977 = CARTESIAN_POINT ( 'NONE',  ( -22.51666049839539951, -5.000000000000000000, 21.00000000000001066 ) ) ;
#978 = CARTESIAN_POINT ( 'NONE',  ( 0.000000000000000000, 5.000000000000000000, 38.99999999999999289 ) ) ;
#979 = CARTESIAN_POINT ( 'NONE',  ( -46.16528980983313346, -19.69863090235025993, -20.86000496748341604 ) ) ;
#980 = EDGE_CURVE ( 'NONE', #8502, #5893, #9977, .T. ) ;
#981 = ORIENTED_EDGE ( 'NONE', *, *, #5796, .T. ) ;
#982 = CARTESIAN_POINT ( 'NONE',  ( -20.86000496748357946, 10.00000000000000000, -46.16528980983308372 ) ) ;
#983 = CARTESIAN_POINT ( 'NONE',  ( 0.000000000000000000, 5.000000000000000000, 0.000000000000000000 ) ) ;
#984 = DIRECTION ( 'NONE',  ( -2.081668171172169697E-15, 0.000000000000000000, 1.000000000000000000 ) ) ;
#985 = ORIENTED_EDGE ( 'NONE', *, *, #3878, .F. ) ;
#986 = EDGE_LOOP ( 'NONE', ( #578, #5658, #908, #2815 ) ) ;
#987 = DIRECTION ( 'NONE',  ( 0.000000000000000000, 1.000000000000000000, 0.000000000000000000 ) ) ;
#988 = EDGE_CURVE ( 'NONE', #10621, #7577, #5287, .T. ) ;
#989 = DIRECTION ( 'NONE',  ( -0.000000000000000000, -1.000000000000000000, -0.000000000000000000 ) ) ;
#990 = CARTESIAN_POINT ( 'NONE',  ( 19.53911912941885021, -19.69863090235029901, 41.53355807099688235 ) ) ;
#991 = EDGE_LOOP ( 'NONE', ( #3371, #3054, #7669, #3280 ) ) ;
#992 = CARTESIAN_POINT ( 'NONE',  ( 23.48578117747931060, -10.00000000000000000, 40.19566517527146488 ) ) ;
#993 = ORIENTED_EDGE ( 'NONE', *, *, #7094, .T. ) ;
#994 = LINE ( 'NONE', #10874, #10762 ) ;
#995 = DIRECTION ( 'NONE',  ( 0.000000000000000000, 1.000000000000000000, 0.000000000000000000 ) ) ;
#996 = EDGE_CURVE ( 'NONE', #3507, #2849, #4330, .T. ) ;
#997 = ORIENTED_EDGE ( 'NONE', *, *, #6073, .T. ) ;
#998 = EDGE_LOOP ( 'NONE', ( #4377, #5543, #4582, #1011 ) ) ;
#999 = CARTESIAN_POINT ( 'NONE',  ( -44.71672993605636748, -19.69863090235029190, 15.68329018125539775 ) ) ;
#1000 = DIRECTION ( 'NONE',  ( 1.387778780781454037E-14, 0.000000000000000000, 1.000000000000000000 ) ) ;
#1001 = ORIENTED_EDGE ( 'NONE', *, *, #8244, .T. ) ;
#1002 = DIRECTION ( 'NONE',  ( -0.5555702330195918526, 0.000000000000000000, 0.8314696123025521191 ) ) ;
#1004 = ORIENTED_EDGE ( 'NONE', *, *, #7135, .F. ) ;
#1003 = LINE ( 'NONE', #2217, #57 ) ;
#1005 = ORIENTED_EDGE ( 'NONE', *, *, #1668, .T. ) ;
#1006 = CARTESIAN_POINT ( 'NONE',  ( -29.46558707621411699, -10.00000000000000000, 41.20865162466930087 ) ) ;
#1007 = FACE_OUTER_BOUND ( 'NONE', #12385, .T. ) ;
#1008 = DIRECTION ( 'NONE',  ( 0.000000000000000000, 1.000000000000000000, 0.000000000000000000 ) ) ;
#1009 = ADVANCED_FACE ( 'NONE', ( #4269 ), #12170, .T. ) ;
#1011 = ORIENTED_EDGE ( 'NONE', *, *, #12474, .F. ) ;
#1010 = FACE_OUTER_BOUND ( 'NONE', #5241, .T. ) ;
#1012 = FACE_OUTER_BOUND ( 'NONE', #8704, .T. ) ;
#1013 = ORIENTED_EDGE ( 'NONE', *, *, #7707, .F. ) ;
#1014 = ORIENTED_EDGE ( 'NONE', *, *, #7793, .F. ) ;
#1015 = DIRECTION ( 'NONE',  ( 0.000000000000000000, 1.000000000000000000, 0.000000000000000000 ) ) ;
#1016 = CARTESIAN_POINT ( 'NONE',  ( -28.14833299833691527, -10.00000000000000000, 37.08024765038265258 ) ) ;
#1017 = AXIS2_PLACEMENT_3D ( 'NONE', #9442, #10527, #10454 ) ;
#1018 = CARTESIAN_POINT ( 'NONE',  ( -24.10574140080116123, -10.00000000000000000, -40.79785237731714886 ) ) ;
#1019 = PLANE ( 'NONE',  #6365 ) ;
#1020 = CARTESIAN_POINT ( 'NONE',  ( 1.605440076985779729, -10.00000000000000000, 50.63394466786608206 ) ) ;
#1021 = EDGE_CURVE ( 'NONE', #12440, #12046, #3312, .T. ) ;
#1022 = AXIS2_PLACEMENT_3D ( 'NONE', #3664, #4761, #10544 ) ;
#1023 = AXIS2_PLACEMENT_3D ( 'NONE', #10500, #12562, #1636 ) ;
#1024 = ORIENTED_EDGE ( 'NONE', *, *, #182, .T. ) ;
#1025 = ADVANCED_FACE ( 'NONE', ( #367 ), #550, .T. ) ;
#1026 = LINE ( 'NONE', #3913, #5140 ) ;
#1028 = VERTEX_POINT ( 'NONE', #6206 ) ;
#1027 = PLANE ( 'NONE',  #9878 ) ;
#1029 = ADVANCED_FACE ( 'NONE', ( #3375 ), #11257, .T. ) ;
#1030 = CARTESIAN_POINT ( 'NONE',  ( 26.79583779944113431, -20.23931917473911923, -42.99252106000946583 ) ) ;
#1031 = ORIENTED_EDGE ( 'NONE', *, *, #250, .T. ) ;
#1032 = EDGE_CURVE ( 'NONE', #7588, #10267, #6328, .T. ) ;
#1033 = PLANE ( 'NONE',  #3174 ) ;
#1034 = EDGE_CURVE ( 'NONE', #11423, #12349, #6270, .T. ) ;
#1035 = CIRCLE ( 'NONE', #12516, 0.4999999999999978906 ) ;
#1036 = CYLINDRICAL_SURFACE ( 'NONE', #10786, 44.99999999999999289 ) ;
#1037 = DIRECTION ( 'NONE',  ( 8.659560562354926695E-17, -0.7071067811865482389, 0.7071067811865469066 ) ) ;
#1038 = ORIENTED_EDGE ( 'NONE', *, *, #4996, .F. ) ;
#1039 = VECTOR ( 'NONE', #12010, 1000.000000000000000 ) ;
#1040 = AXIS2_PLACEMENT_3D ( 'NONE', #4243, #395, #8245 ) ;
#1041 = LINE ( 'NONE', #4952, #7385 ) ;
#1042 = VECTOR ( 'NONE', #4866, 1000.000000000000000 ) ;
#1043 = ORIENTED_EDGE ( 'NONE', *, *, #8664, .T. ) ;
#1044 = CARTESIAN_POINT ( 'NONE',  ( 6.315817419441112079, -10.00000000000000000, 46.12357170388320782 ) ) ;
#1045 = DIRECTION ( 'NONE',  ( 0.9238795325112878487, 0.000000000000000000, 0.3826834323650872838 ) ) ;
#1046 = AXIS2_PLACEMENT_3D ( 'NONE', #8730, #6463, #4589 ) ;
#1047 = CIRCLE ( 'NONE', #7198, 0.5000000000000004441 ) ;
#1048 = EDGE_CURVE ( 'NONE', #6944, #1174, #8765, .T. ) ;
#1049 = FACE_OUTER_BOUND ( 'NONE', #7357, .T. ) ;
#1050 = AXIS2_PLACEMENT_3D ( 'NONE', #3115, #1906, #5825 ) ;
#1051 = ORIENTED_EDGE ( 'NONE', *, *, #1726, .T. ) ;
#1052 = ORIENTED_EDGE ( 'NONE', *, *, #1373, .T. ) ;
#1053 = LINE ( 'NONE', #1121, #3086 ) ;
#1054 = LINE ( 'NONE', #9923, #6619 ) ;
#1055 = FACE_OUTER_BOUND ( 'NONE', #1364, .T. ) ;
#1056 = LINE ( 'NONE', #5933, #7848 ) ;
#1057 = DIRECTION ( 'NONE',  ( 0.000000000000000000, 0.000000000000000000, 1.000000000000000000 ) ) ;
#1058 = AXIS2_PLACEMENT_3D ( 'NONE', #10635, #1975, #2858 ) ;
#1059 = CARTESIAN_POINT ( 'NONE',  ( -11.06088521563219729, -19.06525438257990857, 44.54739544167650678 ) ) ;
#1061 = EDGE_LOOP ( 'NONE', ( #9837, #6679, #6027, #10062 ) ) ;
#1060 = VECTOR ( 'NONE', #12235, 1000.000000000000227 ) ;
#1062 = AXIS2_PLACEMENT_3D ( 'NONE', #12126, #12250, #8480 ) ;
#1063 = DIRECTION ( 'NONE',  ( 0.4739546398215180867, 0.000000000000000000, -0.8805492600596829256 ) ) ;
#1064 = ORIENTED_EDGE ( 'NONE', *, *, #12175, .F. ) ;
#1065 = PRODUCT_DEFINITION ( 'UNKNOWN', '', #479, #3035 ) ;
#1066 = LINE ( 'NONE', #10816, #4336 ) ;
#1067 = CARTESIAN_POINT ( 'NONE',  ( 40.19566517527137250, -20.23931917473915831, -23.48578117747944916 ) ) ;
#1068 = ORIENTED_EDGE ( 'NONE', *, *, #7851, .F. ) ;
#1069 = ORIENTED_EDGE ( 'NONE', *, *, #5117, .T. ) ;
#1070 = FACE_OUTER_BOUND ( 'NONE', #11215, .T. ) ;
#1072 = ORIENTED_EDGE ( 'NONE', *, *, #6416, .F. ) ;
#1071 = DIRECTION ( 'NONE',  ( 0.9577788927496282412, -0.000000000000000000, 0.2875058131643536408 ) ) ;
#1073 = CIRCLE ( 'NONE', #9477, 0.4999999999999968914 ) ;
#1074 = CIRCLE ( 'NONE', #4128, 4.999999999999997335 ) ;
#1075 = VECTOR ( 'NONE', #10518, 1000.000000000000000 ) ;
#1076 = ORIENTED_EDGE ( 'NONE', *, *, #9689, .T. ) ;
#1077 = CARTESIAN_POINT ( 'NONE',  ( 15.19272321494674571, -10.00000000000000000, 44.00516535263775353 ) ) ;
#1078 = CARTESIAN_POINT ( 'NONE',  ( -49.97423344059141215, -19.06525438257993699, 8.303600574123926492 ) ) ;
#1079 = CARTESIAN_POINT ( 'NONE',  ( 49.97423344059136952, 10.00000000000000000, -8.303600574124267553 ) ) ;
#1080 = AXIS2_PLACEMENT_3D ( 'NONE', #10358, #402, #1426 ) ;
#1081 = ADVANCED_FACE ( 'NONE', ( #10246 ), #7419, .T. ) ;
#1082 = AXIS2_PLACEMENT_3D ( 'NONE', #10353, #4431, #6364 ) ;
#1083 = VECTOR ( 'NONE', #9556, 1000.000000000000000 ) ;
#1085 = ORIENTED_EDGE ( 'NONE', *, *, #5108, .T. ) ;
#1084 = DIRECTION ( 'NONE',  ( 0.000000000000000000, 1.000000000000000000, 0.000000000000000000 ) ) ;
#1086 = DIRECTION ( 'NONE',  ( 0.000000000000000000, 1.000000000000000000, 0.000000000000000000 ) ) ;
#1087 = ORIENTED_EDGE ( 'NONE', *, *, #1500, .F. ) ;
#1088 = ORIENTED_EDGE ( 'NONE', *, *, #12286, .T. ) ;
#1089 = FACE_OUTER_BOUND ( 'NONE', #998, .T. ) ;
#1090 = DIRECTION ( 'NONE',  ( 0.000000000000000000, 0.000000000000000000, 1.000000000000000000 ) ) ;
#1091 = VECTOR ( 'NONE', #10792, 1000.000000000000000 ) ;
#1092 = DIRECTION ( 'NONE',  ( 0.000000000000000000, 1.000000000000000000, 0.000000000000000000 ) ) ;
#1093 = ADVANCED_FACE ( 'NONE', ( #5473 ), #1515, .F. ) ;
#1094 = DIRECTION ( 'NONE',  ( 0.8692791828944294030, -0.000000000000000000, 0.4943214563281603247 ) ) ;
#1095 = LINE ( 'NONE', #5002, #11355 ) ;
#1096 = AXIS2_PLACEMENT_3D ( 'NONE', #787, #733, #7743 ) ;
#1097 = VERTEX_POINT ( 'NONE', #492 ) ;
#1098 = CC_DESIGN_APPROVAL ( #8142, ( #1065 ) ) ;
#1099 = VERTEX_POINT ( 'NONE', #8205 ) ;
#1100 = DIRECTION ( 'NONE',  ( 0.000000000000000000, 0.000000000000000000, -1.000000000000000000 ) ) ;
#1102 = VERTEX_POINT ( 'NONE', #12042 ) ;
#1101 = CARTESIAN_POINT ( 'NONE',  ( -44.54739544167647125, -19.06525438257992278, -11.06088521563236249 ) ) ;
#1103 = DIRECTION ( 'NONE',  ( 0.9948960270893553171, 0.000000000000000000, -0.1009053778637038629 ) ) ;
#1104 = VERTEX_POINT ( 'NONE', #8335 ) ;
#1105 = FACE_OUTER_BOUND ( 'NONE', #1187, .T. ) ;
#1106 = DIRECTION ( 'NONE',  ( 0.000000000000000000, 1.000000000000000000, 0.000000000000000000 ) ) ;
#1107 = CIRCLE ( 'NONE', #5610, 0.5000000000000004441 ) ;
#1108 = PLANE ( 'NONE',  #7647 ) ;
#1109 = DIRECTION ( 'NONE',  ( -0.000000000000000000, -1.000000000000000000, -0.000000000000000000 ) ) ;
#1110 = EDGE_CURVE ( 'NONE', #12649, #6413, #5446, .T. ) ;
#1111 = ORIENTED_EDGE ( 'NONE', *, *, #2419, .F. ) ;
#1112 = ORIENTED_EDGE ( 'NONE', *, *, #11208, .F. ) ;
#1113 = CARTESIAN_POINT ( 'NONE',  ( 0.000000000000000000, 5.000000000000000000, 0.000000000000000000 ) ) ;
#1114 = EDGE_CURVE ( 'NONE', #3618, #7973, #5234, .T. ) ;
#1115 = AXIS2_PLACEMENT_3D ( 'NONE', #5060, #8993, #7907 ) ;
#1116 = VECTOR ( 'NONE', #4281, 1000.000000000000000 ) ;
#1117 = CARTESIAN_POINT ( 'NONE',  ( -46.67040685671994282, 10.00000000000000000, -20.56387910459081780 ) ) ;
#1118 = DIRECTION ( 'NONE',  ( 0.000000000000000000, 1.000000000000000000, 0.000000000000000000 ) ) ;
#1119 = ORIENTED_EDGE ( 'NONE', *, *, #2671, .F. ) ;
#1120 = ORIENTED_EDGE ( 'NONE', *, *, #8669, .F. ) ;
#1121 = CARTESIAN_POINT ( 'NONE',  ( -2.803801697542733784, -10.00000000000000000, 46.46947506094542035 ) ) ;
#1122 = CARTESIAN_POINT ( 'NONE',  ( 0.000000000000000000, -8.999999999999982236, 0.000000000000000000 ) ) ;
#1123 = CARTESIAN_POINT ( 'NONE',  ( 47.54181953147818973, -19.69863090235031322, -18.46010280676569337 ) ) ;
#1124 = DIRECTION ( 'NONE',  ( 0.000000000000000000, 0.000000000000000000, 1.000000000000000000 ) ) ;
#1125 = CARTESIAN_POINT ( 'NONE',  ( -49.97423344059146899, -19.06525438257992278, -8.303600574123580103 ) ) ;
#1126 = CIRCLE ( 'NONE', #498, 0.5000000000000004441 ) ;
#1128 = EDGE_LOOP ( 'NONE', ( #8447, #12127, #9476, #8359 ) ) ;
#1127 = CIRCLE ( 'NONE', #4391, 0.4999999999999970024 ) ;
#1129 = EDGE_CURVE ( 'NONE', #103, #10305, #6286, .T. ) ;
#1130 = CARTESIAN_POINT ( 'NONE',  ( -11.45278456627756647, 10.00000000000000000, 49.34782179739801222 ) ) ;
#1131 = APPROVAL_ROLE ( '' ) ;
#1132 = EDGE_CURVE ( 'NONE', #7558, #11798, #1388, .T. ) ;
#1133 = FACE_OUTER_BOUND ( 'NONE', #6504, .T. ) ;
#1134 = CYLINDRICAL_SURFACE ( 'NONE', #3296, 44.99999999999999289 ) ;
#1135 = ORIENTED_EDGE ( 'NONE', *, *, #3145, .T. ) ;
#1136 = VECTOR ( 'NONE', #5307, 1000.000000000000000 ) ;
#1137 = AXIS2_PLACEMENT_3D ( 'NONE', #2774, #2008, #7671 ) ;
#1138 = VERTEX_POINT ( 'NONE', #2463 ) ;
#1139 = LINE ( 'NONE', #5889, #12528 ) ;
#1140 = DIRECTION ( 'NONE',  ( 0.000000000000000000, 0.000000000000000000, 1.000000000000000000 ) ) ;
#1141 = ORIENTED_EDGE ( 'NONE', *, *, #6090, .F. ) ;
#1142 = CYLINDRICAL_SURFACE ( 'NONE', #48, 50.99999999999999289 ) ;
#1143 = EDGE_CURVE ( 'NONE', #7753, #3368, #2384, .T. ) ;
#1144 = CYLINDRICAL_SURFACE ( 'NONE', #12177, 8.000000000000001776 ) ;
#1145 = APPROVAL ( #3180, 'UNSPECIFIED' ) ;
#1146 = VECTOR ( 'NONE', #8122, 1000.000000000000000 ) ;
#1147 = DIRECTION ( 'NONE',  ( 0.000000000000000000, 0.000000000000000000, 1.000000000000000000 ) ) ;
#1148 = EDGE_CURVE ( 'NONE', #6104, #10072, #7942, .T. ) ;
#1149 = EDGE_LOOP ( 'NONE', ( #12165, #1290, #1908, #774 ) ) ;
#1151 = EDGE_LOOP ( 'NONE', ( #11050, #365, #1254, #6487 ) ) ;
#1150 = DIRECTION ( 'NONE',  ( -6.938893903907222067E-15, 0.000000000000000000, 1.000000000000000000 ) ) ;
#1152 = VECTOR ( 'NONE', #587, 1000.000000000000000 ) ;
#1153 = DIRECTION ( 'NONE',  ( 0.000000000000000000, 0.000000000000000000, 1.000000000000000000 ) ) ;
#1154 = VERTEX_POINT ( 'NONE', #11516 ) ;
#1155 = LINE ( 'NONE', #6469, #8496 ) ;
#1156 = DIRECTION ( 'NONE',  ( -0.5555702330196095051, 0.000000000000000000, -0.8314696123025404617 ) ) ;
#1157 = ADVANCED_FACE ( 'NONE', ( #3560 ), #8590, .T. ) ;
#1158 = DIRECTION ( 'NONE',  ( 0.000000000000000000, 0.000000000000000000, 1.000000000000000000 ) ) ;
#1159 = VECTOR ( 'NONE', #130, 1000.000000000000000 ) ;
#1160 = EDGE_LOOP ( 'NONE', ( #12211, #10684, #11716, #5687 ) ) ;
#1161 = VERTEX_POINT ( 'NONE', #12350 ) ;
#1162 = EDGE_CURVE ( 'NONE', #11475, #355, #5662, .T. ) ;
#1163 = CARTESIAN_POINT ( 'NONE',  ( -37.08024765038236836, -10.00000000000000000, 28.14833299833729896 ) ) ;
#1165 = VERTEX_POINT ( 'NONE', #861 ) ;
#1164 = CARTESIAN_POINT ( 'NONE',  ( 2.803801697542733784, 10.00000000000000000, -46.46947506094542035 ) ) ;
#1166 = CARTESIAN_POINT ( 'NONE',  ( -44.00516535263790274, -19.69863090235025993, -15.19272321494628386 ) ) ;
#1167 = ORIENTED_EDGE ( 'NONE', *, *, #2184, .F. ) ;
#1168 = DIRECTION ( 'NONE',  ( -0.9560937162403113643, 0.000000000000000000, -0.2930610956196525452 ) ) ;
#1169 = DIRECTION ( 'NONE',  ( -0.2875058131643737358, 0.000000000000000000, -0.9577788927496221350 ) ) ;
#1170 = CARTESIAN_POINT ( 'NONE',  ( 26.79583779944204025, -20.23931917473915831, 42.99252106000891871 ) ) ;
#1171 = EDGE_LOOP ( 'NONE', ( #7513, #2457, #10252, #3290 ) ) ;
#1172 = PLANE ( 'NONE',  #7806 ) ;
#1173 = ORIENTED_EDGE ( 'NONE', *, *, #5373, .T. ) ;
#1174 = VERTEX_POINT ( 'NONE', #1893 ) ;
#1175 = DIRECTION ( 'NONE',  ( -0.000000000000000000, -1.000000000000000000, -0.000000000000000000 ) ) ;
#1176 = EDGE_CURVE ( 'NONE', #8543, #3239, #2591, .T. ) ;
#1177 = DIRECTION ( 'NONE',  ( 0.000000000000000000, 0.000000000000000000, 1.000000000000000000 ) ) ;
#1178 = EDGE_CURVE ( 'NONE', #5768, #7455, #3678, .T. ) ;
#1179 = LINE ( 'NONE', #5926, #6398 ) ;
#1180 = ORIENTED_EDGE ( 'NONE', *, *, #9216, .T. ) ;
#1181 = ORIENTED_EDGE ( 'NONE', *, *, #3065, .T. ) ;
#1182 = CARTESIAN_POINT ( 'NONE',  ( -45.38924439456599202, -19.06525438257992278, -6.828624728365998209 ) ) ;
#1183 = LINE ( 'NONE', #10866, #5379 ) ;
#1184 = CYLINDRICAL_SURFACE ( 'NONE', #2165, 44.99999999999999289 ) ;
#1185 = CARTESIAN_POINT ( 'NONE',  ( 49.97423344059152583, 10.00000000000000000, 8.303600574123219502 ) ) ;
#1186 = LINE ( 'NONE', #992, #5112 ) ;
#1187 = EDGE_LOOP ( 'NONE', ( #7768, #6266, #3233, #4126 ) ) ;
#1188 = VERTEX_POINT ( 'NONE', #4646 ) ;
#1189 = CARTESIAN_POINT ( 'NONE',  ( -41.35240453125117455, -10.00000000000000000, 29.48669762983973186 ) ) ;
#1190 = DIRECTION ( 'NONE',  ( 0.3826834323650905034, 0.000000000000000000, 0.9238795325112864054 ) ) ;
#1191 = EDGE_CURVE ( 'NONE', #11069, #11085, #4776, .T. ) ;
#1192 = VERTEX_POINT ( 'NONE', #6765 ) ;
#1193 = EDGE_CURVE ( 'NONE', #769, #5564, #1629, .T. ) ;
#1194 = FACE_OUTER_BOUND ( 'NONE', #5788, .T. ) ;
#1195 = EDGE_LOOP ( 'NONE', ( #4197, #7240, #6681, #838 ) ) ;
#1196 = ORIENTED_EDGE ( 'NONE', *, *, #4245, .T. ) ;
#1197 = PLANE ( 'NONE',  #11907 ) ;
#1198 = CARTESIAN_POINT ( 'NONE',  ( -23.48578117747902283, -10.00000000000000000, -40.19566517527163541 ) ) ;
#1199 = EDGE_CURVE ( 'NONE', #2477, #277, #8080, .T. ) ;
#1200 = ORIENTED_EDGE ( 'NONE', *, *, #6330, .F. ) ;
#1201 = EDGE_CURVE ( 'NONE', #10963, #11660, #8648, .T. ) ;
#1202 = CARTESIAN_POINT ( 'NONE',  ( -14.41080490052400442, -19.69863090235025282, 42.63013842481669258 ) ) ;
#1203 = EDGE_CURVE ( 'NONE', #944, #9950, #10513, .T. ) ;
#1204 = LINE ( 'NONE', #426, #3992 ) ;
#1205 = FACE_OUTER_BOUND ( 'NONE', #708, .T. ) ;
#1206 = ORIENTED_EDGE ( 'NONE', *, *, #2940, .F. ) ;
#1208 = ORIENTED_EDGE ( 'NONE', *, *, #4635, .T. ) ;
#1207 = CARTESIAN_POINT ( 'NONE',  ( 19.95408209559143486, -10.00000000000000000, -40.33403783062632897 ) ) ;
#1209 = EDGE_CURVE ( 'NONE', #4659, #3049, #1035, .T. ) ;
#1210 = LINE ( 'NONE', #3131, #11691 ) ;
#1211 = VERTEX_POINT ( 'NONE', #12551 ) ;
#1212 = CARTESIAN_POINT ( 'NONE',  ( -50.22970420108348577, -10.00000000000000000, -8.830448225976725851 ) ) ;
#1213 = DIRECTION ( 'NONE',  ( 0.000000000000000000, 0.000000000000000000, 1.000000000000000000 ) ) ;
#1214 = DIRECTION ( 'NONE',  ( 0.000000000000000000, 1.000000000000000000, 0.000000000000000000 ) ) ;
#1215 = ADVANCED_FACE ( 'NONE', ( #7545, #8526 ), #8452, .F. ) ;
#1216 = ORIENTED_EDGE ( 'NONE', *, *, #10214, .F. ) ;
#1217 = CARTESIAN_POINT ( 'NONE',  ( -30.89470704032667570, -10.00000000000000000, 33.94599680791360896 ) ) ;
#1219 = ORIENTED_EDGE ( 'NONE', *, *, #5416, .F. ) ;
#1218 = DIRECTION ( 'NONE',  ( 0.9560937162403051470, 0.000000000000000000, -0.2930610956196725292 ) ) ;
#1220 = DIRECTION ( 'NONE',  ( 0.000000000000000000, 1.000000000000000000, 0.000000000000000000 ) ) ;
#1221 = ORIENTED_EDGE ( 'NONE', *, *, #6047, .T. ) ;
#1222 = LINE ( 'NONE', #8040, #11574 ) ;
#1223 = CARTESIAN_POINT ( 'NONE',  ( 0.000000000000000000, -10.00000000000000000, 0.000000000000000000 ) ) ;
#1224 = EDGE_LOOP ( 'NONE', ( #8203, #3132, #6934, #2356 ) ) ;
#1225 = LINE ( 'NONE', #7082, #4763 ) ;
#1226 = DIRECTION ( 'NONE',  ( 0.000000000000000000, 1.000000000000000000, 0.000000000000000000 ) ) ;
#1227 = EDGE_CURVE ( 'NONE', #8314, #3023, #6706, .T. ) ;
#1228 = CIRCLE ( 'NONE', #12089, 44.99999999999999289 ) ;
#1229 = AXIS2_PLACEMENT_3D ( 'NONE', #6518, #4710, #8661 ) ;
#1230 = ORIENTED_EDGE ( 'NONE', *, *, #9057, .T. ) ;
#1231 = ORIENTED_EDGE ( 'NONE', *, *, #9681, .T. ) ;
#1232 = DIRECTION ( 'NONE',  ( -0.000000000000000000, -1.000000000000000000, -0.000000000000000000 ) ) ;
#1233 = LINE ( 'NONE', #6117, #11483 ) ;
#1234 = DIRECTION ( 'NONE',  ( 0.000000000000000000, 1.000000000000000000, 0.000000000000000000 ) ) ;
#1235 = VERTEX_POINT ( 'NONE', #3622 ) ;
#1236 = VECTOR ( 'NONE', #4362, 1000.000000000000000 ) ;
#1237 = ORIENTED_EDGE ( 'NONE', *, *, #10405, .F. ) ;
#1238 = LINE ( 'NONE', #4188, #10070 ) ;
#1239 = CYLINDRICAL_SURFACE ( 'NONE', #5596, 50.99999999999999289 ) ;
#1240 = CIRCLE ( 'NONE', #10259, 8.000000000000000000 ) ;
#1241 = VECTOR ( 'NONE', #10324, 1000.000000000000000 ) ;
#1242 = DIRECTION ( 'NONE',  ( -0.000000000000000000, -1.000000000000000000, -0.000000000000000000 ) ) ;
#1243 = CARTESIAN_POINT ( 'NONE',  ( 45.38924439456603466, 10.00000000000000000, 11.82862472836567314 ) ) ;
#1244 = DIRECTION ( 'NONE',  ( 0.000000000000000000, 1.000000000000000000, 0.000000000000000000 ) ) ;
#1245 = ADVANCED_FACE ( 'NONE', ( #670 ), #2785, .T. ) ;
#1246 = ORIENTED_EDGE ( 'NONE', *, *, #10592, .F. ) ;
#1247 = EDGE_LOOP ( 'NONE', ( #6240, #5463, #6387, #8980 ) ) ;
#1248 = CARTESIAN_POINT ( 'NONE',  ( 0.000000000000000000, -19.06525438257988725, 0.000000000000000000 ) ) ;
#1249 = AXIS2_PLACEMENT_3D ( 'NONE', #9555, #1780, #9610 ) ;
#1250 = AXIS2_PLACEMENT_3D ( 'NONE', #8848, #9801, #6915 ) ;
#1251 = ORIENTED_EDGE ( 'NONE', *, *, #3813, .T. ) ;
#1252 = DIRECTION ( 'NONE',  ( 0.000000000000000000, 1.000000000000000000, 0.000000000000000000 ) ) ;
#1253 = VERTEX_POINT ( 'NONE', #10620 ) ;
#1254 = ORIENTED_EDGE ( 'NONE', *, *, #11573, .F. ) ;
#1255 = ORIENTED_EDGE ( 'NONE', *, *, #871, .T. ) ;
#1256 = DIRECTION ( 'NONE',  ( -0.000000000000000000, -1.000000000000000000, -0.000000000000000000 ) ) ;
#1257 = ORIENTED_EDGE ( 'NONE', *, *, #9525, .F. ) ;
#1258 = DIRECTION ( 'NONE',  ( 0.7561388950492472505, -0.000000000000000000, -0.6544111638669556363 ) ) ;
#1259 = CIRCLE ( 'NONE', #8440, 5.000000000000001776 ) ;
#1260 = CIRCLE ( 'NONE', #2890, 8.000000000000000000 ) ;
#1261 = CIRCLE ( 'NONE', #12318, 0.4999999999999970024 ) ;
#1262 = EDGE_CURVE ( 'NONE', #9803, #6602, #5736, .T. ) ;
#1263 = CYLINDRICAL_SURFACE ( 'NONE', #7288, 0.5000000000000004441 ) ;
#1264 = LINE ( 'NONE', #8153, #10957 ) ;
#1265 = EDGE_CURVE ( 'NONE', #432, #7005, #10490, .T. ) ;
#1266 = EDGE_CURVE ( 'NONE', #5625, #2192, #3889, .T. ) ;
#1267 = AXIS2_PLACEMENT_3D ( 'NONE', #12098, #3559, #2588 ) ;
#1268 = EDGE_CURVE ( 'NONE', #4235, #1382, #7998, .T. ) ;
#1269 = AXIS2_PLACEMENT_3D ( 'NONE', #1321, #9160, #1570 ) ;
#1270 = AXIS2_PLACEMENT_3D ( 'NONE', #4603, #956, #4863 ) ;
#1271 = VERTEX_POINT ( 'NONE', #9020 ) ;
#1273 = VERTEX_POINT ( 'NONE', #3942 ) ;
#1272 = FACE_OUTER_BOUND ( 'NONE', #3158, .T. ) ;
#1274 = DIRECTION ( 'NONE',  ( -1.421085471520200372E-14, 0.000000000000000000, 1.000000000000000000 ) ) ;
#1275 = ORIENTED_EDGE ( 'NONE', *, *, #9116, .F. ) ;
#1276 = DIRECTION ( 'NONE',  ( 0.000000000000000000, 0.000000000000000000, 1.000000000000000000 ) ) ;
#1277 = LINE ( 'NONE', #7130, #7894 ) ;
#1278 = DIRECTION ( 'NONE',  ( 0.000000000000000000, 1.000000000000000000, 0.000000000000000000 ) ) ;
#1279 = VECTOR ( 'NONE', #10803, 1000.000000000000227 ) ;
#1280 = ADVANCED_FACE ( 'NONE', ( #217 ), #11005, .T. ) ;
#1281 = AXIS2_PLACEMENT_3D ( 'NONE', #11904, #10766, #2990 ) ;
#1282 = ORIENTED_EDGE ( 'NONE', *, *, #11275, .T. ) ;
#1284 = VERTEX_POINT ( 'NONE', #2149 ) ;
#1283 = DIRECTION ( 'NONE',  ( 0.9238795325112892920, 0.000000000000000000, 0.3826834323650836756 ) ) ;
#1285 = LINE ( 'NONE', #7262, #7862 ) ;
#1286 = VERTEX_POINT ( 'NONE', #3103 ) ;
#1287 = DIRECTION ( 'NONE',  ( 0.000000000000000000, 0.000000000000000000, 1.000000000000000000 ) ) ;
#1288 = CIRCLE ( 'NONE', #10515, 0.4999999999999933387 ) ;
#1289 = FACE_BOUND ( 'NONE', #5143, .T. ) ;
#1290 = ORIENTED_EDGE ( 'NONE', *, *, #252, .F. ) ;
#1291 = CARTESIAN_POINT ( 'NONE',  ( -40.19566517527171357, -10.00000000000000000, -23.48578117747887717 ) ) ;
#1292 = ORIENTED_EDGE ( 'NONE', *, *, #8861, .T. ) ;
#1293 = CYLINDRICAL_SURFACE ( 'NONE', #8419, 5.000000000000000888 ) ;
#1294 = CYLINDRICAL_SURFACE ( 'NONE', #3372, 4.999999999999997335 ) ;
#1295 = CIRCLE ( 'NONE', #6864, 0.5000000000000004441 ) ;
#1296 = EDGE_LOOP ( 'NONE', ( #6557, #11310, #4079, #12048 ) ) ;
#1297 = ORIENTED_EDGE ( 'NONE', *, *, #11456, .F. ) ;
#1298 = EDGE_CURVE ( 'NONE', #7469, #286, #1841, .T. ) ;
#1299 = CARTESIAN_POINT ( 'NONE',  ( -35.66618230193984829, 10.00000000000000000, -27.43945043190172584 ) ) ;
#1300 = VECTOR ( 'NONE', #2613, 1000.000000000000000 ) ;
#1301 = VECTOR ( 'NONE', #6494, 1000.000000000000000 ) ;
#1302 = CARTESIAN_POINT ( 'NONE',  ( 46.16528980983329689, -10.00000000000000000, 20.86000496748307498 ) ) ;
#1303 = CARTESIAN_POINT ( 'NONE',  ( 44.54739544167654230, 10.00000000000000000, 11.06088521563204097 ) ) ;
#1304 = ORIENTED_EDGE ( 'NONE', *, *, #3600, .T. ) ;
#1305 = CIRCLE ( 'NONE', #6225, 50.99999999999999289 ) ;
#1306 = VERTEX_POINT ( 'NONE', #9850 ) ;
#1307 = DIRECTION ( 'NONE',  ( 0.000000000000000000, 1.000000000000000000, 0.000000000000000000 ) ) ;
#1308 = CARTESIAN_POINT ( 'NONE',  ( 0.000000000000000000, -19.06525438257988725, 0.000000000000000000 ) ) ;
#1309 = CARTESIAN_POINT ( 'NONE',  ( -6.315817419440802993, -10.00000000000000355, -46.12357170388325756 ) ) ;
#1310 = CARTESIAN_POINT ( 'NONE',  ( 11.80310486381228507, -10.00000000000000000, -45.89377128388460392 ) ) ;
#1311 = EDGE_CURVE ( 'NONE', #339, #8757, #4970, .T. ) ;
#1312 = FACE_OUTER_BOUND ( 'NONE', #5028, .T. ) ;
#1313 = AXIS2_PLACEMENT_3D ( 'NONE', #6186, #9339, #12213 ) ;
#1314 = VERTEX_POINT ( 'NONE', #8065 ) ;
#1315 = EDGE_LOOP ( 'NONE', ( #4618, #5978, #3780, #3114 ) ) ;
#1316 = CARTESIAN_POINT ( 'NONE',  ( -8.303600574123754186, -19.06525438257992988, -49.97423344059144767 ) ) ;
#1317 = VECTOR ( 'NONE', #8176, 1000.000000000000000 ) ;
#1318 = PERSON_AND_ORGANIZATION_ROLE ( 'classification_officer' ) ;
#1319 = LINE ( 'NONE', #2396, #9037 ) ;
#1320 = VERTEX_POINT ( 'NONE', #2206 ) ;
#1321 = CARTESIAN_POINT ( 'NONE',  ( 0.000000000000000000, 10.00000000000000000, 0.000000000000000000 ) ) ;
#1322 = EDGE_LOOP ( 'NONE', ( #3754, #312, #2399, #5700 ) ) ;
#1323 = ORIENTED_EDGE ( 'NONE', *, *, #10774, .F. ) ;
#1324 = ORIENTED_EDGE ( 'NONE', *, *, #1199, .F. ) ;
#1325 = CARTESIAN_POINT ( 'NONE',  ( 27.38034598923479024, -20.23931917473915831, 43.02692939903792535 ) ) ;
#1326 = ORIENTED_EDGE ( 'NONE', *, *, #6515, .T. ) ;
#1327 = AXIS2_PLACEMENT_3D ( 'NONE', #4815, #2564, #6486 ) ;
#1328 = VECTOR ( 'NONE', #3891, 1000.000000000000000 ) ;
#1329 = DIRECTION ( 'NONE',  ( -0.000000000000000000, -1.000000000000000000, -0.000000000000000000 ) ) ;
#1330 = CIRCLE ( 'NONE', #9503, 0.4999999999999976130 ) ;
#1331 = DIRECTION ( 'NONE',  ( 0.000000000000000000, 1.000000000000000000, 0.000000000000000000 ) ) ;
#1332 = CARTESIAN_POINT ( 'NONE',  ( -11.06380523147281636, -19.06525438257990857, 49.78546187191631844 ) ) ;
#1333 = CYLINDRICAL_SURFACE ( 'NONE', #11756, 0.5000000000000004441 ) ;
#1334 = CIRCLE ( 'NONE', #2968, 0.4999999999999970024 ) ;
#1335 = VECTOR ( 'NONE', #12557, 1000.000000000000114 ) ;
#1336 = ADVANCED_FACE ( 'NONE', ( #11962 ), #4005, .T. ) ;
#1337 = VERTEX_POINT ( 'NONE', #3874 ) ;
#1339 = ORIENTED_EDGE ( 'NONE', *, *, #3214, .F. ) ;
#1338 = CYLINDRICAL_SURFACE ( 'NONE', #6392, 0.5000000000000004441 ) ;
#1340 = ADVANCED_FACE ( 'NONE', ( #10038 ), #2911, .T. ) ;
#1341 = CARTESIAN_POINT ( 'NONE',  ( -35.24837783041238026, -10.00000000000000000, -36.85853849957283046 ) ) ;
#1342 = ORIENTED_EDGE ( 'NONE', *, *, #8274, .F. ) ;
#1343 = DIRECTION ( 'NONE',  ( 0.000000000000000000, 1.000000000000000000, 0.000000000000000000 ) ) ;
#1344 = DIRECTION ( 'NONE',  ( 0.000000000000000000, 0.000000000000000000, 1.000000000000000000 ) ) ;
#1345 = AXIS2_PLACEMENT_3D ( 'NONE', #5770, #1794, #7646 ) ;
#1346 = VECTOR ( 'NONE', #1567, 1000.000000000000114 ) ;
#1347 = CARTESIAN_POINT ( 'NONE',  ( -41.35240453125117455, -20.23931917473914410, 28.98669762983973541 ) ) ;
#1348 = VECTOR ( 'NONE', #11819, 1000.000000000000227 ) ;
#1349 = ORIENTED_EDGE ( 'NONE', *, *, #8778, .T. ) ;
#1351 = ORIENTED_EDGE ( 'NONE', *, *, #12370, .T. ) ;
#1350 = DIRECTION ( 'NONE',  ( 0.000000000000000000, 0.000000000000000000, 1.000000000000000000 ) ) ;
#1352 = CARTESIAN_POINT ( 'NONE',  ( 0.000000000000000000, 10.00000000000000000, 0.000000000000000000 ) ) ;
#1353 = ORIENTED_EDGE ( 'NONE', *, *, #2131, .F. ) ;
#1354 = CARTESIAN_POINT ( 'NONE',  ( 28.14833299833743396, -20.23931917473915831, 37.08024765038227599 ) ) ;
#1355 = ADVANCED_FACE ( 'NONE', ( #8782 ), #4060, .T. ) ;
#1356 = DIRECTION ( 'NONE',  ( -0.9807852804032283212, 0.000000000000000000, 0.1950903220161387674 ) ) ;
#1357 = ORIENTED_EDGE ( 'NONE', *, *, #11159, .T. ) ;
#1358 = FACE_OUTER_BOUND ( 'NONE', #12029, .T. ) ;
#1359 = EDGE_CURVE ( 'NONE', #417, #6907, #10942, .T. ) ;
#1360 = EDGE_CURVE ( 'NONE', #7134, #9716, #4294, .T. ) ;
#1361 = CYLINDRICAL_SURFACE ( 'NONE', #8841, 5.000000000000000888 ) ;
#1362 = DIRECTION ( 'NONE',  ( -0.7893522173763315442, 0.000000000000000000, -0.6139406135149138022 ) ) ;
#1363 = ORIENTED_EDGE ( 'NONE', *, *, #5061, .F. ) ;
#1364 = EDGE_LOOP ( 'NONE', ( #12470, #6977, #10534, #5877 ) ) ;
#1365 = DIRECTION ( 'NONE',  ( 0.000000000000000000, 1.000000000000000000, 0.000000000000000000 ) ) ;
#1366 = LINE ( 'NONE', #2434, #11698 ) ;
#1367 = DIRECTION ( 'NONE',  ( 0.000000000000000000, 1.000000000000000000, 0.000000000000000000 ) ) ;
#1368 = CIRCLE ( 'NONE', #6278, 0.5000000000000004441 ) ;
#1369 = DIRECTION ( 'NONE',  ( -4.163336342344336238E-15, 0.000000000000000000, 1.000000000000000000 ) ) ;
#1370 = ORIENTED_EDGE ( 'NONE', *, *, #2966, .F. ) ;
#1371 = CARTESIAN_POINT ( 'NONE',  ( 46.21285384832088283, -19.69863090235023861, 20.36227244670233105 ) ) ;
#1372 = DIRECTION ( 'NONE',  ( 0.000000000000000000, 1.000000000000000000, 0.000000000000000000 ) ) ;
#1373 = EDGE_CURVE ( 'NONE', #6969, #6113, #9227, .T. ) ;
#1374 = LINE ( 'NONE', #9271, #4605 ) ;
#1375 = CARTESIAN_POINT ( 'NONE',  ( -40.79785237731722702, -10.00000000000000000, -24.10574140080101202 ) ) ;
#1376 = DIRECTION ( 'NONE',  ( 0.000000000000000000, 0.000000000000000000, 1.000000000000000000 ) ) ;
#1377 = ORIENTED_EDGE ( 'NONE', *, *, #187, .T. ) ;
#1378 = DIRECTION ( 'NONE',  ( 0.4688348621887445389, 0.000000000000000000, -0.8832858382179921142 ) ) ;
#1379 = LINE ( 'NONE', #8326, #11472 ) ;
#1380 = EDGE_CURVE ( 'NONE', #11045, #1442, #1186, .T. ) ;
#1381 = LINE ( 'NONE', #5407, #2897 ) ;
#1382 = VERTEX_POINT ( 'NONE', #4901 ) ;
#1383 = ORIENTED_EDGE ( 'NONE', *, *, #12615, .T. ) ;
#1384 = ORIENTED_EDGE ( 'NONE', *, *, #4874, .F. ) ;
#1385 = CARTESIAN_POINT ( 'NONE',  ( -19.53911912941826756, 10.00000000000000000, 41.53355807099715236 ) ) ;
#1386 = ORIENTED_EDGE ( 'NONE', *, *, #2441, .T. ) ;
#1387 = DIRECTION ( 'NONE',  ( -0.000000000000000000, -1.000000000000000000, -0.000000000000000000 ) ) ;
#1388 = LINE ( 'NONE', #10125, #11818 ) ;
#1389 = DIRECTION ( 'NONE',  ( 0.000000000000000000, 1.000000000000000000, 0.000000000000000000 ) ) ;
#1390 = ADVANCED_FACE ( 'NONE', ( #8838 ), #2979, .T. ) ;
#1391 = DIRECTION ( 'NONE',  ( 0.000000000000000000, 1.000000000000000000, 0.000000000000000000 ) ) ;
#1392 = VERTEX_POINT ( 'NONE', #8903 ) ;
#1394 = ORIENTED_EDGE ( 'NONE', *, *, #12415, .F. ) ;
#1393 = DIRECTION ( 'NONE',  ( 0.000000000000000000, 1.000000000000000000, 0.000000000000000000 ) ) ;
#1395 = DIRECTION ( 'NONE',  ( 0.3826834323650836756, 0.000000000000000000, -0.9238795325112892920 ) ) ;
#1396 = VERTEX_POINT ( 'NONE', #11833 ) ;
#1397 = CARTESIAN_POINT ( 'NONE',  ( -22.51666049839539951, -5.000000000000000000, 13.00000000000001066 ) ) ;
#1398 = CARTESIAN_POINT ( 'NONE',  ( 29.62769538921502743, 10.00000000000000000, -33.87033607633508581 ) ) ;
#1399 = EDGE_CURVE ( 'NONE', #1392, #1314, #4488, .T. ) ;
#1400 = CARTESIAN_POINT ( 'NONE',  ( 30.87629374033841501, 10.00000000000000000, -34.84146812720885578 ) ) ;
#1401 = VERTEX_POINT ( 'NONE', #5273 ) ;
#1402 = VERTEX_POINT ( 'NONE', #4310 ) ;
#1404 = ORIENTED_EDGE ( 'NONE', *, *, #633, .F. ) ;
#1403 = CARTESIAN_POINT ( 'NONE',  ( -47.31460686609773347, -18.55636363116341414, -2.622880895175762284 ) ) ;
#1405 = DIRECTION ( 'NONE',  ( 0.000000000000000000, 0.000000000000000000, 1.000000000000000000 ) ) ;
#1406 = VERTEX_POINT ( 'NONE', #3288 ) ;
#1407 = PLANE ( 'NONE',  #6661 ) ;
#1408 = DIRECTION ( 'NONE',  ( 0.000000000000000000, 1.000000000000000000, 0.000000000000000000 ) ) ;
#1409 = ORIENTED_EDGE ( 'NONE', *, *, #9291, .T. ) ;
#1410 = DIRECTION ( 'NONE',  ( 0.000000000000000000, 1.000000000000000000, 0.000000000000000000 ) ) ;
#1411 = CARTESIAN_POINT ( 'NONE',  ( -11.45278456627756647, -10.00000000000000000, 49.34782179739801222 ) ) ;
#1412 = DIRECTION ( 'NONE',  ( 1.000000000000000000, 0.000000000000000000, -3.491481338843132961E-15 ) ) ;
#1413 = ADVANCED_FACE ( 'NONE', ( #4437 ), #6316, .T. ) ;
#1414 = CARTESIAN_POINT ( 'NONE',  ( 22.51666049839540307, -5.000000000000000000, -13.00000000000000533 ) ) ;
#1415 = EDGE_CURVE ( 'NONE', #6992, #3507, #8831, .T. ) ;
#1416 = ORIENTED_EDGE ( 'NONE', *, *, #4428, .T. ) ;
#1417 = EDGE_CURVE ( 'NONE', #6657, #12544, #6438, .T. ) ;
#1418 = DIRECTION ( 'NONE',  ( 6.245004513516500018E-15, 0.000000000000000000, 1.000000000000000000 ) ) ;
#1419 = CARTESIAN_POINT ( 'NONE',  ( -2.622880895175927485, -18.55636363116340704, 47.31460686609772637 ) ) ;
#1420 = EDGE_CURVE ( 'NONE', #1640, #4172, #10293, .T. ) ;
#1421 = LINE ( 'NONE', #9146, #9079 ) ;
#1422 = ORIENTED_EDGE ( 'NONE', *, *, #890, .T. ) ;
#1423 = FACE_OUTER_BOUND ( 'NONE', #9494, .T. ) ;
#1424 = CARTESIAN_POINT ( 'NONE',  ( 40.33403783062626502, -19.69863090235023861, 19.95408209559158053 ) ) ;
#1425 = DIRECTION ( 'NONE',  ( 0.000000000000000000, 0.000000000000000000, 1.000000000000000000 ) ) ;
#1426 = DIRECTION ( 'NONE',  ( 0.000000000000000000, 0.000000000000000000, 1.000000000000000000 ) ) ;
#1427 = AXIS2_PLACEMENT_3D ( 'NONE', #8376, #474, #12267 ) ;
#1428 = VECTOR ( 'NONE', #1603, 1000.000000000000000 ) ;
#1429 = LINE ( 'NONE', #12535, #412 ) ;
#1430 = ORIENTED_EDGE ( 'NONE', *, *, #5089, .F. ) ;
#1431 = VERTEX_POINT ( 'NONE', #12218 ) ;
#1432 = DIRECTION ( 'NONE',  ( 0.000000000000000000, 1.000000000000000000, 0.000000000000000000 ) ) ;
#1433 = EDGE_CURVE ( 'NONE', #8763, #10154, #2447, .T. ) ;
#1434 = CARTESIAN_POINT ( 'NONE',  ( 1.408343819019456176E-15, 10.00000000000000000, 10.99999999999999645 ) ) ;
#1435 = AXIS2_PLACEMENT_3D ( 'NONE', #10591, #2497, #2756 ) ;
#1436 = CYLINDRICAL_SURFACE ( 'NONE', #9278, 0.4999999999999970024 ) ;
#1437 = AXIS2_PLACEMENT_3D ( 'NONE', #7834, #10712, #2110 ) ;
#1438 = VERTEX_POINT ( 'NONE', #6374 ) ;
#1439 = EDGE_LOOP ( 'NONE', ( #7615, #3502, #6526, #9304 ) ) ;
#1440 = ORIENTED_EDGE ( 'NONE', *, *, #661, .T. ) ;
#1441 = DIRECTION ( 'NONE',  ( 0.000000000000000000, 1.000000000000000000, 0.000000000000000000 ) ) ;
#1442 = VERTEX_POINT ( 'NONE', #7403 ) ;
#1443 = LINE ( 'NONE', #9414, #1879 ) ;
#1444 = DIRECTION ( 'NONE',  ( 0.000000000000000000, 0.000000000000000000, 1.000000000000000000 ) ) ;
#1445 = ORIENTED_EDGE ( 'NONE', *, *, #7152, .T. ) ;
#1446 = CIRCLE ( 'NONE', #5967, 50.99999999999999289 ) ;
#1447 = CIRCLE ( 'NONE', #5326, 50.99999999999999289 ) ;
#1448 = CARTESIAN_POINT ( 'NONE',  ( 0.000000000000000000, 5.000000000000000000, -18.00000000000000000 ) ) ;
#1449 = LINE ( 'NONE', #4397, #12367 ) ;
#1450 = EDGE_CURVE ( 'NONE', #7246, #1598, #9090, .T. ) ;
#1451 = CARTESIAN_POINT ( 'NONE',  ( -20.86000496748325617, -10.00000000000000000, 46.16528980983320452 ) ) ;
#1452 = ORIENTED_EDGE ( 'NONE', *, *, #3566, .F. ) ;
#1453 = AXIS2_PLACEMENT_3D ( 'NONE', #11721, #10952, #10765 ) ;
#1455 = ORIENTED_EDGE ( 'NONE', *, *, #2699, .F. ) ;
#1454 = CARTESIAN_POINT ( 'NONE',  ( -38.99960370005746313, 10.00000000000000000, -22.45063275808644221 ) ) ;
#1456 = VECTOR ( 'NONE', #2930, 1000.000000000000000 ) ;
#1457 = PLANE ( 'NONE',  #10460 ) ;
#1458 = VECTOR ( 'NONE', #12689, 1000.000000000000000 ) ;
#1459 = VECTOR ( 'NONE', #8567, 1000.000000000000000 ) ;
#1460 = EDGE_LOOP ( 'NONE', ( #11264, #3251, #9666, #6703 ) ) ;
#1461 = ORIENTED_EDGE ( 'NONE', *, *, #4748, .T. ) ;
#1462 = DIRECTION ( 'NONE',  ( 0.000000000000000000, 0.000000000000000000, 1.000000000000000000 ) ) ;
#1463 = DIRECTION ( 'NONE',  ( -0.000000000000000000, -1.000000000000000000, -0.000000000000000000 ) ) ;
#1464 = EDGE_CURVE ( 'NONE', #1897, #459, #5398, .T. ) ;
#1465 = CARTESIAN_POINT ( 'NONE',  ( -40.79785237731722702, -20.23931917473912989, -24.10574140080101202 ) ) ;
#1466 = ORIENTED_EDGE ( 'NONE', *, *, #3645, .T. ) ;
#1467 = CIRCLE ( 'NONE', #6597, 5.000000000000004441 ) ;
#1468 = VECTOR ( 'NONE', #6079, 1000.000000000000000 ) ;
#1469 = VECTOR ( 'NONE', #73, 999.9999999999998863 ) ;
#1470 = VERTEX_POINT ( 'NONE', #2511 ) ;
#1472 = ORIENTED_EDGE ( 'NONE', *, *, #10704, .T. ) ;
#1471 = DIRECTION ( 'NONE',  ( 0.000000000000000000, 1.000000000000000000, 0.000000000000000000 ) ) ;
#1473 = LINE ( 'NONE', #265, #6211 ) ;
#1474 = ORIENTED_EDGE ( 'NONE', *, *, #2230, .T. ) ;
#1475 = EDGE_CURVE ( 'NONE', #100, #2019, #11127, .T. ) ;
#1476 = DIRECTION ( 'NONE',  ( -0.6544111638669475317, 0.000000000000000000, -0.7561388950492543559 ) ) ;
#1477 = AXIS2_PLACEMENT_3D ( 'NONE', #9642, #2769, #1615 ) ;
#1478 = VECTOR ( 'NONE', #9082, 1000.000000000000114 ) ;
#1479 = AXIS2_PLACEMENT_3D ( 'NONE', #3836, #10709, #5839 ) ;
#1480 = DIRECTION ( 'NONE',  ( 0.000000000000000000, 1.000000000000000000, 0.000000000000000000 ) ) ;
#1481 = ORIENTED_EDGE ( 'NONE', *, *, #4581, .T. ) ;
#1482 = DIRECTION ( 'NONE',  ( 0.000000000000000000, 0.000000000000000000, 1.000000000000000000 ) ) ;
#1483 = CARTESIAN_POINT ( 'NONE',  ( -42.63013842481655047, -19.69863090235029190, 14.41080490052445562 ) ) ;
#1484 = DIRECTION ( 'NONE',  ( -0.000000000000000000, -1.000000000000000000, -0.000000000000000000 ) ) ;
#1485 = AXIS2_PLACEMENT_3D ( 'NONE', #7925, #10735, #7979 ) ;
#1486 = AXIS2_PLACEMENT_3D ( 'NONE', #10418, #924, #3867 ) ;
#1487 = CARTESIAN_POINT ( 'NONE',  ( 29.27369463607504230, -20.23931917473911923, -41.76183427908585344 ) ) ;
#1488 = LINE ( 'NONE', #1674, #11279 ) ;
#1489 = EDGE_CURVE ( 'NONE', #11902, #8393, #11245, .T. ) ;
#1490 = CYLINDRICAL_SURFACE ( 'NONE', #3337, 5.000000000000000888 ) ;
#1491 = AXIS2_PLACEMENT_3D ( 'NONE', #9866, #1071, #4983 ) ;
#1492 = ORIENTED_EDGE ( 'NONE', *, *, #637, .T. ) ;
#1493 = DIRECTION ( 'NONE',  ( 0.000000000000000000, 0.000000000000000000, 1.000000000000000000 ) ) ;
#1494 = CARTESIAN_POINT ( 'NONE',  ( 28.98669762983901421, 10.00000000000000000, -41.35240453125168614 ) ) ;
#1495 = EDGE_CURVE ( 'NONE', #8165, #1192, #1228, .T. ) ;
#1496 = PLANE ( 'NONE',  #1965 ) ;
#1497 = CARTESIAN_POINT ( 'NONE',  ( -2.157587686025606022, -18.55636363116340704, -45.84930138799938248 ) ) ;
#1498 = DIRECTION ( 'NONE',  ( -0.6366343730118753097, -0.000000000000000000, -0.7711657896326681305 ) ) ;
#1499 = VECTOR ( 'NONE', #3982, 1000.000000000000000 ) ;
#1500 = EDGE_CURVE ( 'NONE', #181, #6933, #8256, .T. ) ;
#1501 = ORIENTED_EDGE ( 'NONE', *, *, #11939, .T. ) ;
#1502 = CARTESIAN_POINT ( 'NONE',  ( 0.000000000000000000, -20.42202547882114061, 0.000000000000000000 ) ) ;
#1503 = VECTOR ( 'NONE', #12677, 1000.000000000000000 ) ;
#1504 = CIRCLE ( 'NONE', #10936, 0.4999999999999972244 ) ;
#1505 = DIRECTION ( 'NONE',  ( -0.8832858382179856749, 0.000000000000000000, 0.4688348621887568624 ) ) ;
#1506 = CARTESIAN_POINT ( 'NONE',  ( -49.34782179739797670, 10.00000000000000000, -11.45278456627774943 ) ) ;
#1507 = ORIENTED_EDGE ( 'NONE', *, *, #4028, .T. ) ;
#1508 = ORIENTED_EDGE ( 'NONE', *, *, #5440, .T. ) ;
#1509 = ORIENTED_EDGE ( 'NONE', *, *, #8381, .F. ) ;
#1510 = DIRECTION ( 'NONE',  ( 0.000000000000000000, 1.000000000000000000, 0.000000000000000000 ) ) ;
#1511 = VECTOR ( 'NONE', #11430, 1000.000000000000000 ) ;
#1512 = ORIENTED_EDGE ( 'NONE', *, *, #8287, .F. ) ;
#1513 = CARTESIAN_POINT ( 'NONE',  ( 27.26647565272478602, -20.23931917473911923, -36.92360935593725912 ) ) ;
#1514 = ADVANCED_FACE ( 'NONE', ( #2331 ), #4193, .T. ) ;
#1515 = CYLINDRICAL_SURFACE ( 'NONE', #7119, 8.000000000000001776 ) ;
#1516 = AXIS2_PLACEMENT_3D ( 'NONE', #8868, #3062, #64 ) ;
#1517 = ADVANCED_FACE ( 'NONE', ( #353 ), #7155, .T. ) ;
#1518 = ADVANCED_FACE ( 'NONE', ( #1312 ), #5218, .T. ) ;
#1519 = CARTESIAN_POINT ( 'NONE',  ( -36.93882319809765136, -20.42202547882114061, 34.66838806764742742 ) ) ;
#1520 = LINE ( 'NONE', #5421, #3752 ) ;
#1521 = CARTESIAN_POINT ( 'NONE',  ( -6.315817419440802993, 10.00000000000000000, -46.12357170388325756 ) ) ;
#1522 = CIRCLE ( 'NONE', #4181, 0.5000000000000004441 ) ;
#1523 = VECTOR ( 'NONE', #12446, 1000.000000000000000 ) ;
#1524 = ORIENTED_EDGE ( 'NONE', *, *, #8108, .T. ) ;
#1525 = AXIS2_PLACEMENT_3D ( 'NONE', #8476, #7563, #10582 ) ;
#1527 = EDGE_LOOP ( 'NONE', ( #10373, #6958, #8091, #11162 ) ) ;
#1526 = FACE_OUTER_BOUND ( 'NONE', #5780, .T. ) ;
#1528 = LINE ( 'NONE', #6401, #10665 ) ;
#1529 = ORIENTED_EDGE ( 'NONE', *, *, #8062, .T. ) ;
#1530 = ORIENTED_EDGE ( 'NONE', *, *, #12310, .T. ) ;
#1531 = CARTESIAN_POINT ( 'NONE',  ( 0.000000000000000000, 10.00000000000000000, 0.000000000000000000 ) ) ;
#1532 = DIRECTION ( 'NONE',  ( -0.3826834323651004399, 0.000000000000000000, -0.9238795325112824086 ) ) ;
#1533 = ADVANCED_FACE ( 'NONE', ( #2392 ), #8189, .T. ) ;
#1534 = FACE_OUTER_BOUND ( 'NONE', #6894, .T. ) ;
#1535 = EDGE_CURVE ( 'NONE', #1406, #2126, #1429, .T. ) ;
#1536 = ORIENTED_EDGE ( 'NONE', *, *, #2533, .F. ) ;
#1538 = ORIENTED_EDGE ( 'NONE', *, *, #275, .F. ) ;
#1537 = DIRECTION ( 'NONE',  ( 2.775557561562908075E-14, 0.000000000000000000, 1.000000000000000000 ) ) ;
#1539 = EDGE_CURVE ( 'NONE', #856, #3188, #11677, .T. ) ;
#1540 = CARTESIAN_POINT ( 'NONE',  ( 36.49718027898914130, -10.00000000000000000, 34.90280549874129434 ) ) ;
#1541 = AXIS2_PLACEMENT_3D ( 'NONE', #6800, #4870, #7064 ) ;
#1542 = AXIS2_PLACEMENT_3D ( 'NONE', #12472, #6558, #7594 ) ;
#1543 = LINE ( 'NONE', #2426, #10961 ) ;
#1544 = CYLINDRICAL_SURFACE ( 'NONE', #343, 4.999999999999997335 ) ;
#1545 = VERTEX_POINT ( 'NONE', #8705 ) ;
#1546 = LINE ( 'NONE', #5311, #9437 ) ;
#1547 = DIRECTION ( 'NONE',  ( 0.000000000000000000, 0.000000000000000000, -1.000000000000000000 ) ) ;
#1548 = CARTESIAN_POINT ( 'NONE',  ( 28.14833299833665237, -10.00000000000000000, -37.08024765038285864 ) ) ;
#1549 = CLOSED_SHELL ( 'NONE', ( #4739, #3126, #4554, #6867, #7774, #6008, #1982, #1093, #8842, #4530, #3151, #3454, #2667, #7436, #10300, #12059, #4700, #3866, #5181, #2220, #3694, #4557, #6057, #627, #5092, #12580, #3462, #2750, #1617, #6224, #3995, #1981, #1215, #10520, #4662, #2767, #8958, #4762, #438, #4778, #9954, #12303, #2512, #2103, #8336, #53, #4461, #10364, #1994, #4865, #11970, #6710, #7639, #7731, #4244, #89, #6295, #2342, #9444, #6291, #2393, #302, #5828, #9851, #11959, #567, #11632, #7930, #8023, #2141, #3232, #3276, #12191, #1413, #5664, #1880, #9888, #3085, #11919, #9718, #4009, #8828, #10444, #331, #8263, #5187, #4637, #3409, #8113, #10628, #4830, #11792, #5692, #5569, #3165, #6830, #6990, #10728, #3790, #5278, #5699, #7423, #9731, #9588, #2709, #12300, #8354, #8572, #10018, #11555, #10682, #9911, #7991, #9364, #9660, #11609, #8355, #10445, #10483, #551, #6788, #8432, #1625, #2060, #3624, #11996, #9428, #1728, #11297, #9151, #12249, #2955, #7091, #9076, #9391, #4247, #928, #9194, #2378, #3926, #9200, #10249, #8593, #9847, #12461, #4061, #1081, #10739, #8785, #8715, #6070, #5418, #9202, #5250, #11559, #8678, #819, #7640, #1909, #4976, #831, #8375, #8812, #9534, #4404, #594, #2821, #2983, #9500, #10711, #2832, #9916, #10061, #11220, #9907, #1743, #1884, #4200, #2742, #8810, #7975, #11259, #9651, #3306, #10823, #1579, #2365, #200, #6698, #4799, #6320, #11293, #11021, #1518, #1009, #1517, #8320, #8979, #11889, #1340, #117, #3392, #12084, #11424, #6593, #12445, #7054, #1157, #1025, #8498, #39, #10611, #6116, #7763, #2915, #1355, #9990, #3772, #11352, #7827, #4072, #1761, #6682, #4725, #8403, #1245, #5678, #4073, #8414, #22, #795, #3359, #7902, #4817, #6147, #11794, #5412, #4956, #9813, #3335, #11345, #1606, #1514, #5726, #5838, #2118, #552, #3821, #514, #8707, #6488, #11690, #3931, #7156, #4722, #3437, #7316, #7556, #4630, #6363, #6241, #10063, #4464, #755, #579, #7571, #2999, #8955, #10044, #11395, #9331, #11098, #6533, #8367, #4242, #3580, #12712, #7690, #11627, #2328, #5909, #6190, #11925, #3621, #3463, #9635, #1977, #7244, #1752, #2905, #8547, #7447, #3381, #8218, #866, #1923, #11213, #7896, #2480, #1864, #4533, #11663, #6906, #6524, #5970, #2154, #11847, #2202, #9821, #5036, #1533, #1029, #8126, #4020, #7397, #1390, #7353, #10180, #2460, #1336, #6963, #6361, #10867, #4610, #11765, #9794, #3655, #9991, #5682, #5215, #8391, #445, #9311, #7667, #3853, #12205, #425, #1280, #5575, #10446, #11692, #6435, #11176, #164, #8264, #5491, #8906, #10426, #11232, #7299, #4378, #12406, #8410, #4648, #11231, #6750, #6213, #6666, #5938, #5333, #9757, #7190, #5758, #5256, #258, #10208, #10675, #2781, #11073, #4146, #11901, #9350, #3420, #11581, #5815 ) ) ;
#1550 = ORIENTED_EDGE ( 'NONE', *, *, #5540, .F. ) ;
#1551 = EDGE_CURVE ( 'NONE', #3299, #1306, #779, .T. ) ;
#1552 = VECTOR ( 'NONE', #4111, 1000.000000000000000 ) ;
#1553 = DIRECTION ( 'NONE',  ( 0.000000000000000000, 1.000000000000000000, 0.000000000000000000 ) ) ;
#1554 = EDGE_LOOP ( 'NONE', ( #9812, #11040, #2280, #5708 ) ) ;
#1555 = LINE ( 'NONE', #5453, #10893 ) ;
#1556 = CARTESIAN_POINT ( 'NONE',  ( 29.62769538921502388, -10.00000000000000000, -33.87033607633507870 ) ) ;
#1557 = ORIENTED_EDGE ( 'NONE', *, *, #4151, .T. ) ;
#1558 = LINE ( 'NONE', #9268, #4508 ) ;
#1559 = DIRECTION ( 'NONE',  ( -0.8314696123025480112, 0.000000000000000000, -0.5555702330195980698 ) ) ;
#1560 = AXIS2_PLACEMENT_3D ( 'NONE', #3542, #7663, #10412 ) ;
#1561 = LINE ( 'NONE', #7586, #4616 ) ;
#1562 = LINE ( 'NONE', #4436, #11515 ) ;
#1563 = DIRECTION ( 'NONE',  ( 0.000000000000000000, 0.000000000000000000, 1.000000000000000000 ) ) ;
#1564 = VERTEX_POINT ( 'NONE', #5461 ) ;
#1565 = VERTEX_POINT ( 'NONE', #846 ) ;
#1566 = EDGE_CURVE ( 'NONE', #9806, #6969, #12608, .T. ) ;
#1567 = DIRECTION ( 'NONE',  ( 0.07193236855373980054, -0.000000000000000000, 0.9974095118627297474 ) ) ;
#1568 = AXIS2_PLACEMENT_3D ( 'NONE', #5419, #11141, #2531 ) ;
#1569 = DIRECTION ( 'NONE',  ( 0.000000000000000000, 1.000000000000000000, 0.000000000000000000 ) ) ;
#1570 = DIRECTION ( 'NONE',  ( 0.000000000000000000, 0.000000000000000000, -1.000000000000000000 ) ) ;
#1571 = ORIENTED_EDGE ( 'NONE', *, *, #3744, .T. ) ;
#1572 = ORIENTED_EDGE ( 'NONE', *, *, #6359, .F. ) ;
#1573 = VERTEX_POINT ( 'NONE', #12405 ) ;
#1574 = CARTESIAN_POINT ( 'NONE',  ( 26.79583779944204025, 10.00000000000000000, 42.99252106000891871 ) ) ;
#1575 = EDGE_LOOP ( 'NONE', ( #4483, #3953, #7698, #11560 ) ) ;
#1576 = DIRECTION ( 'NONE',  ( 0.000000000000000000, 1.000000000000000000, 0.000000000000000000 ) ) ;
#1577 = DIRECTION ( 'NONE',  ( 0.000000000000000000, 0.000000000000000000, 1.000000000000000000 ) ) ;
#1578 = CARTESIAN_POINT ( 'NONE',  ( 29.46558707621469964, -20.23931917473915831, 41.20865162466889586 ) ) ;
#1579 = ADVANCED_FACE ( 'NONE', ( #3609 ), #590, .T. ) ;
#1580 = CARTESIAN_POINT ( 'NONE',  ( 36.93882319809813453, 10.00000000000000000, 34.66838806764690872 ) ) ;
#1581 = EDGE_CURVE ( 'NONE', #7113, #8049, #6555, .T. ) ;
#1582 = EDGE_CURVE ( 'NONE', #11693, #769, #10474, .T. ) ;
#1583 = DIRECTION ( 'NONE',  ( 0.000000000000000000, 1.000000000000000000, 0.000000000000000000 ) ) ;
#1584 = ORIENTED_EDGE ( 'NONE', *, *, #11876, .T. ) ;
#1585 = EDGE_CURVE ( 'NONE', #8944, #7197, #8509, .T. ) ;
#1586 = CYLINDRICAL_SURFACE ( 'NONE', #2261, 0.4999999999999970024 ) ;
#1588 = ORIENTED_EDGE ( 'NONE', *, *, #11449, .T. ) ;
#1587 = FACE_OUTER_BOUND ( 'NONE', #8077, .T. ) ;
#1589 = EDGE_CURVE ( 'NONE', #5444, #612, #5513, .T. ) ;
#1590 = DIRECTION ( 'NONE',  ( 0.000000000000000000, 1.000000000000000000, 0.000000000000000000 ) ) ;
#1591 = EDGE_LOOP ( 'NONE', ( #8297, #6855, #5996, #3983 ) ) ;
#1592 = ORIENTED_EDGE ( 'NONE', *, *, #11301, .F. ) ;
#1593 = CARTESIAN_POINT ( 'NONE',  ( -28.98669762983930553, -20.23931917473912634, 41.35240453125148008 ) ) ;
#1594 = DIRECTION ( 'NONE',  ( 0.000000000000000000, 0.000000000000000000, 1.000000000000000000 ) ) ;
#1595 = CARTESIAN_POINT ( 'NONE',  ( 0.000000000000000000, 10.00000000000000000, 0.000000000000000000 ) ) ;
#1596 = EDGE_CURVE ( 'NONE', #4825, #5697, #3272, .T. ) ;
#1598 = VERTEX_POINT ( 'NONE', #9644 ) ;
#1597 = FACE_OUTER_BOUND ( 'NONE', #9981, .T. ) ;
#1599 = CARTESIAN_POINT ( 'NONE',  ( -46.46947506094541325, -10.00000000000000000, 2.803801697542896321 ) ) ;
#1600 = DIRECTION ( 'NONE',  ( -0.7561388950492518024, 0.000000000000000000, 0.6544111638669503073 ) ) ;
#1601 = DIRECTION ( 'NONE',  ( 0.000000000000000000, 1.000000000000000000, 0.000000000000000000 ) ) ;
#1602 = ORIENTED_EDGE ( 'NONE', *, *, #7094, .F. ) ;
#1603 = DIRECTION ( 'NONE',  ( 0.000000000000000000, 1.000000000000000000, 0.000000000000000000 ) ) ;
#1604 = DIRECTION ( 'NONE',  ( 0.000000000000000000, 1.000000000000000000, 0.000000000000000000 ) ) ;
#1605 = DIRECTION ( 'NONE',  ( 0.8805492600596778185, 0.000000000000000000, -0.4739546398215275791 ) ) ;
#1606 = ADVANCED_FACE ( 'NONE', ( #2630 ), #12335, .T. ) ;
#1607 = EDGE_LOOP ( 'NONE', ( #11015, #4912, #5310, #3154 ) ) ;
#1608 = CARTESIAN_POINT ( 'NONE',  ( -11.81567228767948130, 10.00000000000000000, 45.02958255179737534 ) ) ;
#1609 = CARTESIAN_POINT ( 'NONE',  ( 50.22970420108353551, -10.00000000000000000, 8.830448225976363474 ) ) ;
#1610 = DIRECTION ( 'NONE',  ( 0.000000000000000000, 1.000000000000000000, 0.000000000000000000 ) ) ;
#1611 = VERTEX_POINT ( 'NONE', #7668 ) ;
#1612 = CARTESIAN_POINT ( 'NONE',  ( -20.52974213179108531, -19.69863090235027414, -42.70926380875493322 ) ) ;
#1613 = DIRECTION ( 'NONE',  ( 0.000000000000000000, 0.000000000000000000, 1.000000000000000000 ) ) ;
#1614 = CARTESIAN_POINT ( 'NONE',  ( -45.38924439456593518, 10.00000000000000000, 11.82862472836631440 ) ) ;
#1615 = DIRECTION ( 'NONE',  ( -5.204170427930416550E-15, 0.000000000000000000, 1.000000000000000000 ) ) ;
#1616 = DIRECTION ( 'NONE',  ( 0.7711657896326702399, 0.000000000000000000, 0.6366343730118726452 ) ) ;
#1617 = ADVANCED_FACE ( 'NONE', ( #7735 ), #1756, .T. ) ;
#1618 = VERTEX_POINT ( 'NONE', #11433 ) ;
#1619 = DIRECTION ( 'NONE',  ( 0.000000000000000000, 1.000000000000000000, 0.000000000000000000 ) ) ;
#1620 = CARTESIAN_POINT ( 'NONE',  ( -2.803801697542734228, -18.55636363116340704, -46.46947506094542035 ) ) ;
#1621 = DIRECTION ( 'NONE',  ( 0.000000000000000000, 1.000000000000000000, 0.000000000000000000 ) ) ;
#1622 = ORIENTED_EDGE ( 'NONE', *, *, #3640, .T. ) ;
#1623 = ORIENTED_EDGE ( 'NONE', *, *, #8193, .T. ) ;
#1624 = DIRECTION ( 'NONE',  ( -0.9577788927496252436, -0.000000000000000000, -0.2875058131643634662 ) ) ;
#1625 = ADVANCED_FACE ( 'NONE', ( #11377 ), #11636, .T. ) ;
#1626 = ORIENTED_EDGE ( 'NONE', *, *, #10176, .F. ) ;
#1627 = DIRECTION ( 'NONE',  ( -0.000000000000000000, -1.000000000000000000, -0.000000000000000000 ) ) ;
#1628 = ORIENTED_EDGE ( 'NONE', *, *, #12172, .F. ) ;
#1629 = LINE ( 'NONE', #6570, #67 ) ;
#1630 = VERTEX_POINT ( 'NONE', #7591 ) ;
#1631 = CARTESIAN_POINT ( 'NONE',  ( -40.19566517527153593, -20.23931917473914410, 23.48578117747916849 ) ) ;
#1632 = AXIS2_PLACEMENT_3D ( 'NONE', #7994, #10810, #6003 ) ;
#1633 = DIRECTION ( 'NONE',  ( 0.000000000000000000, 0.000000000000000000, 1.000000000000000000 ) ) ;
#1634 = AXIS2_PLACEMENT_3D ( 'NONE', #8536, #6649, #4787 ) ;
#1635 = CARTESIAN_POINT ( 'NONE',  ( -10.95533655273324669, -10.00000000000000000, -49.29736910846609987 ) ) ;
#1636 = DIRECTION ( 'NONE',  ( -0.2875058131643603021, 0.000000000000000000, 0.9577788927496261318 ) ) ;
#1637 = ORIENTED_EDGE ( 'NONE', *, *, #2115, .T. ) ;
#1638 = DIRECTION ( 'NONE',  ( 0.000000000000000000, 0.000000000000000000, 1.000000000000000000 ) ) ;
#1640 = VERTEX_POINT ( 'NONE', #9529 ) ;
#1639 = CARTESIAN_POINT ( 'NONE',  ( -3.000000000000000000, -10.00000000000000000, -44.89988864128728352 ) ) ;
#1641 = LINE ( 'NONE', #4119, #11089 ) ;
#1642 = ORIENTED_EDGE ( 'NONE', *, *, #101, .F. ) ;
#1643 = ORIENTED_EDGE ( 'NONE', *, *, #10329, .T. ) ;
#1644 = CARTESIAN_POINT ( 'NONE',  ( -20.86000496748357946, -10.00000000000000000, -46.16528980983308372 ) ) ;
#1645 = AXIS2_PLACEMENT_3D ( 'NONE', #9906, #1109, #8951 ) ;
#1646 = CARTESIAN_POINT ( 'NONE',  ( 34.84146812720810260, 10.00000000000000000, -30.87629374033926055 ) ) ;
#1647 = AXIS2_PLACEMENT_3D ( 'NONE', #8710, #7477, #728 ) ;
#1648 = EDGE_CURVE ( 'NONE', #3848, #2604, #6624, .T. ) ;
#1649 = AXIS2_PLACEMENT_3D ( 'NONE', #11735, #6868, #1153 ) ;
#1650 = ORIENTED_EDGE ( 'NONE', *, *, #6857, .T. ) ;
#1651 = LINE ( 'NONE', #2664, #2741 ) ;
#1652 = ORIENTED_EDGE ( 'NONE', *, *, #6754, .T. ) ;
#1653 = EDGE_CURVE ( 'NONE', #10805, #1161, #5520, .T. ) ;
#1654 = DIRECTION ( 'NONE',  ( -0.000000000000000000, -1.000000000000000000, -0.000000000000000000 ) ) ;
#1655 = EDGE_CURVE ( 'NONE', #4172, #8975, #4091, .T. ) ;
#1656 = VECTOR ( 'NONE', #10571, 1000.000000000000114 ) ;
#1657 = VECTOR ( 'NONE', #8899, 1000.000000000000000 ) ;
#1658 = VECTOR ( 'NONE', #3535, 1000.000000000000000 ) ;
#1660 = ORIENTED_EDGE ( 'NONE', *, *, #6827, .F. ) ;
#1659 = CYLINDRICAL_SURFACE ( 'NONE', #5560, 8.000000000000001776 ) ;
#1661 = LINE ( 'NONE', #12584, #4772 ) ;
#1662 = DIRECTION ( 'NONE',  ( -0.7071067811865544561, 0.000000000000000000, -0.7071067811865405783 ) ) ;
#1663 = DIRECTION ( 'NONE',  ( -0.3152352524413699619, 0.000000000000000000, -0.9490135592383418528 ) ) ;
#1664 = ORIENTED_EDGE ( 'NONE', *, *, #3858, .T. ) ;
#1665 = CARTESIAN_POINT ( 'NONE',  ( 42.63013842481674942, -19.69863090235023861, 14.41080490052383567 ) ) ;
#1666 = AXIS2_PLACEMENT_3D ( 'NONE', #1593, #12368, #2605 ) ;
#1667 = DIRECTION ( 'NONE',  ( -0.000000000000000000, -1.000000000000000000, -0.000000000000000000 ) ) ;
#1668 = EDGE_CURVE ( 'NONE', #4569, #5891, #6769, .T. ) ;
#1669 = CARTESIAN_POINT ( 'NONE',  ( 2.803801697542733784, -18.55636363116340704, -46.46947506094542035 ) ) ;
#1670 = AXIS2_PLACEMENT_3D ( 'NONE', #3012, #6942, #11863 ) ;
#1671 = CIRCLE ( 'NONE', #3718, 10.99999999999998401 ) ;
#1672 = ORIENTED_EDGE ( 'NONE', *, *, #7607, .F. ) ;
#1673 = FACE_OUTER_BOUND ( 'NONE', #8197, .T. ) ;
#1674 = CARTESIAN_POINT ( 'NONE',  ( -33.87033607633478027, -20.42202547882114061, -29.62769538921538270 ) ) ;
#1675 = CARTESIAN_POINT ( 'NONE',  ( 30.87629374033841501, -20.42202547882114416, -34.84146812720885578 ) ) ;
#1676 = AXIS2_PLACEMENT_3D ( 'NONE', #11066, #165, #3112 ) ;
#1677 = AXIS2_PLACEMENT_3D ( 'NONE', #4993, #9951, #2108 ) ;
#1678 = ORIENTED_EDGE ( 'NONE', *, *, #8636, .T. ) ;
#1679 = DIRECTION ( 'NONE',  ( -0.000000000000000000, -1.000000000000000000, -0.000000000000000000 ) ) ;
#1680 = LINE ( 'NONE', #3541, #8293 ) ;
#1681 = LINE ( 'NONE', #5656, #11799 ) ;
#1682 = DIRECTION ( 'NONE',  ( -0.7071067811865475727, 0.000000000000000000, 0.7071067811865475727 ) ) ;
#1683 = ORIENTED_EDGE ( 'NONE', *, *, #3684, .T. ) ;
#1684 = DIRECTION ( 'NONE',  ( -0.7071067811865389130, 0.000000000000000000, 0.7071067811865562325 ) ) ;
#1685 = EDGE_CURVE ( 'NONE', #959, #1396, #10663, .T. ) ;
#1686 = VECTOR ( 'NONE', #10472, 1000.000000000000000 ) ;
#1687 = ORIENTED_EDGE ( 'NONE', *, *, #890, .F. ) ;
#1688 = FACE_OUTER_BOUND ( 'NONE', #8468, .T. ) ;
#1689 = AXIS2_PLACEMENT_3D ( 'NONE', #1303, #7336, #11238 ) ;
#1690 = EDGE_CURVE ( 'NONE', #9554, #11357, #6050, .T. ) ;
#1691 = AXIS2_PLACEMENT_3D ( 'NONE', #3955, #8005, #4069 ) ;
#1692 = DIRECTION ( 'NONE',  ( 0.000000000000000000, 0.000000000000000000, 1.000000000000000000 ) ) ;
#1693 = CARTESIAN_POINT ( 'NONE',  ( 50.63394466786606785, 10.00000000000000000, -1.605440076986310194 ) ) ;
#1694 = VERTEX_POINT ( 'NONE', #8887 ) ;
#1695 = EDGE_LOOP ( 'NONE', ( #6184, #12422, #6219, #2109 ) ) ;
#1696 = DIRECTION ( 'NONE',  ( 0.7071067811865544561, 0.000000000000000000, 0.7071067811865405783 ) ) ;
#1697 = EDGE_CURVE ( 'NONE', #1104, #3043, #5865, .T. ) ;
#1698 = AXIS2_PLACEMENT_3D ( 'NONE', #11489, #191, #2057 ) ;
#1699 = ORIENTED_EDGE ( 'NONE', *, *, #8592, .T. ) ;
#1700 = DIRECTION ( 'NONE',  ( 0.000000000000000000, 1.000000000000000000, 0.000000000000000000 ) ) ;
#1701 = ORIENTED_EDGE ( 'NONE', *, *, #7110, .T. ) ;
#1702 = VECTOR ( 'NONE', #793, 1000.000000000000000 ) ;
#1703 = CARTESIAN_POINT ( 'NONE',  ( -40.19566517527171357, -20.23931917473912989, -23.48578117747887717 ) ) ;
#1704 = CIRCLE ( 'NONE', #1313, 50.99999999999999289 ) ;
#1705 = EDGE_LOOP ( 'NONE', ( #3449, #1206 ) ) ;
#1706 = DIRECTION ( 'NONE',  ( 0.000000000000000000, 1.000000000000000000, 0.000000000000000000 ) ) ;
#1707 = APPROVAL_PERSON_ORGANIZATION ( #11837, #8142, #1131 ) ;
#1708 = DIRECTION ( 'NONE',  ( -0.000000000000000000, -1.000000000000000000, -0.000000000000000000 ) ) ;
#1709 = EDGE_CURVE ( 'NONE', #1724, #11586, #11946, .T. ) ;
#1710 = ORIENTED_EDGE ( 'NONE', *, *, #4581, .F. ) ;
#1711 = AXIS2_PLACEMENT_3D ( 'NONE', #8867, #11737, #11804 ) ;
#1712 = DIRECTION ( 'NONE',  ( 0.000000000000000000, 1.000000000000000000, 0.000000000000000000 ) ) ;
#1713 = CARTESIAN_POINT ( 'NONE',  ( -1.605440076985782172, 10.00000000000000000, -50.63394466786608206 ) ) ;
#1714 = ORIENTED_EDGE ( 'NONE', *, *, #2559, .T. ) ;
#1715 = ORIENTED_EDGE ( 'NONE', *, *, #10948, .F. ) ;
#1716 = DIRECTION ( 'NONE',  ( 0.000000000000000000, 1.000000000000000000, 0.000000000000000000 ) ) ;
#1718 = ORIENTED_EDGE ( 'NONE', *, *, #3300, .F. ) ;
#1717 = CARTESIAN_POINT ( 'NONE',  ( 46.46947506094539193, -18.55636363116342480, -2.803801697543220506 ) ) ;
#1719 = CARTESIAN_POINT ( 'NONE',  ( -49.73725612068071200, -19.06525438257992278, -8.743875204153418679 ) ) ;
#1720 = ORIENTED_EDGE ( 'NONE', *, *, #10837, .T. ) ;
#1721 = EDGE_LOOP ( 'NONE', ( #8227, #2784, #11635, #12409 ) ) ;
#1722 = FACE_OUTER_BOUND ( 'NONE', #1721, .T. ) ;
#1723 = LINE ( 'NONE', #6530, #10955 ) ;
#1724 = VERTEX_POINT ( 'NONE', #1947 ) ;
#1725 = DIRECTION ( 'NONE',  ( 0.000000000000000000, 0.000000000000000000, 1.000000000000000000 ) ) ;
#1726 = EDGE_CURVE ( 'NONE', #8551, #3524, #11077, .T. ) ;
#1727 = CIRCLE ( 'NONE', #8918, 44.99999999999999289 ) ;
#1728 = ADVANCED_FACE ( 'NONE', ( #9717 ), #1172, .T. ) ;
#1730 = VERTEX_POINT ( 'NONE', #7859 ) ;
#1729 = PLANE ( 'NONE',  #1479 ) ;
#1731 = CARTESIAN_POINT ( 'NONE',  ( -45.38924439456593518, -19.06525438257993699, 6.828624728366314400 ) ) ;
#1732 = ORIENTED_EDGE ( 'NONE', *, *, #12572, .T. ) ;
#1733 = CARTESIAN_POINT ( 'NONE',  ( -40.19566517527153593, -20.23931917473914410, 23.48578117747916849 ) ) ;
#1734 = LINE ( 'NONE', #4540, #6484 ) ;
#1735 = CIRCLE ( 'NONE', #98, 5.000000000000003553 ) ;
#1736 = CIRCLE ( 'NONE', #4381, 4.999999999999999112 ) ;
#1737 = DIRECTION ( 'NONE',  ( 0.5555702330196031768, 0.000000000000000000, 0.8314696123025445695 ) ) ;
#1738 = DIRECTION ( 'NONE',  ( 8.659560562354873694E-17, -0.7071067811865524577, 0.7071067811865426878 ) ) ;
#1739 = CARTESIAN_POINT ( 'NONE',  ( 41.53355807099682551, 10.00000000000000000, -19.53911912941897455 ) ) ;
#1740 = ORIENTED_EDGE ( 'NONE', *, *, #8026, .F. ) ;
#1741 = EDGE_CURVE ( 'NONE', #10040, #8927, #11, .T. ) ;
#1742 = VERTEX_POINT ( 'NONE', #2005 ) ;
#1743 = ADVANCED_FACE ( 'NONE', ( #4832 ), #8769, .T. ) ;
#1744 = VECTOR ( 'NONE', #2059, 1000.000000000000000 ) ;
#1745 = DIRECTION ( 'NONE',  ( 0.000000000000000000, 0.000000000000000000, 1.000000000000000000 ) ) ;
#1746 = CARTESIAN_POINT ( 'NONE',  ( 47.07572326156173403, 10.00000000000000000, -18.27912140669936392 ) ) ;
#1747 = EDGE_CURVE ( 'NONE', #9605, #3839, #12670, .T. ) ;
#1748 = FACE_OUTER_BOUND ( 'NONE', #4443, .T. ) ;
#1749 = EDGE_LOOP ( 'NONE', ( #10493, #6773, #8682, #12701 ) ) ;
#1750 = EDGE_CURVE ( 'NONE', #3967, #7197, #11271, .T. ) ;
#1751 = DIRECTION ( 'NONE',  ( 0.9577788927496232452, 0.000000000000000000, -0.2875058131643703496 ) ) ;
#1752 = ADVANCED_FACE ( 'NONE', ( #4889 ), #10927, .T. ) ;
#1753 = LINE ( 'NONE', #11306, #5645 ) ;
#1754 = PLANE ( 'NONE',  #10907 ) ;
#1755 = AXIS2_PLACEMENT_3D ( 'NONE', #2329, #9087, #1425 ) ;
#1756 = CYLINDRICAL_SURFACE ( 'NONE', #4693, 0.5000000000000004441 ) ;
#1757 = CONICAL_SURFACE ( 'NONE', #1137, 8.999999999999994671, 0.7853981633974412846 ) ;
#1758 = PLANE ( 'NONE',  #3186 ) ;
#1759 = CARTESIAN_POINT ( 'NONE',  ( -11.70188957472643310, -19.06525438257990857, 43.45187890507047257 ) ) ;
#1760 = CIRCLE ( 'NONE', #3605, 0.4999999999999970024 ) ;
#1761 = ADVANCED_FACE ( 'NONE', ( #3862 ), #8824, .T. ) ;
#1762 = DIRECTION ( 'NONE',  ( 0.000000000000000000, 1.000000000000000000, 0.000000000000000000 ) ) ;
#1763 = ORIENTED_EDGE ( 'NONE', *, *, #1585, .F. ) ;
#1764 = EDGE_LOOP ( 'NONE', ( #8642, #6337, #2026, #7680 ) ) ;
#1765 = DIRECTION ( 'NONE',  ( 0.000000000000000000, 1.000000000000000000, 0.000000000000000000 ) ) ;
#1766 = ORIENTED_EDGE ( 'NONE', *, *, #4467, .F. ) ;
#1767 = DIRECTION ( 'NONE',  ( 0.000000000000000000, 0.000000000000000000, 1.000000000000000000 ) ) ;
#1768 = ORIENTED_EDGE ( 'NONE', *, *, #8006, .T. ) ;
#1769 = CARTESIAN_POINT ( 'NONE',  ( -44.54739544167638599, -10.00000000000000000, 11.06088521563267513 ) ) ;
#1770 = VERTEX_POINT ( 'NONE', #6747 ) ;
#1771 = VECTOR ( 'NONE', #11354, 1000.000000000000000 ) ;
#1772 = CYLINDRICAL_SURFACE ( 'NONE', #4600, 4.999999999999997335 ) ;
#1773 = CARTESIAN_POINT ( 'NONE',  ( 0.000000000000000000, -10.00000000000000000, 0.000000000000000000 ) ) ;
#1774 = EDGE_CURVE ( 'NONE', #7173, #5901, #208, .T. ) ;
#1775 = VERTEX_POINT ( 'NONE', #5921 ) ;
#1776 = DIRECTION ( 'NONE',  ( 0.000000000000000000, 0.000000000000000000, 1.000000000000000000 ) ) ;
#1777 = DIRECTION ( 'NONE',  ( 0.000000000000000000, 1.000000000000000000, 0.000000000000000000 ) ) ;
#1778 = EDGE_LOOP ( 'NONE', ( #2006, #8223, #10779, #4641 ) ) ;
#1779 = ORIENTED_EDGE ( 'NONE', *, *, #2671, .T. ) ;
#1780 = DIRECTION ( 'NONE',  ( 0.6366343730118829702, -0.000000000000000000, 0.7711657896326616912 ) ) ;
#1782 = ORIENTED_EDGE ( 'NONE', *, *, #7250, .F. ) ;
#1781 = CYLINDRICAL_SURFACE ( 'NONE', #4147, 5.000000000000000888 ) ;
#1783 = LINE ( 'NONE', #9492, #4927 ) ;
#1784 = ORIENTED_EDGE ( 'NONE', *, *, #6453, .T. ) ;
#1785 = ORIENTED_EDGE ( 'NONE', *, *, #6416, .T. ) ;
#1786 = DIRECTION ( 'NONE',  ( 0.000000000000000000, 1.000000000000000000, 0.000000000000000000 ) ) ;
#1787 = EDGE_CURVE ( 'NONE', #3341, #12549, #1041, .T. ) ;
#1788 = DIRECTION ( 'NONE',  ( -0.9490135592383462937, 0.000000000000000000, -0.3152352524413564727 ) ) ;
#1789 = DIRECTION ( 'NONE',  ( -0.000000000000000000, -1.000000000000000000, -0.000000000000000000 ) ) ;
#1791 = ORIENTED_EDGE ( 'NONE', *, *, #7981, .F. ) ;
#1790 = DIRECTION ( 'NONE',  ( 0.000000000000000000, 0.000000000000000000, 1.000000000000000000 ) ) ;
#1792 = DIRECTION ( 'NONE',  ( -0.4688348621887536982, 0.000000000000000000, -0.8832858382179871182 ) ) ;
#1793 = ORIENTED_EDGE ( 'NONE', *, *, #3640, .F. ) ;
#1794 = DIRECTION ( 'NONE',  ( -0.000000000000000000, -1.000000000000000000, -0.000000000000000000 ) ) ;
#1795 = EDGE_CURVE ( 'NONE', #7246, #1611, #7184, .T. ) ;
#1796 = CARTESIAN_POINT ( 'NONE',  ( -49.34782179739797670, -19.06525438257992278, -11.45278456627774943 ) ) ;
#1797 = CARTESIAN_POINT ( 'NONE',  ( -1.605440076985782172, 10.00000000000000000, 50.63394466786608206 ) ) ;
#1798 = FACE_OUTER_BOUND ( 'NONE', #9560, .T. ) ;
#1799 = CARTESIAN_POINT ( 'NONE',  ( 4.178113848150120843E-15, 5.000000000000000000, 18.00000000000000000 ) ) ;
#1800 = ORIENTED_EDGE ( 'NONE', *, *, #8981, .T. ) ;
#1801 = ORIENTED_EDGE ( 'NONE', *, *, #11945, .F. ) ;
#1802 = DIRECTION ( 'NONE',  ( 0.000000000000000000, 1.000000000000000000, 0.000000000000000000 ) ) ;
#1803 = DIRECTION ( 'NONE',  ( 0.8939589078457547133, 0.000000000000000000, -0.4481489385050749230 ) ) ;
#1804 = CARTESIAN_POINT ( 'NONE',  ( 15.55241692398304920, -19.69863090235023151, -43.18490419363109822 ) ) ;
#1805 = ORIENTED_EDGE ( 'NONE', *, *, #4168, .T. ) ;
#1806 = DIRECTION ( 'NONE',  ( -0.6321468503848236553, 0.000000000000000000, 0.7748486042760530657 ) ) ;
#1807 = DIRECTION ( 'NONE',  ( -0.000000000000000000, -1.000000000000000000, -0.000000000000000000 ) ) ;
#1808 = CARTESIAN_POINT ( 'NONE',  ( 0.000000000000000000, -5.000000000000000000, 0.000000000000000000 ) ) ;
#1809 = ORIENTED_EDGE ( 'NONE', *, *, #12215, .F. ) ;
#1810 = EDGE_CURVE ( 'NONE', #10228, #10305, #146, .T. ) ;
#1811 = DIRECTION ( 'NONE',  ( 0.000000000000000000, 1.000000000000000000, 0.000000000000000000 ) ) ;
#1812 = EDGE_CURVE ( 'NONE', #10234, #9178, #10990, .T. ) ;
#1813 = EDGE_CURVE ( 'NONE', #9570, #9346, #10056, .T. ) ;
#1814 = ORIENTED_EDGE ( 'NONE', *, *, #11592, .T. ) ;
#1815 = LINE ( 'NONE', #11572, #9753 ) ;
#1816 = EDGE_CURVE ( 'NONE', #5069, #1102, #12203, .T. ) ;
#1817 = EDGE_CURVE ( 'NONE', #11594, #10605, #5200, .T. ) ;
#1818 = CYLINDRICAL_SURFACE ( 'NONE', #11273, 5.000000000000000888 ) ;
#1819 = DIRECTION ( 'NONE',  ( 0.000000000000000000, 1.000000000000000000, 0.000000000000000000 ) ) ;
#1820 = VERTEX_POINT ( 'NONE', #11043 ) ;
#1821 = VERTEX_POINT ( 'NONE', #8364 ) ;
#1822 = CARTESIAN_POINT ( 'NONE',  ( 0.000000000000000000, -10.00000000000000000, 0.000000000000000000 ) ) ;
#1823 = VERTEX_POINT ( 'NONE', #2377 ) ;
#1824 = CARTESIAN_POINT ( 'NONE',  ( -36.93882319809790005, -10.00000000000000000, -34.66838806764717162 ) ) ;
#1825 = ORIENTED_EDGE ( 'NONE', *, *, #7676, .T. ) ;
#1826 = DIRECTION ( 'NONE',  ( 0.000000000000000000, 1.000000000000000000, 0.000000000000000000 ) ) ;
#1827 = VERTEX_POINT ( 'NONE', #5312 ) ;
#1828 = EDGE_CURVE ( 'NONE', #7619, #3998, #5315, .T. ) ;
#1829 = DIRECTION ( 'NONE',  ( -0.8939589078457516047, 0.000000000000000000, 0.4481489385050811403 ) ) ;
#1830 = CARTESIAN_POINT ( 'NONE',  ( -10.95533655273288609, 10.00000000000000000, 49.29736910846616382 ) ) ;
#1831 = ORIENTED_EDGE ( 'NONE', *, *, #6625, .T. ) ;
#1832 = CARTESIAN_POINT ( 'NONE',  ( 0.000000000000000000, -5.000000000000000000, 0.000000000000000000 ) ) ;
#1833 = CARTESIAN_POINT ( 'NONE',  ( 41.20865162466878218, -10.00000000000000000, -29.46558707621483464 ) ) ;
#1834 = ORIENTED_EDGE ( 'NONE', *, *, #4312, .F. ) ;
#1835 = ORIENTED_EDGE ( 'NONE', *, *, #9832, .T. ) ;
#1836 = DIRECTION ( 'NONE',  ( -1.154631945610162644E-14, 0.000000000000000000, 1.000000000000000000 ) ) ;
#1838 = ORIENTED_EDGE ( 'NONE', *, *, #1551, .T. ) ;
#1837 = CARTESIAN_POINT ( 'NONE',  ( -50.48741412005625762, 10.00000000000000000, -1.127393218865451852 ) ) ;
#1839 = ORIENTED_EDGE ( 'NONE', *, *, #5979, .F. ) ;
#1840 = CARTESIAN_POINT ( 'NONE',  ( -42.60509675787098161, -10.00000000000000000, 27.11191122463429792 ) ) ;
#1841 = CIRCLE ( 'NONE', #2445, 5.000000000000004441 ) ;
#1842 = CIRCLE ( 'NONE', #5940, 5.000000000000001776 ) ;
#1843 = EDGE_CURVE ( 'NONE', #5156, #3663, #12295, .T. ) ;
#1844 = CARTESIAN_POINT ( 'NONE',  ( -41.76183427908534895, -20.23931917473914410, 29.27369463607575995 ) ) ;
#1845 = DIRECTION ( 'NONE',  ( 0.1950903220161286922, 0.000000000000000000, 0.9807852804032304306 ) ) ;
#1846 = VECTOR ( 'NONE', #390, 1000.000000000000000 ) ;
#1848 = ORIENTED_EDGE ( 'NONE', *, *, #9181, .T. ) ;
#1847 = DIRECTION ( 'NONE',  ( 0.000000000000000000, 0.000000000000000000, 1.000000000000000000 ) ) ;
#1849 = AXIS2_PLACEMENT_3D ( 'NONE', #11248, #4383, #1505 ) ;
#1850 = CARTESIAN_POINT ( 'NONE',  ( 11.06380523147246819, -10.00000000000000000, -49.78546187191639660 ) ) ;
#1851 = VECTOR ( 'NONE', #11801, 1000.000000000000000 ) ;
#1852 = ORIENTED_EDGE ( 'NONE', *, *, #2363, .F. ) ;
#1853 = CYLINDRICAL_SURFACE ( 'NONE', #6055, 44.99999999999999289 ) ;
#1854 = EDGE_CURVE ( 'NONE', #5829, #7935, #7270, .T. ) ;
#1855 = DIRECTION ( 'NONE',  ( -0.000000000000000000, -1.000000000000000000, -0.000000000000000000 ) ) ;
#1856 = DIRECTION ( 'NONE',  ( 0.000000000000000000, 1.000000000000000000, 0.000000000000000000 ) ) ;
#1857 = CARTESIAN_POINT ( 'NONE',  ( 0.000000000000000000, 10.00000000000000000, 0.000000000000000000 ) ) ;
#1858 = CARTESIAN_POINT ( 'NONE',  ( -41.35240453125117455, 10.00000000000000000, 29.48669762983973186 ) ) ;
#1859 = VECTOR ( 'NONE', #5965, 1000.000000000000000 ) ;
#1860 = ORIENTED_EDGE ( 'NONE', *, *, #2601, .T. ) ;
#1861 = CIRCLE ( 'NONE', #6370, 4.999999999999998224 ) ;
#1862 = AXIS2_PLACEMENT_3D ( 'NONE', #6814, #4680, #4 ) ;
#1863 = ORIENTED_EDGE ( 'NONE', *, *, #10764, .T. ) ;
#1864 = ADVANCED_FACE ( 'NONE', ( #2191 ), #1293, .T. ) ;
#1865 = DIRECTION ( 'NONE',  ( 0.000000000000000000, 1.000000000000000000, 0.000000000000000000 ) ) ;
#1867 = ORIENTED_EDGE ( 'NONE', *, *, #12414, .F. ) ;
#1866 = DIRECTION ( 'NONE',  ( 0.000000000000000000, 1.000000000000000000, 0.000000000000000000 ) ) ;
#1868 = PLANE ( 'NONE',  #11935 ) ;
#1869 = EDGE_LOOP ( 'NONE', ( #9547, #1838, #12695, #11615 ) ) ;
#1870 = CARTESIAN_POINT ( 'NONE',  ( -34.84146812720853603, -20.42202547882114061, -30.87629374033878094 ) ) ;
#1871 = CIRCLE ( 'NONE', #2071, 5.000000000000000888 ) ;
#1872 = AXIS2_PLACEMENT_3D ( 'NONE', #10431, #3567, #5424 ) ;
#1873 = AXIS2_PLACEMENT_3D ( 'NONE', #2486, #9435, #2553 ) ;
#1874 = DIRECTION ( 'NONE',  ( -0.7561388950492495820, 0.000000000000000000, 0.6544111638669529718 ) ) ;
#1875 = CARTESIAN_POINT ( 'NONE',  ( 11.06380523147246819, -19.06525438257988725, -49.78546187191639660 ) ) ;
#1876 = ORIENTED_EDGE ( 'NONE', *, *, #7371, .T. ) ;
#1877 = DIRECTION ( 'NONE',  ( -0.09512807697518990691, -0.000000000000000000, 0.9954650415614816339 ) ) ;
#1878 = DIRECTION ( 'NONE',  ( 0.000000000000000000, 1.000000000000000000, 0.000000000000000000 ) ) ;
#1879 = VECTOR ( 'NONE', #9290, 1000.000000000000000 ) ;
#1880 = ADVANCED_FACE ( 'NONE', ( #2313 ), #274, .T. ) ;
#1881 = AXIS2_PLACEMENT_3D ( 'NONE', #4909, #6009, #10881 ) ;
#1882 = VECTOR ( 'NONE', #7059, 1000.000000000000114 ) ;
#1883 = CARTESIAN_POINT ( 'NONE',  ( 18.27912140669821639, -10.00000000000000000, -47.07572326156218168 ) ) ;
#1884 = ADVANCED_FACE ( 'NONE', ( #10277 ), #9328, .T. ) ;
#1885 = DIRECTION ( 'NONE',  ( -0.9922778767136677391, 0.000000000000000000, -0.1240347345892082037 ) ) ;
#1886 = ORIENTED_EDGE ( 'NONE', *, *, #11913, .F. ) ;
#1887 = VERTEX_POINT ( 'NONE', #6112 ) ;
#1888 = DIRECTION ( 'NONE',  ( -1.421085471520200372E-14, 0.000000000000000000, 1.000000000000000000 ) ) ;
#1889 = CARTESIAN_POINT ( 'NONE',  ( -41.53355807099695340, 10.00000000000000000, 19.53911912941871165 ) ) ;
#1890 = DIRECTION ( 'NONE',  ( -0.000000000000000000, -1.000000000000000000, -0.000000000000000000 ) ) ;
#1891 = AXIS2_PLACEMENT_3D ( 'NONE', #845, #2826, #4759 ) ;
#1892 = EDGE_CURVE ( 'NONE', #1770, #6946, #8307, .T. ) ;
#1893 = CARTESIAN_POINT ( 'NONE',  ( -50.22970420108342182, 10.00000000000000000, 8.830448225977070464 ) ) ;
#1894 = AXIS2_PLACEMENT_3D ( 'NONE', #7794, #9593, #11438 ) ;
#1895 = CIRCLE ( 'NONE', #9080, 4.999999999999997335 ) ;
#1896 = EDGE_LOOP ( 'NONE', ( #3338, #5526, #6226, #9937 ) ) ;
#1897 = VERTEX_POINT ( 'NONE', #523 ) ;
#1898 = LINE ( 'NONE', #4063, #1952 ) ;
#1899 = COORDINATED_UNIVERSAL_TIME_OFFSET ( 7, 0, .AHEAD. ) ;
#1900 = ORIENTED_EDGE ( 'NONE', *, *, #11316, .F. ) ;
#1901 = CARTESIAN_POINT ( 'NONE',  ( 0.000000000000000000, -10.00000000000000000, 0.000000000000000000 ) ) ;
#1902 = AXIS2_PLACEMENT_3D ( 'NONE', #9001, #12663, #11934 ) ;
#1903 = CARTESIAN_POINT ( 'NONE',  ( 0.000000000000000000, -20.23931917473911923, 0.000000000000000000 ) ) ;
#1904 = ORIENTED_EDGE ( 'NONE', *, *, #8921, .F. ) ;
#1905 = ORIENTED_EDGE ( 'NONE', *, *, #10774, .T. ) ;
#1906 = DIRECTION ( 'NONE',  ( 0.000000000000000000, 1.000000000000000000, 0.000000000000000000 ) ) ;
#1908 = ORIENTED_EDGE ( 'NONE', *, *, #12015, .T. ) ;
#1907 = FACE_OUTER_BOUND ( 'NONE', #5935, .T. ) ;
#1909 = ADVANCED_FACE ( 'NONE', ( #10161 ), #1361, .T. ) ;
#1910 = AXIS2_PLACEMENT_3D ( 'NONE', #169, #9104, #5098 ) ;
#1911 = ORIENTED_EDGE ( 'NONE', *, *, #1787, .F. ) ;
#1912 = EDGE_CURVE ( 'NONE', #5410, #1028, #2451, .T. ) ;
#1913 = CARTESIAN_POINT ( 'NONE',  ( 28.46743292285599480, 10.00000000000000000, -37.88346327708642036 ) ) ;
#1914 = EDGE_CURVE ( 'NONE', #10442, #1988, #4177, .T. ) ;
#1915 = AXIS2_PLACEMENT_3D ( 'NONE', #5354, #9109, #9172 ) ;
#1916 = CARTESIAN_POINT ( 'NONE',  ( 23.48578117747931060, -10.00000000000000355, 40.19566517527146488 ) ) ;
#1917 = AXIS2_PLACEMENT_3D ( 'NONE', #5698, #3710, #12379 ) ;
#1918 = CARTESIAN_POINT ( 'NONE',  ( -47.54181953147842421, -19.69863090235025993, -18.46010280676506099 ) ) ;
#1919 = VECTOR ( 'NONE', #12077, 1000.000000000000000 ) ;
#1920 = AXIS2_PLACEMENT_3D ( 'NONE', #2282, #370, #4272 ) ;
#1922 = EDGE_LOOP ( 'NONE', ( #7618, #5746 ) ) ;
#1921 = FACE_OUTER_BOUND ( 'NONE', #2924, .T. ) ;
#1923 = ADVANCED_FACE ( 'NONE', ( #3218 ), #2241, .T. ) ;
#1924 = CYLINDRICAL_SURFACE ( 'NONE', #7387, 0.4999999999999970024 ) ;
#1925 = CC_DESIGN_DATE_AND_TIME_ASSIGNMENT ( #11969, #8194, ( #10532 ) ) ;
#1926 = ORIENTED_EDGE ( 'NONE', *, *, #182, .F. ) ;
#1927 = DIRECTION ( 'NONE',  ( 0.9490135592383396324, 0.000000000000000000, -0.3152352524413764012 ) ) ;
#1928 = DIRECTION ( 'NONE',  ( 0.9577788927496252436, -0.000000000000000000, 0.2875058131643634662 ) ) ;
#1929 = DIRECTION ( 'NONE',  ( 0.000000000000000000, 1.000000000000000000, 0.000000000000000000 ) ) ;
#1930 = FACE_BOUND ( 'NONE', #9354, .T. ) ;
#1931 = CARTESIAN_POINT ( 'NONE',  ( -38.99960370005744892, -20.23931917473912989, -22.45063275808644576 ) ) ;
#1932 = DIRECTION ( 'NONE',  ( 0.1240347345892081760, 0.000000000000000000, -0.9922778767136676281 ) ) ;
#1933 = CIRCLE ( 'NONE', #12383, 44.99999999999999289 ) ;
#1934 = EDGE_CURVE ( 'NONE', #7001, #3341, #11482, .T. ) ;
#1935 = ORIENTED_EDGE ( 'NONE', *, *, #1726, .F. ) ;
#1936 = DIRECTION ( 'NONE',  ( 0.8832858382179953338, 0.000000000000000000, 0.4688348621887383771 ) ) ;
#1938 = ORIENTED_EDGE ( 'NONE', *, *, #3237, .F. ) ;
#1937 = DIRECTION ( 'NONE',  ( -0.9238795325112824086, 0.000000000000000000, 0.3826834323651004399 ) ) ;
#1939 = FACE_OUTER_BOUND ( 'NONE', #7964, .T. ) ;
#1940 = VERTEX_POINT ( 'NONE', #6676 ) ;
#1941 = AXIS2_PLACEMENT_3D ( 'NONE', #9699, #2683, #6612 ) ;
#1942 = CIRCLE ( 'NONE', #9533, 5.000000000000004441 ) ;
#1943 = VECTOR ( 'NONE', #7898, 1000.000000000000227 ) ;
#1944 = CARTESIAN_POINT ( 'NONE',  ( 45.02958255179741798, -10.00000000000000000, 11.81567228767932320 ) ) ;
#1945 = FACE_OUTER_BOUND ( 'NONE', #5075, .T. ) ;
#1946 = DIRECTION ( 'NONE',  ( -0.6321468503848263198, 0.000000000000000000, 0.7748486042760509562 ) ) ;
#1947 = CARTESIAN_POINT ( 'NONE',  ( -20.52974213179077978, 10.00000000000000000, 42.70926380875506112 ) ) ;
#1948 = EDGE_CURVE ( 'NONE', #12456, #12559, #7383, .T. ) ;
#1949 = VERTEX_POINT ( 'NONE', #5447 ) ;
#1950 = DIRECTION ( 'NONE',  ( -0.6321468503848289844, -0.000000000000000000, 0.7748486042760487358 ) ) ;
#1951 = AXIS2_PLACEMENT_3D ( 'NONE', #4421, #5255, #2372 ) ;
#1952 = VECTOR ( 'NONE', #10755, 1000.000000000000227 ) ;
#1953 = CARTESIAN_POINT ( 'NONE',  ( -19.53911912941856599, -10.00000000000000000, -41.53355807099702446 ) ) ;
#1954 = CARTESIAN_POINT ( 'NONE',  ( -20.37347321810671019, -10.00000000000000000, -41.85922843806442017 ) ) ;
#1955 = ORIENTED_EDGE ( 'NONE', *, *, #6359, .T. ) ;
#1956 = ORIENTED_EDGE ( 'NONE', *, *, #2131, .T. ) ;
#1957 = DIRECTION ( 'NONE',  ( 0.000000000000000000, -1.000000000000000000, 0.000000000000000000 ) ) ;
#1958 = PLANE ( 'NONE',  #3596 ) ;
#1959 = AXIS2_PLACEMENT_3D ( 'NONE', #8192, #477, #4379 ) ;
#1960 = DIRECTION ( 'NONE',  ( 0.000000000000000000, 1.000000000000000000, 0.000000000000000000 ) ) ;
#1961 = ORIENTED_EDGE ( 'NONE', *, *, #5183, .T. ) ;
#1962 = DIRECTION ( 'NONE',  ( -0.000000000000000000, -1.000000000000000000, -0.000000000000000000 ) ) ;
#1963 = EDGE_CURVE ( 'NONE', #1730, #4235, #2050, .T. ) ;
#1964 = CARTESIAN_POINT ( 'NONE',  ( -29.27369463607561073, 10.00000000000000000, -41.76183427908546975 ) ) ;
#1965 = AXIS2_PLACEMENT_3D ( 'NONE', #10177, #3171, #7216 ) ;
#1966 = ORIENTED_EDGE ( 'NONE', *, *, #9536, .T. ) ;
#1967 = DIRECTION ( 'NONE',  ( -0.7561388950492518024, -0.000000000000000000, 0.6544111638669503073 ) ) ;
#1968 = DIRECTION ( 'NONE',  ( -0.000000000000000000, -1.000000000000000000, -0.000000000000000000 ) ) ;
#1969 = ORIENTED_EDGE ( 'NONE', *, *, #9089, .T. ) ;
#1970 = VERTEX_POINT ( 'NONE', #7575 ) ;
#1971 = DIRECTION ( 'NONE',  ( 0.07193236855372960037, 0.000000000000000000, -0.9974095118627306356 ) ) ;
#1973 = VERTEX_POINT ( 'NONE', #4476 ) ;
#1972 = CARTESIAN_POINT ( 'NONE',  ( -10.95533655273324669, 10.00000000000000000, -49.29736910846609987 ) ) ;
#1974 = ORIENTED_EDGE ( 'NONE', *, *, #4989, .T. ) ;
#1975 = DIRECTION ( 'NONE',  ( 0.000000000000000000, 1.000000000000000000, 0.000000000000000000 ) ) ;
#1976 = CIRCLE ( 'NONE', #1560, 44.99999999999999289 ) ;
#1977 = ADVANCED_FACE ( 'NONE', ( #11289 ), #12388, .T. ) ;
#1978 = EDGE_CURVE ( 'NONE', #10538, #7678, #7520, .T. ) ;
#1979 = FACE_OUTER_BOUND ( 'NONE', #4148, .T. ) ;
#1980 = CARTESIAN_POINT ( 'NONE',  ( 41.35240453125157956, -10.00000000000000000, 28.98669762983915632 ) ) ;
#1981 = ADVANCED_FACE ( 'NONE', ( #3526 ), #12257, .T. ) ;
#1982 = ADVANCED_FACE ( 'NONE', ( #1798 ), #5705, .F. ) ;
#1983 = AXIS2_PLACEMENT_3D ( 'NONE', #2045, #5904, #5964 ) ;
#1984 = EDGE_CURVE ( 'NONE', #4553, #10072, #11421, .T. ) ;
#1986 = ORIENTED_EDGE ( 'NONE', *, *, #6746, .T. ) ;
#1985 = CARTESIAN_POINT ( 'NONE',  ( 0.000000000000000000, -5.000000000000000000, 0.000000000000000000 ) ) ;
#1987 = CARTESIAN_POINT ( 'NONE',  ( 3.198396408832238080E-15, -10.00000000000000178, 26.00000000000000000 ) ) ;
#1988 = VERTEX_POINT ( 'NONE', #6541 ) ;
#1989 = DIRECTION ( 'NONE',  ( 0.000000000000000000, 0.000000000000000000, 1.000000000000000000 ) ) ;
#1990 = CARTESIAN_POINT ( 'NONE',  ( -27.11191122463414516, -10.00000000000000000, -42.60509675787108819 ) ) ;
#1991 = LINE ( 'NONE', #8933, #11404 ) ;
#1992 = DIRECTION ( 'NONE',  ( 0.000000000000000000, 0.000000000000000000, 1.000000000000000000 ) ) ;
#1993 = CARTESIAN_POINT ( 'NONE',  ( -20.37347321810671019, 10.00000000000000000, -41.85922843806442017 ) ) ;
#1994 = ADVANCED_FACE ( 'NONE', ( #9389 ), #10455, .T. ) ;
#1995 = ORIENTED_EDGE ( 'NONE', *, *, #7041, .T. ) ;
#1996 = CARTESIAN_POINT ( 'NONE',  ( -43.02692939903802483, -10.00000000000000000, 27.38034598923463747 ) ) ;
#1998 = VERTEX_POINT ( 'NONE', #5577 ) ;
#1997 = CARTESIAN_POINT ( 'NONE',  ( 4.776122516674677089E-15, 5.000000000000000000, -38.99999999999999289 ) ) ;
#1999 = FACE_OUTER_BOUND ( 'NONE', #1869, .T. ) ;
#2000 = ORIENTED_EDGE ( 'NONE', *, *, #11116, .F. ) ;
#2001 = DIRECTION ( 'NONE',  ( 0.2930610956196525452, 0.000000000000000000, -0.9560937162403113643 ) ) ;
#2002 = FACE_OUTER_BOUND ( 'NONE', #11428, .T. ) ;
#2003 = CARTESIAN_POINT ( 'NONE',  ( 27.11191122463355185, 10.00000000000000000, -42.60509675787145056 ) ) ;
#2004 = EDGE_CURVE ( 'NONE', #9347, #11975, #7651, .T. ) ;
#2005 = CARTESIAN_POINT ( 'NONE',  ( -34.84146812720853603, -10.00000000000000000, -30.87629374033878094 ) ) ;
#2006 = ORIENTED_EDGE ( 'NONE', *, *, #3051, .F. ) ;
#2007 = EDGE_CURVE ( 'NONE', #6523, #9631, #5756, .T. ) ;
#2008 = DIRECTION ( 'NONE',  ( -0.000000000000000000, -1.000000000000000000, -0.000000000000000000 ) ) ;
#2009 = CARTESIAN_POINT ( 'NONE',  ( 8.743875204153926717, -10.00000000000000000, 49.73725612068061963 ) ) ;
#2010 = DIRECTION ( 'NONE',  ( 0.000000000000000000, 1.000000000000000000, 0.000000000000000000 ) ) ;
#2011 = EDGE_LOOP ( 'NONE', ( #1572, #7367, #2482, #12274 ) ) ;
#2012 = VERTEX_POINT ( 'NONE', #2682 ) ;
#2013 = DIRECTION ( 'NONE',  ( -0.9807852804032310967, 0.000000000000000000, -0.1950903220161249729 ) ) ;
#2014 = FACE_OUTER_BOUND ( 'NONE', #278, .T. ) ;
#2015 = CARTESIAN_POINT ( 'NONE',  ( 0.000000000000000000, 10.00000000000000000, 0.000000000000000000 ) ) ;
#2016 = LINE ( 'NONE', #6001, #451 ) ;
#2017 = EDGE_CURVE ( 'NONE', #11558, #8720, #9512, .T. ) ;
#2018 = DIRECTION ( 'NONE',  ( -0.7071067811865388020, 0.000000000000000000, 0.7071067811865561215 ) ) ;
#2019 = VERTEX_POINT ( 'NONE', #10530 ) ;
#2020 = CARTESIAN_POINT ( 'NONE',  ( -44.62242083716714092, -10.00000000000000000, 5.817177892307517695 ) ) ;
#2021 = PERSON_AND_ORGANIZATION ( #8145, #4988 ) ;
#2022 = ORIENTED_EDGE ( 'NONE', *, *, #93, .F. ) ;
#2023 = ORIENTED_EDGE ( 'NONE', *, *, #9525, .T. ) ;
#2024 = CYLINDRICAL_SURFACE ( 'NONE', #6807, 5.000000000000004441 ) ;
#2025 = CARTESIAN_POINT ( 'NONE',  ( -26.79583779944172761, 10.00000000000000000, -42.99252106000911766 ) ) ;
#2026 = ORIENTED_EDGE ( 'NONE', *, *, #10840, .F. ) ;
#2027 = EDGE_CURVE ( 'NONE', #10596, #7584, #9649, .T. ) ;
#2028 = ORIENTED_EDGE ( 'NONE', *, *, #9381, .F. ) ;
#2029 = DIRECTION ( 'NONE',  ( -8.326672684688672475E-15, 0.000000000000000000, 1.000000000000000000 ) ) ;
#2031 = EDGE_LOOP ( 'NONE', ( #3439, #8475, #7321, #11856 ) ) ;
#2030 = PLANE ( 'NONE',  #1910 ) ;
#2032 = ORIENTED_EDGE ( 'NONE', *, *, #1984, .T. ) ;
#2033 = CARTESIAN_POINT ( 'NONE',  ( 11.70188957472613289, -10.00000000000000000, -43.45187890507055073 ) ) ;
#2034 = LINE ( 'NONE', #10894, #8100 ) ;
#2035 = CARTESIAN_POINT ( 'NONE',  ( 46.91716864078402693, -19.06525438257995830, -6.658138915334623320 ) ) ;
#2037 = ORIENTED_EDGE ( 'NONE', *, *, #11435, .F. ) ;
#2036 = CARTESIAN_POINT ( 'NONE',  ( -29.27369463607560718, -10.00000000000000000, -41.76183427908546264 ) ) ;
#2038 = EDGE_CURVE ( 'NONE', #7143, #3623, #640, .T. ) ;
#2039 = FACE_OUTER_BOUND ( 'NONE', #6114, .T. ) ;
#2040 = VERTEX_POINT ( 'NONE', #766 ) ;
#2041 = FACE_OUTER_BOUND ( 'NONE', #3430, .T. ) ;
#2042 = AXIS2_PLACEMENT_3D ( 'NONE', #8634, #8437, #5593 ) ;
#2043 = CARTESIAN_POINT ( 'NONE',  ( -47.39404044806791205, -19.69863090235025993, -17.89353851188239730 ) ) ;
#2044 = AXIS2_PLACEMENT_3D ( 'NONE', #7330, #5382, #9135 ) ;
#2045 = CARTESIAN_POINT ( 'NONE',  ( -47.07572326156186193, -10.00000000000000000, 18.27912140669906549 ) ) ;
#2046 = EDGE_CURVE ( 'NONE', #629, #7001, #706, .T. ) ;
#2047 = CARTESIAN_POINT ( 'NONE',  ( -46.16528980983300556, 10.00000000000000000, 20.86000496748373934 ) ) ;
#2048 = LINE ( 'NONE', #3136, #702 ) ;
#2049 = ORIENTED_EDGE ( 'NONE', *, *, #192, .F. ) ;
#2050 = CIRCLE ( 'NONE', #9237, 0.4999999999999982236 ) ;
#2051 = AXIS2_PLACEMENT_3D ( 'NONE', #3365, #7347, #2450 ) ;
#2052 = ORIENTED_EDGE ( 'NONE', *, *, #7393, .T. ) ;
#2053 = VECTOR ( 'NONE', #6726, 1000.000000000000000 ) ;
#2054 = CYLINDRICAL_SURFACE ( 'NONE', #1670, 50.99999999999999289 ) ;
#2056 = ORIENTED_EDGE ( 'NONE', *, *, #1114, .T. ) ;
#2055 = DIRECTION ( 'NONE',  ( 0.000000000000000000, -1.000000000000000000, 0.000000000000000000 ) ) ;
#2057 = DIRECTION ( 'NONE',  ( 0.000000000000000000, 0.000000000000000000, 1.000000000000000000 ) ) ;
#2058 = ORIENTED_EDGE ( 'NONE', *, *, #6034, .F. ) ;
#2059 = DIRECTION ( 'NONE',  ( 0.000000000000000000, 1.000000000000000000, 0.000000000000000000 ) ) ;
#2060 = ADVANCED_FACE ( 'NONE', ( #4614 ), #12515, .T. ) ;
#2061 = CARTESIAN_POINT ( 'NONE',  ( 36.93882319809740977, -10.00000000000000000, -34.66838806764769032 ) ) ;
#2062 = LINE ( 'NONE', #7014, #3125 ) ;
#2063 = AXIS2_PLACEMENT_3D ( 'NONE', #9722, #205, #4112 ) ;
#2064 = DIRECTION ( 'NONE',  ( 0.7893522173763228844, 0.000000000000000000, -0.6139406135149247934 ) ) ;
#2065 = CIRCLE ( 'NONE', #8858, 44.99999999999999289 ) ;
#2066 = VERTEX_POINT ( 'NONE', #3008 ) ;
#2067 = ORIENTED_EDGE ( 'NONE', *, *, #5766, .F. ) ;
#2068 = DIRECTION ( 'NONE',  ( 0.000000000000000000, -0.7071067811865482389, -0.7071067811865469066 ) ) ;
#2069 = DIRECTION ( 'NONE',  ( 0.9490135592383396324, -0.000000000000000000, -0.3152352524413764567 ) ) ;
#2070 = VECTOR ( 'NONE', #4515, 1000.000000000000227 ) ;
#2071 = AXIS2_PLACEMENT_3D ( 'NONE', #11726, #6659, #7761 ) ;
#2072 = DIRECTION ( 'NONE',  ( 0.000000000000000000, 1.000000000000000000, 0.000000000000000000 ) ) ;
#2073 = VECTOR ( 'NONE', #10726, 999.9999999999998863 ) ;
#2074 = ORIENTED_EDGE ( 'NONE', *, *, #3686, .T. ) ;
#2075 = ORIENTED_EDGE ( 'NONE', *, *, #7630, .F. ) ;
#2076 = CYLINDRICAL_SURFACE ( 'NONE', #3910, 5.000000000000000888 ) ;
#2077 = LINE ( 'NONE', #156, #1503 ) ;
#2078 = EDGE_CURVE ( 'NONE', #11514, #9474, #3975, .T. ) ;
#2079 = DIRECTION ( 'NONE',  ( 0.000000000000000000, 0.000000000000000000, 1.000000000000000000 ) ) ;
#2080 = DIRECTION ( 'NONE',  ( 0.000000000000000000, 1.000000000000000000, 0.000000000000000000 ) ) ;
#2081 = DIRECTION ( 'NONE',  ( 0.000000000000000000, 0.000000000000000000, 1.000000000000000000 ) ) ;
#2082 = EDGE_CURVE ( 'NONE', #2380, #834, #10875, .T. ) ;
#2083 = ORIENTED_EDGE ( 'NONE', *, *, #7320, .F. ) ;
#2084 = VECTOR ( 'NONE', #7801, 1000.000000000000000 ) ;
#2085 = CARTESIAN_POINT ( 'NONE',  ( 22.51666049839540307, -5.000000000000000000, -5.000000000000002665 ) ) ;
#2086 = AXIS2_PLACEMENT_3D ( 'NONE', #6883, #9706, #1100 ) ;
#2087 = VECTOR ( 'NONE', #6738, 1000.000000000000000 ) ;
#2088 = DIRECTION ( 'NONE',  ( 1.000000000000000000, 0.000000000000000000, 0.000000000000000000 ) ) ;
#2089 = EDGE_CURVE ( 'NONE', #11069, #12635, #5906, .T. ) ;
#2090 = EDGE_LOOP ( 'NONE', ( #2367, #3210, #1221, #12178 ) ) ;
#2091 = CARTESIAN_POINT ( 'NONE',  ( -6.315817419440467262, -19.06525438257990857, 46.12357170388329308 ) ) ;
#2092 = DIRECTION ( 'NONE',  ( 0.000000000000000000, 1.000000000000000000, 0.000000000000000000 ) ) ;
#2093 = ORIENTED_EDGE ( 'NONE', *, *, #403, .T. ) ;
#2094 = ORIENTED_EDGE ( 'NONE', *, *, #2668, .T. ) ;
#2095 = DIRECTION ( 'NONE',  ( -0.000000000000000000, -1.000000000000000000, -0.000000000000000000 ) ) ;
#2097 = ORIENTED_EDGE ( 'NONE', *, *, #5089, .T. ) ;
#2096 = DIRECTION ( 'NONE',  ( 0.000000000000000000, 1.000000000000000000, 0.000000000000000000 ) ) ;
#2098 = AXIS2_PLACEMENT_3D ( 'NONE', #6437, #12266, #6314 ) ;
#2099 = VECTOR ( 'NONE', #3384, 1000.000000000000000 ) ;
#2100 = ORIENTED_EDGE ( 'NONE', *, *, #6767, .T. ) ;
#2101 = FACE_OUTER_BOUND ( 'NONE', #5997, .T. ) ;
#2102 = CARTESIAN_POINT ( 'NONE',  ( -41.53355807099695340, -10.00000000000000000, 19.53911912941871165 ) ) ;
#2103 = ADVANCED_FACE ( 'NONE', ( #8808 ), #68, .T. ) ;
#2104 = CARTESIAN_POINT ( 'NONE',  ( 50.48741412005626472, 10.00000000000000000, 1.127393218865099245 ) ) ;
#2105 = AXIS2_PLACEMENT_3D ( 'NONE', #6110, #10024, #8823 ) ;
#2106 = CIRCLE ( 'NONE', #7853, 44.99999999999999289 ) ;
#2107 = ORIENTED_EDGE ( 'NONE', *, *, #488, .F. ) ;
#2109 = ORIENTED_EDGE ( 'NONE', *, *, #988, .F. ) ;
#2108 = DIRECTION ( 'NONE',  ( -0.9974095118627294143, 0.000000000000000000, 0.07193236855374331162 ) ) ;
#2110 = DIRECTION ( 'NONE',  ( 0.000000000000000000, 0.000000000000000000, 1.000000000000000000 ) ) ;
#2111 = ORIENTED_EDGE ( 'NONE', *, *, #7247, .F. ) ;
#2112 = DIRECTION ( 'NONE',  ( 0.000000000000000000, 0.000000000000000000, -1.000000000000000000 ) ) ;
#2113 = CYLINDRICAL_SURFACE ( 'NONE', #1516, 0.4999999999999970024 ) ;
#2114 = CIRCLE ( 'NONE', #266, 4.999999999999999112 ) ;
#2115 = EDGE_CURVE ( 'NONE', #8165, #3528, #3786, .T. ) ;
#2116 = DIRECTION ( 'NONE',  ( -0.7561388950492472505, 0.000000000000000000, 0.6544111638669556363 ) ) ;
#2117 = AXIS2_PLACEMENT_3D ( 'NONE', #8714, #12618, #5805 ) ;
#2118 = ADVANCED_FACE ( 'NONE', ( #2875 ), #6938, .T. ) ;
#2119 = APPROVAL_PERSON_ORGANIZATION ( #9737, #359, #11715 ) ;
#2120 = ORIENTED_EDGE ( 'NONE', *, *, #589, .T. ) ;
#2121 = LINE ( 'NONE', #1451, #237 ) ;
#2123 = EDGE_LOOP ( 'NONE', ( #9115, #5823, #12034, #9967 ) ) ;
#2122 = CARTESIAN_POINT ( 'NONE',  ( 47.54181953147818973, 10.00000000000000000, -18.46010280676569337 ) ) ;
#2124 = DIRECTION ( 'NONE',  ( 0.9642112588246092297, 0.000000000000000000, 0.2651351511132808425 ) ) ;
#2125 = AXIS2_PLACEMENT_3D ( 'NONE', #2871, #9817, #11372 ) ;
#2126 = VERTEX_POINT ( 'NONE', #2812 ) ;
#2127 = DIRECTION ( 'NONE',  ( 0.000000000000000000, 1.000000000000000000, 0.000000000000000000 ) ) ;
#2128 = CARTESIAN_POINT ( 'NONE',  ( -31.60182249696979895, 10.00000000000000000, -35.31113623141677493 ) ) ;
#2129 = DIRECTION ( 'NONE',  ( 0.5555702330195932959, 0.000000000000000000, -0.8314696123025513419 ) ) ;
#2130 = CARTESIAN_POINT ( 'NONE',  ( -42.60509675787098161, 10.00000000000000000, 27.11191122463429792 ) ) ;
#2131 = EDGE_CURVE ( 'NONE', #2019, #4062, #7720, .T. ) ;
#2132 = ORIENTED_EDGE ( 'NONE', *, *, #10147, .F. ) ;
#2133 = ORIENTED_EDGE ( 'NONE', *, *, #9111, .T. ) ;
#2134 = DIRECTION ( 'NONE',  ( 0.000000000000000000, 1.000000000000000000, 0.000000000000000000 ) ) ;
#2135 = EDGE_CURVE ( 'NONE', #9520, #1097, #8856, .T. ) ;
#2136 = EDGE_CURVE ( 'NONE', #4186, #6602, #4506, .T. ) ;
#2137 = CIRCLE ( 'NONE', #5205, 0.5000000000000003331 ) ;
#2138 = VECTOR ( 'NONE', #6408, 1000.000000000000000 ) ;
#2139 = CYLINDRICAL_SURFACE ( 'NONE', #3699, 44.99999999999999289 ) ;
#2140 = EDGE_CURVE ( 'NONE', #3274, #4459, #3082, .T. ) ;
#2141 = ADVANCED_FACE ( 'NONE', ( #3845 ), #1019, .T. ) ;
#2142 = DIRECTION ( 'NONE',  ( 0.4481489385050781427, -0.000000000000000000, 0.8939589078457531590 ) ) ;
#2143 = VERTEX_POINT ( 'NONE', #7773 ) ;
#2144 = ORIENTED_EDGE ( 'NONE', *, *, #1551, .F. ) ;
#2145 = DIRECTION ( 'NONE',  ( 1.000000000000000000, 0.000000000000000000, -3.469446951953611033E-15 ) ) ;
#2146 = CARTESIAN_POINT ( 'NONE',  ( 29.46558707621382922, -10.00000000000000000, -41.20865162466949982 ) ) ;
#2147 = DIRECTION ( 'NONE',  ( 0.000000000000000000, 1.000000000000000000, 0.000000000000000000 ) ) ;
#2148 = DIRECTION ( 'NONE',  ( 0.000000000000000000, 1.000000000000000000, 0.000000000000000000 ) ) ;
#2149 = CARTESIAN_POINT ( 'NONE',  ( -5.817177892307364928, 10.00000000000000000, -44.62242083716716223 ) ) ;
#2150 = VECTOR ( 'NONE', #3150, 1000.000000000000227 ) ;
#2151 = ORIENTED_EDGE ( 'NONE', *, *, #5779, .F. ) ;
#2152 = PLANE ( 'NONE',  #4607 ) ;
#2153 = PERSON_AND_ORGANIZATION ( #8145, #4988 ) ;
#2154 = ADVANCED_FACE ( 'NONE', ( #7842 ), #11743, .T. ) ;
#2155 = CARTESIAN_POINT ( 'NONE',  ( 0.000000000000000000, -10.00000000000000000, 0.000000000000000000 ) ) ;
#2156 = ORIENTED_EDGE ( 'NONE', *, *, #3442, .F. ) ;
#2157 = AXIS2_PLACEMENT_3D ( 'NONE', #6605, #8683, #2558 ) ;
#2158 = VECTOR ( 'NONE', #8708, 1000.000000000000000 ) ;
#2159 = ORIENTED_EDGE ( 'NONE', *, *, #3068, .F. ) ;
#2160 = DIRECTION ( 'NONE',  ( -0.000000000000000000, -1.000000000000000000, -0.000000000000000000 ) ) ;
#2161 = DIRECTION ( 'NONE',  ( 0.000000000000000000, 1.000000000000000000, 0.000000000000000000 ) ) ;
#2162 = ORIENTED_EDGE ( 'NONE', *, *, #8756, .T. ) ;
#2163 = DIRECTION ( 'NONE',  ( 0.000000000000000000, 1.000000000000000000, 0.000000000000000000 ) ) ;
#2164 = EDGE_CURVE ( 'NONE', #2759, #10448, #7823, .T. ) ;
#2165 = AXIS2_PLACEMENT_3D ( 'NONE', #11770, #989, #3101 ) ;
#2166 = DIRECTION ( 'NONE',  ( -0.09512807697518599337, 0.000000000000000000, 0.9954650415614819670 ) ) ;
#2167 = AXIS2_PLACEMENT_3D ( 'NONE', #9197, #1175, #7087 ) ;
#2168 = PLANE ( 'NONE',  #6833 ) ;
#2169 = EDGE_LOOP ( 'NONE', ( #1536, #5121, #6041, #10166 ) ) ;
#2171 = VERTEX_POINT ( 'NONE', #11807 ) ;
#2170 = PLANE ( 'NONE',  #8874 ) ;
#2172 = DIRECTION ( 'NONE',  ( 0.000000000000000000, 1.000000000000000000, 0.000000000000000000 ) ) ;
#2173 = EDGE_CURVE ( 'NONE', #6012, #9470, #10839, .T. ) ;
#2174 = ORIENTED_EDGE ( 'NONE', *, *, #10068, .F. ) ;
#2175 = CARTESIAN_POINT ( 'NONE',  ( 0.000000000000000000, 10.00000000000000000, 0.000000000000000000 ) ) ;
#2176 = DIRECTION ( 'NONE',  ( 0.000000000000000000, 1.000000000000000000, 0.000000000000000000 ) ) ;
#2177 = DIRECTION ( 'NONE',  ( -0.000000000000000000, 1.000000000000000000, -0.000000000000000000 ) ) ;
#2178 = VECTOR ( 'NONE', #1929, 1000.000000000000000 ) ;
#2179 = ORIENTED_EDGE ( 'NONE', *, *, #6299, .F. ) ;
#2180 = VERTEX_POINT ( 'NONE', #11401 ) ;
#2181 = DIRECTION ( 'NONE',  ( 0.000000000000000000, 1.000000000000000000, 0.000000000000000000 ) ) ;
#2183 = ORIENTED_EDGE ( 'NONE', *, *, #8585, .F. ) ;
#2182 = CARTESIAN_POINT ( 'NONE',  ( -11.81567228767948130, 10.00000000000000000, 45.02958255179737534 ) ) ;
#2184 = EDGE_CURVE ( 'NONE', #2477, #11987, #8463, .T. ) ;
#2185 = CARTESIAN_POINT ( 'NONE',  ( 11.45278456627722186, -19.06525438257988725, -49.34782179739809038 ) ) ;
#2186 = ORIENTED_EDGE ( 'NONE', *, *, #9400, .F. ) ;
#2187 = CARTESIAN_POINT ( 'NONE',  ( -14.41080490052430285, -10.00000000000000000, -42.63013842481659310 ) ) ;
#2188 = CARTESIAN_POINT ( 'NONE',  ( -47.31460686609773347, -10.00000000000000000, -2.622880895175764060 ) ) ;
#2189 = ORIENTED_EDGE ( 'NONE', *, *, #5910, .T. ) ;
#2190 = CARTESIAN_POINT ( 'NONE',  ( -41.35240453125117455, 10.00000000000000000, 28.98669762983973541 ) ) ;
#2191 = FACE_OUTER_BOUND ( 'NONE', #2, .T. ) ;
#2192 = VERTEX_POINT ( 'NONE', #12491 ) ;
#2193 = ORIENTED_EDGE ( 'NONE', *, *, #537, .T. ) ;
#2194 = DIRECTION ( 'NONE',  ( 0.6321468503848289844, 0.000000000000000000, -0.7748486042760487358 ) ) ;
#2195 = DIRECTION ( 'NONE',  ( -0.000000000000000000, -1.000000000000000000, -0.000000000000000000 ) ) ;
#2196 = CARTESIAN_POINT ( 'NONE',  ( 20.37347321810609913, -10.00000000000000000, -41.85922843806471150 ) ) ;
#2197 = ORIENTED_EDGE ( 'NONE', *, *, #969, .T. ) ;
#2198 = EDGE_CURVE ( 'NONE', #1973, #7300, #11529, .T. ) ;
#2199 = ORIENTED_EDGE ( 'NONE', *, *, #4010, .T. ) ;
#2200 = CARTESIAN_POINT ( 'NONE',  ( 50.63394466786609627, 10.00000000000000000, 1.605440076985251707 ) ) ;
#2201 = FACE_OUTER_BOUND ( 'NONE', #5684, .T. ) ;
#2202 = ADVANCED_FACE ( 'NONE', ( #4713 ), #3691, .T. ) ;
#2203 = DIRECTION ( 'NONE',  ( -0.000000000000000000, -1.000000000000000000, -0.000000000000000000 ) ) ;
#2204 = DIRECTION ( 'NONE',  ( 0.000000000000000000, 1.000000000000000000, 0.000000000000000000 ) ) ;
#2205 = EDGE_CURVE ( 'NONE', #7230, #8095, #4315, .T. ) ;
#2206 = CARTESIAN_POINT ( 'NONE',  ( 46.91716864078415483, 10.00000000000000000, 6.658138915333636554 ) ) ;
#2207 = EDGE_LOOP ( 'NONE', ( #4066, #749, #1538, #8534 ) ) ;
#2208 = EDGE_CURVE ( 'NONE', #5359, #5928, #1446, .T. ) ;
#2209 = EDGE_CURVE ( 'NONE', #10212, #7795, #2729, .T. ) ;
#2210 = ORIENTED_EDGE ( 'NONE', *, *, #3237, .T. ) ;
#2211 = FACE_OUTER_BOUND ( 'NONE', #4676, .T. ) ;
#2212 = ORIENTED_EDGE ( 'NONE', *, *, #2208, .F. ) ;
#2213 = FACE_OUTER_BOUND ( 'NONE', #5580, .T. ) ;
#2214 = ORIENTED_EDGE ( 'NONE', *, *, #5735, .T. ) ;
#2215 = ORIENTED_EDGE ( 'NONE', *, *, #9676, .T. ) ;
#2216 = ORIENTED_EDGE ( 'NONE', *, *, #2581, .F. ) ;
#2217 = CARTESIAN_POINT ( 'NONE',  ( 30.87629374033914331, 10.00000000000000000, 34.84146812720820918 ) ) ;
#2218 = EDGE_LOOP ( 'NONE', ( #11905, #8758, #2794, #1112 ) ) ;
#2219 = CARTESIAN_POINT ( 'NONE',  ( 40.19566517527137250, 10.00000000000000000, -23.48578117747944916 ) ) ;
#2220 = ADVANCED_FACE ( 'NONE', ( #8665 ), #1586, .T. ) ;
#2221 = CARTESIAN_POINT ( 'NONE',  ( 44.62242083716721197, -19.06525438257988725, 5.817177892306887088 ) ) ;
#2222 = DIRECTION ( 'NONE',  ( 0.6321468503848346465, 0.000000000000000000, 0.7748486042760439618 ) ) ;
#2223 = ORIENTED_EDGE ( 'NONE', *, *, #9917, .F. ) ;
#2225 = VERTEX_POINT ( 'NONE', #2541 ) ;
#2224 = PLANE ( 'NONE',  #12554 ) ;
#2226 = CARTESIAN_POINT ( 'NONE',  ( -6.315817419440468150, 10.00000000000000000, 46.12357170388329308 ) ) ;
#2227 = ORIENTED_EDGE ( 'NONE', *, *, #12099, .F. ) ;
#2228 = DIRECTION ( 'NONE',  ( 2.664535259100375697E-15, 0.000000000000000000, 1.000000000000000000 ) ) ;
#2229 = DIRECTION ( 'NONE',  ( -0.000000000000000000, -1.000000000000000000, -0.000000000000000000 ) ) ;
#2230 = EDGE_CURVE ( 'NONE', #7267, #10800, #6168, .T. ) ;
#2231 = DIRECTION ( 'NONE',  ( -0.9922778767136671840, 0.000000000000000000, 0.1240347345892116593 ) ) ;
#2233 = ORIENTED_EDGE ( 'NONE', *, *, #5651, .T. ) ;
#2232 = CARTESIAN_POINT ( 'NONE',  ( -39.32099234290775058, -20.23931917473914410, 23.67853845910853039 ) ) ;
#2234 = EDGE_CURVE ( 'NONE', #7219, #1104, #12636, .T. ) ;
#2235 = CARTESIAN_POINT ( 'NONE',  ( -6.315817419440802993, -19.06525438257992988, -46.12357170388325756 ) ) ;
#2236 = VERTEX_POINT ( 'NONE', #6653 ) ;
#2237 = CARTESIAN_POINT ( 'NONE',  ( -28.14833299833716751, 10.00000000000000000, -37.08024765038248205 ) ) ;
#2238 = CARTESIAN_POINT ( 'NONE',  ( 35.31113623141643387, 10.00000000000000000, -31.60182249697016843 ) ) ;
#2239 = VERTEX_POINT ( 'NONE', #3572 ) ;
#2240 = CARTESIAN_POINT ( 'NONE',  ( -46.16528980983300556, 10.00000000000000000, 20.86000496748373934 ) ) ;
#2241 = CYLINDRICAL_SURFACE ( 'NONE', #423, 0.4999999999999970024 ) ;
#2242 = AXIS2_PLACEMENT_3D ( 'NONE', #12425, #736, #11444 ) ;
#2243 = AXIS2_PLACEMENT_3D ( 'NONE', #7196, #2375, #2496 ) ;
#2244 = ORIENTED_EDGE ( 'NONE', *, *, #9021, .F. ) ;
#2245 = ORIENTED_EDGE ( 'NONE', *, *, #4690, .T. ) ;
#2246 = DIRECTION ( 'NONE',  ( 0.6139406135149164667, 0.000000000000000000, -0.7893522173763294347 ) ) ;
#2247 = CARTESIAN_POINT ( 'NONE',  ( -49.97423344059141215, 10.00000000000000000, 8.303600574123926492 ) ) ;
#2248 = DIRECTION ( 'NONE',  ( -0.000000000000000000, -1.000000000000000000, -0.000000000000000000 ) ) ;
#2249 = ORIENTED_EDGE ( 'NONE', *, *, #2291, .T. ) ;
#2250 = VECTOR ( 'NONE', #4426, 1000.000000000000000 ) ;
#2251 = ORIENTED_EDGE ( 'NONE', *, *, #5032, .T. ) ;
#2252 = CARTESIAN_POINT ( 'NONE',  ( 35.66618230194003303, -20.23931917473911923, 27.43945043190148425 ) ) ;
#2253 = CARTESIAN_POINT ( 'NONE',  ( 47.31460686609769795, -18.55636363116342480, -2.622880895176424865 ) ) ;
#2254 = VECTOR ( 'NONE', #12161, 1000.000000000000114 ) ;
#2255 = CARTESIAN_POINT ( 'NONE',  ( 8.743875204153926717, -19.06525438257995120, 50.23725612068061963 ) ) ;
#2256 = CARTESIAN_POINT ( 'NONE',  ( -46.16528980983300556, -10.00000000000000000, 20.86000496748373934 ) ) ;
#2257 = CARTESIAN_POINT ( 'NONE',  ( 24.10574140080059280, -20.23931917473911923, -40.79785237731746861 ) ) ;
#2258 = ORIENTED_EDGE ( 'NONE', *, *, #8608, .T. ) ;
#2259 = EDGE_CURVE ( 'NONE', #4697, #11918, #10383, .T. ) ;
#2260 = FACE_OUTER_BOUND ( 'NONE', #10090, .T. ) ;
#2261 = AXIS2_PLACEMENT_3D ( 'NONE', #4656, #8601, #9489 ) ;
#2262 = DATE_AND_TIME ( #7108, #4577 ) ;
#2263 = AXIS2_PLACEMENT_3D ( 'NONE', #4892, #8056, #1045 ) ;
#2264 = EDGE_CURVE ( 'NONE', #9659, #7628, #10465, .T. ) ;
#2265 = AXIS2_PLACEMENT_3D ( 'NONE', #4303, #8315, #348 ) ;
#2266 = VECTOR ( 'NONE', #12690, 999.9999999999998863 ) ;
#2267 = CARTESIAN_POINT ( 'NONE',  ( 41.76183427908515000, -10.00000000000000000, -29.27369463607605837 ) ) ;
#2268 = VERTEX_POINT ( 'NONE', #9420 ) ;
#2269 = CYLINDRICAL_SURFACE ( 'NONE', #1881, 44.99999999999999289 ) ;
#2270 = ORIENTED_EDGE ( 'NONE', *, *, #6928, .F. ) ;
#2271 = ORIENTED_EDGE ( 'NONE', *, *, #5565, .F. ) ;
#2272 = VERTEX_POINT ( 'NONE', #12565 ) ;
#2273 = DIRECTION ( 'NONE',  ( 0.000000000000000000, 1.000000000000000000, 0.000000000000000000 ) ) ;
#2274 = EDGE_LOOP ( 'NONE', ( #7175, #11171, #11006, #8412 ) ) ;
#2275 = CARTESIAN_POINT ( 'NONE',  ( -15.68329018125524321, -19.69863090235027414, -44.71672993605642432 ) ) ;
#2276 = VECTOR ( 'NONE', #7895, 1000.000000000000000 ) ;
#2277 = CARTESIAN_POINT ( 'NONE',  ( 39.32099234290758005, -20.23931917473915831, -23.67853845910880040 ) ) ;
#2278 = AXIS2_PLACEMENT_3D ( 'NONE', #5885, #8660, #2792 ) ;
#2279 = VECTOR ( 'NONE', #8814, 1000.000000000000000 ) ;
#2280 = ORIENTED_EDGE ( 'NONE', *, *, #2587, .F. ) ;
#2281 = DIRECTION ( 'NONE',  ( -0.000000000000000000, -1.000000000000000000, -0.000000000000000000 ) ) ;
#2282 = CARTESIAN_POINT ( 'NONE',  ( -50.48741412005625762, -18.55636363116341414, -1.127393218865451852 ) ) ;
#2283 = VECTOR ( 'NONE', #668, 1000.000000000000000 ) ;
#2284 = EDGE_CURVE ( 'NONE', #1188, #6527, #6572, .T. ) ;
#2285 = AXIS2_PLACEMENT_3D ( 'NONE', #6970, #7947, #9995 ) ;
#2286 = VECTOR ( 'NONE', #3397, 1000.000000000000114 ) ;
#2287 = ORIENTED_EDGE ( 'NONE', *, *, #2931, .T. ) ;
#2288 = EDGE_CURVE ( 'NONE', #4553, #9538, #8235, .T. ) ;
#2290 = ORIENTED_EDGE ( 'NONE', *, *, #10191, .F. ) ;
#2289 = CARTESIAN_POINT ( 'NONE',  ( 0.000000000000000000, 10.00000000000000000, 0.000000000000000000 ) ) ;
#2291 = EDGE_CURVE ( 'NONE', #8986, #10212, #7609, .T. ) ;
#2292 = LINE ( 'NONE', #6218, #5318 ) ;
#2293 = ORIENTED_EDGE ( 'NONE', *, *, #10428, .T. ) ;
#2294 = DIRECTION ( 'NONE',  ( 0.000000000000000000, 0.000000000000000000, 1.000000000000000000 ) ) ;
#2295 = CARTESIAN_POINT ( 'NONE',  ( -2.803801697542733784, 10.00000000000000000, 46.46947506094542035 ) ) ;
#2296 = CIRCLE ( 'NONE', #5162, 50.99999999999999289 ) ;
#2297 = CARTESIAN_POINT ( 'NONE',  ( 42.63013842481645099, -10.00000000000000000, -14.41080490052473095 ) ) ;
#2298 = AXIS2_PLACEMENT_3D ( 'NONE', #9978, #2010, #5079 ) ;
#2299 = ORIENTED_EDGE ( 'NONE', *, *, #741, .F. ) ;
#2300 = AXIS2_PLACEMENT_3D ( 'NONE', #5545, #4590, #4714 ) ;
#2301 = ORIENTED_EDGE ( 'NONE', *, *, #11227, .F. ) ;
#2302 = EDGE_CURVE ( 'NONE', #10415, #1431, #878, .T. ) ;
#2304 = ORIENTED_EDGE ( 'NONE', *, *, #2590, .F. ) ;
#2303 = DIRECTION ( 'NONE',  ( 0.000000000000000000, 0.000000000000000000, 1.000000000000000000 ) ) ;
#2305 = DIRECTION ( 'NONE',  ( 0.000000000000000000, 1.000000000000000000, 0.000000000000000000 ) ) ;
#2306 = VECTOR ( 'NONE', #9320, 1000.000000000000000 ) ;
#2307 = ORIENTED_EDGE ( 'NONE', *, *, #1816, .F. ) ;
#2308 = LINE ( 'NONE', #8409, #7483 ) ;
#2309 = AXIS2_PLACEMENT_3D ( 'NONE', #1494, #3355, #5395 ) ;
#2310 = DIRECTION ( 'NONE',  ( 0.000000000000000000, 1.000000000000000000, 0.000000000000000000 ) ) ;
#2311 = EDGE_LOOP ( 'NONE', ( #595, #202 ) ) ;
#2312 = CARTESIAN_POINT ( 'NONE',  ( 0.000000000000000000, 5.999999999999980460, 0.000000000000000000 ) ) ;
#2313 = FACE_OUTER_BOUND ( 'NONE', #6192, .T. ) ;
#2314 = CARTESIAN_POINT ( 'NONE',  ( 0.000000000000000000, -10.00000000000000355, 0.000000000000000000 ) ) ;
#2315 = VECTOR ( 'NONE', #2222, 1000.000000000000227 ) ;
#2316 = EDGE_CURVE ( 'NONE', #7812, #2239, #2795, .T. ) ;
#2317 = ORIENTED_EDGE ( 'NONE', *, *, #7317, .F. ) ;
#2318 = ORIENTED_EDGE ( 'NONE', *, *, #4048, .F. ) ;
#2319 = LINE ( 'NONE', #4240, #8329 ) ;
#2320 = CARTESIAN_POINT ( 'NONE',  ( -49.97423344059146899, 10.00000000000000000, -8.303600574123580103 ) ) ;
#2321 = LINE ( 'NONE', #10170, #3707 ) ;
#2322 = PLANE ( 'NONE',  #12338 ) ;
#2323 = ORIENTED_EDGE ( 'NONE', *, *, #6139, .T. ) ;
#2324 = VECTOR ( 'NONE', #10129, 1000.000000000000000 ) ;
#2325 = ORIENTED_EDGE ( 'NONE', *, *, #2816, .F. ) ;
#2326 = CARTESIAN_POINT ( 'NONE',  ( -8.303600574123391809, -10.00000000000000000, 49.97423344059149741 ) ) ;
#2327 = CARTESIAN_POINT ( 'NONE',  ( 0.000000000000000000, 5.000000000000000000, 0.000000000000000000 ) ) ;
#2328 = ADVANCED_FACE ( 'NONE', ( #7553 ), #11458, .T. ) ;
#2329 = CARTESIAN_POINT ( 'NONE',  ( 0.000000000000000000, 10.00000000000000000, 0.000000000000000000 ) ) ;
#2330 = CARTESIAN_POINT ( 'NONE',  ( 36.92360935593717386, 10.00000000000000000, 27.26647565272491391 ) ) ;
#2331 = FACE_OUTER_BOUND ( 'NONE', #33, .T. ) ;
#2332 = AXIS2_PLACEMENT_3D ( 'NONE', #127, #4032, #2112 ) ;
#2333 = ORIENTED_EDGE ( 'NONE', *, *, #3111, .F. ) ;
#2334 = LINE ( 'NONE', #6259, #5423 ) ;
#2335 = CIRCLE ( 'NONE', #85, 0.5000000000000004441 ) ;
#2336 = CYLINDRICAL_SURFACE ( 'NONE', #8219, 0.4999999999999970024 ) ;
#2337 = CARTESIAN_POINT ( 'NONE',  ( 0.000000000000000000, 10.00000000000000000, 0.000000000000000000 ) ) ;
#2338 = ORIENTED_EDGE ( 'NONE', *, *, #12573, .T. ) ;
#2339 = ORIENTED_EDGE ( 'NONE', *, *, #3847, .T. ) ;
#2340 = EDGE_LOOP ( 'NONE', ( #2716, #12056, #2852, #11266 ) ) ;
#2341 = DIRECTION ( 'NONE',  ( 0.000000000000000000, 1.000000000000000000, 0.000000000000000000 ) ) ;
#2342 = ADVANCED_FACE ( 'NONE', ( #6014 ), #5097, .T. ) ;
#2343 = ORIENTED_EDGE ( 'NONE', *, *, #10243, .T. ) ;
#2344 = AXIS2_PLACEMENT_3D ( 'NONE', #11997, #12054, #9121 ) ;
#2345 = AXIS2_PLACEMENT_3D ( 'NONE', #9497, #6660, #9429 ) ;
#2346 = DIRECTION ( 'NONE',  ( 0.000000000000000000, 1.000000000000000000, 0.000000000000000000 ) ) ;
#2347 = DIRECTION ( 'NONE',  ( -0.9974095118627300804, 0.000000000000000000, 0.07193236855373658090 ) ) ;
#2348 = FACE_OUTER_BOUND ( 'NONE', #1171, .T. ) ;
#2349 = LINE ( 'NONE', #11023, #9308 ) ;
#2350 = CIRCLE ( 'NONE', #4811, 5.000000000000001776 ) ;
#2351 = VECTOR ( 'NONE', #5936, 1000.000000000000000 ) ;
#2352 = ORIENTED_EDGE ( 'NONE', *, *, #8472, .T. ) ;
#2354 = ORIENTED_EDGE ( 'NONE', *, *, #6767, .F. ) ;
#2353 = DIRECTION ( 'NONE',  ( 0.000000000000000000, 0.000000000000000000, 1.000000000000000000 ) ) ;
#2355 = CARTESIAN_POINT ( 'NONE',  ( -20.36227244670251579, 10.00000000000000000, 46.21285384832080467 ) ) ;
#2356 = ORIENTED_EDGE ( 'NONE', *, *, #639, .F. ) ;
#2357 = DIRECTION ( 'NONE',  ( -0.000000000000000000, -1.000000000000000000, -0.000000000000000000 ) ) ;
#2358 = EDGE_CURVE ( 'NONE', #6130, #2893, #11893, .T. ) ;
#2359 = DIRECTION ( 'NONE',  ( 0.000000000000000000, 1.000000000000000000, 0.000000000000000000 ) ) ;
#2360 = AXIS2_PLACEMENT_3D ( 'NONE', #1889, #7031, #8964 ) ;
#2361 = EDGE_CURVE ( 'NONE', #2734, #596, #4068, .T. ) ;
#2362 = AXIS2_PLACEMENT_3D ( 'NONE', #12030, #9092, #356 ) ;
#2363 = EDGE_CURVE ( 'NONE', #4067, #10240, #4729, .T. ) ;
#2364 = CYLINDRICAL_SURFACE ( 'NONE', #6642, 0.5000000000000004441 ) ;
#2365 = ADVANCED_FACE ( 'NONE', ( #6082 ), #11842, .T. ) ;
#2366 = VECTOR ( 'NONE', #2428, 1000.000000000000114 ) ;
#2367 = ORIENTED_EDGE ( 'NONE', *, *, #1581, .F. ) ;
#2369 = ORIENTED_EDGE ( 'NONE', *, *, #5474, .F. ) ;
#2368 = DIRECTION ( 'NONE',  ( 0.000000000000000000, 1.000000000000000000, 0.000000000000000000 ) ) ;
#2370 = CARTESIAN_POINT ( 'NONE',  ( -40.19566517527170646, -10.00000000000000000, -23.48578117747888427 ) ) ;
#2371 = ORIENTED_EDGE ( 'NONE', *, *, #9132, .F. ) ;
#2372 = DIRECTION ( 'NONE',  ( 0.000000000000000000, 0.000000000000000000, 1.000000000000000000 ) ) ;
#2373 = DIRECTION ( 'NONE',  ( -0.000000000000000000, -1.000000000000000000, -0.000000000000000000 ) ) ;
#2374 = ORIENTED_EDGE ( 'NONE', *, *, #5824, .F. ) ;
#2375 = DIRECTION ( 'NONE',  ( -0.000000000000000000, -1.000000000000000000, -0.000000000000000000 ) ) ;
#2376 = VECTOR ( 'NONE', #9360, 1000.000000000000000 ) ;
#2377 = CARTESIAN_POINT ( 'NONE',  ( -41.85922843806435623, 10.00000000000000000, 20.37347321810685585 ) ) ;
#2378 = ADVANCED_FACE ( 'NONE', ( #4015 ), #1197, .T. ) ;
#2379 = CYLINDRICAL_SURFACE ( 'NONE', #10946, 8.000000000000000000 ) ;
#2380 = VERTEX_POINT ( 'NONE', #2925 ) ;
#2381 = FACE_OUTER_BOUND ( 'NONE', #6725, .T. ) ;
#2382 = CYLINDRICAL_SURFACE ( 'NONE', #9456, 5.000000000000000888 ) ;
#2383 = CARTESIAN_POINT ( 'NONE',  ( 0.000000000000000000, 10.00000000000000000, 0.000000000000000000 ) ) ;
#2384 = CIRCLE ( 'NONE', #11203, 0.5000000000000004441 ) ;
#2385 = FACE_OUTER_BOUND ( 'NONE', #12502, .T. ) ;
#2386 = ORIENTED_EDGE ( 'NONE', *, *, #9374, .F. ) ;
#2387 = DIRECTION ( 'NONE',  ( -0.000000000000000000, -1.000000000000000000, -0.000000000000000000 ) ) ;
#2388 = CARTESIAN_POINT ( 'NONE',  ( -50.63394466786607495, 10.00000000000000000, 1.605440076985958919 ) ) ;
#2389 = FACE_OUTER_BOUND ( 'NONE', #1149, .T. ) ;
#2390 = LINE ( 'NONE', #2256, #5568 ) ;
#2391 = VERTEX_POINT ( 'NONE', #945 ) ;
#2392 = FACE_OUTER_BOUND ( 'NONE', #986, .T. ) ;
#2393 = ADVANCED_FACE ( 'NONE', ( #6918 ), #3828, .T. ) ;
#2394 = EDGE_LOOP ( 'NONE', ( #1051, #3863, #3805, #160 ) ) ;
#2395 = FACE_OUTER_BOUND ( 'NONE', #4054, .T. ) ;
#2396 = CARTESIAN_POINT ( 'NONE',  ( 41.20865162466878218, 10.00000000000000000, -29.46558707621483464 ) ) ;
#2397 = DIRECTION ( 'NONE',  ( 0.000000000000000000, 1.000000000000000000, 0.000000000000000000 ) ) ;
#2398 = ORIENTED_EDGE ( 'NONE', *, *, #10799, .T. ) ;
#2399 = ORIENTED_EDGE ( 'NONE', *, *, #1963, .F. ) ;
#2400 = ORIENTED_EDGE ( 'NONE', *, *, #8892, .F. ) ;
#2401 = DIRECTION ( 'NONE',  ( 0.000000000000000000, 0.7071067811865474617, 0.7071067811865474617 ) ) ;
#2402 = EDGE_CURVE ( 'NONE', #7, #4093, #6997, .T. ) ;
#2403 = ORIENTED_EDGE ( 'NONE', *, *, #10566, .F. ) ;
#2404 = CARTESIAN_POINT ( 'NONE',  ( 36.93882319809813453, 10.00000000000000000, 34.66838806764691583 ) ) ;
#2405 = DIRECTION ( 'NONE',  ( 0.5555702330196077288, 0.000000000000000000, 0.8314696123025416830 ) ) ;
#2406 = PLANE ( 'NONE',  #922 ) ;
#2407 = CARTESIAN_POINT ( 'NONE',  ( 26.79583779944204025, -20.23931917473915831, 42.99252106000891871 ) ) ;
#2408 = EDGE_CURVE ( 'NONE', #10723, #5444, #1139, .T. ) ;
#2409 = DIRECTION ( 'NONE',  ( 0.6321468503848236553, 0.000000000000000000, -0.7748486042760530657 ) ) ;
#2410 = VERTEX_POINT ( 'NONE', #5046 ) ;
#2412 = VERTEX_POINT ( 'NONE', #45 ) ;
#2411 = CARTESIAN_POINT ( 'NONE',  ( 0.000000000000000000, -10.00000000000000000, 0.000000000000000000 ) ) ;
#2413 = DIRECTION ( 'NONE',  ( 0.000000000000000000, 1.000000000000000000, 0.000000000000000000 ) ) ;
#2414 = ORIENTED_EDGE ( 'NONE', *, *, #3016, .T. ) ;
#2415 = CARTESIAN_POINT ( 'NONE',  ( 50.48741412005623630, 10.00000000000000000, -1.127393218866156843 ) ) ;
#2416 = CARTESIAN_POINT ( 'NONE',  ( 0.000000000000000000, -10.00000000000000000, 0.000000000000000000 ) ) ;
#2417 = PLANE ( 'NONE',  #3774 ) ;
#2418 = ORIENTED_EDGE ( 'NONE', *, *, #10599, .T. ) ;
#2419 = EDGE_CURVE ( 'NONE', #3637, #3690, #10275, .T. ) ;
#2420 = ORIENTED_EDGE ( 'NONE', *, *, #10599, .F. ) ;
#2421 = EDGE_CURVE ( 'NONE', #2225, #1970, #10280, .T. ) ;
#2423 = ORIENTED_EDGE ( 'NONE', *, *, #1963, .T. ) ;
#2422 = DIRECTION ( 'NONE',  ( 0.000000000000000000, 0.000000000000000000, 1.000000000000000000 ) ) ;
#2424 = DIRECTION ( 'NONE',  ( 0.000000000000000000, 1.000000000000000000, 0.000000000000000000 ) ) ;
#2425 = ORIENTED_EDGE ( 'NONE', *, *, #5824, .T. ) ;
#2426 = CARTESIAN_POINT ( 'NONE',  ( -36.93882319809765136, -20.42202547882114061, 34.66838806764742742 ) ) ;
#2427 = EDGE_CURVE ( 'NONE', #8815, #11693, #6851, .T. ) ;
#2428 = DIRECTION ( 'NONE',  ( 0.9922778767136680722, 0.000000000000000000, 0.1240347345892047065 ) ) ;
#2429 = VERTEX_POINT ( 'NONE', #10696 ) ;
#2430 = CARTESIAN_POINT ( 'NONE',  ( 0.000000000000000000, -8.999999999999982236, 0.000000000000000000 ) ) ;
#2431 = CARTESIAN_POINT ( 'NONE',  ( 0.000000000000000000, -8.999999999999982236, 0.000000000000000000 ) ) ;
#2432 = DIRECTION ( 'NONE',  ( 0.000000000000000000, 1.000000000000000000, 0.000000000000000000 ) ) ;
#2433 = ORIENTED_EDGE ( 'NONE', *, *, #8088, .T. ) ;
#2434 = CARTESIAN_POINT ( 'NONE',  ( -20.86000496748325617, -19.69863090235025282, 46.16528980983320452 ) ) ;
#2435 = CARTESIAN_POINT ( 'NONE',  ( 37.88346327708632799, -20.23931917473911923, 28.46743292285612270 ) ) ;
#2436 = EDGE_CURVE ( 'NONE', #11875, #1102, #11701, .T. ) ;
#2437 = CARTESIAN_POINT ( 'NONE',  ( -42.70926380875499007, 10.00000000000000000, -20.52974213179092899 ) ) ;
#2438 = ORIENTED_EDGE ( 'NONE', *, *, #7810, .T. ) ;
#2439 = CARTESIAN_POINT ( 'NONE',  ( -36.92360935593698201, -20.23931917473912989, -27.26647565272516616 ) ) ;
#2440 = CARTESIAN_POINT ( 'NONE',  ( 18.27912140669821639, 10.00000000000000000, -47.07572326156218168 ) ) ;
#2441 = EDGE_CURVE ( 'NONE', #12559, #4006, #7000, .T. ) ;
#2442 = CARTESIAN_POINT ( 'NONE',  ( -35.31113623141665414, -10.00000000000000000, 31.60182249696992685 ) ) ;
#2443 = DIRECTION ( 'NONE',  ( 0.000000000000000000, 1.000000000000000000, 0.000000000000000000 ) ) ;
#2444 = EDGE_CURVE ( 'NONE', #11725, #3798, #12532, .T. ) ;
#2445 = AXIS2_PLACEMENT_3D ( 'NONE', #5086, #6067, #11890 ) ;
#2446 = AXIS2_PLACEMENT_3D ( 'NONE', #11618, #2811, #6483 ) ;
#2447 = LINE ( 'NONE', #3421, #6553 ) ;
#2448 = ORIENTED_EDGE ( 'NONE', *, *, #11179, .T. ) ;
#2449 = DIRECTION ( 'NONE',  ( -0.9642112588246037896, 0.000000000000000000, 0.2651351511133009931 ) ) ;
#2450 = DIRECTION ( 'NONE',  ( 0.000000000000000000, 0.000000000000000000, 1.000000000000000000 ) ) ;
#2451 = CIRCLE ( 'NONE', #6560, 5.000000000000004441 ) ;
#2452 = CIRCLE ( 'NONE', #7185, 5.000000000000001776 ) ;
#2453 = EDGE_CURVE ( 'NONE', #1970, #794, #2989, .T. ) ;
#2454 = DIRECTION ( 'NONE',  ( 0.000000000000000000, 1.000000000000000000, 0.000000000000000000 ) ) ;
#2455 = VECTOR ( 'NONE', #5959, 1000.000000000000000 ) ;
#2456 = ORIENTED_EDGE ( 'NONE', *, *, #5108, .F. ) ;
#2457 = ORIENTED_EDGE ( 'NONE', *, *, #11301, .T. ) ;
#2458 = ORIENTED_EDGE ( 'NONE', *, *, #1176, .T. ) ;
#2459 = LINE ( 'NONE', #487, #10506 ) ;
#2460 = ADVANCED_FACE ( 'NONE', ( #1070 ), #112, .T. ) ;
#2461 = ORIENTED_EDGE ( 'NONE', *, *, #3768, .T. ) ;
#2462 = DIRECTION ( 'NONE',  ( -0.1950903220161146756, 0.000000000000000000, 0.9807852804032333172 ) ) ;
#2463 = CARTESIAN_POINT ( 'NONE',  ( 18.46010280676454229, 10.00000000000000000, -47.54181953147863027 ) ) ;
#2464 = VECTOR ( 'NONE', #2598, 1000.000000000000000 ) ;
#2465 = CIRCLE ( 'NONE', #12302, 5.000000000000004441 ) ;
#2466 = CARTESIAN_POINT ( 'NONE',  ( -45.02958255179724745, -19.06525438257993699, 11.81567228767996447 ) ) ;
#2467 = CIRCLE ( 'NONE', #9458, 0.4999999999999990563 ) ;
#2468 = CARTESIAN_POINT ( 'NONE',  ( -1.138555527963298841, -10.00000000000000000, -50.98728950738353660 ) ) ;
#2469 = EDGE_CURVE ( 'NONE', #4514, #856, #4509, .T. ) ;
#2470 = DIRECTION ( 'NONE',  ( 0.000000000000000000, 0.000000000000000000, 1.000000000000000000 ) ) ;
#2471 = EDGE_LOOP ( 'NONE', ( #8879, #5646, #7654, #7161 ) ) ;
#2473 = ORIENTED_EDGE ( 'NONE', *, *, #12381, .F. ) ;
#2472 = LINE ( 'NONE', #8464, #257 ) ;
#2474 = DIRECTION ( 'NONE',  ( 0.000000000000000000, 1.000000000000000000, 0.000000000000000000 ) ) ;
#2475 = AXIS2_PLACEMENT_3D ( 'NONE', #712, #4619, #2688 ) ;
#2476 = EDGE_LOOP ( 'NONE', ( #4855, #1507, #1237, #6165 ) ) ;
#2477 = VERTEX_POINT ( 'NONE', #4910 ) ;
#2478 = DIRECTION ( 'NONE',  ( -0.000000000000000000, -1.000000000000000000, -0.000000000000000000 ) ) ;
#2479 = DIRECTION ( 'NONE',  ( 0.000000000000000000, 1.000000000000000000, 0.000000000000000000 ) ) ;
#2480 = ADVANCED_FACE ( 'NONE', ( #396 ), #11839, .T. ) ;
#2481 = CARTESIAN_POINT ( 'NONE',  ( -17.89353851188223032, 10.00000000000000000, 47.39404044806797600 ) ) ;
#2482 = ORIENTED_EDGE ( 'NONE', *, *, #391, .F. ) ;
#2483 = AXIS2_PLACEMENT_3D ( 'NONE', #8717, #7542, #7746 ) ;
#2484 = AXIS2_PLACEMENT_3D ( 'NONE', #2155, #9028, #7886 ) ;
#2485 = AXIS2_PLACEMENT_3D ( 'NONE', #1985, #3776, #7708 ) ;
#2487 = ORIENTED_EDGE ( 'NONE', *, *, #745, .T. ) ;
#2486 = CARTESIAN_POINT ( 'NONE',  ( -34.90280549874167804, 10.00000000000000000, -36.49718027898878603 ) ) ;
#2488 = CARTESIAN_POINT ( 'NONE',  ( 45.84930138799936117, -18.55636363116342480, -2.157587686026086082 ) ) ;
#2489 = DIRECTION ( 'NONE',  ( 0.000000000000000000, 1.000000000000000000, 0.000000000000000000 ) ) ;
#2490 = AXIS2_PLACEMENT_3D ( 'NONE', #6744, #9715, #5657 ) ;
#2491 = EDGE_CURVE ( 'NONE', #5792, #8357, #8247, .T. ) ;
#2492 = AXIS2_PLACEMENT_3D ( 'NONE', #8370, #2504, #397 ) ;
#2493 = VECTOR ( 'NONE', #10200, 1000.000000000000000 ) ;
#2494 = CARTESIAN_POINT ( 'NONE',  ( 0.000000000000000000, -10.00000000000000000, -8.999999999999994671 ) ) ;
#2495 = VERTEX_POINT ( 'NONE', #3351 ) ;
#2496 = DIRECTION ( 'NONE',  ( -8.326672684688669320E-15, 0.000000000000000000, 1.000000000000000000 ) ) ;
#2497 = DIRECTION ( 'NONE',  ( 0.000000000000000000, 1.000000000000000000, 0.000000000000000000 ) ) ;
#2498 = CYLINDRICAL_SURFACE ( 'NONE', #9112, 44.99999999999999289 ) ;
#2499 = VECTOR ( 'NONE', #11943, 1000.000000000000114 ) ;
#2500 = VECTOR ( 'NONE', #448, 1000.000000000000000 ) ;
#2501 = CARTESIAN_POINT ( 'NONE',  ( -42.60509675787118056, 10.00000000000000000, -27.11191122463399239 ) ) ;
#2502 = ORIENTED_EDGE ( 'NONE', *, *, #10799, .F. ) ;
#2503 = DIRECTION ( 'NONE',  ( 0.000000000000000000, 1.000000000000000000, 0.000000000000000000 ) ) ;
#2504 = DIRECTION ( 'NONE',  ( 0.000000000000000000, 1.000000000000000000, 0.000000000000000000 ) ) ;
#2505 = CYLINDRICAL_SURFACE ( 'NONE', #11896, 0.4999999999999970024 ) ;
#2506 = DIRECTION ( 'NONE',  ( -0.000000000000000000, -1.000000000000000000, -0.000000000000000000 ) ) ;
#2507 = CYLINDRICAL_SURFACE ( 'NONE', #5042, 44.99999999999999289 ) ;
#2508 = CIRCLE ( 'NONE', #4559, 8.000000000000001776 ) ;
#2509 = CARTESIAN_POINT ( 'NONE',  ( 45.89377128388432681, -19.06525438257995830, -11.80310486381341128 ) ) ;
#2510 = EDGE_CURVE ( 'NONE', #1286, #4829, #833, .T. ) ;
#2511 = CARTESIAN_POINT ( 'NONE',  ( 11.70188957472704239, 10.00000000000000000, 43.45187890507030204 ) ) ;
#2512 = ADVANCED_FACE ( 'NONE', ( #342 ), #1134, .T. ) ;
#2513 = AXIS2_PLACEMENT_3D ( 'NONE', #2676, #7711, #6603 ) ;
#2514 = ORIENTED_EDGE ( 'NONE', *, *, #7868, .T. ) ;
#2515 = EDGE_CURVE ( 'NONE', #286, #12471, #8788, .T. ) ;
#2516 = ORIENTED_EDGE ( 'NONE', *, *, #8568, .F. ) ;
#2517 = CARTESIAN_POINT ( 'NONE',  ( 42.99252106000881923, 10.00000000000000000, -26.79583779944218236 ) ) ;
#2518 = CIRCLE ( 'NONE', #9710, 8.000000000000001776 ) ;
#2519 = EDGE_CURVE ( 'NONE', #11414, #8542, #626, .T. ) ;
#2520 = EDGE_CURVE ( 'NONE', #355, #5228, #942, .T. ) ;
#2521 = CIRCLE ( 'NONE', #4565, 50.99999999999999289 ) ;
#2522 = DIRECTION ( 'NONE',  ( 0.000000000000000000, 1.000000000000000000, 0.000000000000000000 ) ) ;
#2523 = CARTESIAN_POINT ( 'NONE',  ( 1.605440076985782172, -18.55636363116340704, 50.63394466786608206 ) ) ;
#2524 = VERTEX_POINT ( 'NONE', #5886 ) ;
#2525 = ORIENTED_EDGE ( 'NONE', *, *, #5117, .F. ) ;
#2526 = ORIENTED_EDGE ( 'NONE', *, *, #10106, .F. ) ;
#2527 = DIRECTION ( 'NONE',  ( 0.000000000000000000, 1.000000000000000000, 0.000000000000000000 ) ) ;
#2528 = AXIS2_PLACEMENT_3D ( 'NONE', #317, #4220, #6032 ) ;
#2529 = ORIENTED_EDGE ( 'NONE', *, *, #9626, .T. ) ;
#2530 = FACE_OUTER_BOUND ( 'NONE', #4562, .T. ) ;
#2531 = DIRECTION ( 'NONE',  ( 0.000000000000000000, 0.000000000000000000, 1.000000000000000000 ) ) ;
#2532 = CIRCLE ( 'NONE', #9721, 8.000000000000000000 ) ;
#2533 = EDGE_CURVE ( 'NONE', #5431, #2734, #4724, .T. ) ;
#2534 = CARTESIAN_POINT ( 'NONE',  ( -49.78546187191627581, -19.06525438257992278, -11.06380523147299932 ) ) ;
#2535 = DIRECTION ( 'NONE',  ( 0.000000000000000000, 1.000000000000000000, 0.000000000000000000 ) ) ;
#2536 = DIRECTION ( 'NONE',  ( 0.000000000000000000, 0.000000000000000000, 1.000000000000000000 ) ) ;
#2537 = VECTOR ( 'NONE', #10456, 1000.000000000000000 ) ;
#2538 = VECTOR ( 'NONE', #7053, 1000.000000000000000 ) ;
#2539 = ORIENTED_EDGE ( 'NONE', *, *, #9820, .T. ) ;
#2541 = CARTESIAN_POINT ( 'NONE',  ( 0.000000000000000000, -8.999999999999992895, 8.000000000000000000 ) ) ;
#2540 = AXIS2_PLACEMENT_3D ( 'NONE', #1113, #5021, #5557 ) ;
#2543 = ORIENTED_EDGE ( 'NONE', *, *, #2198, .T. ) ;
#2542 = DIRECTION ( 'NONE',  ( -0.000000000000000000, -1.000000000000000000, -0.000000000000000000 ) ) ;
#2544 = DIRECTION ( 'NONE',  ( 0.4943214563281757012, -0.000000000000000000, 0.8692791828944205212 ) ) ;
#2545 = ORIENTED_EDGE ( 'NONE', *, *, #8924, .F. ) ;
#2546 = ORIENTED_EDGE ( 'NONE', *, *, #170, .T. ) ;
#2547 = DIRECTION ( 'NONE',  ( 0.000000000000000000, 1.000000000000000000, 0.000000000000000000 ) ) ;
#2548 = LINE ( 'NONE', #8400, #6629 ) ;
#2549 = EDGE_CURVE ( 'NONE', #5915, #10496, #11118, .T. ) ;
#2550 = CYLINDRICAL_SURFACE ( 'NONE', #5206, 0.5000000000000004441 ) ;
#2551 = AXIS2_PLACEMENT_3D ( 'NONE', #12665, #7662, #1751 ) ;
#2552 = VECTOR ( 'NONE', #3315, 1000.000000000000000 ) ;
#2554 = ORIENTED_EDGE ( 'NONE', *, *, #2408, .T. ) ;
#2553 = DIRECTION ( 'NONE',  ( 0.7071067811865475727, 0.000000000000000000, 0.7071067811865475727 ) ) ;
#2555 = DIRECTION ( 'NONE',  ( 0.000000000000000000, 0.000000000000000000, 1.000000000000000000 ) ) ;
#2556 = AXIS2_PLACEMENT_3D ( 'NONE', #5113, #9818, #3841 ) ;
#2557 = CIRCLE ( 'NONE', #8322, 5.000000000000000888 ) ;
#2558 = DIRECTION ( 'NONE',  ( -0.1950903220161149809, 0.000000000000000000, 0.9807852804032332061 ) ) ;
#2559 = EDGE_CURVE ( 'NONE', #7134, #1438, #3881, .T. ) ;
#2560 = DIRECTION ( 'NONE',  ( 0.000000000000000000, 1.000000000000000000, 0.000000000000000000 ) ) ;
#2561 = ORIENTED_EDGE ( 'NONE', *, *, #2173, .T. ) ;
#2562 = CARTESIAN_POINT ( 'NONE',  ( 0.000000000000000000, 8.999999999999992895, 12.00000000000000178 ) ) ;
#2563 = CARTESIAN_POINT ( 'NONE',  ( -44.00516535263790274, -10.00000000000000000, -15.19272321494628386 ) ) ;
#2564 = DIRECTION ( 'NONE',  ( 0.000000000000000000, 1.000000000000000000, 0.000000000000000000 ) ) ;
#2565 = VERTEX_POINT ( 'NONE', #6246 ) ;
#2566 = EDGE_CURVE ( 'NONE', #9669, #3848, #2467, .T. ) ;
#2567 = DIRECTION ( 'NONE',  ( 0.9490135592383440732, 0.000000000000000000, 0.3152352524413633561 ) ) ;
#2568 = DIRECTION ( 'NONE',  ( 0.000000000000000000, 0.000000000000000000, 1.000000000000000000 ) ) ;
#2569 = DIRECTION ( 'NONE',  ( 0.8314696123025463459, 0.000000000000000000, 0.5555702330196006233 ) ) ;
#2570 = ORIENTED_EDGE ( 'NONE', *, *, #5163, .F. ) ;
#2571 = CARTESIAN_POINT ( 'NONE',  ( 0.000000000000000000, -10.00000000000000000, 0.000000000000000000 ) ) ;
#2572 = CARTESIAN_POINT ( 'NONE',  ( -29.27369463607561073, -20.23931917473913700, -41.76183427908546975 ) ) ;
#2573 = VECTOR ( 'NONE', #11374, 1000.000000000000227 ) ;
#2574 = DIRECTION ( 'NONE',  ( 0.000000000000000000, 1.000000000000000000, 0.000000000000000000 ) ) ;
#2575 = CARTESIAN_POINT ( 'NONE',  ( -34.90280549874141514, 10.00000000000000000, 36.49718027898902051 ) ) ;
#2576 = DIRECTION ( 'NONE',  ( 0.000000000000000000, 0.000000000000000000, 1.000000000000000000 ) ) ;
#2577 = VERTEX_POINT ( 'NONE', #12072 ) ;
#2578 = CARTESIAN_POINT ( 'NONE',  ( 0.000000000000000000, 10.00000000000000000, 40.00000000000000000 ) ) ;
#2579 = VECTOR ( 'NONE', #9819, 999.9999999999998863 ) ;
#2580 = CARTESIAN_POINT ( 'NONE',  ( 34.90280549874193383, 10.00000000000000000, 36.99718027898853023 ) ) ;
#2581 = EDGE_CURVE ( 'NONE', #7297, #10458, #11897, .T. ) ;
#2582 = DIRECTION ( 'NONE',  ( 0.9560937162403082556, -0.000000000000000000, 0.2930610956196625372 ) ) ;
#2583 = ORIENTED_EDGE ( 'NONE', *, *, #3376, .F. ) ;
#2584 = EDGE_LOOP ( 'NONE', ( #234, #960, #699, #2301 ) ) ;
#2585 = CARTESIAN_POINT ( 'NONE',  ( 34.66838806764678793, 10.00000000000000000, -36.93882319809825532 ) ) ;
#2586 = ORIENTED_EDGE ( 'NONE', *, *, #9216, .F. ) ;
#2587 = EDGE_CURVE ( 'NONE', #2239, #11750, #10470, .T. ) ;
#2588 = DIRECTION ( 'NONE',  ( 0.000000000000000000, 0.000000000000000000, 1.000000000000000000 ) ) ;
#2589 = ORIENTED_EDGE ( 'NONE', *, *, #233, .F. ) ;
#2590 = EDGE_CURVE ( 'NONE', #4587, #1564, #2321, .T. ) ;
#2591 = LINE ( 'NONE', #1703, #6015 ) ;
#2592 = ORIENTED_EDGE ( 'NONE', *, *, #1199, .T. ) ;
#2593 = CARTESIAN_POINT ( 'NONE',  ( -23.67853845910812183, -20.23931917473912634, 39.32099234290799927 ) ) ;
#2594 = CARTESIAN_POINT ( 'NONE',  ( -44.71672993605646695, -19.69863090235025993, -15.68329018125507979 ) ) ;
#2595 = CARTESIAN_POINT ( 'NONE',  ( 46.12357170388319361, -10.00000000000000000, -6.315817419441274616 ) ) ;
#2596 = CARTESIAN_POINT ( 'NONE',  ( -29.46558707621411699, -10.00000000000000000, 41.20865162466930087 ) ) ;
#2597 = EDGE_LOOP ( 'NONE', ( #3886, #10485, #8866, #6239 ) ) ;
#2598 = DIRECTION ( 'NONE',  ( 0.000000000000000000, 1.000000000000000000, 0.000000000000000000 ) ) ;
#2600 = VERTEX_POINT ( 'NONE', #2922 ) ;
#2599 = FACE_OUTER_BOUND ( 'NONE', #10207, .T. ) ;
#2601 = EDGE_CURVE ( 'NONE', #1827, #3900, #3497, .T. ) ;
#2602 = DIRECTION ( 'NONE',  ( 0.000000000000000000, 1.000000000000000000, 0.000000000000000000 ) ) ;
#2603 = VERTEX_POINT ( 'NONE', #7887 ) ;
#2604 = VERTEX_POINT ( 'NONE', #11782 ) ;
#2605 = DIRECTION ( 'NONE',  ( 0.000000000000000000, 0.000000000000000000, 1.000000000000000000 ) ) ;
#2606 = LINE ( 'NONE', #10440, #8294 ) ;
#2607 = CARTESIAN_POINT ( 'NONE',  ( -41.20865162466899534, 10.00000000000000000, 29.46558707621455042 ) ) ;
#2608 = ORIENTED_EDGE ( 'NONE', *, *, #1464, .T. ) ;
#2609 = CARTESIAN_POINT ( 'NONE',  ( -43.18490419363092769, -10.00000000000000000, -15.55241692398351994 ) ) ;
#2611 = VERTEX_POINT ( 'NONE', #10817 ) ;
#2610 = LINE ( 'NONE', #7441, #4755 ) ;
#2612 = EDGE_CURVE ( 'NONE', #7686, #8540, #2623, .T. ) ;
#2613 = DIRECTION ( 'NONE',  ( 0.000000000000000000, 1.000000000000000000, 0.000000000000000000 ) ) ;
#2614 = LINE ( 'NONE', #12380, #8532 ) ;
#2615 = DIRECTION ( 'NONE',  ( 0.000000000000000000, 0.000000000000000000, 1.000000000000000000 ) ) ;
#2616 = EDGE_LOOP ( 'NONE', ( #4228, #12226, #2589, #6499 ) ) ;
#2617 = CARTESIAN_POINT ( 'NONE',  ( 44.54739544167632204, -10.00000000000000000, -11.06088521563297533 ) ) ;
#2618 = CARTESIAN_POINT ( 'NONE',  ( 40.79785237731687886, -20.23931917473915831, -24.10574140080159111 ) ) ;
#2619 = DIRECTION ( 'NONE',  ( 0.000000000000000000, 1.000000000000000000, 0.000000000000000000 ) ) ;
#2620 = ORIENTED_EDGE ( 'NONE', *, *, #9431, .F. ) ;
#2621 = EDGE_CURVE ( 'NONE', #791, #3128, #1488, .T. ) ;
#2622 = CARTESIAN_POINT ( 'NONE',  ( -30.87629374033865659, -10.00000000000000000, 34.84146812720864261 ) ) ;
#2623 = LINE ( 'NONE', #12209, #5132 ) ;
#2624 = CYLINDRICAL_SURFACE ( 'NONE', #8694, 44.99999999999999289 ) ;
#2625 = ORIENTED_EDGE ( 'NONE', *, *, #7544, .F. ) ;
#2626 = LINE ( 'NONE', #1612, #8433 ) ;
#2627 = CYLINDRICAL_SURFACE ( 'NONE', #1711, 44.99999999999999289 ) ;
#2628 = LINE ( 'NONE', #777, #1152 ) ;
#2629 = LINE ( 'NONE', #1875, #3327 ) ;
#2630 = FACE_OUTER_BOUND ( 'NONE', #4779, .T. ) ;
#2631 = ORIENTED_EDGE ( 'NONE', *, *, #12032, .T. ) ;
#2632 = FACE_OUTER_BOUND ( 'NONE', #6885, .T. ) ;
#2633 = DIRECTION ( 'NONE',  ( -0.000000000000000000, 1.000000000000000000, -0.000000000000000000 ) ) ;
#2634 = DIRECTION ( 'NONE',  ( 0.000000000000000000, 1.000000000000000000, 0.000000000000000000 ) ) ;
#2635 = VERTEX_POINT ( 'NONE', #3413 ) ;
#2636 = ORIENTED_EDGE ( 'NONE', *, *, #11042, .F. ) ;
#2637 = FACE_OUTER_BOUND ( 'NONE', #2748, .T. ) ;
#2638 = CIRCLE ( 'NONE', #6346, 5.000000000000000888 ) ;
#2639 = ORIENTED_EDGE ( 'NONE', *, *, #11373, .F. ) ;
#2640 = FACE_OUTER_BOUND ( 'NONE', #12493, .T. ) ;
#2641 = VERTEX_POINT ( 'NONE', #11488 ) ;
#2642 = DIRECTION ( 'NONE',  ( 0.000000000000000000, 1.000000000000000000, 0.000000000000000000 ) ) ;
#2643 = EDGE_CURVE ( 'NONE', #8720, #8344, #4549, .T. ) ;
#2644 = ORIENTED_EDGE ( 'NONE', *, *, #254, .F. ) ;
#2645 = EDGE_CURVE ( 'NONE', #3879, #8729, #9395, .T. ) ;
#2646 = DIRECTION ( 'NONE',  ( -0.7748486042760376336, 0.000000000000000000, 0.6321468503848425291 ) ) ;
#2647 = VECTOR ( 'NONE', #10179, 1000.000000000000000 ) ;
#2648 = CARTESIAN_POINT ( 'NONE',  ( -44.54739544167647125, 10.00000000000000000, -11.06088521563236249 ) ) ;
#2649 = VECTOR ( 'NONE', #8379, 1000.000000000000000 ) ;
#2650 = ORIENTED_EDGE ( 'NONE', *, *, #5668, .T. ) ;
#2651 = CARTESIAN_POINT ( 'NONE',  ( -40.19566517527153593, 10.00000000000000000, 23.48578117747916849 ) ) ;
#2652 = CYLINDRICAL_SURFACE ( 'NONE', #11262, 50.99999999999999289 ) ;
#2653 = VERTEX_POINT ( 'NONE', #529 ) ;
#2654 = ORIENTED_EDGE ( 'NONE', *, *, #5817, .F. ) ;
#2655 = CARTESIAN_POINT ( 'NONE',  ( -37.08024765038236836, 10.00000000000000000, 28.14833299833729896 ) ) ;
#2657 = VERTEX_POINT ( 'NONE', #9450 ) ;
#2656 = LINE ( 'NONE', #3761, #12569 ) ;
#2658 = CARTESIAN_POINT ( 'NONE',  ( -45.89377128388448313, 10.00000000000000000, -11.80310486381277713 ) ) ;
#2659 = VERTEX_POINT ( 'NONE', #6490 ) ;
#2660 = ORIENTED_EDGE ( 'NONE', *, *, #3141, .F. ) ;
#2661 = DIRECTION ( 'NONE',  ( 0.000000000000000000, 0.000000000000000000, 1.000000000000000000 ) ) ;
#2662 = AXIS2_PLACEMENT_3D ( 'NONE', #5018, #4106, #3988 ) ;
#2663 = EDGE_CURVE ( 'NONE', #8929, #10240, #10352, .T. ) ;
#2664 = CARTESIAN_POINT ( 'NONE',  ( 9.797174393178825657E-16, -10.00000000000000355, -8.000000000000000000 ) ) ;
#2665 = VERTEX_POINT ( 'NONE', #4620 ) ;
#2666 = DIRECTION ( 'NONE',  ( 0.000000000000000000, 1.000000000000000000, 0.000000000000000000 ) ) ;
#2667 = ADVANCED_FACE ( 'NONE', ( #4430 ), #7459, .T. ) ;
#2668 = EDGE_CURVE ( 'NONE', #10081, #1273, #4938, .T. ) ;
#2669 = AXIS2_PLACEMENT_3D ( 'NONE', #3760, #5480, #9671 ) ;
#2670 = AXIS2_PLACEMENT_3D ( 'NONE', #436, #7502, #507 ) ;
#2671 = EDGE_CURVE ( 'NONE', #2495, #1192, #1555, .T. ) ;
#2672 = CIRCLE ( 'NONE', #11278, 4.999999999999997335 ) ;
#2673 = AXIS2_PLACEMENT_3D ( 'NONE', #107, #8911, #9203 ) ;
#2675 = ORIENTED_EDGE ( 'NONE', *, *, #11739, .F. ) ;
#2674 = LINE ( 'NONE', #9758, #1075 ) ;
#2676 = CARTESIAN_POINT ( 'NONE',  ( -50.48741412005624341, 10.00000000000000000, 1.127393218865804458 ) ) ;
#2677 = VERTEX_POINT ( 'NONE', #12463 ) ;
#2678 = FACE_OUTER_BOUND ( 'NONE', #9816, .T. ) ;
#2679 = DIRECTION ( 'NONE',  ( -6.938893903907222067E-15, 0.000000000000000000, 1.000000000000000000 ) ) ;
#2680 = CARTESIAN_POINT ( 'NONE',  ( 17.89353851188187861, 10.00000000000000000, -47.39404044806811100 ) ) ;
#2681 = VECTOR ( 'NONE', #9034, 1000.000000000000000 ) ;
#2682 = CARTESIAN_POINT ( 'NONE',  ( 31.60182249697005119, -10.00000000000000000, 35.31113623141655466 ) ) ;
#2683 = DIRECTION ( 'NONE',  ( -0.000000000000000000, -1.000000000000000000, -0.000000000000000000 ) ) ;
#2684 = AXIS2_PLACEMENT_3D ( 'NONE', #12596, #7581, #3598 ) ;
#2685 = CIRCLE ( 'NONE', #9467, 4.999999999999999112 ) ;
#2686 = ORIENTED_EDGE ( 'NONE', *, *, #11275, .F. ) ;
#2687 = EDGE_CURVE ( 'NONE', #957, #12692, #3657, .T. ) ;
#2688 = DIRECTION ( 'NONE',  ( 0.8805492600596794839, 0.000000000000000000, 0.4739546398215244705 ) ) ;
#2689 = VECTOR ( 'NONE', #10680, 1000.000000000000000 ) ;
#2690 = DIRECTION ( 'NONE',  ( -0.000000000000000000, -1.000000000000000000, -0.000000000000000000 ) ) ;
#2691 = FACE_OUTER_BOUND ( 'NONE', #9557, .T. ) ;
#2692 = AXIS2_PLACEMENT_3D ( 'NONE', #298, #11781, #4065 ) ;
#2693 = AXIS2_PLACEMENT_3D ( 'NONE', #3966, #245, #4149 ) ;
#2694 = ORIENTED_EDGE ( 'NONE', *, *, #7320, .T. ) ;
#2695 = CARTESIAN_POINT ( 'NONE',  ( -11.06088521563219729, -10.00000000000000000, 44.54739544167650678 ) ) ;
#2696 = CARTESIAN_POINT ( 'NONE',  ( 23.48578117747931060, 10.00000000000000000, 40.19566517527146488 ) ) ;
#2697 = CARTESIAN_POINT ( 'NONE',  ( -26.79583779944172761, -20.23931917473913700, -42.99252106000911766 ) ) ;
#2698 = ORIENTED_EDGE ( 'NONE', *, *, #8816, .F. ) ;
#2699 = EDGE_CURVE ( 'NONE', #1235, #2923, #10224, .T. ) ;
#2700 = DIRECTION ( 'NONE',  ( 0.000000000000000000, 1.000000000000000000, 0.000000000000000000 ) ) ;
#2701 = ORIENTED_EDGE ( 'NONE', *, *, #12159, .T. ) ;
#2702 = CIRCLE ( 'NONE', #4751, 44.99999999999999289 ) ;
#2703 = ORIENTED_EDGE ( 'NONE', *, *, #5589, .F. ) ;
#2704 = CARTESIAN_POINT ( 'NONE',  ( 0.000000000000000000, 10.00000000000000000, 0.000000000000000000 ) ) ;
#2705 = VECTOR ( 'NONE', #10998, 1000.000000000000000 ) ;
#2706 = CIRCLE ( 'NONE', #10721, 44.99999999999999289 ) ;
#2707 = LINE ( 'NONE', #12613, #8633 ) ;
#2708 = CARTESIAN_POINT ( 'NONE',  ( 29.46558707621382922, 10.00000000000000000, -41.20865162466949982 ) ) ;
#2709 = ADVANCED_FACE ( 'NONE', ( #10283 ), #645, .T. ) ;
#2710 = EDGE_LOOP ( 'NONE', ( #4770, #676 ) ) ;
#2711 = VERTEX_POINT ( 'NONE', #582 ) ;
#2712 = CYLINDRICAL_SURFACE ( 'NONE', #5811, 5.000000000000004441 ) ;
#2713 = AXIS2_PLACEMENT_3D ( 'NONE', #9829, #8038, #2124 ) ;
#2714 = ORIENTED_EDGE ( 'NONE', *, *, #10271, .F. ) ;
#2715 = DIRECTION ( 'NONE',  ( -0.000000000000000000, 1.000000000000000000, -0.000000000000000000 ) ) ;
#2716 = ORIENTED_EDGE ( 'NONE', *, *, #5133, .F. ) ;
#2717 = DIRECTION ( 'NONE',  ( -0.000000000000000000, -1.000000000000000000, -0.000000000000000000 ) ) ;
#2718 = VECTOR ( 'NONE', #7481, 1000.000000000000000 ) ;
#2719 = ORIENTED_EDGE ( 'NONE', *, *, #7515, .T. ) ;
#2720 = DIRECTION ( 'NONE',  ( 0.000000000000000000, 1.000000000000000000, 0.000000000000000000 ) ) ;
#2721 = VECTOR ( 'NONE', #3110, 1000.000000000000000 ) ;
#2722 = CARTESIAN_POINT ( 'NONE',  ( 41.20865162466878928, -10.00000000000000000, -29.46558707621483109 ) ) ;
#2723 = ORIENTED_EDGE ( 'NONE', *, *, #5308, .T. ) ;
#2724 = EDGE_CURVE ( 'NONE', #4214, #521, #8240, .T. ) ;
#2725 = CIRCLE ( 'NONE', #5193, 0.4999999999999970024 ) ;
#2726 = DIRECTION ( 'NONE',  ( 0.000000000000000000, 1.000000000000000000, 0.000000000000000000 ) ) ;
#2727 = DIRECTION ( 'NONE',  ( 3.469446951953613400E-15, 0.000000000000000000, 1.000000000000000000 ) ) ;
#2728 = VERTEX_POINT ( 'NONE', #9263 ) ;
#2729 = LINE ( 'NONE', #2655, #9243 ) ;
#2731 = ORIENTED_EDGE ( 'NONE', *, *, #5231, .F. ) ;
#2730 = CARTESIAN_POINT ( 'NONE',  ( 29.27369463607504230, 10.00000000000000000, -41.76183427908585344 ) ) ;
#2732 = DIRECTION ( 'NONE',  ( 0.000000000000000000, -1.000000000000000000, 0.000000000000000000 ) ) ;
#2733 = ORIENTED_EDGE ( 'NONE', *, *, #11861, .T. ) ;
#2734 = VERTEX_POINT ( 'NONE', #1609 ) ;
#2735 = CIRCLE ( 'NONE', #6856, 50.99999999999999289 ) ;
#2736 = CARTESIAN_POINT ( 'NONE',  ( 41.35240453125157956, -10.00000000000000000, 29.48669762983915277 ) ) ;
#2737 = CARTESIAN_POINT ( 'NONE',  ( 49.97423344059136952, 10.00000000000000000, -8.303600574124267553 ) ) ;
#2738 = ORIENTED_EDGE ( 'NONE', *, *, #344, .F. ) ;
#2739 = DIRECTION ( 'NONE',  ( 0.000000000000000000, 1.000000000000000000, 0.000000000000000000 ) ) ;
#2740 = AXIS2_PLACEMENT_3D ( 'NONE', #7775, #8491, #7721 ) ;
#2741 = VECTOR ( 'NONE', #11411, 1000.000000000000000 ) ;
#2742 = ADVANCED_FACE ( 'NONE', ( #6429 ), #8425, .T. ) ;
#2744 = EDGE_LOOP ( 'NONE', ( #780, #7086, #4608, #10681 ) ) ;
#2743 = DIRECTION ( 'NONE',  ( 0.000000000000000000, 0.7071067811865376918, 0.7071067811865574537 ) ) ;
#2745 = EDGE_CURVE ( 'NONE', #2225, #8794, #12395, .T. ) ;
#2746 = CARTESIAN_POINT ( 'NONE',  ( -44.54739544167638599, -19.06525438257993699, 11.06088521563267513 ) ) ;
#2747 = ORIENTED_EDGE ( 'NONE', *, *, #5373, .F. ) ;
#2748 = EDGE_LOOP ( 'NONE', ( #3216, #6567, #614, #2333 ) ) ;
#2749 = CARTESIAN_POINT ( 'NONE',  ( -11.81567228767980993, -19.06525438257992988, -45.02958255179730429 ) ) ;
#2750 = ADVANCED_FACE ( 'NONE', ( #3599 ), #7525, .T. ) ;
#2751 = CARTESIAN_POINT ( 'NONE',  ( 22.51666049839541017, 5.000000000000000000, 4.999999999999993783 ) ) ;
#2752 = AXIS2_PLACEMENT_3D ( 'NONE', #8564, #3653, #8753 ) ;
#2753 = AXIS2_PLACEMENT_3D ( 'NONE', #8152, #5236, #4395 ) ;
#2754 = LINE ( 'NONE', #6609, #9836 ) ;
#2755 = EDGE_CURVE ( 'NONE', #3239, #3528, #9335, .T. ) ;
#2756 = DIRECTION ( 'NONE',  ( 0.000000000000000000, 0.000000000000000000, 1.000000000000000000 ) ) ;
#2757 = PLANE ( 'NONE',  #11978 ) ;
#2758 = ORIENTED_EDGE ( 'NONE', *, *, #1653, .T. ) ;
#2759 = VERTEX_POINT ( 'NONE', #5650 ) ;
#2760 = CIRCLE ( 'NONE', #8522, 12.00000000000000178 ) ;
#2761 = AXIS2_PLACEMENT_3D ( 'NONE', #9838, #6826, #6954 ) ;
#2762 = CARTESIAN_POINT ( 'NONE',  ( 44.00516535263770379, 10.00000000000000000, -15.19272321494687539 ) ) ;
#2763 = LINE ( 'NONE', #4752, #6589 ) ;
#2764 = CARTESIAN_POINT ( 'NONE',  ( 5.817177892306731657, -19.06525438257988725, -44.62242083716723329 ) ) ;
#2765 = ORIENTED_EDGE ( 'NONE', *, *, #8932, .F. ) ;
#2766 = CARTESIAN_POINT ( 'NONE',  ( -42.70926380875486217, 10.00000000000000000, 20.52974213179123453 ) ) ;
#2767 = ADVANCED_FACE ( 'NONE', ( #8696 ), #10790, .T. ) ;
#2768 = CARTESIAN_POINT ( 'NONE',  ( -46.12357170388322913, -10.00000000000000000, 6.315817419440961089 ) ) ;
#2769 = DIRECTION ( 'NONE',  ( -0.000000000000000000, -1.000000000000000000, -0.000000000000000000 ) ) ;
#2770 = AXIS2_PLACEMENT_3D ( 'NONE', #12679, #9985, #9848 ) ;
#2771 = DIRECTION ( 'NONE',  ( 0.000000000000000000, 1.000000000000000000, 0.000000000000000000 ) ) ;
#2772 = AXIS2_PLACEMENT_3D ( 'NONE', #3222, #1365, #394 ) ;
#2773 = ORIENTED_EDGE ( 'NONE', *, *, #1420, .F. ) ;
#2774 = CARTESIAN_POINT ( 'NONE',  ( 0.000000000000000000, -10.00000000000000000, 0.000000000000000000 ) ) ;
#2775 = FACE_OUTER_BOUND ( 'NONE', #11387, .T. ) ;
#2776 = AXIS2_PLACEMENT_3D ( 'NONE', #5919, #5861, #144 ) ;
#2777 = DIRECTION ( 'NONE',  ( 0.000000000000000000, 0.000000000000000000, 1.000000000000000000 ) ) ;
#2778 = VERTEX_POINT ( 'NONE', #12661 ) ;
#2779 = ORIENTED_EDGE ( 'NONE', *, *, #329, .F. ) ;
#2780 = LINE ( 'NONE', #6702, #9300 ) ;
#2781 = ADVANCED_FACE ( 'NONE', ( #11626 ), #3851, .F. ) ;
#2782 = ORIENTED_EDGE ( 'NONE', *, *, #12099, .T. ) ;
#2783 = CYLINDRICAL_SURFACE ( 'NONE', #10897, 8.000000000000000000 ) ;
#2784 = ORIENTED_EDGE ( 'NONE', *, *, #9348, .T. ) ;
#2785 = CYLINDRICAL_SURFACE ( 'NONE', #2242, 0.5000000000000004441 ) ;
#2786 = VERTEX_POINT ( 'NONE', #2819 ) ;
#2787 = VECTOR ( 'NONE', #4034, 1000.000000000000227 ) ;
#2788 = DIRECTION ( 'NONE',  ( -0.000000000000000000, -1.000000000000000000, -0.000000000000000000 ) ) ;
#2789 = DIRECTION ( 'NONE',  ( 0.000000000000000000, 1.000000000000000000, 0.000000000000000000 ) ) ;
#2790 = ORIENTED_EDGE ( 'NONE', *, *, #2136, .F. ) ;
#2791 = EDGE_CURVE ( 'NONE', #12426, #3040, #7399, .T. ) ;
#2792 = DIRECTION ( 'NONE',  ( 0.000000000000000000, 0.000000000000000000, 1.000000000000000000 ) ) ;
#2793 = DIRECTION ( 'NONE',  ( 0.000000000000000000, 0.000000000000000000, -1.000000000000000000 ) ) ;
#2794 = ORIENTED_EDGE ( 'NONE', *, *, #5450, .F. ) ;
#2795 = LINE ( 'NONE', #10502, #10262 ) ;
#2797 = ORIENTED_EDGE ( 'NONE', *, *, #6340, .T. ) ;
#2796 = DIRECTION ( 'NONE',  ( 0.9974095118627306356, -0.000000000000000000, 0.07193236855372960037 ) ) ;
#2798 = FACE_OUTER_BOUND ( 'NONE', #7125, .T. ) ;
#2799 = ORIENTED_EDGE ( 'NONE', *, *, #5490, .T. ) ;
#2800 = DIRECTION ( 'NONE',  ( 0.000000000000000000, 0.000000000000000000, 1.000000000000000000 ) ) ;
#2801 = CARTESIAN_POINT ( 'NONE',  ( 8.743875204153926717, 10.00000000000000000, 49.73725612068061963 ) ) ;
#2802 = EDGE_CURVE ( 'NONE', #9185, #2412, #7779, .T. ) ;
#2803 = EDGE_LOOP ( 'NONE', ( #3096, #2133, #8527, #8397 ) ) ;
#2804 = DIRECTION ( 'NONE',  ( 0.000000000000000000, 1.000000000000000000, 0.000000000000000000 ) ) ;
#2806 = ORIENTED_EDGE ( 'NONE', *, *, #1032, .T. ) ;
#2805 = DIRECTION ( 'NONE',  ( 0.000000000000000000, 0.000000000000000000, 1.000000000000000000 ) ) ;
#2807 = CARTESIAN_POINT ( 'NONE',  ( -22.51666049839541373, 5.000000000000000000, -12.99999999999998224 ) ) ;
#2808 = ORIENTED_EDGE ( 'NONE', *, *, #12141, .T. ) ;
#2809 = CARTESIAN_POINT ( 'NONE',  ( -47.39404044806791205, -10.00000000000000000, -17.89353851188239730 ) ) ;
#2810 = LINE ( 'NONE', #3974, #955 ) ;
#2811 = DIRECTION ( 'NONE',  ( 0.000000000000000000, 1.000000000000000000, 0.000000000000000000 ) ) ;
#2812 = CARTESIAN_POINT ( 'NONE',  ( 31.60182249696930867, 10.00000000000000000, -35.31113623141720126 ) ) ;
#2813 = EDGE_CURVE ( 'NONE', #8713, #10666, #12541, .T. ) ;
#2814 = DIRECTION ( 'NONE',  ( -0.7711657896326772343, 0.000000000000000000, -0.6366343730118643185 ) ) ;
#2815 = ORIENTED_EDGE ( 'NONE', *, *, #8025, .F. ) ;
#2816 = EDGE_CURVE ( 'NONE', #6952, #789, #9580, .T. ) ;
#2817 = ORIENTED_EDGE ( 'NONE', *, *, #4803, .F. ) ;
#2818 = LINE ( 'NONE', #10725, #842 ) ;
#2820 = ORIENTED_EDGE ( 'NONE', *, *, #10093, .F. ) ;
#2819 = CARTESIAN_POINT ( 'NONE',  ( -34.90280549874141514, -10.00000000000000000, 36.99718027898902051 ) ) ;
#2821 = ADVANCED_FACE ( 'NONE', ( #9775 ), #1027, .T. ) ;
#2822 = DIRECTION ( 'NONE',  ( 0.000000000000000000, 0.000000000000000000, 1.000000000000000000 ) ) ;
#2823 = EDGE_LOOP ( 'NONE', ( #8424, #3108, #7888, #1782 ) ) ;
#2824 = CARTESIAN_POINT ( 'NONE',  ( -11.80310486381293877, -10.00000000000000000, -45.89377128388444760 ) ) ;
#2825 = LINE ( 'NONE', #7784, #124 ) ;
#2826 = DIRECTION ( 'NONE',  ( 0.000000000000000000, 1.000000000000000000, 0.000000000000000000 ) ) ;
#2827 = ORIENTED_EDGE ( 'NONE', *, *, #10147, .T. ) ;
#2828 = CARTESIAN_POINT ( 'NONE',  ( -41.53355807099708130, -19.69863090235025993, -19.53911912941841322 ) ) ;
#2829 = VERTEX_POINT ( 'NONE', #11680 ) ;
#2830 = ORIENTED_EDGE ( 'NONE', *, *, #9518, .T. ) ;
#2831 = PLANE ( 'NONE',  #7295 ) ;
#2832 = ADVANCED_FACE ( 'NONE', ( #771 ), #3723, .T. ) ;
#2833 = LINE ( 'NONE', #6755, #3071 ) ;
#2834 = EDGE_CURVE ( 'NONE', #1284, #7322, #8626, .T. ) ;
#2835 = EDGE_CURVE ( 'NONE', #4908, #8183, #443, .T. ) ;
#2836 = CARTESIAN_POINT ( 'NONE',  ( -11.06088521563219729, 10.00000000000000000, 44.54739544167650678 ) ) ;
#2837 = ORIENTED_EDGE ( 'NONE', *, *, #1539, .T. ) ;
#2838 = ORIENTED_EDGE ( 'NONE', *, *, #10842, .F. ) ;
#2839 = DIRECTION ( 'NONE',  ( 0.000000000000000000, 0.000000000000000000, 1.000000000000000000 ) ) ;
#2840 = CARTESIAN_POINT ( 'NONE',  ( 3.198396408832238080E-15, 5.000000000000000000, 26.00000000000000000 ) ) ;
#2841 = DIRECTION ( 'NONE',  ( 0.000000000000000000, 0.000000000000000000, 1.000000000000000000 ) ) ;
#2842 = ORIENTED_EDGE ( 'NONE', *, *, #1812, .F. ) ;
#2843 = CARTESIAN_POINT ( 'NONE',  ( -10.95533655273288609, -19.06525438257990857, 49.29736910846616382 ) ) ;
#2844 = ORIENTED_EDGE ( 'NONE', *, *, #10498, .F. ) ;
#2845 = DIRECTION ( 'NONE',  ( 0.000000000000000000, 1.000000000000000000, 0.000000000000000000 ) ) ;
#2846 = MECHANICAL_CONTEXT ( 'NONE', #9173, 'mechanical' ) ;
#2847 = EDGE_CURVE ( 'NONE', #7173, #2577, #4822, .T. ) ;
#2848 = VERTEX_POINT ( 'NONE', #8760 ) ;
#2849 = VERTEX_POINT ( 'NONE', #4880 ) ;
#2850 = DIRECTION ( 'NONE',  ( 0.000000000000000000, -1.000000000000000000, 0.000000000000000000 ) ) ;
#2851 = DIRECTION ( 'NONE',  ( 0.6321468503848235443, -0.000000000000000000, -0.7748486042760530657 ) ) ;
#2852 = ORIENTED_EDGE ( 'NONE', *, *, #10948, .T. ) ;
#2853 = ORIENTED_EDGE ( 'NONE', *, *, #788, .T. ) ;
#2854 = DIRECTION ( 'NONE',  ( -0.000000000000000000, -1.000000000000000000, -0.000000000000000000 ) ) ;
#2856 = ORIENTED_EDGE ( 'NONE', *, *, #11945, .T. ) ;
#2855 = LINE ( 'NONE', #12694, #4545 ) ;
#2857 = ORIENTED_EDGE ( 'NONE', *, *, #1948, .F. ) ;
#2858 = DIRECTION ( 'NONE',  ( 0.000000000000000000, 0.000000000000000000, 1.000000000000000000 ) ) ;
#2859 = VECTOR ( 'NONE', #1498, 1000.000000000000114 ) ;
#2860 = EDGE_CURVE ( 'NONE', #10188, #7786, #3914, .T. ) ;
#2861 = CARTESIAN_POINT ( 'NONE',  ( -20.56387910459097768, 10.00000000000000000, -46.67040685671988598 ) ) ;
#2862 = CARTESIAN_POINT ( 'NONE',  ( 20.36227244670217118, -10.00000000000000000, -46.21285384832096099 ) ) ;
#2863 = AXIS2_PLACEMENT_3D ( 'NONE', #11110, #11172, #7199 ) ;
#2865 = VERTEX_POINT ( 'NONE', #10654 ) ;
#2864 = CARTESIAN_POINT ( 'NONE',  ( 42.99252106000881923, -20.23931917473915831, -26.79583779944218236 ) ) ;
#2866 = VECTOR ( 'NONE', #1569, 1000.000000000000000 ) ;
#2867 = DIRECTION ( 'NONE',  ( -1.000000000000000000, 0.000000000000000000, 1.049507702965967345E-14 ) ) ;
#2868 = EDGE_CURVE ( 'NONE', #7737, #10976, #7012, .T. ) ;
#2869 = AXIS2_PLACEMENT_3D ( 'NONE', #1719, #5429, #613 ) ;
#2870 = ORIENTED_EDGE ( 'NONE', *, *, #9366, .T. ) ;
#2871 = CARTESIAN_POINT ( 'NONE',  ( 0.000000000000000000, -10.00000000000000000, 0.000000000000000000 ) ) ;
#2872 = FACE_OUTER_BOUND ( 'NONE', #5281, .T. ) ;
#2873 = DIRECTION ( 'NONE',  ( 0.000000000000000000, 0.000000000000000000, 1.000000000000000000 ) ) ;
#2874 = CYLINDRICAL_SURFACE ( 'NONE', #9026, 0.4999999999999970024 ) ;
#2875 = FACE_OUTER_BOUND ( 'NONE', #10120, .T. ) ;
#2876 = FACE_OUTER_BOUND ( 'NONE', #3837, .T. ) ;
#2877 = VECTOR ( 'NONE', #9887, 1000.000000000000000 ) ;
#2878 = CIRCLE ( 'NONE', #2263, 4.999999999999998224 ) ;
#2879 = CIRCLE ( 'NONE', #12114, 5.000000000000000888 ) ;
#2880 = VECTOR ( 'NONE', #4300, 1000.000000000000000 ) ;
#2881 = VERTEX_POINT ( 'NONE', #2953 ) ;
#2882 = CARTESIAN_POINT ( 'NONE',  ( -6.315817419440467262, 10.00000000000000000, 46.12357170388329308 ) ) ;
#2884 = ORIENTED_EDGE ( 'NONE', *, *, #5330, .F. ) ;
#2883 = DIRECTION ( 'NONE',  ( 0.000000000000000000, 0.000000000000000000, 1.000000000000000000 ) ) ;
#2885 = EDGE_CURVE ( 'NONE', #2603, #5615, #1671, .T. ) ;
#2886 = LINE ( 'NONE', #4042, #8282 ) ;
#2887 = ORIENTED_EDGE ( 'NONE', *, *, #9171, .T. ) ;
#2888 = CARTESIAN_POINT ( 'NONE',  ( 0.000000000000000000, -10.00000000000000000, 0.000000000000000000 ) ) ;
#2889 = VECTOR ( 'NONE', #1258, 1000.000000000000114 ) ;
#2890 = AXIS2_PLACEMENT_3D ( 'NONE', #8725, #7616, #9606 ) ;
#2891 = DIRECTION ( 'NONE',  ( 0.000000000000000000, 1.000000000000000000, 0.000000000000000000 ) ) ;
#2892 = DIRECTION ( 'NONE',  ( 0.000000000000000000, 0.000000000000000000, 1.000000000000000000 ) ) ;
#2893 = VERTEX_POINT ( 'NONE', #11562 ) ;
#2894 = DIRECTION ( 'NONE',  ( 0.000000000000000000, 0.000000000000000000, 1.000000000000000000 ) ) ;
#2895 = PLANE ( 'NONE',  #2761 ) ;
#2896 = VECTOR ( 'NONE', #11326, 1000.000000000000000 ) ;
#2897 = VECTOR ( 'NONE', #414, 1000.000000000000000 ) ;
#2898 = AXIS2_PLACEMENT_3D ( 'NONE', #4733, #10639, #1847 ) ;
#2899 = DIRECTION ( 'NONE',  ( 0.000000000000000000, 1.000000000000000000, 0.000000000000000000 ) ) ;
#2900 = DIRECTION ( 'NONE',  ( 0.6366343730118643185, 0.000000000000000000, -0.7711657896326772343 ) ) ;
#2901 = ORIENTED_EDGE ( 'NONE', *, *, #4936, .T. ) ;
#2902 = EDGE_CURVE ( 'NONE', #1742, #398, #2763, .T. ) ;
#2903 = EDGE_LOOP ( 'NONE', ( #506, #7482, #10385, #2156 ) ) ;
#2904 = DIRECTION ( 'NONE',  ( 0.8832858382179887835, 0.000000000000000000, -0.4688348621887507006 ) ) ;
#2905 = ADVANCED_FACE ( 'NONE', ( #3261 ), #3143, .T. ) ;
#2906 = CARTESIAN_POINT ( 'NONE',  ( 22.45063275808604786, -10.00000000000000000, -38.99960370005767629 ) ) ;
#2907 = DIRECTION ( 'NONE',  ( 0.000000000000000000, 1.000000000000000000, 0.000000000000000000 ) ) ;
#2908 = EDGE_LOOP ( 'NONE', ( #2227, #6565, #178, #1602 ) ) ;
#2909 = AXIS2_PLACEMENT_3D ( 'NONE', #8703, #916, #3544 ) ;
#2910 = EDGE_CURVE ( 'NONE', #7221, #8927, #9897, .T. ) ;
#2911 = PLANE ( 'NONE',  #9025 ) ;
#2912 = CIRCLE ( 'NONE', #7235, 5.000000000000000888 ) ;
#2913 = ORIENTED_EDGE ( 'NONE', *, *, #7015, .T. ) ;
#2914 = EDGE_CURVE ( 'NONE', #4664, #12625, #7188, .T. ) ;
#2915 = ADVANCED_FACE ( 'NONE', ( #5065 ), #11932, .T. ) ;
#2916 = LINE ( 'NONE', #5040, #4195 ) ;
#2917 = AXIS2_PLACEMENT_3D ( 'NONE', #6202, #11200, #10242 ) ;
#2918 = ORIENTED_EDGE ( 'NONE', *, *, #555, .T. ) ;
#2919 = ORIENTED_EDGE ( 'NONE', *, *, #10764, .F. ) ;
#2920 = DIRECTION ( 'NONE',  ( 0.000000000000000000, 0.000000000000000000, -1.000000000000000000 ) ) ;
#2921 = CIRCLE ( 'NONE', #11740, 44.99999999999999289 ) ;
#2922 = CARTESIAN_POINT ( 'NONE',  ( 33.87033607633497923, -10.00000000000000000, 29.62769538921514112 ) ) ;
#2923 = VERTEX_POINT ( 'NONE', #8999 ) ;
#2924 = EDGE_LOOP ( 'NONE', ( #10951, #8067, #1550, #4201 ) ) ;
#2925 = CARTESIAN_POINT ( 'NONE',  ( 22.51666049839541017, 5.000000000000000000, 20.99999999999999645 ) ) ;
#2927 = ORIENTED_EDGE ( 'NONE', *, *, #10365, .F. ) ;
#2926 = DIRECTION ( 'NONE',  ( 0.000000000000000000, 1.000000000000000000, 0.000000000000000000 ) ) ;
#2928 = AXIS2_PLACEMENT_3D ( 'NONE', #3742, #3673, #3617 ) ;
#2929 = VERTEX_POINT ( 'NONE', #10979 ) ;
#2930 = DIRECTION ( 'NONE',  ( 0.000000000000000000, 1.000000000000000000, 0.000000000000000000 ) ) ;
#2931 = EDGE_CURVE ( 'NONE', #7261, #768, #8672, .T. ) ;
#2932 = AXIS2_PLACEMENT_3D ( 'NONE', #9620, #9432, #7634 ) ;
#2933 = DIRECTION ( 'NONE',  ( -0.000000000000000000, -1.000000000000000000, -0.000000000000000000 ) ) ;
#2934 = VECTOR ( 'NONE', #9384, 1000.000000000000000 ) ;
#2935 = DIRECTION ( 'NONE',  ( 0.000000000000000000, 1.000000000000000000, 0.000000000000000000 ) ) ;
#2936 = CIRCLE ( 'NONE', #6025, 50.99999999999999289 ) ;
#2937 = CIRCLE ( 'NONE', #6424, 5.000000000000004441 ) ;
#2939 = ORIENTED_EDGE ( 'NONE', *, *, #6069, .T. ) ;
#2938 = DIRECTION ( 'NONE',  ( -0.000000000000000000, -1.000000000000000000, -0.000000000000000000 ) ) ;
#2940 = EDGE_CURVE ( 'NONE', #7113, #10629, #642, .T. ) ;
#2941 = CARTESIAN_POINT ( 'NONE',  ( 40.33403783062584580, -10.00000000000000000, -19.95408209559242252 ) ) ;
#2942 = EDGE_LOOP ( 'NONE', ( #12477, #10083, #1791, #7747 ) ) ;
#2943 = CARTESIAN_POINT ( 'NONE',  ( 41.20865162466940035, -20.23931917473911923, 29.46558707621397133 ) ) ;
#2944 = CYLINDRICAL_SURFACE ( 'NONE', #319, 0.5000000000000004441 ) ;
#2945 = CARTESIAN_POINT ( 'NONE',  ( 46.91716864078402693, -10.00000000000000000, -6.658138915334621544 ) ) ;
#2946 = CARTESIAN_POINT ( 'NONE',  ( -41.35240453125117455, -20.23931917473914410, 28.98669762983973541 ) ) ;
#2947 = DIRECTION ( 'NONE',  ( 0.000000000000000000, 1.000000000000000000, 0.000000000000000000 ) ) ;
#2948 = CARTESIAN_POINT ( 'NONE',  ( 0.000000000000000000, -10.00000000000000000, 0.000000000000000000 ) ) ;
#2949 = CIRCLE ( 'NONE', #10131, 5.000000000000004441 ) ;
#2950 = ORIENTED_EDGE ( 'NONE', *, *, #2581, .T. ) ;
#2951 = VERTEX_POINT ( 'NONE', #2182 ) ;
#2952 = CARTESIAN_POINT ( 'NONE',  ( 9.797174393178821713E-16, -5.000000000000000000, -34.00000000000000000 ) ) ;
#2954 = ORIENTED_EDGE ( 'NONE', *, *, #2835, .F. ) ;
#2953 = CARTESIAN_POINT ( 'NONE',  ( -26.79583779944143629, -10.00000000000000000, 42.99252106000928109 ) ) ;
#2955 = ADVANCED_FACE ( 'NONE', ( #11034 ), #11864, .T. ) ;
#2956 = PLANE ( 'NONE',  #666 ) ;
#2957 = ORIENTED_EDGE ( 'NONE', *, *, #6212, .T. ) ;
#2958 = VECTOR ( 'NONE', #12592, 1000.000000000000000 ) ;
#2959 = CIRCLE ( 'NONE', #4182, 4.999999999999998224 ) ;
#2960 = AXIS2_PLACEMENT_3D ( 'NONE', #4665, #2739, #6664 ) ;
#2961 = LINE ( 'NONE', #11754, #1744 ) ;
#2962 = CARTESIAN_POINT ( 'NONE',  ( -5.817177892307043408, -19.06525438257990857, 44.62242083716719776 ) ) ;
#2963 = DIRECTION ( 'NONE',  ( 0.000000000000000000, 1.000000000000000000, 0.000000000000000000 ) ) ;
#2964 = DIRECTION ( 'NONE',  ( 0.000000000000000000, 1.000000000000000000, 0.000000000000000000 ) ) ;
#2965 = ORIENTED_EDGE ( 'NONE', *, *, #10878, .T. ) ;
#2966 = EDGE_CURVE ( 'NONE', #429, #12137, #6943, .T. ) ;
#2967 = LINE ( 'NONE', #4954, #7102 ) ;
#2968 = AXIS2_PLACEMENT_3D ( 'NONE', #3857, #7783, #11684 ) ;
#2969 = AXIS2_PLACEMENT_3D ( 'NONE', #8784, #4973, #12684 ) ;
#2970 = CARTESIAN_POINT ( 'NONE',  ( 34.66838806764678793, 10.00000000000000000, -36.93882319809825532 ) ) ;
#2971 = CARTESIAN_POINT ( 'NONE',  ( 1.605440076985782172, 10.00000000000000000, 50.63394466786608206 ) ) ;
#2972 = ORIENTED_EDGE ( 'NONE', *, *, #7744, .T. ) ;
#2973 = ORIENTED_EDGE ( 'NONE', *, *, #2078, .F. ) ;
#2974 = DIRECTION ( 'NONE',  ( 0.000000000000000000, 1.000000000000000000, 0.000000000000000000 ) ) ;
#2975 = CIRCLE ( 'NONE', #10777, 4.999999999999997335 ) ;
#2976 = LINE ( 'NONE', #8835, #10164 ) ;
#2977 = AXIS2_PLACEMENT_3D ( 'NONE', #11353, #8485, #4809 ) ;
#2978 = DIRECTION ( 'NONE',  ( 0.000000000000000000, 0.000000000000000000, 1.000000000000000000 ) ) ;
#2979 = CYLINDRICAL_SURFACE ( 'NONE', #10855, 0.4999999999999970024 ) ;
#2980 = ORIENTED_EDGE ( 'NONE', *, *, #7879, .F. ) ;
#2981 = CARTESIAN_POINT ( 'NONE',  ( 37.08024765038276627, -20.23931917473911923, 28.14833299833678382 ) ) ;
#2982 = AXIS2_PLACEMENT_3D ( 'NONE', #3986, #3800, #7924 ) ;
#2983 = ADVANCED_FACE ( 'NONE', ( #4283 ), #5120, .T. ) ;
#2984 = ORIENTED_EDGE ( 'NONE', *, *, #5051, .T. ) ;
#2985 = DIRECTION ( 'NONE',  ( 0.9948960270893570934, 0.000000000000000000, 0.1009053778636862658 ) ) ;
#2986 = CARTESIAN_POINT ( 'NONE',  ( 11.06088521563188465, -10.00000000000000000, -44.54739544167657783 ) ) ;
#2987 = ORIENTED_EDGE ( 'NONE', *, *, #1747, .F. ) ;
#2988 = ORIENTED_EDGE ( 'NONE', *, *, #8740, .T. ) ;
#2989 = LINE ( 'NONE', #5946, #11495 ) ;
#2991 = ORIENTED_EDGE ( 'NONE', *, *, #371, .F. ) ;
#2990 = DIRECTION ( 'NONE',  ( -0.1950903220161349927, 0.000000000000000000, -0.9807852804032292093 ) ) ;
#2992 = EDGE_CURVE ( 'NONE', #6038, #7756, #263, .T. ) ;
#2993 = ORIENTED_EDGE ( 'NONE', *, *, #6636, .F. ) ;
#2994 = CARTESIAN_POINT ( 'NONE',  ( 30.89470704032643766, -10.00000000000000000, -33.94599680791382212 ) ) ;
#2995 = CIRCLE ( 'NONE', #1983, 0.4999999999999970024 ) ;
#2996 = LINE ( 'NONE', #8737, #2538 ) ;
#2997 = DIRECTION ( 'NONE',  ( -1.000000000000000000, 0.000000000000000000, 1.040834085586083310E-14 ) ) ;
#2998 = AXIS2_PLACEMENT_3D ( 'NONE', #1796, #11741, #8869 ) ;
#2999 = ADVANCED_FACE ( 'NONE', ( #11813 ), #8943, .T. ) ;
#3001 = ORIENTED_EDGE ( 'NONE', *, *, #10334, .F. ) ;
#3000 = PLANE ( 'NONE',  #1677 ) ;
#3002 = FACE_OUTER_BOUND ( 'NONE', #6160, .T. ) ;
#3003 = ORIENTED_EDGE ( 'NONE', *, *, #6312, .F. ) ;
#3004 = EDGE_LOOP ( 'NONE', ( #5802, #9029, #8405, #294 ) ) ;
#3005 = DIRECTION ( 'NONE',  ( 0.9577788927496271310, 0.000000000000000000, 0.2875058131643568604 ) ) ;
#3006 = CARTESIAN_POINT ( 'NONE',  ( 41.35240453125157956, -20.23931917473911923, 28.98669762983915632 ) ) ;
#3007 = CARTESIAN_POINT ( 'NONE',  ( 37.88346327708632799, -10.00000000000000000, 28.46743292285612625 ) ) ;
#3008 = CARTESIAN_POINT ( 'NONE',  ( -1.605440076985779729, -10.00000000000000000, -50.63394466786608206 ) ) ;
#3009 = DIRECTION ( 'NONE',  ( 0.000000000000000000, 1.000000000000000000, 0.000000000000000000 ) ) ;
#3010 = ORIENTED_EDGE ( 'NONE', *, *, #2288, .F. ) ;
#3011 = EDGE_CURVE ( 'NONE', #9612, #11175, #8442, .T. ) ;
#3012 = CARTESIAN_POINT ( 'NONE',  ( 0.000000000000000000, -18.55636363116342480, 0.000000000000000000 ) ) ;
#3014 = ORIENTED_EDGE ( 'NONE', *, *, #75, .T. ) ;
#3013 = DIRECTION ( 'NONE',  ( 0.000000000000000000, 1.000000000000000000, 0.000000000000000000 ) ) ;
#3015 = CARTESIAN_POINT ( 'NONE',  ( 26.79583779944204025, -10.00000000000000000, 42.99252106000891871 ) ) ;
#3016 = EDGE_CURVE ( 'NONE', #5228, #4601, #843, .T. ) ;
#3017 = ORIENTED_EDGE ( 'NONE', *, *, #10529, .T. ) ;
#3018 = DIRECTION ( 'NONE',  ( -0.000000000000000000, -1.000000000000000000, -0.000000000000000000 ) ) ;
#3019 = LINE ( 'NONE', #7732, #1348 ) ;
#3020 = CARTESIAN_POINT ( 'NONE',  ( 0.000000000000000000, 10.00000000000000000, 0.000000000000000000 ) ) ;
#3021 = DIRECTION ( 'NONE',  ( 0.000000000000000000, 1.000000000000000000, 0.000000000000000000 ) ) ;
#3022 = EDGE_CURVE ( 'NONE', #8946, #8699, #3506, .T. ) ;
#3023 = VERTEX_POINT ( 'NONE', #3209 ) ;
#3024 = EDGE_LOOP ( 'NONE', ( #11865, #10201, #3750, #2884 ) ) ;
#3025 = CARTESIAN_POINT ( 'NONE',  ( -45.89377128388448313, -19.06525438257992278, -11.80310486381277713 ) ) ;
#3026 = CARTESIAN_POINT ( 'NONE',  ( 0.000000000000000000, 10.00000000000000000, 0.000000000000000000 ) ) ;
#3027 = CARTESIAN_POINT ( 'NONE',  ( -34.84146812720853603, 10.00000000000000000, -30.87629374033878094 ) ) ;
#3028 = ORIENTED_EDGE ( 'NONE', *, *, #4634, .T. ) ;
#3029 = ORIENTED_EDGE ( 'NONE', *, *, #9038, .T. ) ;
#3030 = FACE_OUTER_BOUND ( 'NONE', #11874, .T. ) ;
#3031 = DIRECTION ( 'NONE',  ( 0.000000000000000000, 1.000000000000000000, 0.000000000000000000 ) ) ;
#3032 = EDGE_CURVE ( 'NONE', #9002, #6687, #3921, .T. ) ;
#3033 = DIRECTION ( 'NONE',  ( 0.000000000000000000, 1.000000000000000000, 0.000000000000000000 ) ) ;
#3034 = DIRECTION ( 'NONE',  ( 0.000000000000000000, 1.000000000000000000, 0.000000000000000000 ) ) ;
#3035 = DESIGN_CONTEXT ( 'detailed design', #11791, 'design' ) ;
#3036 = CARTESIAN_POINT ( 'NONE',  ( 47.07572326156211773, -10.00000000000000000, 18.27912140669838337 ) ) ;
#3037 = ORIENTED_EDGE ( 'NONE', *, *, #1110, .F. ) ;
#3038 = DIRECTION ( 'NONE',  ( 0.000000000000000000, 1.000000000000000000, 0.000000000000000000 ) ) ;
#3039 = DIRECTION ( 'NONE',  ( -0.8805492600596829256, 0.000000000000000000, -0.4739546398215180867 ) ) ;
#3040 = VERTEX_POINT ( 'NONE', #2122 ) ;
#3041 = DIRECTION ( 'NONE',  ( 0.4943214563281603247, 0.000000000000000000, -0.8692791828944294030 ) ) ;
#3042 = CARTESIAN_POINT ( 'NONE',  ( 1.127393218865628155, 10.00000000000000000, 50.48741412005625051 ) ) ;
#3043 = VERTEX_POINT ( 'NONE', #1164 ) ;
#3044 = VERTEX_POINT ( 'NONE', #9125 ) ;
#3045 = DIRECTION ( 'NONE',  ( 0.000000000000000000, 1.000000000000000000, 0.000000000000000000 ) ) ;
#3047 = ORIENTED_EDGE ( 'NONE', *, *, #10374, .T. ) ;
#3046 = LINE ( 'NONE', #10953, #11533 ) ;
#3048 = EDGE_CURVE ( 'NONE', #5928, #4235, #8164, .T. ) ;
#3049 = VERTEX_POINT ( 'NONE', #8404 ) ;
#3050 = LINE ( 'NONE', #4142, #12530 ) ;
#3051 = EDGE_CURVE ( 'NONE', #5069, #4719, #6182, .T. ) ;
#3052 = DIRECTION ( 'NONE',  ( -0.7071067811865389130, 0.000000000000000000, 0.7071067811865562325 ) ) ;
#3053 = CARTESIAN_POINT ( 'NONE',  ( -11.06380523147281814, -10.00000000000000000, 49.78546187191632555 ) ) ;
#3054 = ORIENTED_EDGE ( 'NONE', *, *, #2046, .T. ) ;
#3056 = ORIENTED_EDGE ( 'NONE', *, *, #3847, .F. ) ;
#3055 = FACE_OUTER_BOUND ( 'NONE', #9235, .T. ) ;
#3057 = DIRECTION ( 'NONE',  ( 0.000000000000000000, 1.000000000000000000, 0.000000000000000000 ) ) ;
#3058 = ORIENTED_EDGE ( 'NONE', *, *, #9204, .T. ) ;
#3059 = CARTESIAN_POINT ( 'NONE',  ( 0.000000000000000000, 5.000000000000000000, 0.000000000000000000 ) ) ;
#3060 = EDGE_CURVE ( 'NONE', #2848, #9285, #4116, .T. ) ;
#3061 = AXIS2_PLACEMENT_3D ( 'NONE', #11570, #4687, #1563 ) ;
#3062 = DIRECTION ( 'NONE',  ( 0.000000000000000000, 1.000000000000000000, 0.000000000000000000 ) ) ;
#3063 = CIRCLE ( 'NONE', #5730, 5.000000000000000888 ) ;
#3064 = EDGE_CURVE ( 'NONE', #3400, #7588, #1261, .T. ) ;
#3065 = EDGE_CURVE ( 'NONE', #8212, #784, #11097, .T. ) ;
#3066 = DIRECTION ( 'NONE',  ( 0.9922778767136677391, -0.000000000000000000, 0.1240347345892082037 ) ) ;
#3067 = EDGE_CURVE ( 'NONE', #2391, #4389, #11714, .T. ) ;
#3068 = EDGE_CURVE ( 'NONE', #12625, #4902, #2685, .T. ) ;
#3069 = ORIENTED_EDGE ( 'NONE', *, *, #3929, .F. ) ;
#3070 = AXIS2_PLACEMENT_3D ( 'NONE', #6950, #2964, #11821 ) ;
#3071 = VECTOR ( 'NONE', #5519, 1000.000000000000114 ) ;
#3072 = EDGE_LOOP ( 'NONE', ( #7389, #9719, #1257, #4632 ) ) ;
#3073 = CIRCLE ( 'NONE', #10260, 5.000000000000003553 ) ;
#3074 = DIRECTION ( 'NONE',  ( 0.000000000000000000, 1.000000000000000000, 0.000000000000000000 ) ) ;
#3076 = ORIENTED_EDGE ( 'NONE', *, *, #10011, .F. ) ;
#3075 = CARTESIAN_POINT ( 'NONE',  ( -46.21285384832073362, 10.00000000000000000, -20.36227244670267211 ) ) ;
#3077 = CARTESIAN_POINT ( 'NONE',  ( 28.14833299833665237, 10.00000000000000000, -37.08024765038285864 ) ) ;
#3078 = ORIENTED_EDGE ( 'NONE', *, *, #7636, .T. ) ;
#3079 = CARTESIAN_POINT ( 'NONE',  ( 0.000000000000000000, -5.000000000000000000, 0.000000000000000000 ) ) ;
#3080 = DIRECTION ( 'NONE',  ( -0.9922778767136671840, -0.000000000000000000, 0.1240347345892116454 ) ) ;
#3081 = DIRECTION ( 'NONE',  ( 0.000000000000000000, 1.000000000000000000, 0.000000000000000000 ) ) ;
#3082 = CIRCLE ( 'NONE', #20, 5.000000000000000000 ) ;
#3083 = AXIS2_PLACEMENT_3D ( 'NONE', #12673, #9839, #7024 ) ;
#3084 = CARTESIAN_POINT ( 'NONE',  ( 27.11191122463445069, 10.00000000000000000, 42.60509675787089634 ) ) ;
#3085 = ADVANCED_FACE ( 'NONE', ( #10209 ), #3585, .T. ) ;
#3086 = VECTOR ( 'NONE', #8670, 1000.000000000000227 ) ;
#3087 = AXIS2_PLACEMENT_3D ( 'NONE', #11237, #11367, #713 ) ;
#3088 = ORIENTED_EDGE ( 'NONE', *, *, #10122, .T. ) ;
#3089 = ORIENTED_EDGE ( 'NONE', *, *, #8972, .F. ) ;
#3090 = DIRECTION ( 'NONE',  ( 0.000000000000000000, 1.000000000000000000, 0.000000000000000000 ) ) ;
#3091 = CARTESIAN_POINT ( 'NONE',  ( 0.000000000000000000, -20.23931917473912634, 0.000000000000000000 ) ) ;
#3092 = VECTOR ( 'NONE', #6975, 1000.000000000000000 ) ;
#3093 = AXIS2_PLACEMENT_3D ( 'NONE', #1531, #7434, #7313 ) ;
#3094 = CARTESIAN_POINT ( 'NONE',  ( 0.000000000000000000, 10.00000000000000000, 0.000000000000000000 ) ) ;
#3095 = AXIS2_PLACEMENT_3D ( 'NONE', #12287, #10978, #9418 ) ;
#3096 = ORIENTED_EDGE ( 'NONE', *, *, #9689, .F. ) ;
#3097 = EDGE_LOOP ( 'NONE', ( #10199, #10619, #7533, #2747 ) ) ;
#3098 = CARTESIAN_POINT ( 'NONE',  ( -45.84930138799938959, -18.55636363116341414, -2.157587686025446150 ) ) ;
#3099 = CARTESIAN_POINT ( 'NONE',  ( -49.34782179739797670, 10.00000000000000000, -11.45278456627774943 ) ) ;
#3100 = EDGE_CURVE ( 'NONE', #2653, #6778, #5374, .T. ) ;
#3101 = DIRECTION ( 'NONE',  ( 0.000000000000000000, 0.000000000000000000, -1.000000000000000000 ) ) ;
#3102 = LINE ( 'NONE', #7032, #10497 ) ;
#3103 = CARTESIAN_POINT ( 'NONE',  ( 6.315817419440145741, -10.00000000000000000, -46.12357170388334282 ) ) ;
#3104 = ORIENTED_EDGE ( 'NONE', *, *, #6456, .F. ) ;
#3105 = AXIS2_PLACEMENT_3D ( 'NONE', #10375, #1576, #5472 ) ;
#3106 = CARTESIAN_POINT ( 'NONE',  ( -47.31460686609771926, 10.00000000000000000, 2.622880895176094462 ) ) ;
#3108 = ORIENTED_EDGE ( 'NONE', *, *, #6628, .F. ) ;
#3107 = AXIS2_PLACEMENT_3D ( 'NONE', #11717, #2850, #2920 ) ;
#3109 = VERTEX_POINT ( 'NONE', #11280 ) ;
#3110 = DIRECTION ( 'NONE',  ( 0.000000000000000000, 1.000000000000000000, 0.000000000000000000 ) ) ;
#3111 = EDGE_CURVE ( 'NONE', #635, #1154, #8226, .T. ) ;
#3112 = DIRECTION ( 'NONE',  ( 0.000000000000000000, 0.000000000000000000, 1.000000000000000000 ) ) ;
#3113 = ORIENTED_EDGE ( 'NONE', *, *, #11537, .F. ) ;
#3114 = ORIENTED_EDGE ( 'NONE', *, *, #385, .F. ) ;
#3115 = CARTESIAN_POINT ( 'NONE',  ( 0.000000000000000000, 10.00000000000000000, 0.000000000000000000 ) ) ;
#3116 = CARTESIAN_POINT ( 'NONE',  ( -35.31113623141688862, -10.00000000000000000, -31.60182249696968171 ) ) ;
#3117 = AXIS2_PLACEMENT_3D ( 'NONE', #158, #9088, #291 ) ;
#3118 = VECTOR ( 'NONE', #9787, 1000.000000000000227 ) ;
#3119 = AXIS2_PLACEMENT_3D ( 'NONE', #7641, #10583, #1790 ) ;
#3120 = ORIENTED_EDGE ( 'NONE', *, *, #2140, .T. ) ;
#3121 = CARTESIAN_POINT ( 'NONE',  ( -44.62242083716717644, -19.06525438257992278, -5.817177892307208609 ) ) ;
#3122 = ORIENTED_EDGE ( 'NONE', *, *, #2038, .F. ) ;
#3123 = CARTESIAN_POINT ( 'NONE',  ( -2.622880895175929261, 10.00000000000000000, -47.31460686609772637 ) ) ;
#3124 = LINE ( 'NONE', #2035, #4588 ) ;
#3125 = VECTOR ( 'NONE', #3217, 1000.000000000000114 ) ;
#3126 = ADVANCED_FACE ( 'NONE', ( #10447 ), #4521, .T. ) ;
#3127 = VECTOR ( 'NONE', #2926, 1000.000000000000000 ) ;
#3128 = VERTEX_POINT ( 'NONE', #7510 ) ;
#3130 = ORIENTED_EDGE ( 'NONE', *, *, #4157, .T. ) ;
#3129 = FACE_OUTER_BOUND ( 'NONE', #7642, .T. ) ;
#3131 = CARTESIAN_POINT ( 'NONE',  ( -24.10574140080116123, -20.23931917473913700, -40.79785237731714886 ) ) ;
#3132 = ORIENTED_EDGE ( 'NONE', *, *, #5574, .T. ) ;
#3133 = DIRECTION ( 'NONE',  ( 0.000000000000000000, 1.000000000000000000, 0.000000000000000000 ) ) ;
#3134 = DIRECTION ( 'NONE',  ( 0.000000000000000000, 1.000000000000000000, 0.000000000000000000 ) ) ;
#3135 = AXIS2_PLACEMENT_3D ( 'NONE', #1166, #10729, #7921 ) ;
#3136 = CARTESIAN_POINT ( 'NONE',  ( 37.08024765038276627, -10.00000000000000000, 28.14833299833678382 ) ) ;
#3137 = AXIS2_PLACEMENT_3D ( 'NONE', #11704, #2974, #6835 ) ;
#3138 = VECTOR ( 'NONE', #6709, 1000.000000000000000 ) ;
#3139 = EDGE_CURVE ( 'NONE', #11037, #11918, #10077, .T. ) ;
#3140 = ORIENTED_EDGE ( 'NONE', *, *, #12494, .F. ) ;
#3141 = EDGE_CURVE ( 'NONE', #12137, #789, #7260, .T. ) ;
#3142 = CARTESIAN_POINT ( 'NONE',  ( 41.20865162466940035, 10.00000000000000000, 29.46558707621397133 ) ) ;
#3144 = ORIENTED_EDGE ( 'NONE', *, *, #714, .T. ) ;
#3143 = PLANE ( 'NONE',  #9266 ) ;
#3145 = EDGE_CURVE ( 'NONE', #1314, #7132, #2610, .T. ) ;
#3146 = FACE_OUTER_BOUND ( 'NONE', #6910, .T. ) ;
#3147 = VECTOR ( 'NONE', #5214, 1000.000000000000114 ) ;
#3148 = ORIENTED_EDGE ( 'NONE', *, *, #10678, .F. ) ;
#3149 = EDGE_CURVE ( 'NONE', #1564, #11175, #11349, .T. ) ;
#3150 = DIRECTION ( 'NONE',  ( 0.1240347345892081898, 0.000000000000000000, -0.9922778767136676281 ) ) ;
#3151 = ADVANCED_FACE ( 'NONE', ( #1597 ), #1659, .F. ) ;
#3152 = CARTESIAN_POINT ( 'NONE',  ( 8.743875204153926717, -19.06525438257995120, 49.73725612068061963 ) ) ;
#3153 = AXIS2_PLACEMENT_3D ( 'NONE', #6405, #10328, #8097 ) ;
#3154 = ORIENTED_EDGE ( 'NONE', *, *, #5032, .F. ) ;
#3155 = FACE_OUTER_BOUND ( 'NONE', #347, .T. ) ;
#3156 = DIRECTION ( 'NONE',  ( 0.000000000000000000, 1.000000000000000000, 0.000000000000000000 ) ) ;
#3157 = ORIENTED_EDGE ( 'NONE', *, *, #4996, .T. ) ;
#3158 = EDGE_LOOP ( 'NONE', ( #6126, #2323, #6674, #4911 ) ) ;
#3159 = CARTESIAN_POINT ( 'NONE',  ( -46.12357170388322913, 10.00000000000000000, 6.315817419440961089 ) ) ;
#3160 = ORIENTED_EDGE ( 'NONE', *, *, #9412, .F. ) ;
#3161 = VECTOR ( 'NONE', #255, 1000.000000000000000 ) ;
#3162 = VECTOR ( 'NONE', #11218, 1000.000000000000000 ) ;
#3163 = DIRECTION ( 'NONE',  ( 0.8314696123025480112, 0.000000000000000000, 0.5555702330195980698 ) ) ;
#3164 = AXIS2_PLACEMENT_3D ( 'NONE', #4798, #12374, #1725 ) ;
#3165 = ADVANCED_FACE ( 'NONE', ( #628 ), #8356, .T. ) ;
#3166 = LINE ( 'NONE', #4962, #12143 ) ;
#3167 = ORIENTED_EDGE ( 'NONE', *, *, #8531, .T. ) ;
#3168 = VERTEX_POINT ( 'NONE', #9247 ) ;
#3169 = DIRECTION ( 'NONE',  ( -0.4481489385050780316, 0.000000000000000000, -0.8939589078457530480 ) ) ;
#3170 = CARTESIAN_POINT ( 'NONE',  ( -45.89377128388439786, -19.06525438257993699, 11.80310486381309865 ) ) ;
#3171 = DIRECTION ( 'NONE',  ( 0.9954650415614823000, -0.000000000000000000, 0.09512807697518249617 ) ) ;
#3172 = CARTESIAN_POINT ( 'NONE',  ( 0.000000000000000000, 10.00000000000000000, 0.000000000000000000 ) ) ;
#3173 = CARTESIAN_POINT ( 'NONE',  ( 30.87629374033841501, -20.42202547882114416, -34.84146812720885578 ) ) ;
#3174 = AXIS2_PLACEMENT_3D ( 'NONE', #8, #79, #10922 ) ;
#3176 = ORIENTED_EDGE ( 'NONE', *, *, #4933, .T. ) ;
#3175 = AXIS2_PLACEMENT_3D ( 'NONE', #8528, #10561, #12485 ) ;
#3177 = ORIENTED_EDGE ( 'NONE', *, *, #8582, .F. ) ;
#3178 = DIRECTION ( 'NONE',  ( 0.000000000000000000, 1.000000000000000000, 0.000000000000000000 ) ) ;
#3179 = ORIENTED_EDGE ( 'NONE', *, *, #2966, .T. ) ;
#3180 = APPROVAL_STATUS ( 'not_yet_approved' ) ;
#3181 = ORIENTED_EDGE ( 'NONE', *, *, #5647, .T. ) ;
#3182 = EDGE_CURVE ( 'NONE', #3900, #940, #446, .T. ) ;
#3183 = CARTESIAN_POINT ( 'NONE',  ( -46.21285384832059862, -10.00000000000000000, 20.86227244670299896 ) ) ;
#3184 = ORIENTED_EDGE ( 'NONE', *, *, #2444, .T. ) ;
#3185 = VECTOR ( 'NONE', #1928, 1000.000000000000114 ) ;
#3186 = AXIS2_PLACEMENT_3D ( 'NONE', #4633, #8578, #9590 ) ;
#3187 = ORIENTED_EDGE ( 'NONE', *, *, #12121, .T. ) ;
#3188 = VERTEX_POINT ( 'NONE', #10266 ) ;
#3189 = PLANE ( 'NONE',  #4350 ) ;
#3190 = ORIENTED_EDGE ( 'NONE', *, *, #6827, .T. ) ;
#3191 = PLANE ( 'NONE',  #638 ) ;
#3192 = AXIS2_PLACEMENT_3D ( 'NONE', #350, #7283, #11187 ) ;
#3193 = CARTESIAN_POINT ( 'NONE',  ( 20.52974213179046359, 10.00000000000000000, -42.70926380875521744 ) ) ;
#3194 = AXIS2_PLACEMENT_3D ( 'NONE', #204, #11949, #7204 ) ;
#3195 = DIRECTION ( 'NONE',  ( 0.7071067811865436870, 0.000000000000000000, -0.7071067811865512365 ) ) ;
#3196 = EDGE_CURVE ( 'NONE', #11199, #11725, #7832, .T. ) ;
#3197 = ORIENTED_EDGE ( 'NONE', *, *, #7710, .T. ) ;
#3199 = EDGE_LOOP ( 'NONE', ( #4915, #6078, #11445, #11629 ) ) ;
#3198 = CARTESIAN_POINT ( 'NONE',  ( -27.38034598923419338, 10.00000000000000000, 43.02692939903829483 ) ) ;
#3200 = VECTOR ( 'NONE', #195, 1000.000000000000000 ) ;
#3201 = CARTESIAN_POINT ( 'NONE',  ( 0.000000000000000000, -10.00000000000000000, 0.000000000000000000 ) ) ;
#3202 = ORIENTED_EDGE ( 'NONE', *, *, #9502, .F. ) ;
#3203 = DIRECTION ( 'NONE',  ( 8.659560562354994488E-17, 0.7071067811865425767, -0.7071067811865525687 ) ) ;
#3204 = DIRECTION ( 'NONE',  ( 0.000000000000000000, 1.000000000000000000, 0.000000000000000000 ) ) ;
#3205 = EDGE_CURVE ( 'NONE', #5901, #2429, #11666, .T. ) ;
#3206 = DIRECTION ( 'NONE',  ( 0.6544111638669529718, -0.000000000000000000, 0.7561388950492495820 ) ) ;
#3207 = VECTOR ( 'NONE', #8151, 1000.000000000000000 ) ;
#3208 = VERTEX_POINT ( 'NONE', #11545 ) ;
#3210 = ORIENTED_EDGE ( 'NONE', *, *, #2940, .T. ) ;
#3209 = CARTESIAN_POINT ( 'NONE',  ( -11.45278456627792174, 10.00000000000000000, -49.34782179739794117 ) ) ;
#3211 = CARTESIAN_POINT ( 'NONE',  ( -6.828624728365829455, -19.06525438257990857, 45.38924439456601334 ) ) ;
#3212 = VERTEX_POINT ( 'NONE', #11733 ) ;
#3213 = DIRECTION ( 'NONE',  ( 0.000000000000000000, 1.000000000000000000, 0.000000000000000000 ) ) ;
#3214 = EDGE_CURVE ( 'NONE', #3711, #3332, #4666, .T. ) ;
#3215 = DIRECTION ( 'NONE',  ( 0.000000000000000000, 0.000000000000000000, 1.000000000000000000 ) ) ;
#3216 = ORIENTED_EDGE ( 'NONE', *, *, #6854, .F. ) ;
#3217 = DIRECTION ( 'NONE',  ( -0.1240347345892081760, 0.000000000000000000, 0.9922778767136676281 ) ) ;
#3218 = FACE_OUTER_BOUND ( 'NONE', #7195, .T. ) ;
#3219 = EDGE_CURVE ( 'NONE', #9941, #6727, #4958, .T. ) ;
#3220 = ORIENTED_EDGE ( 'NONE', *, *, #6439, .F. ) ;
#3221 = ORIENTED_EDGE ( 'NONE', *, *, #385, .T. ) ;
#3222 = CARTESIAN_POINT ( 'NONE',  ( 0.000000000000000000, 10.00000000000000000, 0.000000000000000000 ) ) ;
#3223 = CARTESIAN_POINT ( 'NONE',  ( -23.67853845910838828, -20.23931917473913700, -39.32099234290784295 ) ) ;
#3224 = CARTESIAN_POINT ( 'NONE',  ( 35.24837783041262895, 10.00000000000000000, 36.85853849957258177 ) ) ;
#3225 = VERTEX_POINT ( 'NONE', #9687 ) ;
#3226 = VERTEX_POINT ( 'NONE', #6667 ) ;
#3227 = DIRECTION ( 'NONE',  ( 0.000000000000000000, 1.000000000000000000, 0.000000000000000000 ) ) ;
#3228 = LINE ( 'NONE', #7151, #7245 ) ;
#3229 = CARTESIAN_POINT ( 'NONE',  ( 15.55241692398397291, -10.00000000000000000, 43.18490419363076427 ) ) ;
#3230 = CARTESIAN_POINT ( 'NONE',  ( -11.70188957472674929, -19.06525438257992988, -43.45187890507039441 ) ) ;
#3231 = DIRECTION ( 'NONE',  ( 0.000000000000000000, 0.000000000000000000, 1.000000000000000000 ) ) ;
#3232 = ADVANCED_FACE ( 'NONE', ( #5634 ), #892, .T. ) ;
#3233 = ORIENTED_EDGE ( 'NONE', *, *, #8592, .F. ) ;
#3234 = PLANE ( 'NONE',  #12206 ) ;
#3235 = EDGE_CURVE ( 'NONE', #6029, #6900, #4129, .T. ) ;
#3236 = SECURITY_CLASSIFICATION_LEVEL ( 'unclassified' ) ;
#3237 = EDGE_CURVE ( 'NONE', #8167, #9002, #3708, .T. ) ;
#3238 = CARTESIAN_POINT ( 'NONE',  ( -26.79583779944172761, -20.23931917473913700, -42.99252106000911766 ) ) ;
#3239 = VERTEX_POINT ( 'NONE', #758 ) ;
#3240 = DIRECTION ( 'NONE',  ( 0.000000000000000000, 0.000000000000000000, 1.000000000000000000 ) ) ;
#3241 = ORIENTED_EDGE ( 'NONE', *, *, #12631, .F. ) ;
#3242 = ORIENTED_EDGE ( 'NONE', *, *, #2914, .F. ) ;
#3243 = ORIENTED_EDGE ( 'NONE', *, *, #996, .F. ) ;
#3244 = DIRECTION ( 'NONE',  ( 0.9922778767136680722, 0.000000000000000000, 0.1240347345892047065 ) ) ;
#3245 = ORIENTED_EDGE ( 'NONE', *, *, #2205, .T. ) ;
#3246 = LINE ( 'NONE', #6140, #2276 ) ;
#3247 = CARTESIAN_POINT ( 'NONE',  ( 41.35240453125097559, -10.00000000000000000, -28.98669762984002318 ) ) ;
#3248 = EDGE_CURVE ( 'NONE', #10605, #8802, #6600, .T. ) ;
#3249 = LINE ( 'NONE', #239, #6451 ) ;
#3250 = DIRECTION ( 'NONE',  ( 0.000000000000000000, 1.000000000000000000, 0.000000000000000000 ) ) ;
#3251 = ORIENTED_EDGE ( 'NONE', *, *, #7793, .T. ) ;
#3253 = ORIENTED_EDGE ( 'NONE', *, *, #2668, .F. ) ;
#3252 = DIRECTION ( 'NONE',  ( -0.2651351511132846173, 0.000000000000000000, 0.9642112588246082305 ) ) ;
#3254 = CARTESIAN_POINT ( 'NONE',  ( 0.000000000000000000, -10.00000000000000000, 0.000000000000000000 ) ) ;
#3255 = ORIENTED_EDGE ( 'NONE', *, *, #10041, .F. ) ;
#3256 = DIRECTION ( 'NONE',  ( 0.000000000000000000, 1.000000000000000000, 0.000000000000000000 ) ) ;
#3257 = CARTESIAN_POINT ( 'NONE',  ( 40.19566517527186278, 10.00000000000000000, 23.48578117747860361 ) ) ;
#3258 = EDGE_CURVE ( 'NONE', #9491, #10560, #10299, .T. ) ;
#3259 = CARTESIAN_POINT ( 'NONE',  ( -17.89353851188256428, -10.00000000000000000, -47.39404044806786942 ) ) ;
#3260 = EDGE_CURVE ( 'NONE', #5377, #3539, #3515, .T. ) ;
#3262 = ORIENTED_EDGE ( 'NONE', *, *, #7259, .T. ) ;
#3261 = FACE_OUTER_BOUND ( 'NONE', #5258, .T. ) ;
#3263 = DIRECTION ( 'NONE',  ( 0.09512807697520379857, -0.000000000000000000, 0.9954650415614801906 ) ) ;
#3264 = EDGE_LOOP ( 'NONE', ( #5093, #11091, #11128, #2698 ) ) ;
#3265 = CARTESIAN_POINT ( 'NONE',  ( 0.000000000000000000, -5.000000000000000000, -39.00000000000002132 ) ) ;
#3266 = CARTESIAN_POINT ( 'NONE',  ( 0.000000000000000000, 10.00000000000000000, 0.000000000000000000 ) ) ;
#3267 = ORIENTED_EDGE ( 'NONE', *, *, #7259, .F. ) ;
#3268 = DIRECTION ( 'NONE',  ( 0.000000000000000000, 1.000000000000000000, 0.000000000000000000 ) ) ;
#3269 = EDGE_LOOP ( 'NONE', ( #7717, #5949, #5012, #12484 ) ) ;
#3270 = DIRECTION ( 'NONE',  ( -0.1950903220161216423, 0.000000000000000000, 0.9807852804032317628 ) ) ;
#3271 = CARTESIAN_POINT ( 'NONE',  ( 41.20865162466878928, 10.00000000000000000, -29.46558707621483109 ) ) ;
#3272 = CIRCLE ( 'NONE', #2042, 50.99999999999999289 ) ;
#3273 = AXIS2_PLACEMENT_3D ( 'NONE', #10089, #4424, #11230 ) ;
#3274 = VERTEX_POINT ( 'NONE', #6601 ) ;
#3275 = CARTESIAN_POINT ( 'NONE',  ( 43.18490419363104849, -10.00000000000000000, 15.55241692398320197 ) ) ;
#3276 = ADVANCED_FACE ( 'NONE', ( #1921 ), #6724, .T. ) ;
#3277 = DIRECTION ( 'NONE',  ( 0.000000000000000000, 1.000000000000000000, 0.000000000000000000 ) ) ;
#3278 = CARTESIAN_POINT ( 'NONE',  ( 0.000000000000000000, 10.00000000000000000, 0.000000000000000000 ) ) ;
#3279 = CARTESIAN_POINT ( 'NONE',  ( 0.000000000000000000, -10.00000000000000000, 0.000000000000000000 ) ) ;
#3280 = ORIENTED_EDGE ( 'NONE', *, *, #6688, .F. ) ;
#3281 = AXIS2_PLACEMENT_3D ( 'NONE', #2130, #9835, #917 ) ;
#3282 = ORIENTED_EDGE ( 'NONE', *, *, #3139, .T. ) ;
#3283 = LINE ( 'NONE', #2326, #12304 ) ;
#3284 = DIRECTION ( 'NONE',  ( -0.000000000000000000, -1.000000000000000000, -0.000000000000000000 ) ) ;
#3285 = VECTOR ( 'NONE', #7595, 1000.000000000000000 ) ;
#3286 = DIRECTION ( 'NONE',  ( 0.000000000000000000, 0.000000000000000000, 1.000000000000000000 ) ) ;
#3287 = DIRECTION ( 'NONE',  ( 0.000000000000000000, 1.000000000000000000, 0.000000000000000000 ) ) ;
#3288 = CARTESIAN_POINT ( 'NONE',  ( 31.60182249696930867, -10.00000000000000000, -35.31113623141720126 ) ) ;
#3289 = EDGE_LOOP ( 'NONE', ( #2526, #9894, #1904, #449 ) ) ;
#3290 = ORIENTED_EDGE ( 'NONE', *, *, #11332, .F. ) ;
#3291 = CYLINDRICAL_SURFACE ( 'NONE', #3794, 0.4999999999999970024 ) ;
#3292 = AXIS2_PLACEMENT_3D ( 'NONE', #6877, #10784, #1992 ) ;
#3293 = COORDINATED_UNIVERSAL_TIME_OFFSET ( 7, 0, .AHEAD. ) ;
#3294 = CIRCLE ( 'NONE', #2063, 0.4999999999999971689 ) ;
#3295 = CIRCLE ( 'NONE', #5759, 0.5000000000000004441 ) ;
#3296 = AXIS2_PLACEMENT_3D ( 'NONE', #2383, #10759, #12145 ) ;
#3297 = CARTESIAN_POINT ( 'NONE',  ( 36.49718027898914130, -20.42202547882114061, 34.90280549874129434 ) ) ;
#3298 = EDGE_CURVE ( 'NONE', #1165, #7097, #8679, .T. ) ;
#3299 = VERTEX_POINT ( 'NONE', #12504 ) ;
#3300 = EDGE_CURVE ( 'NONE', #9798, #629, #4337, .T. ) ;
#3301 = DIRECTION ( 'NONE',  ( 0.000000000000000000, 0.000000000000000000, -1.000000000000000000 ) ) ;
#3302 = VERTEX_POINT ( 'NONE', #5764 ) ;
#3303 = ORIENTED_EDGE ( 'NONE', *, *, #1360, .F. ) ;
#3304 = ORIENTED_EDGE ( 'NONE', *, *, #3451, .F. ) ;
#3305 = CARTESIAN_POINT ( 'NONE',  ( 6.315817419440146629, -10.00000000000000000, -46.12357170388334282 ) ) ;
#3306 = ADVANCED_FACE ( 'NONE', ( #5898 ), #1729, .T. ) ;
#3307 = ORIENTED_EDGE ( 'NONE', *, *, #7965, .T. ) ;
#3308 = EDGE_CURVE ( 'NONE', #6778, #1823, #2674, .T. ) ;
#3309 = DIRECTION ( 'NONE',  ( -6.938893903907222067E-15, 0.000000000000000000, 1.000000000000000000 ) ) ;
#3310 = CIRCLE ( 'NONE', #4947, 5.000000000000000000 ) ;
#3311 = EDGE_CURVE ( 'NONE', #1235, #5635, #11928, .T. ) ;
#3312 = LINE ( 'NONE', #6454, #10386 ) ;
#3313 = AXIS2_PLACEMENT_3D ( 'NONE', #2232, #5008, #10916 ) ;
#3314 = ORIENTED_EDGE ( 'NONE', *, *, #8206, .T. ) ;
#3315 = DIRECTION ( 'NONE',  ( 0.000000000000000000, 1.000000000000000000, 0.000000000000000000 ) ) ;
#3316 = CARTESIAN_POINT ( 'NONE',  ( 10.95533655273254325, -19.06525438257988725, -49.29736910846623488 ) ) ;
#3317 = CIRCLE ( 'NONE', #4955, 5.000000000000000000 ) ;
#3318 = CIRCLE ( 'NONE', #5154, 0.4999999999999970024 ) ;
#3319 = ORIENTED_EDGE ( 'NONE', *, *, #7776, .F. ) ;
#3321 = VERTEX_POINT ( 'NONE', #8553 ) ;
#3320 = CARTESIAN_POINT ( 'NONE',  ( 47.39404044806767047, -19.69863090235031322, -17.89353851188303679 ) ) ;
#3322 = EDGE_CURVE ( 'NONE', #8147, #2524, #11303, .T. ) ;
#3323 = CARTESIAN_POINT ( 'NONE',  ( 45.02958255179718350, -10.00000000000000000, -11.81567228768027178 ) ) ;
#3324 = VERTEX_POINT ( 'NONE', #122 ) ;
#3325 = CARTESIAN_POINT ( 'NONE',  ( 0.000000000000000000, 10.00000000000000000, 0.000000000000000000 ) ) ;
#3326 = CARTESIAN_POINT ( 'NONE',  ( -34.84146812720832287, -10.00000000000000000, 30.87629374033901897 ) ) ;
#3327 = VECTOR ( 'NONE', #5591, 1000.000000000000000 ) ;
#3328 = CARTESIAN_POINT ( 'NONE',  ( -23.48578117747874927, -20.23931917473912634, 40.19566517527178462 ) ) ;
#3329 = AXIS2_PLACEMENT_3D ( 'NONE', #3279, #345, #3352 ) ;
#3330 = VECTOR ( 'NONE', #2273, 1000.000000000000000 ) ;
#3331 = EDGE_CURVE ( 'NONE', #11201, #7007, #5956, .T. ) ;
#3332 = VERTEX_POINT ( 'NONE', #3198 ) ;
#3334 = ORIENTED_EDGE ( 'NONE', *, *, #677, .T. ) ;
#3333 = CARTESIAN_POINT ( 'NONE',  ( -41.85922843806435623, -10.00000000000000000, 20.37347321810685585 ) ) ;
#3335 = ADVANCED_FACE ( 'NONE', ( #9046 ), #4026, .T. ) ;
#3336 = CARTESIAN_POINT ( 'NONE',  ( 50.22970420108337208, -19.06525438257995830, -8.830448225977411525 ) ) ;
#3337 = AXIS2_PLACEMENT_3D ( 'NONE', #530, #4482, #12021 ) ;
#3338 = ORIENTED_EDGE ( 'NONE', *, *, #2421, .F. ) ;
#3339 = DIRECTION ( 'NONE',  ( 0.4688348621887353240, 0.000000000000000000, -0.8832858382179969992 ) ) ;
#3340 = LINE ( 'NONE', #4169, #3200 ) ;
#3341 = VERTEX_POINT ( 'NONE', #10901 ) ;
#3342 = PLANE ( 'NONE',  #870 ) ;
#3343 = ORIENTED_EDGE ( 'NONE', *, *, #1265, .T. ) ;
#3344 = DIRECTION ( 'NONE',  ( 0.000000000000000000, 1.000000000000000000, 0.000000000000000000 ) ) ;
#3345 = DIRECTION ( 'NONE',  ( 0.000000000000000000, 1.000000000000000000, 0.000000000000000000 ) ) ;
#3346 = CIRCLE ( 'NONE', #688, 40.00000000000000000 ) ;
#3347 = CARTESIAN_POINT ( 'NONE',  ( 45.89377128388456839, -19.06525438257988725, 11.80310486381244495 ) ) ;
#3348 = EDGE_CURVE ( 'NONE', #596, #5439, #8261, .T. ) ;
#3349 = VECTOR ( 'NONE', #12331, 1000.000000000000000 ) ;
#3350 = DIRECTION ( 'NONE',  ( 0.000000000000000000, 1.000000000000000000, 0.000000000000000000 ) ) ;
#3351 = CARTESIAN_POINT ( 'NONE',  ( -41.85922843806448412, -10.00000000000000000, -20.37347321810655743 ) ) ;
#3352 = DIRECTION ( 'NONE',  ( 0.000000000000000000, 0.000000000000000000, 1.000000000000000000 ) ) ;
#3353 = EDGE_LOOP ( 'NONE', ( #5679, #2830, #6544, #721 ) ) ;
#3354 = CARTESIAN_POINT ( 'NONE',  ( -46.21285384832073362, -19.69863090235025993, -20.36227244670267211 ) ) ;
#3355 = DIRECTION ( 'NONE',  ( 0.000000000000000000, 1.000000000000000000, 0.000000000000000000 ) ) ;
#3356 = DIRECTION ( 'NONE',  ( 0.000000000000000000, 0.000000000000000000, 1.000000000000000000 ) ) ;
#3357 = DIRECTION ( 'NONE',  ( 0.000000000000000000, 1.000000000000000000, 0.000000000000000000 ) ) ;
#3358 = DIRECTION ( 'NONE',  ( -0.4481489385050811403, 0.000000000000000000, -0.8939589078457517157 ) ) ;
#3359 = ADVANCED_FACE ( 'NONE', ( #1010 ), #8987, .T. ) ;
#3360 = ORIENTED_EDGE ( 'NONE', *, *, #5523, .F. ) ;
#3361 = CARTESIAN_POINT ( 'NONE',  ( 1.127393218865628155, 10.00000000000000000, -50.48741412005625051 ) ) ;
#3362 = CIRCLE ( 'NONE', #11148, 5.000000000000000888 ) ;
#3363 = VECTOR ( 'NONE', #1278, 1000.000000000000000 ) ;
#3364 = CALENDAR_DATE ( 2026, 8, 8 ) ;
#3365 = CARTESIAN_POINT ( 'NONE',  ( -27.26647565272529405, -10.00000000000000000, -36.92360935593690385 ) ) ;
#3366 = DIRECTION ( 'NONE',  ( -0.9238795325112905132, 0.000000000000000000, -0.3826834323650805114 ) ) ;
#3367 = ORIENTED_EDGE ( 'NONE', *, *, #10960, .F. ) ;
#3368 = VERTEX_POINT ( 'NONE', #2036 ) ;
#3369 = VERTEX_POINT ( 'NONE', #1207 ) ;
#3370 = DIRECTION ( 'NONE',  ( 0.9974095118627294143, 0.000000000000000000, -0.07193236855374331162 ) ) ;
#3371 = ORIENTED_EDGE ( 'NONE', *, *, #9100, .F. ) ;
#3372 = AXIS2_PLACEMENT_3D ( 'NONE', #5775, #12389, #6734 ) ;
#3373 = VECTOR ( 'NONE', #8984, 1000.000000000000000 ) ;
#3374 = FACE_OUTER_BOUND ( 'NONE', #9867, .T. ) ;
#3375 = FACE_OUTER_BOUND ( 'NONE', #11350, .T. ) ;
#3376 = EDGE_CURVE ( 'NONE', #4062, #8107, #7960, .T. ) ;
#3377 = DIRECTION ( 'NONE',  ( 0.000000000000000000, 1.000000000000000000, 0.000000000000000000 ) ) ;
#3378 = LINE ( 'NONE', #5237, #2315 ) ;
#3379 = CIRCLE ( 'NONE', #5022, 8.999999999999994671 ) ;
#3380 = VECTOR ( 'NONE', #6843, 1000.000000000000000 ) ;
#3381 = ADVANCED_FACE ( 'NONE', ( #3055 ), #3000, .T. ) ;
#3382 = DIRECTION ( 'NONE',  ( -0.000000000000000000, -1.000000000000000000, -0.000000000000000000 ) ) ;
#3383 = VERTEX_POINT ( 'NONE', #6987 ) ;
#3385 = ORIENTED_EDGE ( 'NONE', *, *, #7835, .F. ) ;
#3384 = DIRECTION ( 'NONE',  ( 0.000000000000000000, 1.000000000000000000, 0.000000000000000000 ) ) ;
#3386 = FACE_OUTER_BOUND ( 'NONE', #5063, .T. ) ;
#3387 = VERTEX_POINT ( 'NONE', #8016 ) ;
#3388 = DIRECTION ( 'NONE',  ( 0.000000000000000000, 0.000000000000000000, -1.000000000000000000 ) ) ;
#3389 = CYLINDRICAL_SURFACE ( 'NONE', #7266, 5.000000000000000888 ) ;
#3390 = VECTOR ( 'NONE', #1950, 1000.000000000000114 ) ;
#3391 = DIRECTION ( 'NONE',  ( 0.000000000000000000, 0.000000000000000000, 1.000000000000000000 ) ) ;
#3392 = ADVANCED_FACE ( 'NONE', ( #6028 ), #2224, .T. ) ;
#3393 = ORIENTED_EDGE ( 'NONE', *, *, #2724, .F. ) ;
#3394 = AXIS2_PLACEMENT_3D ( 'NONE', #9833, #4886, #8822 ) ;
#3395 = VERTEX_POINT ( 'NONE', #6216 ) ;
#3396 = EDGE_CURVE ( 'NONE', #9140, #3321, #8454, .T. ) ;
#3398 = ORIENTED_EDGE ( 'NONE', *, *, #4735, .T. ) ;
#3397 = DIRECTION ( 'NONE',  ( 0.6366343730118806388, -0.000000000000000000, 0.7711657896326636896 ) ) ;
#3399 = LINE ( 'NONE', #4229, #2500 ) ;
#3400 = VERTEX_POINT ( 'NONE', #10964 ) ;
#3401 = DIRECTION ( 'NONE',  ( 0.4481489385050716479, 0.000000000000000000, 0.8939589078457564897 ) ) ;
#3402 = DIRECTION ( 'NONE',  ( 0.000000000000000000, 0.000000000000000000, 1.000000000000000000 ) ) ;
#3403 = ORIENTED_EDGE ( 'NONE', *, *, #1854, .F. ) ;
#3404 = CYLINDRICAL_SURFACE ( 'NONE', #10856, 0.5000000000000004441 ) ;
#3405 = AXIS2_PLACEMENT_3D ( 'NONE', #9509, #1092, #2873 ) ;
#3406 = CARTESIAN_POINT ( 'NONE',  ( 44.54739544167632204, -19.06525438257995830, -11.06088521563297533 ) ) ;
#3407 = CARTESIAN_POINT ( 'NONE',  ( -17.89353851188223032, -10.00000000000000000, 47.39404044806797600 ) ) ;
#3408 = ORIENTED_EDGE ( 'NONE', *, *, #6208, .T. ) ;
#3409 = ADVANCED_FACE ( 'NONE', ( #3129 ), #2170, .T. ) ;
#3410 = ORIENTED_EDGE ( 'NONE', *, *, #4354, .T. ) ;
#3411 = EDGE_CURVE ( 'NONE', #2635, #7935, #648, .T. ) ;
#3412 = DIRECTION ( 'NONE',  ( 0.9238795325112849621, 0.000000000000000000, -0.3826834323650941672 ) ) ;
#3413 = CARTESIAN_POINT ( 'NONE',  ( -29.62769538921525836, 10.00000000000000000, 33.87033607633487975 ) ) ;
#3414 = CARTESIAN_POINT ( 'NONE',  ( -44.00516535263781037, 10.00000000000000000, 15.19272321494659472 ) ) ;
#3415 = ORIENTED_EDGE ( 'NONE', *, *, #8224, .F. ) ;
#3416 = DIRECTION ( 'NONE',  ( 0.000000000000000000, 1.000000000000000000, 0.000000000000000000 ) ) ;
#3417 = DIRECTION ( 'NONE',  ( 0.000000000000000000, 0.000000000000000000, 1.000000000000000000 ) ) ;
#3418 = DIRECTION ( 'NONE',  ( -0.000000000000000000, 1.000000000000000000, -0.000000000000000000 ) ) ;
#3419 = DIRECTION ( 'NONE',  ( -0.8314696123025501207, 0.000000000000000000, -0.5555702330195948502 ) ) ;
#3420 = ADVANCED_FACE ( 'NONE', ( #5106 ), #7845, .F. ) ;
#3421 = CARTESIAN_POINT ( 'NONE',  ( -8.303600574123391809, 10.00000000000000000, 49.97423344059149741 ) ) ;
#3422 = ORIENTED_EDGE ( 'NONE', *, *, #5504, .T. ) ;
#3423 = EDGE_LOOP ( 'NONE', ( #10917, #1623, #5737, #5056 ) ) ;
#3424 = DIRECTION ( 'NONE',  ( 0.000000000000000000, 0.000000000000000000, 1.000000000000000000 ) ) ;
#3425 = LINE ( 'NONE', #6260, #12104 ) ;
#3426 = CARTESIAN_POINT ( 'NONE',  ( -20.37347321810670664, -10.00000000000000000, -41.85922843806442017 ) ) ;
#3427 = EDGE_CURVE ( 'NONE', #1973, #5410, #9879, .T. ) ;
#3428 = VERTEX_POINT ( 'NONE', #8092 ) ;
#3429 = ORIENTED_EDGE ( 'NONE', *, *, #4089, .F. ) ;
#3430 = EDGE_LOOP ( 'NONE', ( #9397, #3823, #8742, #8488 ) ) ;
#3431 = CARTESIAN_POINT ( 'NONE',  ( 0.000000000000000000, -8.999999999999982236, 12.00000000000000178 ) ) ;
#3432 = ORIENTED_EDGE ( 'NONE', *, *, #410, .T. ) ;
#3433 = DIRECTION ( 'NONE',  ( 0.000000000000000000, 1.000000000000000000, 0.000000000000000000 ) ) ;
#3434 = DIRECTION ( 'NONE',  ( 0.1009053778636969378, 0.000000000000000000, 0.9948960270893558722 ) ) ;
#3435 = DIRECTION ( 'NONE',  ( 0.000000000000000000, 1.000000000000000000, 0.000000000000000000 ) ) ;
#3436 = CARTESIAN_POINT ( 'NONE',  ( 0.000000000000000000, 10.00000000000000000, 0.000000000000000000 ) ) ;
#3437 = ADVANCED_FACE ( 'NONE', ( #1272 ), #5173, .T. ) ;
#3438 = CARTESIAN_POINT ( 'NONE',  ( 43.45187890507026651, 10.00000000000000000, -11.70188957472719515 ) ) ;
#3439 = ORIENTED_EDGE ( 'NONE', *, *, #11762, .F. ) ;
#3441 = EDGE_LOOP ( 'NONE', ( #11225, #10050, #12437, #3597 ) ) ;
#3440 = CARTESIAN_POINT ( 'NONE',  ( -45.38924439456593518, 10.00000000000000000, 6.828624728366314400 ) ) ;
#3442 = EDGE_CURVE ( 'NONE', #1949, #1694, #7248, .T. ) ;
#3443 = CARTESIAN_POINT ( 'NONE',  ( -41.85922843806448412, -19.69863090235025993, -20.37347321810655743 ) ) ;
#3444 = ORIENTED_EDGE ( 'NONE', *, *, #6929, .T. ) ;
#3445 = ORIENTED_EDGE ( 'NONE', *, *, #3051, .T. ) ;
#3446 = FACE_OUTER_BOUND ( 'NONE', #10630, .T. ) ;
#3447 = DIRECTION ( 'NONE',  ( 0.000000000000000000, 0.000000000000000000, 1.000000000000000000 ) ) ;
#3448 = LINE ( 'NONE', #4223, #3363 ) ;
#3449 = ORIENTED_EDGE ( 'NONE', *, *, #7466, .F. ) ;
#3450 = EDGE_LOOP ( 'NONE', ( #2179, #8628, #2037, #3956 ) ) ;
#3451 = EDGE_CURVE ( 'NONE', #8078, #374, #9891, .T. ) ;
#3453 = ORIENTED_EDGE ( 'NONE', *, *, #1268, .T. ) ;
#3452 = DIRECTION ( 'NONE',  ( 0.8314696123025463459, 0.000000000000000000, 0.5555702330196006233 ) ) ;
#3454 = ADVANCED_FACE ( 'NONE', ( #5292 ), #12289, .F. ) ;
#3455 = DIRECTION ( 'NONE',  ( 0.000000000000000000, 1.000000000000000000, 0.000000000000000000 ) ) ;
#3456 = CARTESIAN_POINT ( 'NONE',  ( -27.26647565272504892, 10.00000000000000000, 36.92360935593707438 ) ) ;
#3457 = EDGE_CURVE ( 'NONE', #273, #4006, #3573, .T. ) ;
#3458 = DIRECTION ( 'NONE',  ( 0.000000000000000000, 1.000000000000000000, 0.000000000000000000 ) ) ;
#3459 = EDGE_LOOP ( 'NONE', ( #6974, #5232, #8323, #11151 ) ) ;
#3460 = DIRECTION ( 'NONE',  ( 0.000000000000000000, 1.000000000000000000, 0.000000000000000000 ) ) ;
#3461 = EDGE_CURVE ( 'NONE', #8699, #2848, #4339, .T. ) ;
#3462 = ADVANCED_FACE ( 'NONE', ( #1526 ), #1338, .T. ) ;
#3463 = ADVANCED_FACE ( 'NONE', ( #1587 ), #11211, .T. ) ;
#3464 = CARTESIAN_POINT ( 'NONE',  ( 0.000000000000000000, 10.00000000000000000, 0.000000000000000000 ) ) ;
#3465 = CARTESIAN_POINT ( 'NONE',  ( 47.39404044806767047, -10.00000000000000000, -17.89353851188303679 ) ) ;
#3466 = DIRECTION ( 'NONE',  ( -0.000000000000000000, -1.000000000000000000, -0.000000000000000000 ) ) ;
#3467 = DIRECTION ( 'NONE',  ( -0.000000000000000000, -1.000000000000000000, -0.000000000000000000 ) ) ;
#3468 = DIRECTION ( 'NONE',  ( 0.000000000000000000, 1.000000000000000000, 0.000000000000000000 ) ) ;
#3469 = DIRECTION ( 'NONE',  ( -0.000000000000000000, -1.000000000000000000, -0.000000000000000000 ) ) ;
#3470 = FACE_OUTER_BOUND ( 'NONE', #10791, .T. ) ;
#3471 = EDGE_CURVE ( 'NONE', #5044, #267, #7429, .T. ) ;
#3472 = CARTESIAN_POINT ( 'NONE',  ( 15.55241692398304920, -10.00000000000000000, -43.18490419363109822 ) ) ;
#3473 = DIRECTION ( 'NONE',  ( 0.000000000000000000, 0.000000000000000000, 1.000000000000000000 ) ) ;
#3474 = VECTOR ( 'NONE', #12682, 1000.000000000000114 ) ;
#3475 = AXIS2_PLACEMENT_3D ( 'NONE', #7518, #7840, #8807 ) ;
#3476 = DIRECTION ( 'NONE',  ( -0.000000000000000000, -1.000000000000000000, -0.000000000000000000 ) ) ;
#3477 = ORIENTED_EDGE ( 'NONE', *, *, #10984, .T. ) ;
#3478 = ORIENTED_EDGE ( 'NONE', *, *, #3258, .T. ) ;
#3479 = CARTESIAN_POINT ( 'NONE',  ( 46.12357170388332150, -19.06525438257988725, 6.315817419440304725 ) ) ;
#3480 = DIRECTION ( 'NONE',  ( 0.1950903220161349927, 0.000000000000000000, 0.9807852804032292093 ) ) ;
#3481 = AXIS2_PLACEMENT_3D ( 'NONE', #3084, #198, #7016 ) ;
#3482 = EDGE_CURVE ( 'NONE', #6657, #3168, #4140, .T. ) ;
#3483 = VECTOR ( 'NONE', #10302, 999.9999999999998863 ) ;
#3484 = LINE ( 'NONE', #7411, #6599 ) ;
#3485 = AXIS2_PLACEMENT_3D ( 'NONE', #4592, #3635, #9375 ) ;
#3486 = VERTEX_POINT ( 'NONE', #6464 ) ;
#3487 = ORIENTED_EDGE ( 'NONE', *, *, #1359, .T. ) ;
#3488 = ORIENTED_EDGE ( 'NONE', *, *, #10595, .T. ) ;
#3489 = CARTESIAN_POINT ( 'NONE',  ( 45.38924439456603466, -19.06525438257988725, 6.828624728365669583 ) ) ;
#3490 = EDGE_LOOP ( 'NONE', ( #7693, #8898, #5728, #11198 ) ) ;
#3491 = CARTESIAN_POINT ( 'NONE',  ( 11.06088521563188465, 10.00000000000000000, -44.54739544167657783 ) ) ;
#3492 = DIRECTION ( 'NONE',  ( 0.000000000000000000, 1.000000000000000000, 0.000000000000000000 ) ) ;
#3493 = AXIS2_PLACEMENT_3D ( 'NONE', #1857, #2947, #5774 ) ;
#3494 = CIRCLE ( 'NONE', #11086, 5.000000000000004441 ) ;
#3495 = LINE ( 'NONE', #9363, #6875 ) ;
#3496 = VECTOR ( 'NONE', #11240, 1000.000000000000000 ) ;
#3497 = CIRCLE ( 'NONE', #10673, 0.4999999999999970024 ) ;
#3498 = CARTESIAN_POINT ( 'NONE',  ( -1.605440076985782172, -18.55636363116340704, 50.63394466786608206 ) ) ;
#3499 = DIRECTION ( 'NONE',  ( -1.734723475976808080E-15, 0.000000000000000000, 1.000000000000000000 ) ) ;
#3500 = ORIENTED_EDGE ( 'NONE', *, *, #10642, .F. ) ;
#3502 = ORIENTED_EDGE ( 'NONE', *, *, #11012, .T. ) ;
#3501 = CARTESIAN_POINT ( 'NONE',  ( -18.27912140669856456, -19.69863090235025282, 47.07572326156203957 ) ) ;
#3503 = AXIS2_PLACEMENT_3D ( 'NONE', #235, #305, #6979 ) ;
#3504 = CARTESIAN_POINT ( 'NONE',  ( -3.000000000000000000, -18.55636363116340704, -44.89988864128728352 ) ) ;
#3505 = CIRCLE ( 'NONE', #6181, 4.999999999999997335 ) ;
#3506 = CIRCLE ( 'NONE', #7408, 0.5000000000000004441 ) ;
#3507 = VERTEX_POINT ( 'NONE', #10253 ) ;
#3508 = ORIENTED_EDGE ( 'NONE', *, *, #637, .F. ) ;
#3509 = FACE_OUTER_BOUND ( 'NONE', #9893, .T. ) ;
#3510 = DIRECTION ( 'NONE',  ( 0.000000000000000000, 0.000000000000000000, 1.000000000000000000 ) ) ;
#3511 = EDGE_CURVE ( 'NONE', #10965, #7802, #11315, .T. ) ;
#3512 = CARTESIAN_POINT ( 'NONE',  ( -22.51666049839541373, -5.000000000000000000, -4.999999999999980460 ) ) ;
#3513 = CIRCLE ( 'NONE', #10699, 8.000000000000001776 ) ;
#3514 = VECTOR ( 'NONE', #5224, 1000.000000000000227 ) ;
#3515 = CIRCLE ( 'NONE', #2898, 9.000000000000007105 ) ;
#3517 = VERTEX_POINT ( 'NONE', #5426 ) ;
#3516 = DIRECTION ( 'NONE',  ( 0.000000000000000000, 1.000000000000000000, 0.000000000000000000 ) ) ;
#3518 = DIRECTION ( 'NONE',  ( 0.000000000000000000, 1.000000000000000000, 0.000000000000000000 ) ) ;
#3519 = DIRECTION ( 'NONE',  ( 0.000000000000000000, 0.000000000000000000, -1.000000000000000000 ) ) ;
#3520 = CIRCLE ( 'NONE', #10295, 44.99999999999999289 ) ;
#3521 = CIRCLE ( 'NONE', #1082, 44.99999999999999289 ) ;
#3522 = AXIS2_PLACEMENT_3D ( 'NONE', #9371, #8343, #5481 ) ;
#3523 = DIRECTION ( 'NONE',  ( 1.421085471520200372E-14, 0.000000000000000000, 1.000000000000000000 ) ) ;
#3524 = VERTEX_POINT ( 'NONE', #4516 ) ;
#3525 = CARTESIAN_POINT ( 'NONE',  ( 6.315817419441112079, 10.00000000000000000, 46.12357170388320782 ) ) ;
#3526 = FACE_OUTER_BOUND ( 'NONE', #10830, .T. ) ;
#3527 = CARTESIAN_POINT ( 'NONE',  ( -22.51666049839539951, 5.000000000000000000, 13.00000000000001066 ) ) ;
#3528 = VERTEX_POINT ( 'NONE', #1454 ) ;
#3529 = EDGE_LOOP ( 'NONE', ( #12224, #10369, #7552, #8775 ) ) ;
#3530 = EDGE_CURVE ( 'NONE', #4569, #9950, #6399, .T. ) ;
#3531 = EDGE_CURVE ( 'NONE', #7577, #562, #12110, .T. ) ;
#3532 = CIRCLE ( 'NONE', #6615, 5.000000000000002665 ) ;
#3533 = LINE ( 'NONE', #770, #8862 ) ;
#3534 = ORIENTED_EDGE ( 'NONE', *, *, #7874, .T. ) ;
#3535 = DIRECTION ( 'NONE',  ( 0.000000000000000000, 1.000000000000000000, 0.000000000000000000 ) ) ;
#3536 = EDGE_CURVE ( 'NONE', #10415, #12426, #12237, .T. ) ;
#3537 = LINE ( 'NONE', #773, #11539 ) ;
#3538 = AXIS2_PLACEMENT_3D ( 'NONE', #1972, #6919, #11843 ) ;
#3539 = VERTEX_POINT ( 'NONE', #11337 ) ;
#3540 = FACE_OUTER_BOUND ( 'NONE', #7922, .T. ) ;
#3541 = CARTESIAN_POINT ( 'NONE',  ( 50.63394466786606785, -10.00000000000000000, -1.605440076986312636 ) ) ;
#3542 = CARTESIAN_POINT ( 'NONE',  ( 0.000000000000000000, 10.00000000000000000, 0.000000000000000000 ) ) ;
#3543 = CIRCLE ( 'NONE', #5177, 5.000000000000000888 ) ;
#3544 = DIRECTION ( 'NONE',  ( -0.3826834323650969427, 0.000000000000000000, -0.9238795325112837409 ) ) ;
#3545 = ORIENTED_EDGE ( 'NONE', *, *, #7655, .F. ) ;
#3546 = DIRECTION ( 'NONE',  ( 0.000000000000000000, 1.000000000000000000, 0.000000000000000000 ) ) ;
#3547 = VECTOR ( 'NONE', #11416, 999.9999999999998863 ) ;
#3548 = DIRECTION ( 'NONE',  ( 0.000000000000000000, 1.000000000000000000, 0.000000000000000000 ) ) ;
#3549 = AXIS2_PLACEMENT_3D ( 'NONE', #11441, #6566, #10486 ) ;
#3550 = EDGE_CURVE ( 'NONE', #4664, #947, #2472, .T. ) ;
#3551 = VECTOR ( 'NONE', #867, 1000.000000000000000 ) ;
#3552 = DIRECTION ( 'NONE',  ( -0.8832858382179921142, -0.000000000000000000, -0.4688348621887445389 ) ) ;
#3553 = DIRECTION ( 'NONE',  ( 0.000000000000000000, 1.000000000000000000, 0.000000000000000000 ) ) ;
#3554 = ORIENTED_EDGE ( 'NONE', *, *, #1828, .T. ) ;
#3555 = ORIENTED_EDGE ( 'NONE', *, *, #8500, .T. ) ;
#3556 = LINE ( 'NONE', #8520, #2718 ) ;
#3557 = AXIS2_PLACEMENT_3D ( 'NONE', #10230, #3284, #11124 ) ;
#3558 = ORIENTED_EDGE ( 'NONE', *, *, #1813, .F. ) ;
#3559 = DIRECTION ( 'NONE',  ( 0.000000000000000000, 1.000000000000000000, 0.000000000000000000 ) ) ;
#3560 = FACE_OUTER_BOUND ( 'NONE', #5932, .T. ) ;
#3561 = CIRCLE ( 'NONE', #4793, 44.99999999999999289 ) ;
#3563 = VERTEX_POINT ( 'NONE', #10384 ) ;
#3562 = LOCAL_TIME ( 21, 9, 55.00000000000000000, #12087 ) ;
#3564 = CARTESIAN_POINT ( 'NONE',  ( -40.79785237731705649, -20.23931917473914410, 24.10574140080131045 ) ) ;
#3565 = LINE ( 'NONE', #3627, #11955 ) ;
#3566 = EDGE_CURVE ( 'NONE', #8342, #9185, #1895, .T. ) ;
#3567 = DIRECTION ( 'NONE',  ( 0.000000000000000000, -1.000000000000000000, 0.000000000000000000 ) ) ;
#3568 = LINE ( 'NONE', #5681, #8834 ) ;
#3569 = CIRCLE ( 'NONE', #4586, 0.4999999999999952816 ) ;
#3570 = ORIENTED_EDGE ( 'NONE', *, *, #7610, .T. ) ;
#3572 = CARTESIAN_POINT ( 'NONE',  ( -36.85853849957294415, 10.00000000000000000, -35.24837783041226658 ) ) ;
#3571 = CIRCLE ( 'NONE', #1915, 0.4999999999999970024 ) ;
#3574 = ORIENTED_EDGE ( 'NONE', *, *, #10614, .T. ) ;
#3573 = LINE ( 'NONE', #431, #2099 ) ;
#3575 = DIRECTION ( 'NONE',  ( 0.2651351511132880034, 0.000000000000000000, -0.9642112588246073424 ) ) ;
#3576 = ORIENTED_EDGE ( 'NONE', *, *, #10923, .F. ) ;
#3577 = ORIENTED_EDGE ( 'NONE', *, *, #11695, .F. ) ;
#3578 = DIRECTION ( 'NONE',  ( 0.000000000000000000, 1.000000000000000000, 0.000000000000000000 ) ) ;
#3579 = DIRECTION ( 'NONE',  ( 0.9560937162403091438, 0.000000000000000000, 0.2930610956196592065 ) ) ;
#3580 = ADVANCED_FACE ( 'NONE', ( #2599 ), #10133, .T. ) ;
#3581 = CARTESIAN_POINT ( 'NONE',  ( 0.000000000000000000, -5.000000000000000000, -12.00000000000000178 ) ) ;
#3582 = VECTOR ( 'NONE', #7421, 1000.000000000000000 ) ;
#3583 = ORIENTED_EDGE ( 'NONE', *, *, #948, .T. ) ;
#3584 = CARTESIAN_POINT ( 'NONE',  ( 41.53355807099723052, -10.00000000000000000, 19.53911912941810769 ) ) ;
#3586 = ORIENTED_EDGE ( 'NONE', *, *, #12556, .F. ) ;
#3585 = CYLINDRICAL_SURFACE ( 'NONE', #10690, 5.000000000000004441 ) ;
#3587 = DIRECTION ( 'NONE',  ( -0.8692791828944190780, 0.000000000000000000, 0.4943214563281784213 ) ) ;
#3588 = AXIS2_PLACEMENT_3D ( 'NONE', #632, #9439, #7514 ) ;
#3589 = AXIS2_PLACEMENT_3D ( 'NONE', #5153, #6193, #11192 ) ;
#3590 = FACE_OUTER_BOUND ( 'NONE', #9614, .T. ) ;
#3591 = LINE ( 'NONE', #7572, #11809 ) ;
#3592 = ORIENTED_EDGE ( 'NONE', *, *, #8029, .T. ) ;
#3593 = CYLINDRICAL_SURFACE ( 'NONE', #3475, 5.000000000000000888 ) ;
#3594 = DIRECTION ( 'NONE',  ( 0.000000000000000000, 0.000000000000000000, -1.000000000000000000 ) ) ;
#3595 = FACE_OUTER_BOUND ( 'NONE', #3269, .T. ) ;
#3596 = AXIS2_PLACEMENT_3D ( 'NONE', #94, #7938, #11705 ) ;
#3597 = ORIENTED_EDGE ( 'NONE', *, *, #3205, .F. ) ;
#3598 = DIRECTION ( 'NONE',  ( 8.673617379884027583E-16, 0.000000000000000000, 1.000000000000000000 ) ) ;
#3599 = FACE_OUTER_BOUND ( 'NONE', #3602, .T. ) ;
#3600 = EDGE_CURVE ( 'NONE', #5749, #10621, #6276, .T. ) ;
#3601 = DIRECTION ( 'NONE',  ( 0.000000000000000000, 0.000000000000000000, 1.000000000000000000 ) ) ;
#3602 = EDGE_LOOP ( 'NONE', ( #949, #1251, #2400, #1339 ) ) ;
#3603 = PLANE ( 'NONE',  #2551 ) ;
#3604 = CARTESIAN_POINT ( 'NONE',  ( -20.56387910459065083, 10.00000000000000000, 46.67040685672002098 ) ) ;
#3605 = AXIS2_PLACEMENT_3D ( 'NONE', #12199, #2373, #8116 ) ;
#3606 = EDGE_CURVE ( 'NONE', #10409, #1165, #6780, .T. ) ;
#3607 = FACE_OUTER_BOUND ( 'NONE', #10698, .T. ) ;
#3608 = DIRECTION ( 'NONE',  ( 0.000000000000000000, 0.000000000000000000, 1.000000000000000000 ) ) ;
#3609 = FACE_OUTER_BOUND ( 'NONE', #5347, .T. ) ;
#3610 = EDGE_LOOP ( 'NONE', ( #6809, #2251, #6590, #460 ) ) ;
#3611 = CARTESIAN_POINT ( 'NONE',  ( 35.66618230194004013, -10.00000000000000000, 27.43945043190149136 ) ) ;
#3612 = CIRCLE ( 'NONE', #7310, 44.99999999999999289 ) ;
#3613 = FACE_OUTER_BOUND ( 'NONE', #4791, .T. ) ;
#3614 = CARTESIAN_POINT ( 'NONE',  ( 0.000000000000000000, -10.00000000000000000, 0.000000000000000000 ) ) ;
#3615 = VERTEX_POINT ( 'NONE', #748 ) ;
#3616 = VERTEX_POINT ( 'NONE', #8539 ) ;
#3617 = DIRECTION ( 'NONE',  ( -0.07193236855373980054, 0.000000000000000000, -0.9974095118627297474 ) ) ;
#3618 = VERTEX_POINT ( 'NONE', #8731 ) ;
#3619 = CARTESIAN_POINT ( 'NONE',  ( 43.45187890507027362, -10.00000000000000000, -11.70188957472719515 ) ) ;
#3620 = ORIENTED_EDGE ( 'NONE', *, *, #12310, .F. ) ;
#3621 = ADVANCED_FACE ( 'NONE', ( #8792 ), #4657, .T. ) ;
#3622 = CARTESIAN_POINT ( 'NONE',  ( -2.622880895175928373, -10.00000000000000000, 47.31460686609772637 ) ) ;
#3623 = VERTEX_POINT ( 'NONE', #11600 ) ;
#3624 = ADVANCED_FACE ( 'NONE', ( #1907 ), #9490, .T. ) ;
#3625 = EDGE_CURVE ( 'NONE', #12549, #9358, #10313, .T. ) ;
#3626 = CYLINDRICAL_SURFACE ( 'NONE', #3175, 5.000000000000000888 ) ;
#3627 = CARTESIAN_POINT ( 'NONE',  ( -18.27912140669856456, -19.69863090235025282, 47.57572326156204667 ) ) ;
#3628 = ORIENTED_EDGE ( 'NONE', *, *, #8366, .T. ) ;
#3629 = CARTESIAN_POINT ( 'NONE',  ( 46.46947506094544877, -18.55636363116342480, 2.803801697542247506 ) ) ;
#3630 = CARTESIAN_POINT ( 'NONE',  ( 46.46947506094544877, -10.00000000000000000, 2.803801697542247506 ) ) ;
#3631 = ORIENTED_EDGE ( 'NONE', *, *, #1747, .T. ) ;
#3632 = DIRECTION ( 'NONE',  ( 0.000000000000000000, 1.000000000000000000, 0.000000000000000000 ) ) ;
#3634 = ORIENTED_EDGE ( 'NONE', *, *, #5386, .F. ) ;
#3633 = CARTESIAN_POINT ( 'NONE',  ( 45.89377128388456839, 10.00000000000000000, 11.80310486381244495 ) ) ;
#3635 = DIRECTION ( 'NONE',  ( 0.000000000000000000, 1.000000000000000000, 0.000000000000000000 ) ) ;
#3636 = ORIENTED_EDGE ( 'NONE', *, *, #2910, .F. ) ;
#3637 = VERTEX_POINT ( 'NONE', #2730 ) ;
#3638 = LINE ( 'NONE', #7560, #2681 ) ;
#3639 = CARTESIAN_POINT ( 'NONE',  ( 42.60509675787079686, -10.00000000000000000, -27.11191122463459635 ) ) ;
#3640 = EDGE_CURVE ( 'NONE', #8052, #176, #2656, .T. ) ;
#3641 = LINE ( 'NONE', #9682, #5836 ) ;
#3642 = CARTESIAN_POINT ( 'NONE',  ( -49.29736910846613540, 10.00000000000000000, -10.95533655273307083 ) ) ;
#3644 = ORIENTED_EDGE ( 'NONE', *, *, #10687, .T. ) ;
#3643 = CARTESIAN_POINT ( 'NONE',  ( 0.000000000000000000, 5.000000000000000000, 38.99999999999999289 ) ) ;
#3645 = EDGE_CURVE ( 'NONE', #4841, #7892, #10697, .T. ) ;
#3646 = DIRECTION ( 'NONE',  ( 0.000000000000000000, 1.000000000000000000, 0.000000000000000000 ) ) ;
#3647 = ORIENTED_EDGE ( 'NONE', *, *, #5027, .T. ) ;
#3648 = DIRECTION ( 'NONE',  ( -0.6544111638669504183, 0.000000000000000000, -0.7561388950492519134 ) ) ;
#3649 = LINE ( 'NONE', #520, #1771 ) ;
#3650 = ORIENTED_EDGE ( 'NONE', *, *, #1148, .F. ) ;
#3651 = CARTESIAN_POINT ( 'NONE',  ( -30.89470704032691728, 10.00000000000000000, -33.94599680791340290 ) ) ;
#3652 = CARTESIAN_POINT ( 'NONE',  ( 4.898587196589413026E-15, -5.999999999999993783, 40.00000000000000000 ) ) ;
#3653 = DIRECTION ( 'NONE',  ( 0.000000000000000000, 1.000000000000000000, 0.000000000000000000 ) ) ;
#3654 = VERTEX_POINT ( 'NONE', #11659 ) ;
#3655 = ADVANCED_FACE ( 'NONE', ( #7758 ), #1781, .T. ) ;
#3656 = CARTESIAN_POINT ( 'NONE',  ( 2.622880895175929261, 10.00000000000000000, 47.31460686609772637 ) ) ;
#3657 = LINE ( 'NONE', #2435, #12115 ) ;
#3658 = DIRECTION ( 'NONE',  ( 0.000000000000000000, 1.000000000000000000, 0.000000000000000000 ) ) ;
#3659 = ORIENTED_EDGE ( 'NONE', *, *, #3681, .T. ) ;
#3660 = DIRECTION ( 'NONE',  ( 0.000000000000000000, 1.000000000000000000, 0.000000000000000000 ) ) ;
#3661 = DIRECTION ( 'NONE',  ( 0.000000000000000000, 1.000000000000000000, 0.000000000000000000 ) ) ;
#3662 = DIRECTION ( 'NONE',  ( 0.000000000000000000, 0.000000000000000000, 1.000000000000000000 ) ) ;
#3663 = VERTEX_POINT ( 'NONE', #10632 ) ;
#3664 = CARTESIAN_POINT ( 'NONE',  ( 28.98669762983988818, -20.23931917473915831, 41.35240453125108928 ) ) ;
#3665 = VERTEX_POINT ( 'NONE', #3633 ) ;
#3666 = EDGE_CURVE ( 'NONE', #8146, #5625, #7819, .T. ) ;
#3667 = DIRECTION ( 'NONE',  ( 0.000000000000000000, 1.000000000000000000, 0.000000000000000000 ) ) ;
#3668 = LINE ( 'NONE', #4638, #5521 ) ;
#3669 = LINE ( 'NONE', #9469, #8460 ) ;
#3670 = ORIENTED_EDGE ( 'NONE', *, *, #11727, .T. ) ;
#3671 = VECTOR ( 'NONE', #2642, 1000.000000000000000 ) ;
#3672 = EDGE_LOOP ( 'NONE', ( #1119, #5927, #2765, #9955 ) ) ;
#3673 = DIRECTION ( 'NONE',  ( 0.9974095118627298584, 0.000000000000000000, -0.07193236855373981442 ) ) ;
#3674 = VECTOR ( 'NONE', #8233, 1000.000000000000000 ) ;
#3675 = VERTEX_POINT ( 'NONE', #1639 ) ;
#3676 = DIRECTION ( 'NONE',  ( -0.000000000000000000, -1.000000000000000000, -0.000000000000000000 ) ) ;
#3677 = EDGE_LOOP ( 'NONE', ( #1323, #1664, #12040, #864 ) ) ;
#3678 = LINE ( 'NONE', #10559, #280 ) ;
#3679 = ORIENTED_EDGE ( 'NONE', *, *, #7476, .F. ) ;
#3680 = LINE ( 'NONE', #1631, #711 ) ;
#3681 = EDGE_CURVE ( 'NONE', #2778, #3302, #5686, .T. ) ;
#3682 = DIRECTION ( 'NONE',  ( 0.000000000000000000, 0.000000000000000000, 1.000000000000000000 ) ) ;
#3683 = AXIS2_PLACEMENT_3D ( 'NONE', #5723, #12340, #10610 ) ;
#3684 = EDGE_CURVE ( 'NONE', #10617, #7469, #11459, .T. ) ;
#3685 = ORIENTED_EDGE ( 'NONE', *, *, #4176, .F. ) ;
#3686 = EDGE_CURVE ( 'NONE', #8800, #7455, #659, .T. ) ;
#3687 = LINE ( 'NONE', #4583, #8653 ) ;
#3688 = PLANE ( 'NONE',  #1849 ) ;
#3689 = ORIENTED_EDGE ( 'NONE', *, *, #10278, .T. ) ;
#3690 = VERTEX_POINT ( 'NONE', #10435 ) ;
#3691 = PLANE ( 'NONE',  #1249 ) ;
#3693 = ORIENTED_EDGE ( 'NONE', *, *, #9275, .T. ) ;
#3692 = DIRECTION ( 'NONE',  ( 0.4943214563281635443, 0.000000000000000000, -0.8692791828944274046 ) ) ;
#3694 = ADVANCED_FACE ( 'NONE', ( #879 ), #5826, .T. ) ;
#3695 = DIRECTION ( 'NONE',  ( 0.000000000000000000, 1.000000000000000000, 0.000000000000000000 ) ) ;
#3696 = ORIENTED_EDGE ( 'NONE', *, *, #6721, .F. ) ;
#3697 = ORIENTED_EDGE ( 'NONE', *, *, #4463, .F. ) ;
#3698 = CARTESIAN_POINT ( 'NONE',  ( 46.16528980983285635, -19.69863090235031322, -20.86000496748403776 ) ) ;
#3699 = AXIS2_PLACEMENT_3D ( 'NONE', #3026, #6955, #10860 ) ;
#3700 = AXIS2_PLACEMENT_3D ( 'NONE', #4056, #210, #8060 ) ;
#3701 = DIRECTION ( 'NONE',  ( 0.5555702330195976257, 0.000000000000000000, -0.8314696123025483443 ) ) ;
#3702 = CARTESIAN_POINT ( 'NONE',  ( 0.000000000000000000, 10.00000000000000000, 0.000000000000000000 ) ) ;
#3703 = AXIS2_PLACEMENT_3D ( 'NONE', #3464, #1667, #1547 ) ;
#3704 = CIRCLE ( 'NONE', #11908, 4.999999999999997335 ) ;
#3705 = EDGE_CURVE ( 'NONE', #5606, #880, #2855, .T. ) ;
#3706 = VECTOR ( 'NONE', #11366, 1000.000000000000114 ) ;
#3707 = VECTOR ( 'NONE', #5265, 1000.000000000000114 ) ;
#3709 = ORIENTED_EDGE ( 'NONE', *, *, #7871, .T. ) ;
#3708 = LINE ( 'NONE', #12582, #11106 ) ;
#3710 = DIRECTION ( 'NONE',  ( 0.000000000000000000, 1.000000000000000000, 0.000000000000000000 ) ) ;
#3711 = VERTEX_POINT ( 'NONE', #3885 ) ;
#3712 = CARTESIAN_POINT ( 'NONE',  ( -47.54181953147831052, -19.69863090235029190, 18.46010280676539139 ) ) ;
#3713 = LINE ( 'NONE', #9573, #8345 ) ;
#3714 = CARTESIAN_POINT ( 'NONE',  ( -40.19566517527153593, -10.00000000000000355, 23.48578117747916849 ) ) ;
#3715 = CARTESIAN_POINT ( 'NONE',  ( -47.39404044806791916, -19.69863090235025993, -17.89353851188239375 ) ) ;
#3716 = CYLINDRICAL_SURFACE ( 'NONE', #6442, 0.4999999999999970024 ) ;
#3717 = CIRCLE ( 'NONE', #3095, 8.999999999999994671 ) ;
#3718 = AXIS2_PLACEMENT_3D ( 'NONE', #3980, #2690, #7659 ) ;
#3719 = VERTEX_POINT ( 'NONE', #8602 ) ;
#3720 = ORIENTED_EDGE ( 'NONE', *, *, #3248, .F. ) ;
#3721 = EDGE_CURVE ( 'NONE', #6731, #9882, #11722, .T. ) ;
#3722 = CYLINDRICAL_SURFACE ( 'NONE', #8222, 5.000000000000000888 ) ;
#3723 = CYLINDRICAL_SURFACE ( 'NONE', #11915, 50.99999999999999289 ) ;
#3724 = DIRECTION ( 'NONE',  ( 0.000000000000000000, 1.000000000000000000, 0.000000000000000000 ) ) ;
#3725 = VECTOR ( 'NONE', #4384, 1000.000000000000000 ) ;
#3726 = EDGE_LOOP ( 'NONE', ( #2529, #9162 ) ) ;
#3727 = DIRECTION ( 'NONE',  ( -0.7711657896326657990, 0.000000000000000000, 0.6366343730118779742 ) ) ;
#3728 = CARTESIAN_POINT ( 'NONE',  ( 34.66838806764755532, 10.00000000000000000, 36.93882319809753056 ) ) ;
#3729 = DIRECTION ( 'NONE',  ( 0.6321468503848318710, 0.000000000000000000, -0.7748486042760462933 ) ) ;
#3730 = ORIENTED_EDGE ( 'NONE', *, *, #2027, .T. ) ;
#3731 = CARTESIAN_POINT ( 'NONE',  ( 9.797174393178825657E-16, -10.00000000000000178, -34.00000000000000000 ) ) ;
#3732 = VECTOR ( 'NONE', #11109, 1000.000000000000000 ) ;
#3733 = EDGE_CURVE ( 'NONE', #11975, #11987, #5799, .T. ) ;
#3734 = VERTEX_POINT ( 'NONE', #7952 ) ;
#3735 = CARTESIAN_POINT ( 'NONE',  ( 0.000000000000000000, 10.00000000000000000, -10.99999999999999645 ) ) ;
#3736 = AXIS2_PLACEMENT_3D ( 'NONE', #2836, #1621, #11507 ) ;
#3737 = AXIS2_PLACEMENT_3D ( 'NONE', #11070, #9357, #5230 ) ;
#3738 = CARTESIAN_POINT ( 'NONE',  ( 0.000000000000000000, 5.000000000000000000, 0.000000000000000000 ) ) ;
#3739 = DIRECTION ( 'NONE',  ( 0.000000000000000000, 0.000000000000000000, 1.000000000000000000 ) ) ;
#3740 = ORIENTED_EDGE ( 'NONE', *, *, #3511, .F. ) ;
#3741 = ORIENTED_EDGE ( 'NONE', *, *, #11147, .T. ) ;
#3742 = CARTESIAN_POINT ( 'NONE',  ( 11.81567228768011191, -19.06525438257995120, 45.02958255179721192 ) ) ;
#3743 = AXIS2_PLACEMENT_3D ( 'NONE', #5712, #9709, #909 ) ;
#3744 = EDGE_CURVE ( 'NONE', #3274, #374, #6083, .T. ) ;
#3745 = ORIENTED_EDGE ( 'NONE', *, *, #741, .T. ) ;
#3746 = FACE_OUTER_BOUND ( 'NONE', #2090, .T. ) ;
#3747 = ORIENTED_EDGE ( 'NONE', *, *, #3348, .T. ) ;
#3748 = DIRECTION ( 'NONE',  ( 0.000000000000000000, 1.000000000000000000, 0.000000000000000000 ) ) ;
#3749 = AXIS2_PLACEMENT_3D ( 'NONE', #1122, #5999, #10807 ) ;
#3750 = ORIENTED_EDGE ( 'NONE', *, *, #3032, .F. ) ;
#3751 = CARTESIAN_POINT ( 'NONE',  ( -22.51666049839541373, -5.000000000000000000, -12.99999999999998224 ) ) ;
#3752 = VECTOR ( 'NONE', #9365, 1000.000000000000114 ) ;
#3753 = DIRECTION ( 'NONE',  ( -0.4688348621887536982, 0.000000000000000000, -0.8832858382179871182 ) ) ;
#3754 = ORIENTED_EDGE ( 'NONE', *, *, #4795, .F. ) ;
#3755 = CIRCLE ( 'NONE', #3557, 0.4999999999999970024 ) ;
#3756 = DIRECTION ( 'NONE',  ( -6.938893903907222067E-15, 0.000000000000000000, 1.000000000000000000 ) ) ;
#3757 = FACE_OUTER_BOUND ( 'NONE', #7766, .T. ) ;
#3758 = ORIENTED_EDGE ( 'NONE', *, *, #12332, .F. ) ;
#3759 = ORIENTED_EDGE ( 'NONE', *, *, #10756, .F. ) ;
#3760 = CARTESIAN_POINT ( 'NONE',  ( 36.92360935593660543, -10.00000000000000000, -27.26647565272568841 ) ) ;
#3762 = EDGE_LOOP ( 'NONE', ( #1068, #2546, #4939, #686 ) ) ;
#3761 = CARTESIAN_POINT ( 'NONE',  ( -35.24837783041213157, -20.42202547882114061, 36.85853849957305783 ) ) ;
#3763 = EDGE_CURVE ( 'NONE', #11667, #6113, #8148, .T. ) ;
#3764 = CARTESIAN_POINT ( 'NONE',  ( -35.24837783041238026, 10.00000000000000000, -36.85853849957283046 ) ) ;
#3765 = ORIENTED_EDGE ( 'NONE', *, *, #918, .T. ) ;
#3766 = VECTOR ( 'NONE', #10279, 1000.000000000000000 ) ;
#3767 = LINE ( 'NONE', #6720, #1456 ) ;
#3768 = EDGE_CURVE ( 'NONE', #3225, #10652, #11120, .T. ) ;
#3769 = CARTESIAN_POINT ( 'NONE',  ( -11.06380523147316630, -10.00000000000000000, -49.78546187191624028 ) ) ;
#3770 = VERTEX_POINT ( 'NONE', #3116 ) ;
#3771 = CYLINDRICAL_SURFACE ( 'NONE', #11330, 0.5000000000000004441 ) ;
#3772 = ADVANCED_FACE ( 'NONE', ( #9939 ), #3189, .T. ) ;
#3773 = AXIS2_PLACEMENT_3D ( 'NONE', #9823, #3009, #8994 ) ;
#3774 = AXIS2_PLACEMENT_3D ( 'NONE', #565, #379, #2231 ) ;
#3775 = CIRCLE ( 'NONE', #8479, 0.5000000000000004441 ) ;
#3777 = ORIENTED_EDGE ( 'NONE', *, *, #8819, .T. ) ;
#3776 = DIRECTION ( 'NONE',  ( 0.000000000000000000, -1.000000000000000000, 0.000000000000000000 ) ) ;
#3778 = LINE ( 'NONE', #571, #7444 ) ;
#3779 = EDGE_LOOP ( 'NONE', ( #12251, #9355 ) ) ;
#3780 = ORIENTED_EDGE ( 'NONE', *, *, #11010, .F. ) ;
#3781 = DIRECTION ( 'NONE',  ( -0.8314696123025386854, 0.000000000000000000, 0.5555702330196121697 ) ) ;
#3782 = PLANE ( 'NONE',  #10194 ) ;
#3783 = AXIS2_PLACEMENT_3D ( 'NONE', #6294, #12253, #1287 ) ;
#3784 = CIRCLE ( 'NONE', #5014, 5.000000000000004441 ) ;
#3785 = FACE_OUTER_BOUND ( 'NONE', #3958, .T. ) ;
#3786 = LINE ( 'NONE', #1931, #2877 ) ;
#3787 = EDGE_CURVE ( 'NONE', #2929, #10769, #10821, .T. ) ;
#3788 = CARTESIAN_POINT ( 'NONE',  ( 41.20865162466940035, -20.23931917473911923, 29.46558707621397133 ) ) ;
#3789 = EDGE_CURVE ( 'NONE', #6907, #5539, #3046, .T. ) ;
#3790 = ADVANCED_FACE ( 'NONE', ( #5161 ), #9805, .T. ) ;
#3791 = ORIENTED_EDGE ( 'NONE', *, *, #9374, .T. ) ;
#3792 = ORIENTED_EDGE ( 'NONE', *, *, #10237, .F. ) ;
#3793 = AXIS2_PLACEMENT_3D ( 'NONE', #6480, #12587, #5702 ) ;
#3794 = AXIS2_PLACEMENT_3D ( 'NONE', #8138, #1432, #295 ) ;
#3795 = CARTESIAN_POINT ( 'NONE',  ( 37.08024765038217652, -10.00000000000000000, -28.14833299833755831 ) ) ;
#3796 = CARTESIAN_POINT ( 'NONE',  ( -37.08024765038236836, -20.23931917473914410, 28.14833299833729896 ) ) ;
#3797 = DIRECTION ( 'NONE',  ( -0.000000000000000000, -1.000000000000000000, -0.000000000000000000 ) ) ;
#3798 = VERTEX_POINT ( 'NONE', #6136 ) ;
#3799 = CARTESIAN_POINT ( 'NONE',  ( 41.20865162466940035, -10.00000000000000000, 29.46558707621397133 ) ) ;
#3800 = DIRECTION ( 'NONE',  ( 0.000000000000000000, 1.000000000000000000, 0.000000000000000000 ) ) ;
#3801 = CARTESIAN_POINT ( 'NONE',  ( -1.605440076985779729, 10.00000000000000000, -50.63394466786608206 ) ) ;
#3802 = AXIS2_PLACEMENT_3D ( 'NONE', #7872, #10747, #2079 ) ;
#3803 = CARTESIAN_POINT ( 'NONE',  ( 2.622880895175929261, -18.55636363116340704, 47.31460686609772637 ) ) ;
#3804 = EDGE_CURVE ( 'NONE', #8643, #10234, #8915, .T. ) ;
#3805 = ORIENTED_EDGE ( 'NONE', *, *, #727, .F. ) ;
#3806 = CARTESIAN_POINT ( 'NONE',  ( -49.34782179739797670, -19.06525438257992278, -11.45278456627774943 ) ) ;
#3807 = EDGE_CURVE ( 'NONE', #4769, #2565, #1003, .T. ) ;
#3808 = LINE ( 'NONE', #1620, #9239 ) ;
#3809 = DIRECTION ( 'NONE',  ( 0.000000000000000000, 0.000000000000000000, 1.000000000000000000 ) ) ;
#3810 = EDGE_LOOP ( 'NONE', ( #1867, #8286, #7060, #5317 ) ) ;
#3811 = ORIENTED_EDGE ( 'NONE', *, *, #9137, .F. ) ;
#3812 = DIRECTION ( 'NONE',  ( 0.000000000000000000, 1.000000000000000000, 0.000000000000000000 ) ) ;
#3813 = EDGE_CURVE ( 'NONE', #910, #2665, #7891, .T. ) ;
#3814 = ORIENTED_EDGE ( 'NONE', *, *, #12228, .F. ) ;
#3815 = CARTESIAN_POINT ( 'NONE',  ( -23.48578117747902283, -20.23931917473913700, -40.19566517527163541 ) ) ;
#3816 = VERTEX_POINT ( 'NONE', #1198 ) ;
#3817 = CARTESIAN_POINT ( 'NONE',  ( -11.45278456627792174, -19.06525438257992988, -49.34782179739794117 ) ) ;
#3818 = ORIENTED_EDGE ( 'NONE', *, *, #5910, .F. ) ;
#3819 = CARTESIAN_POINT ( 'NONE',  ( 0.000000000000000000, -10.00000000000000000, 0.000000000000000000 ) ) ;
#3820 = CALENDAR_DATE ( 2026, 8, 8 ) ;
#3821 = ADVANCED_FACE ( 'NONE', ( #6016 ), #2030, .T. ) ;
#3822 = EDGE_LOOP ( 'NONE', ( #4747, #8173, #8021, #5857 ) ) ;
#3823 = ORIENTED_EDGE ( 'NONE', *, *, #3471, .T. ) ;
#3824 = DIRECTION ( 'NONE',  ( 0.9490135592383418528, 0.000000000000000000, -0.3152352524413699619 ) ) ;
#3825 = DIRECTION ( 'NONE',  ( -0.2930610956196625372, 0.000000000000000000, 0.9560937162403081446 ) ) ;
#3826 = ORIENTED_EDGE ( 'NONE', *, *, #175, .T. ) ;
#3827 = ORIENTED_EDGE ( 'NONE', *, *, #289, .T. ) ;
#3828 = CYLINDRICAL_SURFACE ( 'NONE', #839, 44.99999999999999289 ) ;
#3830 = ORIENTED_EDGE ( 'NONE', *, *, #3182, .F. ) ;
#3829 = CARTESIAN_POINT ( 'NONE',  ( -8.303600574123754186, -10.00000000000000000, -49.97423344059144767 ) ) ;
#3831 = EDGE_LOOP ( 'NONE', ( #6705, #3814 ) ) ;
#3832 = CARTESIAN_POINT ( 'NONE',  ( 6.658138915333471353, -10.00000000000000000, -46.91716864078417615 ) ) ;
#3833 = CARTESIAN_POINT ( 'NONE',  ( 28.14833299833743396, -20.23931917473915831, 37.08024765038227599 ) ) ;
#3834 = DIRECTION ( 'NONE',  ( -0.9238795325112826307, 0.000000000000000000, 0.3826834323650998293 ) ) ;
#3835 = EDGE_CURVE ( 'NONE', #2653, #9880, #2706, .T. ) ;
#3837 = EDGE_LOOP ( 'NONE', ( #6248, #5096, #2403, #6277 ) ) ;
#3836 = CARTESIAN_POINT ( 'NONE',  ( -34.84146812720832287, -20.42202547882114061, 30.87629374033901897 ) ) ;
#3838 = CARTESIAN_POINT ( 'NONE',  ( -29.62769538921526191, -20.42202547882114061, 33.87033607633488685 ) ) ;
#3839 = VERTEX_POINT ( 'NONE', #10052 ) ;
#3840 = DIRECTION ( 'NONE',  ( 0.3152352524413764567, -0.000000000000000000, 0.9490135592383397434 ) ) ;
#3841 = DIRECTION ( 'NONE',  ( 0.000000000000000000, 0.000000000000000000, 1.000000000000000000 ) ) ;
#3842 = LINE ( 'NONE', #7771, #3207 ) ;
#3843 = ORIENTED_EDGE ( 'NONE', *, *, #761, .T. ) ;
#3844 = FACE_BOUND ( 'NONE', #10815, .T. ) ;
#3845 = FACE_OUTER_BOUND ( 'NONE', #5969, .T. ) ;
#3846 = FACE_OUTER_BOUND ( 'NONE', #1195, .T. ) ;
#3847 = EDGE_CURVE ( 'NONE', #12347, #7816, #9093, .T. ) ;
#3848 = VERTEX_POINT ( 'NONE', #4208 ) ;
#3849 = EDGE_CURVE ( 'NONE', #4135, #3023, #11732, .T. ) ;
#3850 = CARTESIAN_POINT ( 'NONE',  ( -15.55241692398336895, -10.00000000000000000, 43.18490419363098454 ) ) ;
#3852 = ORIENTED_EDGE ( 'NONE', *, *, #11630, .F. ) ;
#3851 = CYLINDRICAL_SURFACE ( 'NONE', #1862, 8.000000000000001776 ) ;
#3853 = ADVANCED_FACE ( 'NONE', ( #11787 ), #5947, .T. ) ;
#3854 = DIRECTION ( 'NONE',  ( 0.3152352524413731261, 0.000000000000000000, 0.9490135592383408536 ) ) ;
#3855 = ORIENTED_EDGE ( 'NONE', *, *, #8104, .T. ) ;
#3856 = EDGE_CURVE ( 'NONE', #8331, #3539, #4016, .T. ) ;
#3857 = CARTESIAN_POINT ( 'NONE',  ( -46.21285384832059862, -10.00000000000000000, 20.36227244670300252 ) ) ;
#3858 = EDGE_CURVE ( 'NONE', #7955, #9612, #5411, .T. ) ;
#3859 = DIRECTION ( 'NONE',  ( -0.000000000000000000, -1.000000000000000000, -0.000000000000000000 ) ) ;
#3860 = DIRECTION ( 'NONE',  ( 0.000000000000000000, 1.000000000000000000, 0.000000000000000000 ) ) ;
#3861 = ORIENTED_EDGE ( 'NONE', *, *, #7752, .T. ) ;
#3862 = FACE_OUTER_BOUND ( 'NONE', #3936, .T. ) ;
#3863 = ORIENTED_EDGE ( 'NONE', *, *, #8102, .T. ) ;
#3864 = CARTESIAN_POINT ( 'NONE',  ( 41.76183427908576107, 10.00000000000000000, 29.27369463607518441 ) ) ;
#3865 = LINE ( 'NONE', #2970, #4092 ) ;
#3866 = ADVANCED_FACE ( 'NONE', ( #597 ), #10307, .T. ) ;
#3867 = DIRECTION ( 'NONE',  ( 0.000000000000000000, 0.000000000000000000, 1.000000000000000000 ) ) ;
#3868 = ORIENTED_EDGE ( 'NONE', *, *, #5599, .T. ) ;
#3869 = ORIENTED_EDGE ( 'NONE', *, *, #9473, .T. ) ;
#3870 = CARTESIAN_POINT ( 'NONE',  ( 40.19566517527186278, 10.00000000000000000, 23.48578117747860361 ) ) ;
#3871 = FACE_OUTER_BOUND ( 'NONE', #4818, .T. ) ;
#3872 = LINE ( 'NONE', #11443, #2689 ) ;
#3873 = ORIENTED_EDGE ( 'NONE', *, *, #6748, .T. ) ;
#3874 = CARTESIAN_POINT ( 'NONE',  ( -42.99252106000900397, -10.00000000000000000, 26.79583779944188393 ) ) ;
#3875 = EDGE_LOOP ( 'NONE', ( #4895, #4323, #7992, #3636 ) ) ;
#3876 = DIRECTION ( 'NONE',  ( 0.000000000000000000, 1.000000000000000000, 0.000000000000000000 ) ) ;
#3877 = APPROVAL_STATUS ( 'not_yet_approved' ) ;
#3878 = EDGE_CURVE ( 'NONE', #8600, #10753, #5283, .T. ) ;
#3879 = VERTEX_POINT ( 'NONE', #8269 ) ;
#3880 = FACE_OUTER_BOUND ( 'NONE', #468, .T. ) ;
#3881 = LINE ( 'NONE', #7815, #10071 ) ;
#3882 = ORIENTED_EDGE ( 'NONE', *, *, #3787, .T. ) ;
#3883 = ORIENTED_EDGE ( 'NONE', *, *, #5796, .F. ) ;
#3884 = DIRECTION ( 'NONE',  ( 0.9807852804032285432, 0.000000000000000000, -0.1950903220161383511 ) ) ;
#3886 = ORIENTED_EDGE ( 'NONE', *, *, #6355, .F. ) ;
#3885 = CARTESIAN_POINT ( 'NONE',  ( -27.38034598923419338, -10.00000000000000000, 43.02692939903829483 ) ) ;
#3887 = VERTEX_POINT ( 'NONE', #6449 ) ;
#3888 = CYLINDRICAL_SURFACE ( 'NONE', #1058, 0.5000000000000004441 ) ;
#3889 = CIRCLE ( 'NONE', #1632, 44.99999999999999289 ) ;
#3890 = VECTOR ( 'NONE', #765, 1000.000000000000227 ) ;
#3891 = DIRECTION ( 'NONE',  ( 0.000000000000000000, 1.000000000000000000, 0.000000000000000000 ) ) ;
#3892 = PLANE ( 'NONE',  #913 ) ;
#3893 = EDGE_CURVE ( 'NONE', #4083, #1174, #2459, .T. ) ;
#3894 = AXIS2_PLACEMENT_3D ( 'NONE', #10737, #11758, #10664 ) ;
#3896 = ORIENTED_EDGE ( 'NONE', *, *, #5339, .T. ) ;
#3895 = DIRECTION ( 'NONE',  ( 0.000000000000000000, 1.000000000000000000, 0.000000000000000000 ) ) ;
#3897 = CIRCLE ( 'NONE', #6981, 0.4999999999999985567 ) ;
#3898 = CARTESIAN_POINT ( 'NONE',  ( 11.80310486381228507, -19.06525438257988725, -45.89377128388460392 ) ) ;
#3899 = AXIS2_PLACEMENT_3D ( 'NONE', #7767, #4806, #5841 ) ;
#3900 = VERTEX_POINT ( 'NONE', #12039 ) ;
#3901 = LINE ( 'NONE', #586, #9313 ) ;
#3902 = CARTESIAN_POINT ( 'NONE',  ( -44.71672993605636748, -10.00000000000000000, 15.68329018125539775 ) ) ;
#3903 = EDGE_CURVE ( 'NONE', #5399, #4264, #882, .T. ) ;
#3904 = CARTESIAN_POINT ( 'NONE',  ( 6.828624728365510599, -10.00000000000000000, -45.38924439456606308 ) ) ;
#3905 = FACE_OUTER_BOUND ( 'NONE', #8692, .T. ) ;
#3906 = DIRECTION ( 'NONE',  ( -0.2930610956196625372, 0.000000000000000000, 0.9560937162403082556 ) ) ;
#3907 = DIRECTION ( 'NONE',  ( -6.245004513516500491E-14, 0.000000000000000000, 1.000000000000000000 ) ) ;
#3908 = VECTOR ( 'NONE', #6583, 1000.000000000000000 ) ;
#3909 = AXIS2_PLACEMENT_3D ( 'NONE', #4299, #3350, #464 ) ;
#3910 = AXIS2_PLACEMENT_3D ( 'NONE', #3098, #3227, #6062 ) ;
#3911 = AXIS2_PLACEMENT_3D ( 'NONE', #7818, #7890, #11786 ) ;
#3912 = ORIENTED_EDGE ( 'NONE', *, *, #10106, .T. ) ;
#3913 = CARTESIAN_POINT ( 'NONE',  ( 41.85922843806464044, -19.69863090235023861, 20.37347321810624834 ) ) ;
#3915 = ORIENTED_EDGE ( 'NONE', *, *, #1227, .T. ) ;
#3914 = LINE ( 'NONE', #12525, #2279 ) ;
#3916 = CARTESIAN_POINT ( 'NONE',  ( -44.89988864128730484, 10.00000000000000000, -2.999999999999845013 ) ) ;
#3917 = ORIENTED_EDGE ( 'NONE', *, *, #8298, .T. ) ;
#3918 = LINE ( 'NONE', #5070, #2150 ) ;
#3919 = CIRCLE ( 'NONE', #8236, 5.000000000000000888 ) ;
#3920 = AXIS2_PLACEMENT_3D ( 'NONE', #1832, #5747, #5617 ) ;
#3921 = CIRCLE ( 'NONE', #4732, 0.4999999999999990563 ) ;
#3922 = CARTESIAN_POINT ( 'NONE',  ( 46.12357170388332150, 10.00000000000000000, 6.315817419440304725 ) ) ;
#3923 = CARTESIAN_POINT ( 'NONE',  ( 45.38924439456589965, -10.00000000000000000, -6.828624728366622598 ) ) ;
#3924 = VERTEX_POINT ( 'NONE', #7415 ) ;
#3925 = DIRECTION ( 'NONE',  ( -0.9954650415614813008, 0.000000000000000000, -0.09512807697519339023 ) ) ;
#3926 = ADVANCED_FACE ( 'NONE', ( #6267 ), #11322, .T. ) ;
#3927 = ORIENTED_EDGE ( 'NONE', *, *, #1500, .T. ) ;
#3928 = DIRECTION ( 'NONE',  ( 0.000000000000000000, 1.000000000000000000, 0.000000000000000000 ) ) ;
#3929 = EDGE_CURVE ( 'NONE', #5262, #8960, #7166, .T. ) ;
#3930 = VECTOR ( 'NONE', #3433, 1000.000000000000000 ) ;
#3931 = ADVANCED_FACE ( 'NONE', ( #4446 ), #9222, .T. ) ;
#3932 = VECTOR ( 'NONE', #9934, 1000.000000000000000 ) ;
#3933 = VECTOR ( 'NONE', #6344, 1000.000000000000114 ) ;
#3934 = DIRECTION ( 'NONE',  ( 0.000000000000000000, 0.000000000000000000, 1.000000000000000000 ) ) ;
#3935 = CARTESIAN_POINT ( 'NONE',  ( 37.08024765038217652, -20.23931917473915831, -28.14833299833755831 ) ) ;
#3936 = EDGE_LOOP ( 'NONE', ( #2270, #3882, #742, #7745 ) ) ;
#3937 = ORIENTED_EDGE ( 'NONE', *, *, #9771, .T. ) ;
#3938 = DIRECTION ( 'NONE',  ( 0.7711657896326750139, -0.000000000000000000, 0.6366343730118668720 ) ) ;
#3939 = DIRECTION ( 'NONE',  ( -0.4943214563281571605, 0.000000000000000000, 0.8692791828944310684 ) ) ;
#3940 = DIRECTION ( 'NONE',  ( 0.000000000000000000, 1.000000000000000000, 0.000000000000000000 ) ) ;
#3941 = CIRCLE ( 'NONE', #5990, 5.000000000000001776 ) ;
#3942 = CARTESIAN_POINT ( 'NONE',  ( -33.87033607633458132, -10.00000000000000000, 29.62769538921561718 ) ) ;
#3943 = ORIENTED_EDGE ( 'NONE', *, *, #9617, .F. ) ;
#3944 = EDGE_CURVE ( 'NONE', #9631, #11085, #7352, .T. ) ;
#3945 = LINE ( 'NONE', #4781, #10349 ) ;
#3946 = AXIS2_PLACEMENT_3D ( 'NONE', #1717, #6654, #946 ) ;
#3947 =( NAMED_UNIT ( * ) PLANE_ANGLE_UNIT ( ) SI_UNIT ( $, .RADIAN. ) );
#3948 = EDGE_LOOP ( 'NONE', ( #7312, #3631, #5375, #5530 ) ) ;
#3949 = CARTESIAN_POINT ( 'NONE',  ( 15.19272321494580247, -10.00000000000000000, -44.00516535263808038 ) ) ;
#3950 = VECTOR ( 'NONE', #6547, 1000.000000000000000 ) ;
#3951 = CARTESIAN_POINT ( 'NONE',  ( -36.49718027898889972, 10.00000000000000000, -34.90280549874155014 ) ) ;
#3952 = ORIENTED_EDGE ( 'NONE', *, *, #6069, .F. ) ;
#3953 = ORIENTED_EDGE ( 'NONE', *, *, #1450, .T. ) ;
#3954 = CARTESIAN_POINT ( 'NONE',  ( 41.85922843806421412, -10.00000000000000000, -20.37347321810711875 ) ) ;
#3956 = ORIENTED_EDGE ( 'NONE', *, *, #3721, .F. ) ;
#3955 = CARTESIAN_POINT ( 'NONE',  ( -44.54739544167638599, 10.00000000000000000, 11.06088521563267513 ) ) ;
#3957 = AXIS2_PLACEMENT_3D ( 'NONE', #9150, #2506, #5270 ) ;
#3958 = EDGE_LOOP ( 'NONE', ( #1072, #10189, #8667, #12200 ) ) ;
#3959 = LINE ( 'NONE', #2219, #2889 ) ;
#3960 = CIRCLE ( 'NONE', #4154, 0.4999999999999975575 ) ;
#3961 = EDGE_CURVE ( 'NONE', #7450, #9802, #8467, .T. ) ;
#3962 = DIRECTION ( 'NONE',  ( 0.000000000000000000, 0.000000000000000000, 1.000000000000000000 ) ) ;
#3963 = CARTESIAN_POINT ( 'NONE',  ( -36.93882319809790005, -20.42202547882114061, -34.66838806764717162 ) ) ;
#3964 = VECTOR ( 'NONE', #4304, 1000.000000000000000 ) ;
#3965 = EDGE_CURVE ( 'NONE', #970, #1286, #4266, .T. ) ;
#3967 = VERTEX_POINT ( 'NONE', #1574 ) ;
#3966 = CARTESIAN_POINT ( 'NONE',  ( 0.000000000000000000, 5.000000000000000000, 0.000000000000000000 ) ) ;
#3968 = DIRECTION ( 'NONE',  ( 0.07193236855373658090, -0.000000000000000000, 0.9974095118627300804 ) ) ;
#3969 = ORIENTED_EDGE ( 'NONE', *, *, #11393, .T. ) ;
#3970 = DIRECTION ( 'NONE',  ( -0.6366343730118806388, 0.000000000000000000, -0.7711657896326636896 ) ) ;
#3971 = CARTESIAN_POINT ( 'NONE',  ( 23.67853845910867250, 10.00000000000000000, 39.32099234290767242 ) ) ;
#3972 = EDGE_CURVE ( 'NONE', #7186, #9941, #12277, .T. ) ;
#3973 = AXIS2_PLACEMENT_3D ( 'NONE', #6282, #11216, #9236 ) ;
#3974 = CARTESIAN_POINT ( 'NONE',  ( 1.469576158976824144E-15, 5.000000000000000000, -12.00000000000000178 ) ) ;
#3975 = LINE ( 'NONE', #9822, #1859 ) ;
#3976 = PLANE ( 'NONE',  #4380 ) ;
#3977 = ORIENTED_EDGE ( 'NONE', *, *, #5972, .T. ) ;
#3978 = EDGE_CURVE ( 'NONE', #2603, #5156, #9411, .T. ) ;
#3979 = LINE ( 'NONE', #136, #10479 ) ;
#3981 = EDGE_LOOP ( 'NONE', ( #808, #2097, #2374, #872 ) ) ;
#3980 = CARTESIAN_POINT ( 'NONE',  ( 0.000000000000000000, -10.00000000000000000, 0.000000000000000000 ) ) ;
#3982 = DIRECTION ( 'NONE',  ( 0.000000000000000000, 1.000000000000000000, 0.000000000000000000 ) ) ;
#3983 = ORIENTED_EDGE ( 'NONE', *, *, #1984, .F. ) ;
#3984 = CIRCLE ( 'NONE', #1941, 0.5000000000000004441 ) ;
#3985 = DIRECTION ( 'NONE',  ( 0.000000000000000000, 0.000000000000000000, 1.000000000000000000 ) ) ;
#3986 = CARTESIAN_POINT ( 'NONE',  ( 30.89470704032714821, -20.42202547882114061, 33.94599680791318264 ) ) ;
#3987 = CARTESIAN_POINT ( 'NONE',  ( -49.34782179739797670, -10.00000000000000000, -11.45278456627774943 ) ) ;
#3988 = DIRECTION ( 'NONE',  ( 0.000000000000000000, 0.000000000000000000, 1.000000000000000000 ) ) ;
#3989 = EDGE_LOOP ( 'NONE', ( #10625, #9597, #5911, #1900 ) ) ;
#3990 = LINE ( 'NONE', #8772, #3390 ) ;
#3991 = CIRCLE ( 'NONE', #5846, 5.000000000000000888 ) ;
#3992 = VECTOR ( 'NONE', #6574, 999.9999999999998863 ) ;
#3993 = EDGE_CURVE ( 'NONE', #818, #8146, #11940, .T. ) ;
#3994 = PLANE ( 'NONE',  #10263 ) ;
#3995 = ADVANCED_FACE ( 'NONE', ( #4388 ), #9164, .T. ) ;
#3996 = CARTESIAN_POINT ( 'NONE',  ( 17.89353851188187861, -10.00000000000000000, -47.39404044806811100 ) ) ;
#3997 = ORIENTED_EDGE ( 'NONE', *, *, #6500, .T. ) ;
#3998 = VERTEX_POINT ( 'NONE', #12096 ) ;
#3999 = DIRECTION ( 'NONE',  ( 0.000000000000000000, 1.000000000000000000, 0.000000000000000000 ) ) ;
#4000 = PLANE ( 'NONE',  #6841 ) ;
#4001 = AXIS2_PLACEMENT_3D ( 'NONE', #2840, #9924, #929 ) ;
#4002 = LINE ( 'NONE', #5033, #5636 ) ;
#4003 = CIRCLE ( 'NONE', #11379, 12.00000000000000178 ) ;
#4004 = CARTESIAN_POINT ( 'NONE',  ( 35.24837783041187578, -20.42202547882114416, -36.85853849957329942 ) ) ;
#4005 = PLANE ( 'NONE',  #4918 ) ;
#4006 = VERTEX_POINT ( 'NONE', #419 ) ;
#4007 = DIRECTION ( 'NONE',  ( 2.081668171172168198E-14, 0.000000000000000000, 1.000000000000000000 ) ) ;
#4008 = AXIS2_PLACEMENT_3D ( 'NONE', #12533, #5590, #5716 ) ;
#4009 = ADVANCED_FACE ( 'NONE', ( #8332 ), #12166, .T. ) ;
#4010 = EDGE_CURVE ( 'NONE', #2524, #5107, #1288, .T. ) ;
#4011 = DIRECTION ( 'NONE',  ( 0.4943214563281571050, 0.000000000000000000, -0.8692791828944310684 ) ) ;
#4012 = DIRECTION ( 'NONE',  ( -6.938893903907232322E-15, 0.000000000000000000, 1.000000000000000000 ) ) ;
#4013 = ORIENTED_EDGE ( 'NONE', *, *, #9111, .F. ) ;
#4014 = ORIENTED_EDGE ( 'NONE', *, *, #1298, .F. ) ;
#4015 = FACE_OUTER_BOUND ( 'NONE', #1695, .T. ) ;
#4017 = ORIENTED_EDGE ( 'NONE', *, *, #3060, .F. ) ;
#4016 = LINE ( 'NONE', #6976, #7039 ) ;
#4018 = EDGE_CURVE ( 'NONE', #1618, #5707, #857, .T. ) ;
#4019 = ORIENTED_EDGE ( 'NONE', *, *, #6129, .F. ) ;
#4020 = ADVANCED_FACE ( 'NONE', ( #4771 ), #8644, .T. ) ;
#4021 = CARTESIAN_POINT ( 'NONE',  ( -20.37347321810641176, -10.00000000000000000, 41.85922843806455518 ) ) ;
#4022 = EDGE_CURVE ( 'NONE', #8944, #8446, #11131, .T. ) ;
#4023 = DIRECTION ( 'NONE',  ( 0.000000000000000000, 1.000000000000000000, 0.000000000000000000 ) ) ;
#4024 = DIRECTION ( 'NONE',  ( 0.000000000000000000, 0.000000000000000000, 1.000000000000000000 ) ) ;
#4025 = AXIS2_PLACEMENT_3D ( 'NONE', #2843, #11391, #11647 ) ;
#4027 = ORIENTED_EDGE ( 'NONE', *, *, #10001, .F. ) ;
#4026 = CYLINDRICAL_SURFACE ( 'NONE', #10701, 5.000000000000004441 ) ;
#4028 = EDGE_CURVE ( 'NONE', #6029, #2410, #665, .T. ) ;
#4029 = DIRECTION ( 'NONE',  ( 0.000000000000000000, 1.000000000000000000, 0.000000000000000000 ) ) ;
#4030 = ORIENTED_EDGE ( 'NONE', *, *, #1143, .F. ) ;
#4031 = ORIENTED_EDGE ( 'NONE', *, *, #7810, .F. ) ;
#4032 = DIRECTION ( 'NONE',  ( -0.000000000000000000, -1.000000000000000000, -0.000000000000000000 ) ) ;
#4033 = DIRECTION ( 'NONE',  ( -0.4739546398215275236, -0.000000000000000000, -0.8805492600596778185 ) ) ;
#4034 = DIRECTION ( 'NONE',  ( -0.9948960270893555391, 0.000000000000000000, 0.1009053778637003518 ) ) ;
#4035 = CARTESIAN_POINT ( 'NONE',  ( -1.127393218865628155, -10.00000000000000000, -50.48741412005625051 ) ) ;
#4036 = ORIENTED_EDGE ( 'NONE', *, *, #905, .T. ) ;
#4037 = EDGE_CURVE ( 'NONE', #9898, #9347, #8477, .T. ) ;
#4038 = ORIENTED_EDGE ( 'NONE', *, *, #11208, .T. ) ;
#4039 = PLANE ( 'NONE',  #4115 ) ;
#4041 = EDGE_LOOP ( 'NONE', ( #8615, #5456, #6715, #10287 ) ) ;
#4040 = CARTESIAN_POINT ( 'NONE',  ( 41.53355807099723052, -19.69863090235023861, 19.53911912941810769 ) ) ;
#4042 = CARTESIAN_POINT ( 'NONE',  ( 29.46558707621469964, -10.00000000000000000, 41.20865162466889586 ) ) ;
#4043 = ORIENTED_EDGE ( 'NONE', *, *, #2643, .T. ) ;
#4044 = CARTESIAN_POINT ( 'NONE',  ( -22.51666049839541373, -5.000000000000000000, -12.99999999999998224 ) ) ;
#4045 = CARTESIAN_POINT ( 'NONE',  ( 47.39404044806805416, 10.00000000000000000, 17.89353851188204914 ) ) ;
#4046 = DIRECTION ( 'NONE',  ( 0.000000000000000000, 1.000000000000000000, 0.000000000000000000 ) ) ;
#4047 = CARTESIAN_POINT ( 'NONE',  ( 18.46010280676554771, -19.69863090235029901, 47.54181953147823236 ) ) ;
#4048 = EDGE_CURVE ( 'NONE', #11546, #6870, #9914, .T. ) ;
#4049 = ORIENTED_EDGE ( 'NONE', *, *, #11010, .T. ) ;
#4050 = EDGE_LOOP ( 'NONE', ( #12085, #858, #4546, #5732 ) ) ;
#4051 = DIRECTION ( 'NONE',  ( -0.000000000000000000, -1.000000000000000000, -0.000000000000000000 ) ) ;
#4052 = DIRECTION ( 'NONE',  ( -0.000000000000000000, 1.000000000000000000, -0.000000000000000000 ) ) ;
#4053 = LINE ( 'NONE', #1954, #3118 ) ;
#4054 = EDGE_LOOP ( 'NONE', ( #5586, #4715, #6351, #9772 ) ) ;
#4055 = ORIENTED_EDGE ( 'NONE', *, *, #6024, .T. ) ;
#4056 = CARTESIAN_POINT ( 'NONE',  ( 0.000000000000000000, -20.23931917473911923, 0.000000000000000000 ) ) ;
#4057 = CARTESIAN_POINT ( 'NONE',  ( 0.000000000000000000, 5.000000000000000000, -26.00000000000000000 ) ) ;
#4058 = LINE ( 'NONE', #6000, #323 ) ;
#4059 = CARTESIAN_POINT ( 'NONE',  ( -8.830448225976896381, -10.00000000000000000, -50.22970420108346445 ) ) ;
#4060 = CYLINDRICAL_SURFACE ( 'NONE', #10650, 50.99999999999999289 ) ;
#4061 = ADVANCED_FACE ( 'NONE', ( #2637 ), #12546, .T. ) ;
#4062 = VERTEX_POINT ( 'NONE', #4695 ) ;
#4063 = CARTESIAN_POINT ( 'NONE',  ( 2.803801697542733784, -10.00000000000000000, 46.46947506094542035 ) ) ;
#4064 = CARTESIAN_POINT ( 'NONE',  ( 49.97423344059152583, -19.06525438257988725, 8.303600574123217726 ) ) ;
#4065 = DIRECTION ( 'NONE',  ( 0.9642112588246054550, 0.000000000000000000, -0.2651351511132947203 ) ) ;
#4066 = ORIENTED_EDGE ( 'NONE', *, *, #1399, .F. ) ;
#4067 = VERTEX_POINT ( 'NONE', #11644 ) ;
#4068 = LINE ( 'NONE', #8791, #3092 ) ;
#4069 = DIRECTION ( 'NONE',  ( 0.9807852804032297644, 0.000000000000000000, -0.1950903220161322171 ) ) ;
#4070 = ORIENTED_EDGE ( 'NONE', *, *, #1129, .T. ) ;
#4071 = DIRECTION ( 'NONE',  ( 0.000000000000000000, 1.000000000000000000, 0.000000000000000000 ) ) ;
#4072 = ADVANCED_FACE ( 'NONE', ( #5603 ), #10616, .T. ) ;
#4073 = ADVANCED_FACE ( 'NONE', ( #9656 ), #2712, .T. ) ;
#4074 = LINE ( 'NONE', #6982, #10539 ) ;
#4075 = CARTESIAN_POINT ( 'NONE',  ( -47.31460686609771926, -18.55636363116341414, 2.622880895176094462 ) ) ;
#4076 = EDGE_CURVE ( 'NONE', #11423, #10228, #8283, .T. ) ;
#4077 = EDGE_CURVE ( 'NONE', #3128, #11966, #10730, .T. ) ;
#4078 = EDGE_CURVE ( 'NONE', #9747, #12619, #2780, .T. ) ;
#4079 = ORIENTED_EDGE ( 'NONE', *, *, #7272, .F. ) ;
#4081 = VERTEX_POINT ( 'NONE', #8448 ) ;
#4080 = DIRECTION ( 'NONE',  ( -0.09512807697520379857, 0.000000000000000000, -0.9954650415614801906 ) ) ;
#4082 = CARTESIAN_POINT ( 'NONE',  ( 8.303600574123047195, -19.06525438257988725, -49.97423344059155426 ) ) ;
#4083 = VERTEX_POINT ( 'NONE', #12345 ) ;
#4084 = CARTESIAN_POINT ( 'NONE',  ( -49.29736910846613540, -10.00000000000000000, -10.95533655273307083 ) ) ;
#4085 = VECTOR ( 'NONE', #7875, 1000.000000000000000 ) ;
#4086 = DIRECTION ( 'NONE',  ( 0.7893522173763272143, -0.000000000000000000, 0.6139406135149194643 ) ) ;
#4087 = VECTOR ( 'NONE', #9607, 1000.000000000000000 ) ;
#4088 = FACE_OUTER_BOUND ( 'NONE', #1749, .T. ) ;
#4089 = EDGE_CURVE ( 'NONE', #459, #3225, #3556, .T. ) ;
#4090 = ORIENTED_EDGE ( 'NONE', *, *, #10365, .T. ) ;
#4091 = CIRCLE ( 'NONE', #9036, 0.5000000000000003331 ) ;
#4092 = VECTOR ( 'NONE', #8894, 999.9999999999998863 ) ;
#4093 = VERTEX_POINT ( 'NONE', #11386 ) ;
#4094 = VECTOR ( 'NONE', #10069, 1000.000000000000114 ) ;
#4095 = DIRECTION ( 'NONE',  ( 0.000000000000000000, 1.000000000000000000, 0.000000000000000000 ) ) ;
#4097 = ORIENTED_EDGE ( 'NONE', *, *, #1685, .T. ) ;
#4096 = DIRECTION ( 'NONE',  ( -0.3826834323650774583, 0.000000000000000000, 0.9238795325112919565 ) ) ;
#4098 = CARTESIAN_POINT ( 'NONE',  ( 22.45063275808604430, -20.23931917473911923, -38.99960370005767629 ) ) ;
#4099 = ORIENTED_EDGE ( 'NONE', *, *, #6254, .T. ) ;
#4100 = DIRECTION ( 'NONE',  ( 0.000000000000000000, 0.000000000000000000, 1.000000000000000000 ) ) ;
#4101 = PLANE ( 'NONE',  #9770 ) ;
#4102 = ORIENTED_EDGE ( 'NONE', *, *, #12053, .F. ) ;
#4103 = DIRECTION ( 'NONE',  ( 0.000000000000000000, 1.000000000000000000, 0.000000000000000000 ) ) ;
#4104 = VECTOR ( 'NONE', #12657, 1000.000000000000000 ) ;
#4105 = AXIS2_PLACEMENT_3D ( 'NONE', #12462, #1802, #835 ) ;
#4106 = DIRECTION ( 'NONE',  ( 0.000000000000000000, 1.000000000000000000, 0.000000000000000000 ) ) ;
#4107 = VECTOR ( 'NONE', #806, 1000.000000000000000 ) ;
#4108 = VERTEX_POINT ( 'NONE', #2585 ) ;
#4109 = ORIENTED_EDGE ( 'NONE', *, *, #1535, .F. ) ;
#4110 = EDGE_CURVE ( 'NONE', #4902, #10422, #6506, .T. ) ;
#4111 = DIRECTION ( 'NONE',  ( -0.000000000000000000, 1.000000000000000000, -0.000000000000000000 ) ) ;
#4112 = DIRECTION ( 'NONE',  ( -0.5555702330195980698, 0.000000000000000000, 0.8314696123025480112 ) ) ;
#4113 = CIRCLE ( 'NONE', #10478, 4.999999999999997335 ) ;
#4114 = CARTESIAN_POINT ( 'NONE',  ( 8.830448225976191168, -19.06525438257988725, -50.22970420108357104 ) ) ;
#4115 = AXIS2_PLACEMENT_3D ( 'NONE', #971, #8876, #1936 ) ;
#4116 = CIRCLE ( 'NONE', #1873, 0.4999999999999982236 ) ;
#4117 = ORIENTED_EDGE ( 'NONE', *, *, #10140, .F. ) ;
#4118 = ORIENTED_EDGE ( 'NONE', *, *, #5231, .T. ) ;
#4119 = CARTESIAN_POINT ( 'NONE',  ( 28.14833299833743396, 10.00000000000000000, 37.08024765038227599 ) ) ;
#4120 = CARTESIAN_POINT ( 'NONE',  ( 40.33403783062626502, 10.00000000000000000, 19.95408209559158763 ) ) ;
#4121 = CARTESIAN_POINT ( 'NONE',  ( 40.19566517527186278, -20.23931917473911923, 23.48578117747860361 ) ) ;
#4122 = CARTESIAN_POINT ( 'NONE',  ( -34.66838806764730663, -10.00000000000000000, -36.93882319809778636 ) ) ;
#4123 = EDGE_CURVE ( 'NONE', #11956, #9605, #6418, .T. ) ;
#4124 = DIRECTION ( 'NONE',  ( -0.6139406135149164667, -0.000000000000000000, 0.7893522173763293237 ) ) ;
#4125 = ORIENTED_EDGE ( 'NONE', *, *, #3219, .F. ) ;
#4126 = ORIENTED_EDGE ( 'NONE', *, *, #1262, .F. ) ;
#4127 = CARTESIAN_POINT ( 'NONE',  ( 46.16528980983329689, -19.69863090235023861, 20.86000496748307498 ) ) ;
#4128 = AXIS2_PLACEMENT_3D ( 'NONE', #5680, #7550, #12432 ) ;
#4129 = CIRCLE ( 'NONE', #852, 4.999999999999997335 ) ;
#4130 = SHAPE_DEFINITION_REPRESENTATION ( #12246, #5833 ) ;
#4131 = VERTEX_POINT ( 'NONE', #4120 ) ;
#4132 = PLANE ( 'NONE',  #7224 ) ;
#4133 = VERTEX_POINT ( 'NONE', #28 ) ;
#4134 = EDGE_CURVE ( 'NONE', #8632, #1392, #1054, .T. ) ;
#4135 = VERTEX_POINT ( 'NONE', #7870 ) ;
#4136 = ORIENTED_EDGE ( 'NONE', *, *, #7135, .T. ) ;
#4137 = CARTESIAN_POINT ( 'NONE',  ( 0.000000000000000000, -20.23931917473913700, 0.000000000000000000 ) ) ;
#4138 = AXIS2_PLACEMENT_3D ( 'NONE', #2697, #3729, #10413 ) ;
#4139 = AXIS2_PLACEMENT_3D ( 'NONE', #7537, #7740, #12614 ) ;
#4140 = CIRCLE ( 'NONE', #10708, 44.99999999999999289 ) ;
#4141 = ORIENTED_EDGE ( 'NONE', *, *, #8271, .T. ) ;
#4142 = CARTESIAN_POINT ( 'NONE',  ( 26.79583779944204025, -10.00000000000000000, 42.99252106000891871 ) ) ;
#4143 = CARTESIAN_POINT ( 'NONE',  ( 14.41080490052368646, -10.00000000000000000, -42.63013842481679916 ) ) ;
#4144 = CARTESIAN_POINT ( 'NONE',  ( 0.000000000000000000, -10.00000000000000000, 0.000000000000000000 ) ) ;
#4145 = AXIS2_PLACEMENT_3D ( 'NONE', #3211, #6161, #7325 ) ;
#4146 = ADVANCED_FACE ( 'NONE', ( #2014 ), #7863, .T. ) ;
#4147 = AXIS2_PLACEMENT_3D ( 'NONE', #7697, #7621, #9746 ) ;
#4148 = EDGE_LOOP ( 'NONE', ( #12586, #4612, #11723, #3403 ) ) ;
#4150 = ORIENTED_EDGE ( 'NONE', *, *, #10294, .T. ) ;
#4149 = DIRECTION ( 'NONE',  ( 0.000000000000000000, 0.000000000000000000, 1.000000000000000000 ) ) ;
#4151 = EDGE_CURVE ( 'NONE', #5413, #1211, #11745, .T. ) ;
#4152 = LINE ( 'NONE', #7061, #8844 ) ;
#4153 = ORIENTED_EDGE ( 'NONE', *, *, #4678, .T. ) ;
#4154 = AXIS2_PLACEMENT_3D ( 'NONE', #3642, #5762, #888 ) ;
#4155 = CARTESIAN_POINT ( 'NONE',  ( 40.79785237731687886, -10.00000000000000000, -24.10574140080158756 ) ) ;
#4156 = DIRECTION ( 'NONE',  ( 0.000000000000000000, 1.000000000000000000, 0.000000000000000000 ) ) ;
#4157 = EDGE_CURVE ( 'NONE', #4459, #8078, #5930, .T. ) ;
#4158 = CARTESIAN_POINT ( 'NONE',  ( 27.11191122463445069, -10.00000000000000000, 42.60509675787089634 ) ) ;
#4159 = VECTOR ( 'NONE', #8339, 1000.000000000000000 ) ;
#4160 = ORIENTED_EDGE ( 'NONE', *, *, #6646, .T. ) ;
#4161 = CARTESIAN_POINT ( 'NONE',  ( 0.000000000000000000, 10.00000000000000000, 0.000000000000000000 ) ) ;
#4163 = VERTEX_POINT ( 'NONE', #3870 ) ;
#4162 = DIRECTION ( 'NONE',  ( 0.000000000000000000, 1.000000000000000000, 0.000000000000000000 ) ) ;
#4164 = CARTESIAN_POINT ( 'NONE',  ( -46.16528980983313346, -10.00000000000000000, -20.86000496748341604 ) ) ;
#4165 = VECTOR ( 'NONE', #10073, 999.9999999999998863 ) ;
#4166 = VERTEX_POINT ( 'NONE', #8963 ) ;
#4167 = CARTESIAN_POINT ( 'NONE',  ( 27.38034598923388785, -10.00000000000000000, -43.02692939903848668 ) ) ;
#4168 = EDGE_CURVE ( 'NONE', #5899, #6519, #1183, .T. ) ;
#4169 = CARTESIAN_POINT ( 'NONE',  ( -42.99252106000919582, -10.00000000000000000, -26.79583779944157129 ) ) ;
#4170 = VECTOR ( 'NONE', #12259, 999.9999999999998863 ) ;
#4171 = APPROVAL_PERSON_ORGANIZATION ( #7291, #1145, #7346 ) ;
#4172 = VERTEX_POINT ( 'NONE', #7798 ) ;
#4173 = DIRECTION ( 'NONE',  ( -0.000000000000000000, 1.000000000000000000, -0.000000000000000000 ) ) ;
#4174 = EDGE_CURVE ( 'NONE', #2268, #6342, #2077, .T. ) ;
#4175 = ORIENTED_EDGE ( 'NONE', *, *, #8733, .T. ) ;
#4176 = EDGE_CURVE ( 'NONE', #3665, #2829, #6960, .T. ) ;
#4177 = LINE ( 'NONE', #8119, #1039 ) ;
#4178 = ORIENTED_EDGE ( 'NONE', *, *, #8778, .F. ) ;
#4179 = ORIENTED_EDGE ( 'NONE', *, *, #7752, .F. ) ;
#4180 = LINE ( 'NONE', #11177, #1146 ) ;
#4181 = AXIS2_PLACEMENT_3D ( 'NONE', #4158, #8809, #3907 ) ;
#4182 = AXIS2_PLACEMENT_3D ( 'NONE', #8162, #8220, #11094 ) ;
#4183 = DIRECTION ( 'NONE',  ( 0.000000000000000000, 1.000000000000000000, 0.000000000000000000 ) ) ;
#4184 = VECTOR ( 'NONE', #10706, 1000.000000000000000 ) ;
#4185 = LINE ( 'NONE', #3996, #7425 ) ;
#4186 = VERTEX_POINT ( 'NONE', #4966 ) ;
#4187 = EDGE_LOOP ( 'NONE', ( #5592, #8691, #5859, #4209 ) ) ;
#4188 = CARTESIAN_POINT ( 'NONE',  ( 22.51666049839540307, -10.00000000000000178, -21.00000000000000355 ) ) ;
#4189 = LINE ( 'NONE', #1424, #1919 ) ;
#4190 = EDGE_CURVE ( 'NONE', #7322, #11255, #8698, .T. ) ;
#4191 = LINE ( 'NONE', #12150, #6669 ) ;
#4192 = DIRECTION ( 'NONE',  ( 0.000000000000000000, 1.000000000000000000, 0.000000000000000000 ) ) ;
#4193 = CYLINDRICAL_SURFACE ( 'NONE', #8623, 50.99999999999999289 ) ;
#4194 = AXIS2_PLACEMENT_3D ( 'NONE', #2888, #7528, #11429 ) ;
#4196 = VERTEX_POINT ( 'NONE', #9845 ) ;
#4195 = VECTOR ( 'NONE', #3038, 1000.000000000000000 ) ;
#4197 = ORIENTED_EDGE ( 'NONE', *, *, #8009, .F. ) ;
#4198 = PLANE ( 'NONE',  #11995 ) ;
#4199 = DIRECTION ( 'NONE',  ( 0.000000000000000000, 0.000000000000000000, 1.000000000000000000 ) ) ;
#4200 = ADVANCED_FACE ( 'NONE', ( #6902 ), #4000, .T. ) ;
#4201 = ORIENTED_EDGE ( 'NONE', *, *, #6500, .F. ) ;
#4202 = CARTESIAN_POINT ( 'NONE',  ( -49.34782179739789143, 10.00000000000000000, 11.45278456627809405 ) ) ;
#4203 = ORIENTED_EDGE ( 'NONE', *, *, #6076, .T. ) ;
#4204 = CIRCLE ( 'NONE', #7491, 12.00000000000000178 ) ;
#4205 = CIRCLE ( 'NONE', #1959, 0.4999999999999982236 ) ;
#4206 = ORIENTED_EDGE ( 'NONE', *, *, #5954, .F. ) ;
#4207 = EDGE_LOOP ( 'NONE', ( #1324, #7821, #12564, #9979 ) ) ;
#4208 = CARTESIAN_POINT ( 'NONE',  ( -47.39404044806791205, 10.00000000000000000, -17.89353851188239730 ) ) ;
#4209 = ORIENTED_EDGE ( 'NONE', *, *, #11800, .F. ) ;
#4210 = CARTESIAN_POINT ( 'NONE',  ( -31.60182249696979895, -20.42202547882114061, -35.31113623141677493 ) ) ;
#4211 = CARTESIAN_POINT ( 'NONE',  ( 41.35240453125157956, -10.00000000000000000, 28.98669762983915632 ) ) ;
#4212 = EDGE_CURVE ( 'NONE', #322, #11414, #6018, .T. ) ;
#4213 = CARTESIAN_POINT ( 'NONE',  ( -33.94599680791328211, 10.00000000000000000, 30.89470704032703452 ) ) ;
#4214 = VERTEX_POINT ( 'NONE', #10746 ) ;
#4216 = ORIENTED_EDGE ( 'NONE', *, *, #3893, .F. ) ;
#4215 = CARTESIAN_POINT ( 'NONE',  ( 23.48578117747846150, 10.00000000000000000, -40.19566517527194094 ) ) ;
#4217 = AXIS2_PLACEMENT_3D ( 'NONE', #3152, #10022, #3215 ) ;
#4218 = DIRECTION ( 'NONE',  ( 0.000000000000000000, 1.000000000000000000, 0.000000000000000000 ) ) ;
#4219 = ORIENTED_EDGE ( 'NONE', *, *, #7908, .T. ) ;
#4220 = DIRECTION ( 'NONE',  ( 0.000000000000000000, 1.000000000000000000, 0.000000000000000000 ) ) ;
#4221 = CARTESIAN_POINT ( 'NONE',  ( 36.92360935593660543, -20.23931917473915831, -27.26647565272568841 ) ) ;
#4222 = EDGE_CURVE ( 'NONE', #11219, #8049, #10112, .T. ) ;
#4223 = CARTESIAN_POINT ( 'NONE',  ( -1.138555527963307501, -18.55636363116340704, 50.98728950738353660 ) ) ;
#4224 = ORIENTED_EDGE ( 'NONE', *, *, #6456, .T. ) ;
#4225 = CIRCLE ( 'NONE', #5050, 50.99999999999999289 ) ;
#4226 = VERTEX_POINT ( 'NONE', #11884 ) ;
#4228 = ORIENTED_EDGE ( 'NONE', *, *, #5972, .F. ) ;
#4227 = DIRECTION ( 'NONE',  ( -0.4688348621887414303, -0.000000000000000000, 0.8832858382179937795 ) ) ;
#4229 = CARTESIAN_POINT ( 'NONE',  ( 28.46743292285679416, -20.23931917473915831, 37.88346327708583061 ) ) ;
#4230 = ORIENTED_EDGE ( 'NONE', *, *, #3972, .F. ) ;
#4231 = LINE ( 'NONE', #2237, #12196 ) ;
#4232 = FACE_OUTER_BOUND ( 'NONE', #8621, .T. ) ;
#4233 = ORIENTED_EDGE ( 'NONE', *, *, #2645, .T. ) ;
#4234 = LINE ( 'NONE', #7141, #12560 ) ;
#4235 = VERTEX_POINT ( 'NONE', #6063 ) ;
#4236 = DIRECTION ( 'NONE',  ( 0.000000000000000000, 1.000000000000000000, 0.000000000000000000 ) ) ;
#4237 = DIRECTION ( 'NONE',  ( 0.000000000000000000, 0.000000000000000000, 1.000000000000000000 ) ) ;
#4238 = EDGE_CURVE ( 'NONE', #3321, #10601, #11958, .T. ) ;
#4239 = VERTEX_POINT ( 'NONE', #3099 ) ;
#4240 = CARTESIAN_POINT ( 'NONE',  ( -28.14833299833716751, -20.23931917473913700, -37.08024765038248205 ) ) ;
#4241 = EDGE_CURVE ( 'NONE', #919, #505, #2518, .T. ) ;
#4242 = ADVANCED_FACE ( 'NONE', ( #9790 ), #4896, .T. ) ;
#4243 = CARTESIAN_POINT ( 'NONE',  ( 0.000000000000000000, -10.00000000000000000, 0.000000000000000000 ) ) ;
#4244 = ADVANCED_FACE ( 'NONE', ( #2201 ), #6122, .T. ) ;
#4245 = EDGE_CURVE ( 'NONE', #2711, #4131, #4189, .T. ) ;
#4246 = CARTESIAN_POINT ( 'NONE',  ( 17.89353851188188216, -19.69863090235023151, -47.39404044806811100 ) ) ;
#4247 = ADVANCED_FACE ( 'NONE', ( #3470 ), #8131, .T. ) ;
#4248 = DIRECTION ( 'NONE',  ( 0.000000000000000000, 0.000000000000000000, 1.000000000000000000 ) ) ;
#4249 = ORIENTED_EDGE ( 'NONE', *, *, #566, .T. ) ;
#4250 = ORIENTED_EDGE ( 'NONE', *, *, #10145, .T. ) ;
#4251 = DIRECTION ( 'NONE',  ( 0.000000000000000000, 1.000000000000000000, 0.000000000000000000 ) ) ;
#4252 = DIRECTION ( 'NONE',  ( 0.000000000000000000, 0.000000000000000000, 1.000000000000000000 ) ) ;
#4253 = CARTESIAN_POINT ( 'NONE',  ( 24.10574140080059280, -10.00000000000000000, -40.79785237731746861 ) ) ;
#4254 = CARTESIAN_POINT ( 'NONE',  ( -15.19272321494644196, -19.69863090235027414, -44.00516535263786722 ) ) ;
#4255 = DIRECTION ( 'NONE',  ( 0.4943214563281635443, 0.000000000000000000, -0.8692791828944275156 ) ) ;
#4256 = ORIENTED_EDGE ( 'NONE', *, *, #3835, .T. ) ;
#4257 = ORIENTED_EDGE ( 'NONE', *, *, #5907, .T. ) ;
#4258 = DIRECTION ( 'NONE',  ( 0.000000000000000000, 1.000000000000000000, 0.000000000000000000 ) ) ;
#4259 = EDGE_CURVE ( 'NONE', #4093, #4643, #12264, .T. ) ;
#4260 = FACE_OUTER_BOUND ( 'NONE', #11948, .T. ) ;
#4261 = ORIENTED_EDGE ( 'NONE', *, *, #8415, .F. ) ;
#4262 = CARTESIAN_POINT ( 'NONE',  ( -29.62769538921549994, -10.00000000000000000, -33.87033607633467369 ) ) ;
#4263 = ORIENTED_EDGE ( 'NONE', *, *, #9980, .T. ) ;
#4264 = VERTEX_POINT ( 'NONE', #6368 ) ;
#4265 = ORIENTED_EDGE ( 'NONE', *, *, #12594, .F. ) ;
#4266 = LINE ( 'NONE', #3305, #5372 ) ;
#4267 = ORIENTED_EDGE ( 'NONE', *, *, #4735, .F. ) ;
#4268 = DIRECTION ( 'NONE',  ( -0.4739546398215334633, 0.000000000000000000, -0.8805492600596745989 ) ) ;
#4269 = FACE_OUTER_BOUND ( 'NONE', #8727, .T. ) ;
#4270 = EDGE_CURVE ( 'NONE', #9692, #10607, #6828, .T. ) ;
#4271 = DIRECTION ( 'NONE',  ( 0.000000000000000000, 0.000000000000000000, 1.000000000000000000 ) ) ;
#4272 = DIRECTION ( 'NONE',  ( 0.000000000000000000, 0.000000000000000000, 1.000000000000000000 ) ) ;
#4273 = ORIENTED_EDGE ( 'NONE', *, *, #12332, .T. ) ;
#4275 = ORIENTED_EDGE ( 'NONE', *, *, #10656, .F. ) ;
#4274 = CARTESIAN_POINT ( 'NONE',  ( -45.02958255179733271, 10.00000000000000000, -11.81567228767965005 ) ) ;
#4276 = CARTESIAN_POINT ( 'NONE',  ( 0.000000000000000000, 10.00000000000000000, 0.000000000000000000 ) ) ;
#4277 = ORIENTED_EDGE ( 'NONE', *, *, #11033, .F. ) ;
#4278 = CYLINDRICAL_SURFACE ( 'NONE', #2528, 5.000000000000004441 ) ;
#4279 = FACE_OUTER_BOUND ( 'NONE', #5883, .T. ) ;
#4280 = EDGE_CURVE ( 'NONE', #7892, #3637, #671, .T. ) ;
#4281 = DIRECTION ( 'NONE',  ( -0.2651351511132774563, 0.000000000000000000, 0.9642112588246102289 ) ) ;
#4282 = ORIENTED_EDGE ( 'NONE', *, *, #1854, .T. ) ;
#4284 = ORIENTED_EDGE ( 'NONE', *, *, #4134, .T. ) ;
#4283 = FACE_OUTER_BOUND ( 'NONE', #7433, .T. ) ;
#4285 = VECTOR ( 'NONE', #6540, 1000.000000000000227 ) ;
#4286 = FACE_OUTER_BOUND ( 'NONE', #303, .T. ) ;
#4287 = EDGE_LOOP ( 'NONE', ( #3220, #10935, #9744, #4805 ) ) ;
#4288 = CARTESIAN_POINT ( 'NONE',  ( -22.45063275808658076, -10.00000000000000000, -38.99960370005737076 ) ) ;
#4289 = DIRECTION ( 'NONE',  ( 0.000000000000000000, 1.000000000000000000, 0.000000000000000000 ) ) ;
#4290 = ORIENTED_EDGE ( 'NONE', *, *, #10237, .T. ) ;
#4291 = DIRECTION ( 'NONE',  ( 0.000000000000000000, 1.000000000000000000, 0.000000000000000000 ) ) ;
#4292 = CARTESIAN_POINT ( 'NONE',  ( -27.43945043190161215, -20.23931917473912634, 35.66618230193993355 ) ) ;
#4293 = DIRECTION ( 'NONE',  ( 0.000000000000000000, 1.000000000000000000, 0.000000000000000000 ) ) ;
#4294 = CIRCLE ( 'NONE', #7578, 0.5000000000000004441 ) ;
#4295 = CIRCLE ( 'NONE', #12297, 0.4999999999999970024 ) ;
#4296 = ORIENTED_EDGE ( 'NONE', *, *, #5931, .T. ) ;
#4297 = CARTESIAN_POINT ( 'NONE',  ( -11.70188957472675106, -10.00000000000000000, -43.45187890507039441 ) ) ;
#4298 = EDGE_LOOP ( 'NONE', ( #3197, #8647 ) ) ;
#4299 = CARTESIAN_POINT ( 'NONE',  ( -19.53911912941856599, 10.00000000000000000, -41.53355807099702446 ) ) ;
#4300 = DIRECTION ( 'NONE',  ( 0.000000000000000000, 1.000000000000000000, 0.000000000000000000 ) ) ;
#4301 = CARTESIAN_POINT ( 'NONE',  ( -20.36227244670284264, -19.69863090235027414, -46.21285384832067678 ) ) ;
#4302 = ORIENTED_EDGE ( 'NONE', *, *, #10835, .T. ) ;
#4303 = CARTESIAN_POINT ( 'NONE',  ( 0.000000000000000000, 10.00000000000000000, 0.000000000000000000 ) ) ;
#4304 = DIRECTION ( 'NONE',  ( 0.000000000000000000, 1.000000000000000000, 0.000000000000000000 ) ) ;
#4305 = AXIS2_PLACEMENT_3D ( 'NONE', #12071, #9144, #7388 ) ;
#4306 = EDGE_CURVE ( 'NONE', #4823, #10173, #9501, .T. ) ;
#4307 = CIRCLE ( 'NONE', #5524, 0.4999999999999977240 ) ;
#4308 = LINE ( 'NONE', #10107, #9760 ) ;
#4309 = CARTESIAN_POINT ( 'NONE',  ( 40.33403783062584580, 10.00000000000000000, -19.95408209559242607 ) ) ;
#4310 = CARTESIAN_POINT ( 'NONE',  ( -46.46947506094542746, 10.00000000000000000, -2.803801697542571691 ) ) ;
#4311 = ORIENTED_EDGE ( 'NONE', *, *, #5077, .F. ) ;
#4312 = EDGE_CURVE ( 'NONE', #3208, #8908, #3228, .T. ) ;
#4313 = ORIENTED_EDGE ( 'NONE', *, *, #8613, .F. ) ;
#4314 = LINE ( 'NONE', #1316, #8941 ) ;
#4315 = CIRCLE ( 'NONE', #5128, 44.99999999999999289 ) ;
#4316 = PERSON_AND_ORGANIZATION_ROLE ( 'design_supplier' ) ;
#4317 = VECTOR ( 'NONE', #10825, 1000.000000000000000 ) ;
#4318 = VECTOR ( 'NONE', #4717, 1000.000000000000000 ) ;
#4319 = AXIS2_PLACEMENT_3D ( 'NONE', #465, #5506, #10462 ) ;
#4320 = DIRECTION ( 'NONE',  ( 0.000000000000000000, 1.000000000000000000, 0.000000000000000000 ) ) ;
#4321 = DIRECTION ( 'NONE',  ( 0.000000000000000000, 1.000000000000000000, 0.000000000000000000 ) ) ;
#4322 = ORIENTED_EDGE ( 'NONE', *, *, #6516, .F. ) ;
#4323 = ORIENTED_EDGE ( 'NONE', *, *, #10933, .T. ) ;
#4324 = ORIENTED_EDGE ( 'NONE', *, *, #4631, .F. ) ;
#4325 = CARTESIAN_POINT ( 'NONE',  ( 20.37347321810609913, -19.69863090235023151, -41.85922843806471150 ) ) ;
#4326 = ORIENTED_EDGE ( 'NONE', *, *, #4501, .F. ) ;
#4327 = LINE ( 'NONE', #12230, #3930 ) ;
#4328 = AXIS2_PLACEMENT_3D ( 'NONE', #7417, #11140, #8334 ) ;
#4329 = EDGE_CURVE ( 'NONE', #10433, #12307, #1704, .T. ) ;
#4330 = LINE ( 'NONE', #7238, #2376 ) ;
#4331 = CIRCLE ( 'NONE', #7210, 5.000000000000004441 ) ;
#4332 = VECTOR ( 'NONE', #9707, 1000.000000000000000 ) ;
#4333 = CARTESIAN_POINT ( 'NONE',  ( -6.828624728366156305, -10.00000000000000000, -45.38924439456597071 ) ) ;
#4334 = LINE ( 'NONE', #8281, #2324 ) ;
#4335 = CIRCLE ( 'NONE', #4529, 0.4999999999999965028 ) ;
#4336 = VECTOR ( 'NONE', #8143, 1000.000000000000227 ) ;
#4337 = CIRCLE ( 'NONE', #2485, 39.00000000000002132 ) ;
#4338 = ORIENTED_EDGE ( 'NONE', *, *, #11672, .F. ) ;
#4340 = EDGE_LOOP ( 'NONE', ( #12202, #1501, #2820, #8268 ) ) ;
#4339 = LINE ( 'NONE', #12180, #7023 ) ;
#4341 = DIRECTION ( 'NONE',  ( -0.3826834323650772918, 0.000000000000000000, 0.9238795325112919565 ) ) ;
#4342 = ORIENTED_EDGE ( 'NONE', *, *, #12245, .F. ) ;
#4343 = DIRECTION ( 'NONE',  ( 0.000000000000000000, 0.000000000000000000, -1.000000000000000000 ) ) ;
#4344 = CARTESIAN_POINT ( 'NONE',  ( 0.000000000000000000, -10.00000000000000000, 0.000000000000000000 ) ) ;
#4345 = EDGE_CURVE ( 'NONE', #9498, #11607, #10105, .T. ) ;
#4346 = VECTOR ( 'NONE', #11244, 1000.000000000000114 ) ;
#4347 = LINE ( 'NONE', #1465, #2138 ) ;
#4348 = AXIS2_PLACEMENT_3D ( 'NONE', #10549, #4691, #3739 ) ;
#4349 = EDGE_CURVE ( 'NONE', #11269, #12479, #4433, .T. ) ;
#4350 = AXIS2_PLACEMENT_3D ( 'NONE', #10886, #6852, #7047 ) ;
#4351 = ORIENTED_EDGE ( 'NONE', *, *, #11249, .T. ) ;
#4353 = ORIENTED_EDGE ( 'NONE', *, *, #5523, .T. ) ;
#4352 = CARTESIAN_POINT ( 'NONE',  ( -46.21285384832059862, -10.00000000000000000, 20.36227244670300252 ) ) ;
#4354 = EDGE_CURVE ( 'NONE', #8049, #11219, #8089, .T. ) ;
#4355 = DIRECTION ( 'NONE',  ( 0.000000000000000000, 1.000000000000000000, 0.000000000000000000 ) ) ;
#4356 = VECTOR ( 'NONE', #2424, 1000.000000000000000 ) ;
#4357 = ORIENTED_EDGE ( 'NONE', *, *, #1690, .T. ) ;
#4358 = DIRECTION ( 'NONE',  ( -0.000000000000000000, -1.000000000000000000, -0.000000000000000000 ) ) ;
#4359 = CARTESIAN_POINT ( 'NONE',  ( 36.93882319809740977, -20.42202547882114416, -34.66838806764769032 ) ) ;
#4360 = ORIENTED_EDGE ( 'NONE', *, *, #3681, .F. ) ;
#4361 = DIRECTION ( 'NONE',  ( 0.000000000000000000, -0.000000000000000000, 1.000000000000000000 ) ) ;
#4362 = DIRECTION ( 'NONE',  ( 0.000000000000000000, 1.000000000000000000, 0.000000000000000000 ) ) ;
#4363 = LINE ( 'NONE', #9390, #1317 ) ;
#4364 = AXIS2_PLACEMENT_3D ( 'NONE', #8529, #2789, #4580 ) ;
#4365 = EDGE_CURVE ( 'NONE', #12288, #11531, #11305, .T. ) ;
#4366 = CIRCLE ( 'NONE', #10943, 44.99999999999999289 ) ;
#4367 = CARTESIAN_POINT ( 'NONE',  ( 43.18490419363072874, -19.69863090235031322, -15.55241692398410436 ) ) ;
#4368 = CARTESIAN_POINT ( 'NONE',  ( 1.102182119232617122E-15, -10.00000000000000000, 8.999999999999994671 ) ) ;
#4369 = CARTESIAN_POINT ( 'NONE',  ( 34.84146812720810260, -10.00000000000000000, -30.87629374033926055 ) ) ;
#4370 = VECTOR ( 'NONE', #458, 1000.000000000000114 ) ;
#4371 = ORIENTED_EDGE ( 'NONE', *, *, #409, .T. ) ;
#4372 = DIRECTION ( 'NONE',  ( 0.000000000000000000, 1.000000000000000000, 0.000000000000000000 ) ) ;
#4373 = CARTESIAN_POINT ( 'NONE',  ( -41.53355807099695340, -19.69863090235029190, 19.53911912941871165 ) ) ;
#4374 = CARTESIAN_POINT ( 'NONE',  ( 20.86000496748389565, -19.69863090235029901, 46.16528980983291319 ) ) ;
#4375 = DIRECTION ( 'NONE',  ( 0.9922778767136671840, 0.000000000000000000, -0.1240347345892116593 ) ) ;
#4376 = CARTESIAN_POINT ( 'NONE',  ( 6.658138915334456343, -19.06525438257995120, 46.91716864078404825 ) ) ;
#4377 = ORIENTED_EDGE ( 'NONE', *, *, #4022, .F. ) ;
#4378 = ADVANCED_FACE ( 'NONE', ( #11053 ), #1239, .T. ) ;
#4379 = DIRECTION ( 'NONE',  ( -0.9807852804032297644, 0.000000000000000000, 0.1950903220161316620 ) ) ;
#4380 = AXIS2_PLACEMENT_3D ( 'NONE', #5850, #3066, #11744 ) ;
#4381 = AXIS2_PLACEMENT_3D ( 'NONE', #9873, #5896, #3052 ) ;
#4382 = EDGE_CURVE ( 'NONE', #7934, #4643, #9086, .T. ) ;
#4383 = DIRECTION ( 'NONE',  ( -0.4688348621887568624, 0.000000000000000000, -0.8832858382179856749 ) ) ;
#4384 = DIRECTION ( 'NONE',  ( 0.000000000000000000, 1.000000000000000000, 0.000000000000000000 ) ) ;
#4385 = ORIENTED_EDGE ( 'NONE', *, *, #10138, .F. ) ;
#4386 = EDGE_LOOP ( 'NONE', ( #12135, #10159, #10832, #5753 ) ) ;
#4387 = ORIENTED_EDGE ( 'NONE', *, *, #9695, .F. ) ;
#4388 = FACE_OUTER_BOUND ( 'NONE', #7608, .T. ) ;
#4389 = VERTEX_POINT ( 'NONE', #11241 ) ;
#4390 = CIRCLE ( 'NONE', #710, 50.99999999999999289 ) ;
#4391 = AXIS2_PLACEMENT_3D ( 'NONE', #4211, #6209, #7171 ) ;
#4392 = FACE_OUTER_BOUND ( 'NONE', #9615, .T. ) ;
#4393 = CARTESIAN_POINT ( 'NONE',  ( -46.21285384832059862, -19.69863090235029190, 20.86227244670299896 ) ) ;
#4394 = VERTEX_POINT ( 'NONE', #349 ) ;
#4395 = DIRECTION ( 'NONE',  ( 0.07193236855371894223, 0.000000000000000000, -0.9974095118627313017 ) ) ;
#4396 = EDGE_CURVE ( 'NONE', #10442, #476, #3755, .T. ) ;
#4397 = CARTESIAN_POINT ( 'NONE',  ( 34.66838806764678793, -10.00000000000000000, -36.93882319809825532 ) ) ;
#4398 = EDGE_CURVE ( 'NONE', #6106, #7128, #8486, .T. ) ;
#4399 = CIRCLE ( 'NONE', #6044, 0.5000000000000004441 ) ;
#4400 = AXIS2_PLACEMENT_3D ( 'NONE', #3361, #12412, #3424 ) ;
#4401 = EDGE_CURVE ( 'NONE', #10944, #8800, #10175, .T. ) ;
#4402 = DIRECTION ( 'NONE',  ( 0.000000000000000000, 1.000000000000000000, 0.000000000000000000 ) ) ;
#4403 = ORIENTED_EDGE ( 'NONE', *, *, #2007, .T. ) ;
#4404 = ADVANCED_FACE ( 'NONE', ( #10289 ), #8253, .T. ) ;
#4406 = ORIENTED_EDGE ( 'NONE', *, *, #3789, .F. ) ;
#4405 = DIRECTION ( 'NONE',  ( 0.000000000000000000, 1.000000000000000000, 0.000000000000000000 ) ) ;
#4407 = EDGE_CURVE ( 'NONE', #1138, #10496, #293, .T. ) ;
#4408 = DIRECTION ( 'NONE',  ( 0.000000000000000000, 0.000000000000000000, 1.000000000000000000 ) ) ;
#4409 = ORIENTED_EDGE ( 'NONE', *, *, #12141, .F. ) ;
#4410 = ORIENTED_EDGE ( 'NONE', *, *, #7871, .F. ) ;
#4411 = CARTESIAN_POINT ( 'NONE',  ( -6.315817419440467262, -10.00000000000000000, 46.12357170388329308 ) ) ;
#4412 = CARTESIAN_POINT ( 'NONE',  ( 0.000000000000000000, -10.00000000000000000, 0.000000000000000000 ) ) ;
#4413 = VECTOR ( 'NONE', #10870, 1000.000000000000000 ) ;
#4414 = VECTOR ( 'NONE', #10028, 1000.000000000000000 ) ;
#4415 = DIRECTION ( 'NONE',  ( 0.09512807697519685968, 0.000000000000000000, 0.9954650415614809678 ) ) ;
#4416 = EDGE_CURVE ( 'NONE', #10006, #5829, #5902, .T. ) ;
#4418 = ORIENTED_EDGE ( 'NONE', *, *, #2699, .T. ) ;
#4417 = DIRECTION ( 'NONE',  ( -0.000000000000000000, -1.000000000000000000, -0.000000000000000000 ) ) ;
#4419 = CYLINDRICAL_SURFACE ( 'NONE', #4765, 50.99999999999999289 ) ;
#4420 = EDGE_LOOP ( 'NONE', ( #7498, #6663, #1839, #9551 ) ) ;
#4421 = CARTESIAN_POINT ( 'NONE',  ( 41.53355807099682551, -19.69863090235031322, -19.53911912941897455 ) ) ;
#4422 = LINE ( 'NONE', #4611, #5248 ) ;
#4423 = VERTEX_POINT ( 'NONE', #10780 ) ;
#4424 = DIRECTION ( 'NONE',  ( 0.000000000000000000, 1.000000000000000000, 0.000000000000000000 ) ) ;
#4425 = VECTOR ( 'NONE', #11418, 1000.000000000000114 ) ;
#4426 = DIRECTION ( 'NONE',  ( -0.8692791828944294030, 0.000000000000000000, -0.4943214563281602691 ) ) ;
#4427 = CARTESIAN_POINT ( 'NONE',  ( 30.87629374033914331, -10.00000000000000000, 34.84146812720820918 ) ) ;
#4428 = EDGE_CURVE ( 'NONE', #9711, #11862, #11138, .T. ) ;
#4429 = CARTESIAN_POINT ( 'NONE',  ( -50.63394466786608916, -10.00000000000000000, -1.605440076985605424 ) ) ;
#4430 = FACE_OUTER_BOUND ( 'NONE', #4640, .T. ) ;
#4431 = DIRECTION ( 'NONE',  ( 0.000000000000000000, 1.000000000000000000, 0.000000000000000000 ) ) ;
#4432 = LINE ( 'NONE', #399, #5131 ) ;
#4433 = LINE ( 'NONE', #7215, #9110 ) ;
#4434 = EDGE_CURVE ( 'NONE', #7709, #8605, #3901, .T. ) ;
#4435 = CYLINDRICAL_SURFACE ( 'NONE', #8552, 5.000000000000004441 ) ;
#4436 = CARTESIAN_POINT ( 'NONE',  ( 15.68329018125459307, -19.69863090235023151, -44.71672993605663748 ) ) ;
#4437 = FACE_OUTER_BOUND ( 'NONE', #2908, .T. ) ;
#4438 = VERTEX_POINT ( 'NONE', #3604 ) ;
#4439 = ORIENTED_EDGE ( 'NONE', *, *, #12631, .T. ) ;
#4440 = CARTESIAN_POINT ( 'NONE',  ( 6.828624728366460950, 10.00000000000000000, 45.38924439456591386 ) ) ;
#4441 = FACE_OUTER_BOUND ( 'NONE', #12225, .T. ) ;
#4442 = CARTESIAN_POINT ( 'NONE',  ( 49.73725612068076174, -19.06525438257988725, 8.743875204153058078 ) ) ;
#4443 = EDGE_LOOP ( 'NONE', ( #734, #3058, #12683, #11363 ) ) ;
#4444 = ORIENTED_EDGE ( 'NONE', *, *, #7036, .T. ) ;
#4445 = VERTEX_POINT ( 'NONE', #4485 ) ;
#4446 = FACE_OUTER_BOUND ( 'NONE', #6019, .T. ) ;
#4447 = EDGE_CURVE ( 'NONE', #9101, #12240, #4366, .T. ) ;
#4448 = ORIENTED_EDGE ( 'NONE', *, *, #11075, .F. ) ;
#4449 = LINE ( 'NONE', #8387, #11299 ) ;
#4450 = DIRECTION ( 'NONE',  ( 0.000000000000000000, 1.000000000000000000, 0.000000000000000000 ) ) ;
#4451 = DIRECTION ( 'NONE',  ( -0.2875058131643737358, 0.000000000000000000, -0.9577788927496221350 ) ) ;
#4452 = CARTESIAN_POINT ( 'NONE',  ( 47.39404044806767047, 10.00000000000000000, -17.89353851188303679 ) ) ;
#4453 = LINE ( 'NONE', #8392, #6999 ) ;
#4454 = VERTEX_POINT ( 'NONE', #4929 ) ;
#4456 = ORIENTED_EDGE ( 'NONE', *, *, #5492, .F. ) ;
#4455 = CARTESIAN_POINT ( 'NONE',  ( -33.94599680791328211, -10.00000000000000000, 30.89470704032703452 ) ) ;
#4457 = CARTESIAN_POINT ( 'NONE',  ( 19.95408209559230173, 10.00000000000000000, 40.33403783062590264 ) ) ;
#4458 = ORIENTED_EDGE ( 'NONE', *, *, #12494, .T. ) ;
#4459 = VERTEX_POINT ( 'NONE', #10467 ) ;
#4460 = FACE_OUTER_BOUND ( 'NONE', #11598, .T. ) ;
#4461 = ADVANCED_FACE ( 'NONE', ( #7769 ), #2627, .T. ) ;
#4462 = LINE ( 'NONE', #12296, #6233 ) ;
#4463 = EDGE_CURVE ( 'NONE', #6952, #429, #8430, .T. ) ;
#4464 = ADVANCED_FACE ( 'NONE', ( #11670 ), #7906, .T. ) ;
#4465 = DIRECTION ( 'NONE',  ( 0.000000000000000000, 1.000000000000000000, 0.000000000000000000 ) ) ;
#4466 = ORIENTED_EDGE ( 'NONE', *, *, #12329, .F. ) ;
#4467 = EDGE_CURVE ( 'NONE', #229, #11875, #7456, .T. ) ;
#4468 = EDGE_CURVE ( 'NONE', #3887, #7, #5458, .T. ) ;
#4470 = ORIENTED_EDGE ( 'NONE', *, *, #9291, .F. ) ;
#4469 = DIRECTION ( 'NONE',  ( -0.3826834323650896152, 0.000000000000000000, -0.9238795325112868495 ) ) ;
#4471 = DIRECTION ( 'NONE',  ( 0.000000000000000000, 1.000000000000000000, 0.000000000000000000 ) ) ;
#4472 = PLANE ( 'NONE',  #7077 ) ;
#4473 = LINE ( 'NONE', #9323, #4425 ) ;
#4474 = ORIENTED_EDGE ( 'NONE', *, *, #6472, .F. ) ;
#4475 = LINE ( 'NONE', #8489, #1428 ) ;
#4476 = CARTESIAN_POINT ( 'NONE',  ( -27.43945043190185018, -10.00000000000000000, -35.66618230193975592 ) ) ;
#4477 = EDGE_CURVE ( 'NONE', #4093, #2391, #1680, .T. ) ;
#4478 = LINE ( 'NONE', #1548, #4170 ) ;
#4479 = DIRECTION ( 'NONE',  ( 0.000000000000000000, 1.000000000000000000, 0.000000000000000000 ) ) ;
#4480 = ORIENTED_EDGE ( 'NONE', *, *, #3993, .F. ) ;
#4481 = DIRECTION ( 'NONE',  ( 0.9642112588246073424, -0.000000000000000000, 0.2651351511132880034 ) ) ;
#4482 = DIRECTION ( 'NONE',  ( 0.000000000000000000, 1.000000000000000000, 0.000000000000000000 ) ) ;
#4483 = ORIENTED_EDGE ( 'NONE', *, *, #1795, .F. ) ;
#4484 = CARTESIAN_POINT ( 'NONE',  ( 4.898587196589413026E-15, -10.00000000000000000, 40.00000000000000000 ) ) ;
#4485 = CARTESIAN_POINT ( 'NONE',  ( 6.315817419441112079, 10.00000000000000000, 46.12357170388320782 ) ) ;
#4486 = LINE ( 'NONE', #8506, #11394 ) ;
#4487 = CARTESIAN_POINT ( 'NONE',  ( -11.81567228767948130, -10.00000000000000000, 45.02958255179737534 ) ) ;
#4488 = CIRCLE ( 'NONE', #9434, 0.4999999999999970024 ) ;
#4489 = VECTOR ( 'NONE', #5704, 1000.000000000000114 ) ;
#4490 = CARTESIAN_POINT ( 'NONE',  ( 27.11191122463445069, -20.23931917473915831, 43.10509675787089634 ) ) ;
#4491 = EDGE_CURVE ( 'NONE', #11340, #417, #4556, .T. ) ;
#4492 = FACE_OUTER_BOUND ( 'NONE', #1322, .T. ) ;
#4493 = LINE ( 'NONE', #1759, #4706 ) ;
#4494 = VECTOR ( 'NONE', #13, 1000.000000000000114 ) ;
#4495 = AXIS2_PLACEMENT_3D ( 'NONE', #3297, #7228, #6381 ) ;
#4496 = LINE ( 'NONE', #1506, #10285 ) ;
#4497 = CIRCLE ( 'NONE', #6158, 39.00000000000002132 ) ;
#4498 = EDGE_LOOP ( 'NONE', ( #2525, #1076, #8970, #1255, #5088, #9294, #6916, #2782, #10187, #4458, #11779, #9493, #12688, #8330, #10336, #8803, #8837, #904, #3765, #3444, #114, #3570, #10427, #8905, #11880, #7111, #7645, #8017, #3432, #1905, #2620, #4881, #5135, #11579, #11121, #9441, #7976, #6183, #3190, #5532, #5594, #8427, #7148, #9634, #10165, #12390, #10078, #3343, #1974, #74, #2290, #2870, #148, #4099, #6482, #11683, #9022, #8177, #6149, #7539, #12707, #12411, #4153, #7527, #300, #246, #10134, #363, #10888, #6815, #6017, #7569, #981, #5285, #4249, #6134, #1860, #358, #6842, #6911, #8853, #105, #9582, #11298, #4702, #10731, #10787, #3745, #10992, #6081, #2371, #5468, #10649, #7969, #538, #5019, #1326, #6581, #5720, #4403, #7605, #8103, #62, #5303, #4284, #11527, #10558, #7797, #3826, #2650, #11153, #3262, #9006, #1683, #6200, #4708, #12004, #3445, #4570, #8214, #9815, #8395, #5274, #8110, #6230, #4224, #667, #1043, #3144, #8494, #2287, #4760, #4694, #545, #11222, #3307, #2758, #9113, #2339, #9223, #3488, #5172, #6052, #4711, #6497, #5804, #7037, #5923, #2352, #8997, #10904, #5467, #1652, #8251, #1529, #11191, #1935, #4604, #5152, #6258, #6711, #26, #1986, #6249, #11407, #1961, #10937, #10813, #12447, #5944, #7622, #1835, #559, #1416, #10819, #926, #7258, #11463, #47, #12102, #1966, #8793, #12681, #4290, #10023, #5689, #5295, #11898, #6707, #7600, #7495, #7705, #753, #4980, #11785, #1181, #3912, #4517, #11854, #4667, #7559, #10974, #2214, #12547, #9424, #11464, #8518, #5095, #10519, #1701, #7963, #8324, #4444, #598, #5425, #2808, #6965, #6957, #3047, #12465, #2694, #2856, #3253, #4136, #8039, #4296, #11017, #193, #1208, #3176, #8591, #3647, #3791, #8037, #78, #297, #9000, #9330, #5345, #10476, #12609, #9919, #6913, #456, #3385, #2056, #7144, #3120, #141, #8305, #9196, #3827, #11811, #2592, #7846, #8058, #10273, #1955, #1088, #1557, #2338, #8059, #8074, #8783, #12703, #7414, #6931, #2245, #7232, #7404, #1005, #9254, #8141, #2162, #1304, #3089, #9176, #8854, #5498, #7289, #3977, #883, #3167, #12366, #1779, #8663, #209, #11239, #2918, #4945, #6781, #2837, #4263, #1848, #8560, #9199, #7362, #368, #9909, #9505, #12038, #12639, #4593, #4734, #9940, #7728, #10013, #9673, #6757, #9134, #5275, #6061, #8811, #1784, #8624, #8000, #7562, #9996, #9854, #6766, #574, #2972, #7961, #3873, #2988, #9408, #59, #1357, #9372, #11253, #5223, #11601, #3659, #11653, #12555 ) ) ;
#4499 = ORIENTED_EDGE ( 'NONE', *, *, #3763, .T. ) ;
#4500 = DIRECTION ( 'NONE',  ( -0.1240347345892047204, 0.000000000000000000, 0.9922778767136681832 ) ) ;
#4501 = EDGE_CURVE ( 'NONE', #3368, #11475, #7529, .T. ) ;
#4502 = ORIENTED_EDGE ( 'NONE', *, *, #11196, .F. ) ;
#4503 = CARTESIAN_POINT ( 'NONE',  ( -46.46947506094542746, -10.00000000000000000, -2.803801697542571691 ) ) ;
#4504 = ORIENTED_EDGE ( 'NONE', *, *, #9563, .T. ) ;
#4505 = DIRECTION ( 'NONE',  ( -0.000000000000000000, 1.000000000000000000, -0.000000000000000000 ) ) ;
#4506 = CIRCLE ( 'NONE', #3493, 44.99999999999999289 ) ;
#4507 = FACE_OUTER_BOUND ( 'NONE', #7850, .T. ) ;
#4508 = VECTOR ( 'NONE', #5394, 1000.000000000000114 ) ;
#4509 = CIRCLE ( 'NONE', #2673, 50.99999999999999289 ) ;
#4510 = DIRECTION ( 'NONE',  ( 0.7071067811865436870, 0.000000000000000000, -0.7071067811865512365 ) ) ;
#4511 = EDGE_CURVE ( 'NONE', #5198, #6519, #9524, .T. ) ;
#4512 = CARTESIAN_POINT ( 'NONE',  ( 34.90280549874193383, -10.00000000000000000, 36.99718027898853023 ) ) ;
#4513 = CARTESIAN_POINT ( 'NONE',  ( -11.81567228767980993, 10.00000000000000000, -45.02958255179730429 ) ) ;
#4514 = VERTEX_POINT ( 'NONE', #9455 ) ;
#4515 = DIRECTION ( 'NONE',  ( -0.7711657896326616912, 0.000000000000000000, 0.6366343730118829702 ) ) ;
#4517 = ORIENTED_EDGE ( 'NONE', *, *, #7247, .T. ) ;
#4516 = CARTESIAN_POINT ( 'NONE',  ( 14.41080490052460128, -10.00000000000000000, 42.63013842481649363 ) ) ;
#4518 = AXIS2_PLACEMENT_3D ( 'NONE', #7956, #8150, #6085 ) ;
#4519 = DIRECTION ( 'NONE',  ( -0.2651351511132846728, -0.000000000000000000, 0.9642112588246082305 ) ) ;
#4520 = AXIS2_PLACEMENT_3D ( 'NONE', #10693, #6579, #8597 ) ;
#4521 = CONICAL_SURFACE ( 'NONE', #7831, 10.99999999999999645, 0.7853981633974473908 ) ;
#4522 = ORIENTED_EDGE ( 'NONE', *, *, #9158, .F. ) ;
#4523 = EDGE_LOOP ( 'NONE', ( #6335, #4357, #4338, #418 ) ) ;
#4524 = DIRECTION ( 'NONE',  ( 0.000000000000000000, 0.000000000000000000, 1.000000000000000000 ) ) ;
#4525 = CARTESIAN_POINT ( 'NONE',  ( -37.08024765038236836, 10.00000000000000000, 28.14833299833729896 ) ) ;
#4526 = DIRECTION ( 'NONE',  ( -1.162264728904459649E-14, 0.000000000000000000, 1.000000000000000000 ) ) ;
#4527 = ORIENTED_EDGE ( 'NONE', *, *, #2910, .T. ) ;
#4528 = DIRECTION ( 'NONE',  ( 0.2930610956196625372, -0.000000000000000000, 0.9560937162403082556 ) ) ;
#4529 = AXIS2_PLACEMENT_3D ( 'NONE', #10488, #2907, #12548 ) ;
#4530 = ADVANCED_FACE ( 'NONE', ( #10411 ), #4624, .F. ) ;
#4531 = VECTOR ( 'NONE', #4011, 1000.000000000000114 ) ;
#4532 = VECTOR ( 'NONE', #3895, 1000.000000000000000 ) ;
#4533 = ADVANCED_FACE ( 'NONE', ( #5510 ), #12650, .T. ) ;
#4535 = ORIENTED_EDGE ( 'NONE', *, *, #1582, .T. ) ;
#4534 = DIRECTION ( 'NONE',  ( -0.9642112588246054550, 0.000000000000000000, 0.2651351511132947203 ) ) ;
#4536 = CARTESIAN_POINT ( 'NONE',  ( 4.178113848150120843E-15, -5.000000000000000000, 18.00000000000000000 ) ) ;
#4537 = DIRECTION ( 'NONE',  ( 0.000000000000000000, 1.000000000000000000, 0.000000000000000000 ) ) ;
#4538 = CIRCLE ( 'NONE', #11730, 5.000000000000000888 ) ;
#4539 = VECTOR ( 'NONE', #7147, 1000.000000000000000 ) ;
#4540 = CARTESIAN_POINT ( 'NONE',  ( 35.66618230193946459, -20.23931917473915831, -27.43945043190223032 ) ) ;
#4541 = ORIENTED_EDGE ( 'NONE', *, *, #3457, .T. ) ;
#4542 = CARTESIAN_POINT ( 'NONE',  ( -2.157587686025606022, -18.55636363116340704, 45.84930138799938248 ) ) ;
#4543 = CARTESIAN_POINT ( 'NONE',  ( 42.99252106000938056, 10.00000000000000000, 26.79583779944128352 ) ) ;
#4544 = CARTESIAN_POINT ( 'NONE',  ( 17.89353851188188216, 10.00000000000000000, -47.39404044806811100 ) ) ;
#4545 = VECTOR ( 'NONE', #6584, 1000.000000000000114 ) ;
#4546 = ORIENTED_EDGE ( 'NONE', *, *, #1914, .T. ) ;
#4547 = VECTOR ( 'NONE', #6292, 1000.000000000000114 ) ;
#4548 = DIRECTION ( 'NONE',  ( 0.000000000000000000, 1.000000000000000000, 0.000000000000000000 ) ) ;
#4549 = LINE ( 'NONE', #12261, #1658 ) ;
#4550 = EDGE_CURVE ( 'NONE', #11956, #7026, #9764, .T. ) ;
#4551 = CARTESIAN_POINT ( 'NONE',  ( 45.02958255179741798, 10.00000000000000000, 11.81567228767932320 ) ) ;
#4552 = AXIS2_PLACEMENT_3D ( 'NONE', #10035, #92, #11002 ) ;
#4553 = VERTEX_POINT ( 'NONE', #4155 ) ;
#4554 = ADVANCED_FACE ( 'NONE', ( #9883 ), #4992, .F. ) ;
#4555 = DIRECTION ( 'NONE',  ( 0.000000000000000000, 0.000000000000000000, -1.000000000000000000 ) ) ;
#4556 = LINE ( 'NONE', #5843, #4564 ) ;
#4557 = ADVANCED_FACE ( 'NONE', ( #1089 ), #9179, .T. ) ;
#4558 = CARTESIAN_POINT ( 'NONE',  ( -34.84146812720853603, 10.00000000000000000, -30.87629374033878094 ) ) ;
#4559 = AXIS2_PLACEMENT_3D ( 'NONE', #4728, #9499, #8550 ) ;
#4560 = CARTESIAN_POINT ( 'NONE',  ( -15.68329018125492347, -19.69863090235025282, 44.71672993605652380 ) ) ;
#4561 = CARTESIAN_POINT ( 'NONE',  ( -18.27912140669889851, 10.00000000000000000, -47.07572326156192588 ) ) ;
#4562 = EDGE_LOOP ( 'NONE', ( #5769, #8279, #7670, #7517 ) ) ;
#4563 = FACE_OUTER_BOUND ( 'NONE', #10565, .T. ) ;
#4564 = VECTOR ( 'NONE', #7463, 1000.000000000000000 ) ;
#4565 = AXIS2_PLACEMENT_3D ( 'NONE', #10495, #12430, #604 ) ;
#4566 = FACE_OUTER_BOUND ( 'NONE', #8583, .T. ) ;
#4567 = EDGE_CURVE ( 'NONE', #4829, #11467, #5111, .T. ) ;
#4568 = DIRECTION ( 'NONE',  ( 0.000000000000000000, 1.000000000000000000, 0.000000000000000000 ) ) ;
#4569 = VERTEX_POINT ( 'NONE', #1212 ) ;
#4570 = ORIENTED_EDGE ( 'NONE', *, *, #12329, .T. ) ;
#4571 = DIRECTION ( 'NONE',  ( 0.000000000000000000, 1.000000000000000000, 0.000000000000000000 ) ) ;
#4572 = ORIENTED_EDGE ( 'NONE', *, *, #4748, .F. ) ;
#4573 = CARTESIAN_POINT ( 'NONE',  ( 49.29736910846619935, 10.00000000000000000, 10.95533655273271556 ) ) ;
#4574 = VERTEX_POINT ( 'NONE', #10968 ) ;
#4575 = DIRECTION ( 'NONE',  ( 0.000000000000000000, 1.000000000000000000, 0.000000000000000000 ) ) ;
#4576 = VECTOR ( 'NONE', #5180, 1000.000000000000114 ) ;
#4578 = ORIENTED_EDGE ( 'NONE', *, *, #555, .F. ) ;
#4577 = LOCAL_TIME ( 21, 9, 55.00000000000000000, #3293 ) ;
#4579 = CARTESIAN_POINT ( 'NONE',  ( -30.87629374033865659, 10.00000000000000000, 34.84146812720864261 ) ) ;
#4580 = DIRECTION ( 'NONE',  ( 0.000000000000000000, 0.000000000000000000, 1.000000000000000000 ) ) ;
#4581 = EDGE_CURVE ( 'NONE', #12659, #4131, #678, .T. ) ;
#4582 = ORIENTED_EDGE ( 'NONE', *, *, #1750, .F. ) ;
#4583 = CARTESIAN_POINT ( 'NONE',  ( -37.08024765038236836, -20.23931917473914410, 28.14833299833729896 ) ) ;
#4584 = FACE_OUTER_BOUND ( 'NONE', #1778, .T. ) ;
#4585 = AXIS2_PLACEMENT_3D ( 'NONE', #7576, #827, #12658 ) ;
#4586 = AXIS2_PLACEMENT_3D ( 'NONE', #10510, #756, #54 ) ;
#4587 = VERTEX_POINT ( 'NONE', #6221 ) ;
#4589 = DIRECTION ( 'NONE',  ( -0.7071067811865544561, 0.000000000000000000, -0.7071067811865405783 ) ) ;
#4588 = VECTOR ( 'NONE', #6984, 1000.000000000000000 ) ;
#4591 = EDGE_LOOP ( 'NONE', ( #2433, #6749, #12055, #7541, #7760, #6447, #4660, #8596, #12290, #10395, #5872, #4055, #10424, #9213, #4645, #10136, #3282, #12238, #8912, #7644, #11044, #1699, #7427, #5556, #5158, #1720, #9245, #684, #2414, #3937, #4257, #271, #2984, #10581, #12292, #6633, #9161, #9337, #6385, #3592, #8746, #12163, #8083, #8382, #10351, #2950, #6810, #10776, #4141, #561, #4858, #11112, #9639, #2210, #8007, #12567, #4994, #10314, #2100, #231, #6850, #486, #6774, #5975, #4785, #6571, #7915, #7213, #4439, #8182, #11197, #2193, #1409, #5812, #2074, #7695, #4940, #6798, #11734, #5827, #6492, #11989, #9994, #7877, #10241, #2189, #615, #802, #9830, #11642, #10453, #9788, #4150, #3014, #1422, #4682, #935, #3917, #7656, #2561, #1650, #2425, #9974, #12520, #9471, #7269, #10420, #3181, #5006, #624, #9514, #2249, #5189, #9183, #12130, #248, #9118, #10589, #5123, #6265, #264, #8384, #5822, #5987, #6228, #1814, #12391, #383, #3478, #7164, #11308, #10655, #1825, #8519, #2233, #7804, #12279, #847, #11709, #11916, #12669, #2343, #11024, #218, #5239, #7114, #8273, #5638, #10066, #11637, #126, #1969, #12664, #7983, #11057, #2514, #1800, #3245, #2827, #1180, #12276, #4097, #11028, #6146, #9392, #8706, #1052, #6167, #4351, #11100, #12481, #8484, #2461, #7177, #9044, #111, #5619, #3670, #7953, #855, #10713, #9387, #10027, #12095, #4070, #8570, #3028, #1805, #7759, #10880, #12069, #2398, #9670, #3534, #8050, #10367, #9096, #893, #10575, #6643, #2887, #4677, #8649, #2023, #4878, #10862, #12583, #11720, #2199, #10749, #1440, #7381, #8157, #6072, #5393, #12111, #9102, #7749, #9708, #11747, #7854, #8469, #115, #1481, #11419, #10633, #1678, #4118, #9480, #12537, #11019, #6119, #1492, #6135, #973, #11113, #3777, #5452, #11965, #5306, #10634, #3747, #7904, #1524, #10094, #9321, #90, #4175, #11139, #1530, #12419, #8015, #621, #1349, #1831, #4699, #8210, #3730, #147, #5176, #3334, #1386, #2723, #8521, #8348, #1474, #4049, #11719, #11320, #7071, #10118, #3477, #1768, #8913, #11338, #15, #12676, #9622, #9541, #3184, #7988, #5961, #6204, #12037, #9231, #3187, #3689, #10569, #732, #2423, #3453, #10004, #9410, #9577, #1472, #11498, #4504, #2701, #1466, #7568, #7018, #7689, #9307, #6465, #869, #4090, #8258, #5343, #6539, #11643, #9219, #10883, #997, #7889, #10702, #8712, #9609, #9759, #7364, #11370, #7375, #3896, #9071, #5220, #4371, #9267, #9148, #4900, #4845, #10910, #7158, #8159, #2797, #6333, #9376 ) ) ;
#4590 = DIRECTION ( 'NONE',  ( -0.000000000000000000, 1.000000000000000000, -0.000000000000000000 ) ) ;
#4592 = CARTESIAN_POINT ( 'NONE',  ( 0.000000000000000000, -10.00000000000000000, 0.000000000000000000 ) ) ;
#4593 = ORIENTED_EDGE ( 'NONE', *, *, #5406, .T. ) ;
#4594 = ORIENTED_EDGE ( 'NONE', *, *, #2902, .T. ) ;
#4595 = DIRECTION ( 'NONE',  ( 0.000000000000000000, 0.000000000000000000, 1.000000000000000000 ) ) ;
#4596 = DIRECTION ( 'NONE',  ( 0.6139406135149110266, -0.000000000000000000, -0.7893522173763335426 ) ) ;
#4597 = EDGE_CURVE ( 'NONE', #8342, #11549, #8992, .T. ) ;
#4598 = LINE ( 'NONE', #1844, #7068 ) ;
#4599 = VECTOR ( 'NONE', #7729, 1000.000000000000227 ) ;
#4600 = AXIS2_PLACEMENT_3D ( 'NONE', #8389, #673, #5676 ) ;
#4601 = VERTEX_POINT ( 'NONE', #5178 ) ;
#4602 = DIRECTION ( 'NONE',  ( -0.000000000000000000, -1.000000000000000000, -0.000000000000000000 ) ) ;
#4604 = ORIENTED_EDGE ( 'NONE', *, *, #11762, .T. ) ;
#4603 = CARTESIAN_POINT ( 'NONE',  ( 2.157587686025606022, -10.00000000000000000, 45.84930138799938248 ) ) ;
#4605 = VECTOR ( 'NONE', #10290, 1000.000000000000114 ) ;
#4606 = LINE ( 'NONE', #7567, #1851 ) ;
#4608 = ORIENTED_EDGE ( 'NONE', *, *, #4190, .F. ) ;
#4607 = AXIS2_PLACEMENT_3D ( 'NONE', #408, #1378, #5090 ) ;
#4609 = CARTESIAN_POINT ( 'NONE',  ( -28.46743292285626126, 10.00000000000000000, 37.88346327708622141 ) ) ;
#4610 = ADVANCED_FACE ( 'NONE', ( #11922 ), #183, .T. ) ;
#4611 = CARTESIAN_POINT ( 'NONE',  ( 43.45187890507027362, -19.06525438257995830, -11.70188957472719515 ) ) ;
#4612 = ORIENTED_EDGE ( 'NONE', *, *, #8582, .T. ) ;
#4613 = CARTESIAN_POINT ( 'NONE',  ( 0.000000000000000000, 5.000000000000000000, 12.00000000000000178 ) ) ;
#4614 = FACE_OUTER_BOUND ( 'NONE', #8155, .T. ) ;
#4615 = FACE_OUTER_BOUND ( 'NONE', #2584, .T. ) ;
#4616 = VECTOR ( 'NONE', #12265, 1000.000000000000000 ) ;
#4617 = ORIENTED_EDGE ( 'NONE', *, *, #11189, .F. ) ;
#4618 = ORIENTED_EDGE ( 'NONE', *, *, #8657, .F. ) ;
#4619 = DIRECTION ( 'NONE',  ( -0.4739546398215244705, 0.000000000000000000, 0.8805492600596794839 ) ) ;
#4620 = CARTESIAN_POINT ( 'NONE',  ( -27.11191122463385739, 10.00000000000000000, 43.10509675787125872 ) ) ;
#4621 = CYLINDRICAL_SURFACE ( 'NONE', #7243, 0.5000000000000004441 ) ;
#4622 = ORIENTED_EDGE ( 'NONE', *, *, #8798, .T. ) ;
#4623 = LINE ( 'NONE', #5587, #6256 ) ;
#4624 = CYLINDRICAL_SURFACE ( 'NONE', #11963, 8.000000000000000000 ) ;
#4625 = CIRCLE ( 'NONE', #12221, 0.5000000000000004441 ) ;
#4626 = DIRECTION ( 'NONE',  ( 0.000000000000000000, 1.000000000000000000, 0.000000000000000000 ) ) ;
#4627 = PLANE ( 'NONE',  #4138 ) ;
#4628 = EDGE_CURVE ( 'NONE', #5891, #5795, #2725, .T. ) ;
#4629 = CARTESIAN_POINT ( 'NONE',  ( 30.89470704032643766, 10.00000000000000000, -33.94599680791382212 ) ) ;
#4630 = ADVANCED_FACE ( 'NONE', ( #9053 ), #8096, .T. ) ;
#4631 = EDGE_CURVE ( 'NONE', #2677, #5377, #10905, .T. ) ;
#4632 = ORIENTED_EDGE ( 'NONE', *, *, #6139, .F. ) ;
#4633 = CARTESIAN_POINT ( 'NONE',  ( 17.89353851188289113, -19.69863090235029901, 47.39404044806772731 ) ) ;
#4634 = EDGE_CURVE ( 'NONE', #12349, #5899, #897, .T. ) ;
#4635 = EDGE_CURVE ( 'NONE', #6870, #7221, #2936, .T. ) ;
#4636 = VECTOR ( 'NONE', #2347, 1000.000000000000114 ) ;
#4637 = ADVANCED_FACE ( 'NONE', ( #6150 ), #4278, .T. ) ;
#4638 = CARTESIAN_POINT ( 'NONE',  ( -34.66838806764730663, 10.00000000000000000, -36.93882319809778636 ) ) ;
#4639 = CARTESIAN_POINT ( 'NONE',  ( -2.803801697542733784, -18.55636363116340704, 46.46947506094542035 ) ) ;
#4640 = EDGE_LOOP ( 'NONE', ( #9657, #11652, #6866, #1715 ) ) ;
#4641 = ORIENTED_EDGE ( 'NONE', *, *, #10387, .F. ) ;
#4642 = CARTESIAN_POINT ( 'NONE',  ( 36.93882319809813453, -10.00000000000000000, 34.66838806764690872 ) ) ;
#4643 = VERTEX_POINT ( 'NONE', #12117 ) ;
#4644 = DIRECTION ( 'NONE',  ( -0.3152352524413598589, 0.000000000000000000, 0.9490135592383452945 ) ) ;
#4645 = ORIENTED_EDGE ( 'NONE', *, *, #1655, .T. ) ;
#4646 = CARTESIAN_POINT ( 'NONE',  ( 34.66838806764755532, 10.00000000000000000, 36.93882319809753056 ) ) ;
#4647 = EDGE_LOOP ( 'NONE', ( #11136, #11013, #12630, #8510 ) ) ;
#4648 = ADVANCED_FACE ( 'NONE', ( #8160 ), #11858, .T. ) ;
#4649 = FACE_OUTER_BOUND ( 'NONE', #4287, .T. ) ;
#4650 = DIRECTION ( 'NONE',  ( 0.000000000000000000, 1.000000000000000000, 0.000000000000000000 ) ) ;
#4651 = ORIENTED_EDGE ( 'NONE', *, *, #8819, .F. ) ;
#4652 = CARTESIAN_POINT ( 'NONE',  ( -40.19566517527153593, 10.00000000000000000, 23.48578117747916849 ) ) ;
#4653 = DIRECTION ( 'NONE',  ( 0.000000000000000000, 1.000000000000000000, 0.000000000000000000 ) ) ;
#4654 = ORIENTED_EDGE ( 'NONE', *, *, #10296, .F. ) ;
#4655 = EDGE_LOOP ( 'NONE', ( #3113, #1173, #12373, #8163 ) ) ;
#4656 = CARTESIAN_POINT ( 'NONE',  ( 41.35240453125157956, -20.23931917473911923, 28.98669762983915632 ) ) ;
#4657 = PLANE ( 'NONE',  #3946 ) ;
#4658 = DIRECTION ( 'NONE',  ( 0.1950903220161216700, 0.000000000000000000, -0.9807852804032317628 ) ) ;
#4659 = VERTEX_POINT ( 'NONE', #10834 ) ;
#4660 = ORIENTED_EDGE ( 'NONE', *, *, #3849, .T. ) ;
#4661 = DIRECTION ( 'NONE',  ( 0.000000000000000000, 0.000000000000000000, 1.000000000000000000 ) ) ;
#4662 = ADVANCED_FACE ( 'NONE', ( #2041 ), #5962, .T. ) ;
#4663 = DIRECTION ( 'NONE',  ( -0.6544111638669423137, 0.000000000000000000, 0.7561388950492586858 ) ) ;
#4664 = VERTEX_POINT ( 'NONE', #9956 ) ;
#4665 = CARTESIAN_POINT ( 'NONE',  ( 23.67853845910784472, -20.23931917473911923, -39.32099234290816270 ) ) ;
#4667 = ORIENTED_EDGE ( 'NONE', *, *, #10991, .T. ) ;
#4666 = LINE ( 'NONE', #7564, #9677 ) ;
#4668 = CARTESIAN_POINT ( 'NONE',  ( -15.19272321494644196, -10.00000000000000000, -44.00516535263786722 ) ) ;
#4669 = EDGE_LOOP ( 'NONE', ( #8362, #4756, #9860, #5048 ) ) ;
#4670 = DIRECTION ( 'NONE',  ( 0.000000000000000000, 0.000000000000000000, 1.000000000000000000 ) ) ;
#4671 = EDGE_CURVE ( 'NONE', #4226, #9898, #1155, .T. ) ;
#4672 = DIRECTION ( 'NONE',  ( 0.000000000000000000, 1.000000000000000000, 0.000000000000000000 ) ) ;
#4673 = DIRECTION ( 'NONE',  ( -0.000000000000000000, -1.000000000000000000, -0.000000000000000000 ) ) ;
#4674 = DIRECTION ( 'NONE',  ( 0.000000000000000000, 0.000000000000000000, 1.000000000000000000 ) ) ;
#4675 = CARTESIAN_POINT ( 'NONE',  ( -41.35240453125138771, -20.23931917473912989, -28.98669762983944054 ) ) ;
#4676 = EDGE_LOOP ( 'NONE', ( #8771, #10929, #8241, #3943 ) ) ;
#4677 = ORIENTED_EDGE ( 'NONE', *, *, #5475, .T. ) ;
#4678 = EDGE_CURVE ( 'NONE', #11693, #3226, #9515, .T. ) ;
#4679 = CARTESIAN_POINT ( 'NONE',  ( -29.46558707621440121, -20.23931917473913700, -41.20865162466910903 ) ) ;
#4680 = DIRECTION ( 'NONE',  ( -0.000000000000000000, 1.000000000000000000, -0.000000000000000000 ) ) ;
#4681 = LINE ( 'NONE', #2764, #5798 ) ;
#4682 = ORIENTED_EDGE ( 'NONE', *, *, #10372, .T. ) ;
#4683 = CARTESIAN_POINT ( 'NONE',  ( 45.02958255179741798, 10.00000000000000000, 11.81567228767932320 ) ) ;
#4684 = DIRECTION ( 'NONE',  ( 0.9238795325112917345, 0.000000000000000000, 0.3826834323650777359 ) ) ;
#4685 = DIRECTION ( 'NONE',  ( 0.000000000000000000, 1.000000000000000000, 0.000000000000000000 ) ) ;
#4686 = EDGE_LOOP ( 'NONE', ( #393, #2954, #9704, #6887 ) ) ;
#4687 = DIRECTION ( 'NONE',  ( -0.000000000000000000, -1.000000000000000000, -0.000000000000000000 ) ) ;
#4688 = CARTESIAN_POINT ( 'NONE',  ( -20.36227244670251579, -19.69863090235025282, 46.21285384832080467 ) ) ;
#4689 = CARTESIAN_POINT ( 'NONE',  ( -46.46947506094542746, -18.55636363116341414, -2.803801697542571691 ) ) ;
#4690 = EDGE_CURVE ( 'NONE', #12544, #11340, #11146, .T. ) ;
#4691 = DIRECTION ( 'NONE',  ( 0.000000000000000000, 1.000000000000000000, 0.000000000000000000 ) ) ;
#4692 = ORIENTED_EDGE ( 'NONE', *, *, #10854, .F. ) ;
#4693 = AXIS2_PLACEMENT_3D ( 'NONE', #5659, #1811, #5719 ) ;
#4694 = ORIENTED_EDGE ( 'NONE', *, *, #5039, .T. ) ;
#4695 = CARTESIAN_POINT ( 'NONE',  ( 23.48578117747846150, 10.00000000000000000, -40.19566517527194094 ) ) ;
#4696 = VECTOR ( 'NONE', #1410, 1000.000000000000000 ) ;
#4697 = VERTEX_POINT ( 'NONE', #1644 ) ;
#4698 = LINE ( 'NONE', #5672, #2283 ) ;
#4699 = ORIENTED_EDGE ( 'NONE', *, *, #2363, .T. ) ;
#4700 = ADVANCED_FACE ( 'NONE', ( #3446 ), #7368, .F. ) ;
#4701 = DIRECTION ( 'NONE',  ( 0.9807852804032310967, 0.000000000000000000, 0.1950903220161252782 ) ) ;
#4702 = ORIENTED_EDGE ( 'NONE', *, *, #3067, .T. ) ;
#4703 = DIRECTION ( 'NONE',  ( -0.4739546398215150891, 0.000000000000000000, 0.8805492600596844799 ) ) ;
#4704 = VECTOR ( 'NONE', #7980, 1000.000000000000000 ) ;
#4705 = DIRECTION ( 'NONE',  ( 0.000000000000000000, 0.000000000000000000, 1.000000000000000000 ) ) ;
#4706 = VECTOR ( 'NONE', #6559, 1000.000000000000000 ) ;
#4707 = CIRCLE ( 'NONE', #3899, 5.000000000000000888 ) ;
#4708 = ORIENTED_EDGE ( 'NONE', *, *, #2515, .T. ) ;
#4709 = DIRECTION ( 'NONE',  ( -0.000000000000000000, -1.000000000000000000, -0.000000000000000000 ) ) ;
#4710 = DIRECTION ( 'NONE',  ( -0.000000000000000000, -1.000000000000000000, -0.000000000000000000 ) ) ;
#4711 = ORIENTED_EDGE ( 'NONE', *, *, #10140, .T. ) ;
#4712 = ORIENTED_EDGE ( 'NONE', *, *, #1132, .T. ) ;
#4713 = FACE_OUTER_BOUND ( 'NONE', #9383, .T. ) ;
#4715 = ORIENTED_EDGE ( 'NONE', *, *, #7710, .F. ) ;
#4714 = DIRECTION ( 'NONE',  ( 0.000000000000000000, 0.000000000000000000, 1.000000000000000000 ) ) ;
#4716 = EDGE_CURVE ( 'NONE', #4226, #11474, #692, .T. ) ;
#4717 = DIRECTION ( 'NONE',  ( 0.000000000000000000, 1.000000000000000000, 0.000000000000000000 ) ) ;
#4718 = ORIENTED_EDGE ( 'NONE', *, *, #8989, .T. ) ;
#4719 = VERTEX_POINT ( 'NONE', #9495 ) ;
#4720 = DIRECTION ( 'NONE',  ( 0.000000000000000000, 0.000000000000000000, 1.000000000000000000 ) ) ;
#4721 = AXIS2_PLACEMENT_3D ( 'NONE', #12435, #3632, #7046 ) ;
#4722 = ADVANCED_FACE ( 'NONE', ( #10204 ), #9426, .T. ) ;
#4723 = CIRCLE ( 'NONE', #8020, 44.99999999999999289 ) ;
#4724 = CIRCLE ( 'NONE', #1250, 0.4999999999999970024 ) ;
#4725 = ADVANCED_FACE ( 'NONE', ( #3509 ), #616, .T. ) ;
#4726 = CARTESIAN_POINT ( 'NONE',  ( 1.605440076985782172, -10.00000000000000000, 50.63394466786608206 ) ) ;
#4727 = ORIENTED_EDGE ( 'NONE', *, *, #2007, .F. ) ;
#4728 = CARTESIAN_POINT ( 'NONE',  ( 22.51666049839541017, -5.000000000000000000, 12.99999999999999645 ) ) ;
#4729 = CIRCLE ( 'NONE', #8650, 44.99999999999999289 ) ;
#4730 = VECTOR ( 'NONE', #7168, 1000.000000000000000 ) ;
#4731 = AXIS2_PLACEMENT_3D ( 'NONE', #7424, #6102, #2536 ) ;
#4732 = AXIS2_PLACEMENT_3D ( 'NONE', #3075, #7004, #1283 ) ;
#4734 = ORIENTED_EDGE ( 'NONE', *, *, #9602, .T. ) ;
#4733 = CARTESIAN_POINT ( 'NONE',  ( 0.000000000000000000, 10.00000000000000000, 0.000000000000000000 ) ) ;
#4735 = EDGE_CURVE ( 'NONE', #505, #919, #12122, .T. ) ;
#4736 = DIRECTION ( 'NONE',  ( 0.000000000000000000, 0.000000000000000000, 1.000000000000000000 ) ) ;
#4737 = VERTEX_POINT ( 'NONE', #4411 ) ;
#4738 = CYLINDRICAL_SURFACE ( 'NONE', #1345, 44.99999999999999289 ) ;
#4739 = ADVANCED_FACE ( 'NONE', ( #4460 ), #5138, .F. ) ;
#4740 = CARTESIAN_POINT ( 'NONE',  ( -41.76183427908555501, -10.00000000000000000, -29.27369463607546862 ) ) ;
#4741 = CYLINDRICAL_SURFACE ( 'NONE', #2446, 0.5000000000000004441 ) ;
#4742 = CIRCLE ( 'NONE', #9067, 8.000000000000000000 ) ;
#4743 = DIRECTION ( 'NONE',  ( -0.7071067811865336949, 0.000000000000000000, 0.7071067811865614505 ) ) ;
#4744 = DIRECTION ( 'NONE',  ( -0.9238795325112827417, 0.000000000000000000, 0.3826834323650993297 ) ) ;
#4745 = CIRCLE ( 'NONE', #10085, 0.5000000000000004441 ) ;
#4746 = AXIS2_PLACEMENT_3D ( 'NONE', #137, #8106, #9963 ) ;
#4747 = ORIENTED_EDGE ( 'NONE', *, *, #11415, .F. ) ;
#4748 = EDGE_CURVE ( 'NONE', #3654, #10400, #11270, .T. ) ;
#4749 = ORIENTED_EDGE ( 'NONE', *, *, #6516, .T. ) ;
#4750 = CARTESIAN_POINT ( 'NONE',  ( -20.37347321810641176, 10.00000000000000000, 41.85922843806455518 ) ) ;
#4751 = AXIS2_PLACEMENT_3D ( 'NONE', #11832, #11961, #2978 ) ;
#4752 = CARTESIAN_POINT ( 'NONE',  ( -34.84146812720853603, -20.42202547882114061, -30.87629374033878094 ) ) ;
#4753 = CARTESIAN_POINT ( 'NONE',  ( 0.000000000000000000, 9.000000000000007105, 8.000000000000000000 ) ) ;
#4754 = VECTOR ( 'NONE', #2072, 1000.000000000000000 ) ;
#4755 = VECTOR ( 'NONE', #10335, 1000.000000000000000 ) ;
#4756 = ORIENTED_EDGE ( 'NONE', *, *, #12474, .T. ) ;
#4757 = DIRECTION ( 'NONE',  ( 0.4481489385050592689, -0.000000000000000000, -0.8939589078457624849 ) ) ;
#4758 = DIRECTION ( 'NONE',  ( 0.000000000000000000, 1.000000000000000000, 0.000000000000000000 ) ) ;
#4759 = DIRECTION ( 'NONE',  ( 0.000000000000000000, 0.000000000000000000, 1.000000000000000000 ) ) ;
#4760 = ORIENTED_EDGE ( 'NONE', *, *, #12413, .T. ) ;
#4761 = DIRECTION ( 'NONE',  ( 0.000000000000000000, 1.000000000000000000, 0.000000000000000000 ) ) ;
#4762 = ADVANCED_FACE ( 'NONE', ( #12185 ), #8349, .T. ) ;
#4763 = VECTOR ( 'NONE', #1037, 999.9999999999998863 ) ;
#4764 = CYLINDRICAL_SURFACE ( 'NONE', #7704, 0.5000000000000004441 ) ;
#4765 = AXIS2_PLACEMENT_3D ( 'NONE', #10268, #9064, #9249 ) ;
#4766 = VECTOR ( 'NONE', #2401, 1000.000000000000114 ) ;
#4767 = PLANE ( 'NONE',  #1647 ) ;
#4768 = CARTESIAN_POINT ( 'NONE',  ( -27.43945043190161570, 10.00000000000000000, 35.66618230193993355 ) ) ;
#4769 = VERTEX_POINT ( 'NONE', #6404 ) ;
#4770 = ORIENTED_EDGE ( 'NONE', *, *, #8072, .T. ) ;
#4771 = FACE_OUTER_BOUND ( 'NONE', #6199, .T. ) ;
#4772 = VECTOR ( 'NONE', #9623, 1000.000000000000227 ) ;
#4773 = ORIENTED_EDGE ( 'NONE', *, *, #1262, .T. ) ;
#4774 = CARTESIAN_POINT ( 'NONE',  ( -6.315817419440468150, -10.00000000000000000, 46.12357170388329308 ) ) ;
#4775 = ORIENTED_EDGE ( 'NONE', *, *, #11542, .F. ) ;
#4776 = CIRCLE ( 'NONE', #7445, 44.99999999999999289 ) ;
#4777 = DIRECTION ( 'NONE',  ( 6.938893903907222067E-15, 0.000000000000000000, 1.000000000000000000 ) ) ;
#4778 = ADVANCED_FACE ( 'NONE', ( #7254 ), #10327, .T. ) ;
#4779 = EDGE_LOOP ( 'NONE', ( #3056, #8171, #8995, #11246 ) ) ;
#4780 = EDGE_CURVE ( 'NONE', #1097, #7934, #10276, .T. ) ;
#4781 = CARTESIAN_POINT ( 'NONE',  ( -46.67040685671994282, -19.69863090235025993, -20.56387910459081780 ) ) ;
#4782 = AXIS2_PLACEMENT_3D ( 'NONE', #4213, #11081, #3195 ) ;
#4783 = LINE ( 'NONE', #3498, #2721 ) ;
#4784 = ORIENTED_EDGE ( 'NONE', *, *, #61, .T. ) ;
#4785 = ORIENTED_EDGE ( 'NONE', *, *, #12128, .T. ) ;
#4786 = DIRECTION ( 'NONE',  ( 0.9948960270893563163, 0.000000000000000000, -0.1009053778636932047 ) ) ;
#4787 = DIRECTION ( 'NONE',  ( 0.000000000000000000, 0.000000000000000000, -1.000000000000000000 ) ) ;
#4788 = EDGE_LOOP ( 'NONE', ( #7820, #11205, #4102, #3759 ) ) ;
#4789 = CARTESIAN_POINT ( 'NONE',  ( 47.39404044806767047, -10.00000000000000000, -17.89353851188303679 ) ) ;
#4791 = EDGE_LOOP ( 'NONE', ( #6174, #1584, #4353, #9936 ) ) ;
#4790 = CARTESIAN_POINT ( 'NONE',  ( 34.90280549874193383, -20.42202547882114061, 36.49718027898853023 ) ) ;
#4792 = ORIENTED_EDGE ( 'NONE', *, *, #2421, .T. ) ;
#4793 = AXIS2_PLACEMENT_3D ( 'NONE', #4344, #3204, #1344 ) ;
#4794 = DIRECTION ( 'NONE',  ( 0.000000000000000000, 1.000000000000000000, 0.000000000000000000 ) ) ;
#4795 = EDGE_CURVE ( 'NONE', #5928, #432, #12314, .T. ) ;
#4796 = EDGE_CURVE ( 'NONE', #11667, #9806, #4113, .T. ) ;
#4797 = DIRECTION ( 'NONE',  ( 0.000000000000000000, 1.000000000000000000, 0.000000000000000000 ) ) ;
#4798 = CARTESIAN_POINT ( 'NONE',  ( -34.90280549874141514, -10.00000000000000000, 36.49718027898902051 ) ) ;
#4799 = ADVANCED_FACE ( 'NONE', ( #11343 ), #10391, .T. ) ;
#4800 = VECTOR ( 'NONE', #1932, 1000.000000000000114 ) ;
#4801 = CIRCLE ( 'NONE', #6244, 51.00000000000000000 ) ;
#4802 = EDGE_CURVE ( 'NONE', #635, #5100, #1871, .T. ) ;
#4803 = EDGE_CURVE ( 'NONE', #6281, #1573, #34, .T. ) ;
#4805 = ORIENTED_EDGE ( 'NONE', *, *, #11861, .F. ) ;
#4804 = DIRECTION ( 'NONE',  ( 0.000000000000000000, 1.000000000000000000, 0.000000000000000000 ) ) ;
#4806 = DIRECTION ( 'NONE',  ( -0.000000000000000000, -1.000000000000000000, -0.000000000000000000 ) ) ;
#4807 = EDGE_LOOP ( 'NONE', ( #8916, #2901, #11268, #9510 ) ) ;
#4808 = ORIENTED_EDGE ( 'NONE', *, *, #10970, .T. ) ;
#4809 = DIRECTION ( 'NONE',  ( -0.7893522173763271033, 0.000000000000000000, -0.6139406135149193533 ) ) ;
#4810 = DIRECTION ( 'NONE',  ( -0.9948960270893577595, 0.000000000000000000, -0.1009053778636795490 ) ) ;
#4811 = AXIS2_PLACEMENT_3D ( 'NONE', #717, #840, #650 ) ;
#4812 = CIRCLE ( 'NONE', #11575, 50.99999999999999289 ) ;
#4813 = LINE ( 'NONE', #11742, #4907 ) ;
#4814 = DIRECTION ( 'NONE',  ( -0.9560937162403082556, 0.000000000000000000, -0.2930610956196625372 ) ) ;
#4815 = CARTESIAN_POINT ( 'NONE',  ( 45.38924439456589965, 10.00000000000000000, -6.828624728366622598 ) ) ;
#4816 = ORIENTED_EDGE ( 'NONE', *, *, #4550, .F. ) ;
#4817 = ADVANCED_FACE ( 'NONE', ( #11465 ), #7629, .T. ) ;
#4818 = EDGE_LOOP ( 'NONE', ( #3855, #8003, #5191, #943 ) ) ;
#4819 = VECTOR ( 'NONE', #4086, 999.9999999999998863 ) ;
#4820 = AXIS2_PLACEMENT_3D ( 'NONE', #9720, #1878, #6895 ) ;
#4821 = LINE ( 'NONE', #8998, #9877 ) ;
#4823 = VERTEX_POINT ( 'NONE', #7822 ) ;
#4822 = LINE ( 'NONE', #1997, #1469 ) ;
#4824 = CYLINDRICAL_SURFACE ( 'NONE', #1902, 50.99999999999999289 ) ;
#4825 = VERTEX_POINT ( 'NONE', #10770 ) ;
#4826 = CARTESIAN_POINT ( 'NONE',  ( -8.830448225976541110, 10.00000000000000000, 50.22970420108351419 ) ) ;
#4827 = PLANE ( 'NONE',  #2776 ) ;
#4828 = CARTESIAN_POINT ( 'NONE',  ( -46.91716864078411220, -19.06525438257992278, -6.658138915333974062 ) ) ;
#4829 = VERTEX_POINT ( 'NONE', #3832 ) ;
#4830 = ADVANCED_FACE ( 'NONE', ( #1722 ), #3888, .T. ) ;
#4831 = AXIS2_PLACEMENT_3D ( 'NONE', #12216, #3418, #6123 ) ;
#4832 = FACE_OUTER_BOUND ( 'NONE', #3004, .T. ) ;
#4833 = AXIS2_PLACEMENT_3D ( 'NONE', #6242, #1232, #5136 ) ;
#4834 = EDGE_LOOP ( 'NONE', ( #2386, #8776, #8786, #7751 ) ) ;
#4835 = DIRECTION ( 'NONE',  ( 0.000000000000000000, 1.000000000000000000, 0.000000000000000000 ) ) ;
#4836 = CARTESIAN_POINT ( 'NONE',  ( 23.67853845910784472, -10.00000000000000000, -39.32099234290816270 ) ) ;
#4837 = AXIS2_PLACEMENT_3D ( 'NONE', #1223, #12063, #5125 ) ;
#4838 = LINE ( 'NONE', #8517, #12553 ) ;
#4839 = EDGE_CURVE ( 'NONE', #2012, #12036, #3767, .T. ) ;
#4840 = EDGE_LOOP ( 'NONE', ( #10216, #4718 ) ) ;
#4841 = VERTEX_POINT ( 'NONE', #1913 ) ;
#4842 = CARTESIAN_POINT ( 'NONE',  ( 0.000000000000000000, 10.00000000000000000, 0.000000000000000000 ) ) ;
#4843 = CARTESIAN_POINT ( 'NONE',  ( 18.27912140669922536, 10.00000000000000000, 47.57572326156178377 ) ) ;
#4844 = DIRECTION ( 'NONE',  ( -0.4688348621887476475, 0.000000000000000000, -0.8832858382179904488 ) ) ;
#4845 = ORIENTED_EDGE ( 'NONE', *, *, #5298, .T. ) ;
#4846 = DIRECTION ( 'NONE',  ( -0.7893522173763186656, 0.000000000000000000, 0.6139406135149303445 ) ) ;
#4847 = VERTEX_POINT ( 'NONE', #1006 ) ;
#4848 = DIRECTION ( 'NONE',  ( -0.000000000000000000, -1.000000000000000000, -0.000000000000000000 ) ) ;
#4849 = APPLICATION_PROTOCOL_DEFINITION ( 'international standard', 'config_control_design', 1994, #11791 ) ;
#4850 = ORIENTED_EDGE ( 'NONE', *, *, #3111, .T. ) ;
#4851 = EDGE_CURVE ( 'NONE', #7836, #7786, #5831, .T. ) ;
#4852 = LINE ( 'NONE', #4202, #49 ) ;
#4853 = CARTESIAN_POINT ( 'NONE',  ( 49.97423344059136952, -19.06525438257995830, -8.303600574124267553 ) ) ;
#4854 = EDGE_LOOP ( 'NONE', ( #5252, #5778, #10982, #8952 ) ) ;
#4855 = ORIENTED_EDGE ( 'NONE', *, *, #3235, .F. ) ;
#4856 = CARTESIAN_POINT ( 'NONE',  ( 0.000000000000000000, 10.00000000000000000, 0.000000000000000000 ) ) ;
#4858 = ORIENTED_EDGE ( 'NONE', *, *, #192, .T. ) ;
#4857 = DIRECTION ( 'NONE',  ( 0.000000000000000000, 1.000000000000000000, 0.000000000000000000 ) ) ;
#4859 = VERTEX_POINT ( 'NONE', #2736 ) ;
#4860 = DIRECTION ( 'NONE',  ( -0.8692791828944206323, 0.000000000000000000, 0.4943214563281757568 ) ) ;
#4861 = DIRECTION ( 'NONE',  ( -0.4481489385050655971, 0.000000000000000000, 0.8939589078457593763 ) ) ;
#4862 = LINE ( 'NONE', #11796, #10113 ) ;
#4864 = ORIENTED_EDGE ( 'NONE', *, *, #8048, .T. ) ;
#4863 = DIRECTION ( 'NONE',  ( 0.000000000000000000, 0.000000000000000000, 1.000000000000000000 ) ) ;
#4865 = ADVANCED_FACE ( 'NONE', ( #12697 ), #7701, .T. ) ;
#4866 = DIRECTION ( 'NONE',  ( 0.000000000000000000, 1.000000000000000000, 0.000000000000000000 ) ) ;
#4867 = ORIENTED_EDGE ( 'NONE', *, *, #4398, .F. ) ;
#4868 = EDGE_LOOP ( 'NONE', ( #7106, #9015, #9430, #4775 ) ) ;
#4869 = CARTESIAN_POINT ( 'NONE',  ( -11.81567228767980993, -10.00000000000000000, -45.02958255179730429 ) ) ;
#4870 = DIRECTION ( 'NONE',  ( -0.000000000000000000, -1.000000000000000000, -0.000000000000000000 ) ) ;
#4871 = CARTESIAN_POINT ( 'NONE',  ( 28.98669762983988818, 10.00000000000000000, 41.35240453125108928 ) ) ;
#4872 = CARTESIAN_POINT ( 'NONE',  ( 34.84146812720874919, -20.42202547882114061, 30.87629374033853225 ) ) ;
#4873 = EDGE_CURVE ( 'NONE', #3043, #1940, #3704, .T. ) ;
#4874 = EDGE_CURVE ( 'NONE', #7973, #3274, #3310, .T. ) ;
#4875 = DIRECTION ( 'NONE',  ( 0.000000000000000000, 0.000000000000000000, 1.000000000000000000 ) ) ;
#4876 = LINE ( 'NONE', #10841, #11157 ) ;
#4877 = ORIENTED_EDGE ( 'NONE', *, *, #3064, .F. ) ;
#4878 = ORIENTED_EDGE ( 'NONE', *, *, #309, .T. ) ;
#4879 = CARTESIAN_POINT ( 'NONE',  ( -5.817177892307044296, 10.00000000000000000, 44.62242083716719776 ) ) ;
#4881 = ORIENTED_EDGE ( 'NONE', *, *, #1475, .T. ) ;
#4880 = CARTESIAN_POINT ( 'NONE',  ( 37.88346327708572403, 10.00000000000000000, -28.46743292285691851 ) ) ;
#4882 = FACE_OUTER_BOUND ( 'NONE', #8191, .T. ) ;
#4883 = ORIENTED_EDGE ( 'NONE', *, *, #6520, .T. ) ;
#4884 = FACE_OUTER_BOUND ( 'NONE', #8565, .T. ) ;
#4885 = EDGE_CURVE ( 'NONE', #947, #11966, #5894, .T. ) ;
#4886 = DIRECTION ( 'NONE',  ( 0.000000000000000000, 1.000000000000000000, 0.000000000000000000 ) ) ;
#4887 = LINE ( 'NONE', #6822, #2499 ) ;
#4888 = ORIENTED_EDGE ( 'NONE', *, *, #2621, .F. ) ;
#4889 = FACE_OUTER_BOUND ( 'NONE', #10501, .T. ) ;
#4890 = ORIENTED_EDGE ( 'NONE', *, *, #8115, .T. ) ;
#4891 = CARTESIAN_POINT ( 'NONE',  ( 34.84146812720874919, -10.00000000000000000, 30.87629374033853225 ) ) ;
#4892 = CARTESIAN_POINT ( 'NONE',  ( -41.53355807099708130, 10.00000000000000000, -19.53911912941841322 ) ) ;
#4893 = CYLINDRICAL_SURFACE ( 'NONE', #11731, 0.5000000000000004441 ) ;
#4894 = VERTEX_POINT ( 'NONE', #9561 ) ;
#4895 = ORIENTED_EDGE ( 'NONE', *, *, #4635, .F. ) ;
#4896 = PLANE ( 'NONE',  #4552 ) ;
#4897 = EDGE_CURVE ( 'NONE', #12471, #5069, #9056, .T. ) ;
#4898 = FACE_OUTER_BOUND ( 'NONE', #11783, .T. ) ;
#4899 = LINE ( 'NONE', #4004, #6389 ) ;
#4900 = ORIENTED_EDGE ( 'NONE', *, *, #4873, .T. ) ;
#4901 = CARTESIAN_POINT ( 'NONE',  ( 35.24837783041187578, 10.00000000000000000, -36.85853849957329942 ) ) ;
#4902 = VERTEX_POINT ( 'NONE', #10703 ) ;
#4903 = DIRECTION ( 'NONE',  ( 0.000000000000000000, 1.000000000000000000, 0.000000000000000000 ) ) ;
#4904 = CARTESIAN_POINT ( 'NONE',  ( 0.000000000000000000, 0.000000000000000000, 0.000000000000000000 ) ) ;
#4905 = ORIENTED_EDGE ( 'NONE', *, *, #11223, .F. ) ;
#4906 = EDGE_CURVE ( 'NONE', #11164, #5044, #8651, .T. ) ;
#4907 = VECTOR ( 'NONE', #1856, 1000.000000000000000 ) ;
#4908 = VERTEX_POINT ( 'NONE', #884 ) ;
#4909 = CARTESIAN_POINT ( 'NONE',  ( 0.000000000000000000, 10.00000000000000000, 0.000000000000000000 ) ) ;
#4910 = CARTESIAN_POINT ( 'NONE',  ( -46.91716864078406957, -10.00000000000000000, 6.658138915334307129 ) ) ;
#4911 = ORIENTED_EDGE ( 'NONE', *, *, #9295, .F. ) ;
#4912 = ORIENTED_EDGE ( 'NONE', *, *, #3461, .T. ) ;
#4913 = DIRECTION ( 'NONE',  ( 0.9642112588246037896, 0.000000000000000000, -0.2651351511133009931 ) ) ;
#4915 = ORIENTED_EDGE ( 'NONE', *, *, #7965, .F. ) ;
#4914 = DIRECTION ( 'NONE',  ( 0.000000000000000000, 1.000000000000000000, 0.000000000000000000 ) ) ;
#4916 = ORIENTED_EDGE ( 'NONE', *, *, #5740, .T. ) ;
#4917 = DIRECTION ( 'NONE',  ( -0.000000000000000000, -1.000000000000000000, -0.000000000000000000 ) ) ;
#4918 = AXIS2_PLACEMENT_3D ( 'NONE', #3173, #6125, #4846 ) ;
#4919 = CIRCLE ( 'NONE', #413, 4.999999999999997335 ) ;
#4920 = CARTESIAN_POINT ( 'NONE',  ( 22.51666049839540307, -10.00000000000000178, -13.00000000000000533 ) ) ;
#4921 = CARTESIAN_POINT ( 'NONE',  ( -45.89377128388448313, -10.00000000000000000, -11.80310486381278068 ) ) ;
#4922 = AXIS2_PLACEMENT_3D ( 'NONE', #9192, #10219, #6302 ) ;
#4924 = ORIENTED_EDGE ( 'NONE', *, *, #2082, .T. ) ;
#4923 = DIRECTION ( 'NONE',  ( 0.000000000000000000, 0.000000000000000000, 1.000000000000000000 ) ) ;
#4925 = VECTOR ( 'NONE', #3825, 1000.000000000000227 ) ;
#4926 = CARTESIAN_POINT ( 'NONE',  ( 49.34782179739804775, -19.06525438257988725, 11.45278456627739239 ) ) ;
#4927 = VECTOR ( 'NONE', #2474, 1000.000000000000000 ) ;
#4928 = ORIENTED_EDGE ( 'NONE', *, *, #7579, .F. ) ;
#4929 = CARTESIAN_POINT ( 'NONE',  ( -19.95408209559174750, 10.00000000000000000, 40.33403783062618686 ) ) ;
#4930 = FACE_OUTER_BOUND ( 'NONE', #2207, .T. ) ;
#4931 = CARTESIAN_POINT ( 'NONE',  ( 0.000000000000000000, 10.00000000000000000, 0.000000000000000000 ) ) ;
#4932 = CARTESIAN_POINT ( 'NONE',  ( -46.21285384832073362, -10.00000000000000000, -20.36227244670267211 ) ) ;
#4933 = EDGE_CURVE ( 'NONE', #7221, #1337, #10891, .T. ) ;
#4934 = DIRECTION ( 'NONE',  ( -0.000000000000000000, -1.000000000000000000, -0.000000000000000000 ) ) ;
#4935 = CIRCLE ( 'NONE', #1040, 44.99999999999999289 ) ;
#4936 = EDGE_CURVE ( 'NONE', #9074, #2180, #5755, .T. ) ;
#4937 = AXIS2_PLACEMENT_3D ( 'NONE', #6433, #4372, #1493 ) ;
#4938 = CIRCLE ( 'NONE', #3087, 44.99999999999999289 ) ;
#4939 = ORIENTED_EDGE ( 'NONE', *, *, #3768, .F. ) ;
#4940 = ORIENTED_EDGE ( 'NONE', *, *, #8669, .T. ) ;
#4941 = CARTESIAN_POINT ( 'NONE',  ( 26.79583779944113431, -10.00000000000000000, -42.99252106000946583 ) ) ;
#4943 = ORIENTED_EDGE ( 'NONE', *, *, #481, .F. ) ;
#4942 = DIRECTION ( 'NONE',  ( 0.000000000000000000, 0.000000000000000000, -1.000000000000000000 ) ) ;
#4944 = CARTESIAN_POINT ( 'NONE',  ( 29.46558707621382922, -20.23931917473911923, -41.20865162466949982 ) ) ;
#4945 = ORIENTED_EDGE ( 'NONE', *, *, #12410, .T. ) ;
#4946 = CYLINDRICAL_SURFACE ( 'NONE', #10155, 4.999999999999997335 ) ;
#4947 = AXIS2_PLACEMENT_3D ( 'NONE', #9749, #4917, #12442 ) ;
#4948 = AXIS2_PLACEMENT_3D ( 'NONE', #6517, #8459, #6461 ) ;
#4949 = VECTOR ( 'NONE', #1471, 1000.000000000000000 ) ;
#4950 = CARTESIAN_POINT ( 'NONE',  ( 46.21285384832088283, -10.00000000000000000, 20.86227244670232750 ) ) ;
#4951 = CARTESIAN_POINT ( 'NONE',  ( 0.000000000000000000, -10.00000000000000000, 0.000000000000000000 ) ) ;
#4952 = CARTESIAN_POINT ( 'NONE',  ( 0.000000000000000000, -5.000000000000000000, -40.00000000000000000 ) ) ;
#4953 = ORIENTED_EDGE ( 'NONE', *, *, #4897, .F. ) ;
#4954 = CARTESIAN_POINT ( 'NONE',  ( -50.63394466786608916, 10.00000000000000000, -1.605440076985605424 ) ) ;
#4955 = AXIS2_PLACEMENT_3D ( 'NONE', #3491, #5233, #2462 ) ;
#4956 = ADVANCED_FACE ( 'NONE', ( #9680 ), #8735, .T. ) ;
#4957 = VECTOR ( 'NONE', #11452, 1000.000000000000000 ) ;
#4958 = CIRCLE ( 'NONE', #12133, 0.4999999999999970024 ) ;
#4959 = CARTESIAN_POINT ( 'NONE',  ( -41.85922843806435623, -10.00000000000000000, 20.37347321810685585 ) ) ;
#4960 = EDGE_CURVE ( 'NONE', #6946, #12288, #3638, .T. ) ;
#4961 = EDGE_CURVE ( 'NONE', #8446, #746, #3050, .T. ) ;
#4962 = CARTESIAN_POINT ( 'NONE',  ( -11.45278456627756647, -19.06525438257990857, 49.34782179739801222 ) ) ;
#4963 = EDGE_LOOP ( 'NONE', ( #1628, #219, #570, #12575 ) ) ;
#4964 = ORIENTED_EDGE ( 'NONE', *, *, #12652, .F. ) ;
#4965 = DIRECTION ( 'NONE',  ( 0.000000000000000000, 1.000000000000000000, 0.000000000000000000 ) ) ;
#4966 = CARTESIAN_POINT ( 'NONE',  ( -19.95408209559203172, 10.00000000000000000, -40.33403783062605186 ) ) ;
#4967 = FACE_OUTER_BOUND ( 'NONE', #9654, .T. ) ;
#4968 = PLANE ( 'NONE',  #12142 ) ;
#4969 = CIRCLE ( 'NONE', #3117, 0.4999999999999982236 ) ;
#4970 = LINE ( 'NONE', #97, #6967 ) ;
#4971 = CIRCLE ( 'NONE', #1894, 50.99999999999999289 ) ;
#4972 = ORIENTED_EDGE ( 'NONE', *, *, #7332, .F. ) ;
#4973 = DIRECTION ( 'NONE',  ( 0.000000000000000000, 1.000000000000000000, 0.000000000000000000 ) ) ;
#4974 = ORIENTED_EDGE ( 'NONE', *, *, #1032, .F. ) ;
#4975 = DIRECTION ( 'NONE',  ( 0.000000000000000000, 1.000000000000000000, 0.000000000000000000 ) ) ;
#4976 = ADVANCED_FACE ( 'NONE', ( #2101 ), #11074, .T. ) ;
#4977 = CARTESIAN_POINT ( 'NONE',  ( 36.92360935593717386, -20.23931917473911923, 27.26647565272491391 ) ) ;
#4978 = AXIS2_PLACEMENT_3D ( 'NONE', #7974, #5068, #11815 ) ;
#4979 = DIRECTION ( 'NONE',  ( 0.8805492600596729336, 0.000000000000000000, -0.4739546398215365719 ) ) ;
#4980 = ORIENTED_EDGE ( 'NONE', *, *, #2835, .T. ) ;
#4981 = ORIENTED_EDGE ( 'NONE', *, *, #5238, .F. ) ;
#4982 = DIRECTION ( 'NONE',  ( 0.000000000000000000, 1.000000000000000000, 0.000000000000000000 ) ) ;
#4984 = VERTEX_POINT ( 'NONE', #172 ) ;
#4983 = DIRECTION ( 'NONE',  ( 0.2875058131643536408, 0.000000000000000000, -0.9577788927496282412 ) ) ;
#4985 = VECTOR ( 'NONE', #5729, 1000.000000000000227 ) ;
#4986 = ORIENTED_EDGE ( 'NONE', *, *, #7372, .F. ) ;
#4987 = DIRECTION ( 'NONE',  ( 0.7071067811865489050, 0.000000000000000000, 0.7071067811865461294 ) ) ;
#4988 = ORGANIZATION ( 'UNSPECIFIED', 'UNSPECIFIED', '' ) ;
#4989 = EDGE_CURVE ( 'NONE', #7005, #10723, #3919, .T. ) ;
#4990 = DIRECTION ( 'NONE',  ( -0.000000000000000000, -1.000000000000000000, -0.000000000000000000 ) ) ;
#4991 = DIRECTION ( 'NONE',  ( -0.000000000000000000, -1.000000000000000000, -0.000000000000000000 ) ) ;
#4992 = CONICAL_SURFACE ( 'NONE', #6627, 38.99999999999999289, 0.7853981633974621568 ) ;
#4994 = ORIENTED_EDGE ( 'NONE', *, *, #2566, .T. ) ;
#4993 = CARTESIAN_POINT ( 'NONE',  ( 45.02958255179718350, -19.06525438257995830, -11.81567228768027178 ) ) ;
#4995 = CARTESIAN_POINT ( 'NONE',  ( -45.02958255179724745, -19.06525438257993699, 11.81567228767996447 ) ) ;
#4996 = EDGE_CURVE ( 'NONE', #7212, #1640, #10124, .T. ) ;
#4997 = VERTEX_POINT ( 'NONE', #6922 ) ;
#4998 = CARTESIAN_POINT ( 'NONE',  ( 42.99252106000938056, -20.23931917473911923, 26.79583779944128352 ) ) ;
#4999 = DIRECTION ( 'NONE',  ( -0.000000000000000000, -1.000000000000000000, -0.000000000000000000 ) ) ;
#5000 = DIRECTION ( 'NONE',  ( 0.9238795325112850731, 0.000000000000000000, -0.3826834323650938341 ) ) ;
#5001 = CARTESIAN_POINT ( 'NONE',  ( 44.00516535263803064, -10.00000000000000000, 15.19272321494595879 ) ) ;
#5002 = CARTESIAN_POINT ( 'NONE',  ( 40.19566517527137250, -10.00000000000000000, -23.48578117747944916 ) ) ;
#5003 = AXIS2_PLACEMENT_3D ( 'NONE', #11344, #690, #3579 ) ;
#5004 = AXIS2_PLACEMENT_3D ( 'NONE', #8012, #11728, #4861 ) ;
#5005 = VERTEX_POINT ( 'NONE', #4021 ) ;
#5006 = ORIENTED_EDGE ( 'NONE', *, *, #8444, .T. ) ;
#5007 = CARTESIAN_POINT ( 'NONE',  ( -36.93882319809790005, -20.42202547882114061, -34.66838806764717873 ) ) ;
#5009 = ORIENTED_EDGE ( 'NONE', *, *, #250, .F. ) ;
#5008 = DIRECTION ( 'NONE',  ( 0.000000000000000000, 1.000000000000000000, 0.000000000000000000 ) ) ;
#5010 = EDGE_CURVE ( 'NONE', #10550, #5625, #8982, .T. ) ;
#5011 = CARTESIAN_POINT ( 'NONE',  ( -26.79583779944172761, 10.00000000000000000, -42.99252106000911766 ) ) ;
#5012 = ORIENTED_EDGE ( 'NONE', *, *, #6811, .F. ) ;
#5013 = CIRCLE ( 'NONE', #10340, 4.999999999999999112 ) ;
#5014 = AXIS2_PLACEMENT_3D ( 'NONE', #4333, #307, #10247 ) ;
#5015 = CARTESIAN_POINT ( 'NONE',  ( -33.94599680791350949, -10.00000000000000000, -30.89470704032679649 ) ) ;
#5016 = FACE_OUTER_BOUND ( 'NONE', #4647, .T. ) ;
#5017 = CARTESIAN_POINT ( 'NONE',  ( 22.51666049839540307, 5.000000000000000000, -21.00000000000000355 ) ) ;
#5018 = CARTESIAN_POINT ( 'NONE',  ( 50.48741412005626472, -18.55636363116342480, 1.127393218865099245 ) ) ;
#5019 = ORIENTED_EDGE ( 'NONE', *, *, #12607, .T. ) ;
#5020 = ORIENTED_EDGE ( 'NONE', *, *, #11834, .F. ) ;
#5021 = DIRECTION ( 'NONE',  ( -0.000000000000000000, 1.000000000000000000, -0.000000000000000000 ) ) ;
#5022 = AXIS2_PLACEMENT_3D ( 'NONE', #194, #5124, #7977 ) ;
#5023 = AXIS2_PLACEMENT_3D ( 'NONE', #7241, #3435, #12105 ) ;
#5024 = DIRECTION ( 'NONE',  ( 0.000000000000000000, -0.7071067811865524577, -0.7071067811865426878 ) ) ;
#5025 = DIRECTION ( 'NONE',  ( 0.000000000000000000, 1.000000000000000000, 0.000000000000000000 ) ) ;
#5026 = VERTEX_POINT ( 'NONE', #5101 ) ;
#5027 = EDGE_CURVE ( 'NONE', #2040, #6133, #7406, .T. ) ;
#5028 = EDGE_LOOP ( 'NONE', ( #6620, #12328, #5229, #7946 ) ) ;
#5029 = CARTESIAN_POINT ( 'NONE',  ( 0.000000000000000000, -5.999999999999993783, 0.000000000000000000 ) ) ;
#5030 = CARTESIAN_POINT ( 'NONE',  ( -50.48741412005624341, -10.00000000000000000, 1.127393218865804458 ) ) ;
#5031 = AXIS2_PLACEMENT_3D ( 'NONE', #5396, #6252, #9209 ) ;
#5032 = EDGE_CURVE ( 'NONE', #12441, #546, #10055, .T. ) ;
#5033 = CARTESIAN_POINT ( 'NONE',  ( -37.08024765038257442, 10.00000000000000000, -28.14833299833703606 ) ) ;
#5034 = VECTOR ( 'NONE', #6752, 1000.000000000000000 ) ;
#5035 = DIRECTION ( 'NONE',  ( 0.2651351511132774563, 0.000000000000000000, -0.9642112588246102289 ) ) ;
#5036 = ADVANCED_FACE ( 'NONE', ( #10000 ), #3191, .T. ) ;
#5037 = DIRECTION ( 'NONE',  ( 0.000000000000000000, 1.000000000000000000, 0.000000000000000000 ) ) ;
#5038 = ORIENTED_EDGE ( 'NONE', *, *, #8193, .F. ) ;
#5039 = EDGE_CURVE ( 'NONE', #2012, #7236, #8030, .T. ) ;
#5040 = CARTESIAN_POINT ( 'NONE',  ( -29.27369463607533362, -20.23931917473912634, 41.76183427908564738 ) ) ;
#5041 = CARTESIAN_POINT ( 'NONE',  ( 22.51666049839541017, -5.000000000000000000, 12.99999999999999645 ) ) ;
#5042 = AXIS2_PLACEMENT_3D ( 'NONE', #10471, #1807, #7530 ) ;
#5043 = CARTESIAN_POINT ( 'NONE',  ( 47.31460686609774768, -10.00000000000000000, 2.622880895175433658 ) ) ;
#5044 = VERTEX_POINT ( 'NONE', #2033 ) ;
#5045 = EDGE_LOOP ( 'NONE', ( #9174, #376, #11135, #3811 ) ) ;
#5046 = CARTESIAN_POINT ( 'NONE',  ( 15.19272321494580247, 10.00000000000000000, -44.00516535263808038 ) ) ;
#5047 = CARTESIAN_POINT ( 'NONE',  ( -27.11191122463385739, -20.23931917473912634, 43.10509675787125872 ) ) ;
#5048 = ORIENTED_EDGE ( 'NONE', *, *, #9675, .F. ) ;
#5049 = CARTESIAN_POINT ( 'NONE',  ( 0.000000000000000000, -18.55636363116340704, 0.000000000000000000 ) ) ;
#5050 = AXIS2_PLACEMENT_3D ( 'NONE', #7649, #11552, #3523 ) ;
#5051 = EDGE_CURVE ( 'NONE', #11798, #546, #1259, .T. ) ;
#5052 = DIRECTION ( 'NONE',  ( 0.2651351511132846728, 0.000000000000000000, -0.9642112588246083416 ) ) ;
#5053 = CARTESIAN_POINT ( 'NONE',  ( 0.000000000000000000, -10.00000000000000000, 0.000000000000000000 ) ) ;
#5054 = ORIENTED_EDGE ( 'NONE', *, *, #11651, .F. ) ;
#5056 = ORIENTED_EDGE ( 'NONE', *, *, #8276, .F. ) ;
#5055 = DIRECTION ( 'NONE',  ( 0.9807852804032324290, 0.000000000000000000, 0.1950903220161183116 ) ) ;
#5057 = CARTESIAN_POINT ( 'NONE',  ( 46.16528980983329689, 10.00000000000000000, 20.86000496748307498 ) ) ;
#5058 = VERTEX_POINT ( 'NONE', #1077 ) ;
#5059 = DIRECTION ( 'NONE',  ( 0.000000000000000000, 1.000000000000000000, 0.000000000000000000 ) ) ;
#5060 = CARTESIAN_POINT ( 'NONE',  ( -42.99252106000900397, -20.23931917473914410, 26.79583779944188393 ) ) ;
#5061 = EDGE_CURVE ( 'NONE', #10767, #6104, #3959, .T. ) ;
#5062 = CARTESIAN_POINT ( 'NONE',  ( -43.45187890507042283, -10.00000000000000000, -11.70188957472659474 ) ) ;
#5063 = EDGE_LOOP ( 'NONE', ( #9825, #3555, #11803, #2151 ) ) ;
#5064 = CARTESIAN_POINT ( 'NONE',  ( 42.99252106000937346, 10.00000000000000000, 26.79583779944128352 ) ) ;
#5066 = ORIENTED_EDGE ( 'NONE', *, *, #10970, .F. ) ;
#5065 = FACE_OUTER_BOUND ( 'NONE', #1439, .T. ) ;
#5067 = EDGE_CURVE ( 'NONE', #7263, #229, #7830, .T. ) ;
#5068 = DIRECTION ( 'NONE',  ( 0.000000000000000000, 1.000000000000000000, 0.000000000000000000 ) ) ;
#5069 = VERTEX_POINT ( 'NONE', #11846 ) ;
#5070 = CARTESIAN_POINT ( 'NONE',  ( -2.803801697542733784, -10.00000000000000000, -46.46947506094542035 ) ) ;
#5071 = DIRECTION ( 'NONE',  ( -0.000000000000000000, -1.000000000000000000, -0.000000000000000000 ) ) ;
#5072 = CARTESIAN_POINT ( 'NONE',  ( -49.78546187191629002, -10.00000000000000000, -11.06380523147300110 ) ) ;
#5073 = DIRECTION ( 'NONE',  ( 0.09512807697519339023, 0.000000000000000000, -0.9954650415614813008 ) ) ;
#5074 = ORIENTED_EDGE ( 'NONE', *, *, #8458, .T. ) ;
#5075 = EDGE_LOOP ( 'NONE', ( #5784, #12091, #2159, #3242 ) ) ;
#5076 = LINE ( 'NONE', #6176, #8745 ) ;
#5077 = EDGE_CURVE ( 'NONE', #154, #4394, #9107, .T. ) ;
#5078 = DIRECTION ( 'NONE',  ( 0.9948960270893574265, -0.000000000000000000, 0.1009053778636830739 ) ) ;
#5079 = DIRECTION ( 'NONE',  ( 0.000000000000000000, 0.000000000000000000, 1.000000000000000000 ) ) ;
#5080 = ORIENTED_EDGE ( 'NONE', *, *, #8169, .F. ) ;
#5081 = ORIENTED_EDGE ( 'NONE', *, *, #3625, .F. ) ;
#5082 = DIRECTION ( 'NONE',  ( 0.000000000000000000, 0.000000000000000000, 1.000000000000000000 ) ) ;
#5083 = DIRECTION ( 'NONE',  ( -0.09512807697520381245, 0.000000000000000000, -0.9954650415614801906 ) ) ;
#5084 = DIRECTION ( 'NONE',  ( 0.000000000000000000, 0.000000000000000000, -1.000000000000000000 ) ) ;
#5085 = CARTESIAN_POINT ( 'NONE',  ( -22.51666049839541373, 5.000000000000000000, -12.99999999999998224 ) ) ;
#5086 = CARTESIAN_POINT ( 'NONE',  ( 36.92360935593717386, -10.00000000000000000, 27.26647565272491391 ) ) ;
#5087 = VERTEX_POINT ( 'NONE', #6020 ) ;
#5088 = ORIENTED_EDGE ( 'NONE', *, *, #10553, .T. ) ;
#5089 = EDGE_CURVE ( 'NONE', #2653, #4214, #3246, .T. ) ;
#5090 = DIRECTION ( 'NONE',  ( -0.8832858382179921142, 0.000000000000000000, -0.4688348621887445389 ) ) ;
#5091 = VERTEX_POINT ( 'NONE', #11793 ) ;
#5092 = ADVANCED_FACE ( 'NONE', ( #9944 ), #1142, .T. ) ;
#5093 = ORIENTED_EDGE ( 'NONE', *, *, #6515, .F. ) ;
#5094 = CARTESIAN_POINT ( 'NONE',  ( -22.51666049839539951, 5.000000000000000000, 5.000000000000009770 ) ) ;
#5095 = ORIENTED_EDGE ( 'NONE', *, *, #9695, .T. ) ;
#5096 = ORIENTED_EDGE ( 'NONE', *, *, #966, .T. ) ;
#5097 = CYLINDRICAL_SURFACE ( 'NONE', #828, 44.99999999999999289 ) ;
#5098 = DIRECTION ( 'NONE',  ( -0.6139406135149274579, 0.000000000000000000, -0.7893522173763208860 ) ) ;
#5099 = EDGE_CURVE ( 'NONE', #6657, #9545, #8008, .T. ) ;
#5100 = VERTEX_POINT ( 'NONE', #4503 ) ;
#5101 = CARTESIAN_POINT ( 'NONE',  ( -41.20865162466899534, 10.00000000000000000, 29.46558707621454687 ) ) ;
#5102 = CARTESIAN_POINT ( 'NONE',  ( -22.45063275808631786, 10.00000000000000000, 38.99960370005753418 ) ) ;
#5103 = LINE ( 'NONE', #9041, #8073 ) ;
#5104 = EDGE_CURVE ( 'NONE', #5413, #9498, #6269, .T. ) ;
#5105 = EDGE_LOOP ( 'NONE', ( #5244, #2418, #4456, #9762 ) ) ;
#5107 = VERTEX_POINT ( 'NONE', #2404 ) ;
#5106 = FACE_OUTER_BOUND ( 'NONE', #8734, .T. ) ;
#5108 = EDGE_CURVE ( 'NONE', #9776, #10596, #5348, .T. ) ;
#5109 = DIRECTION ( 'NONE',  ( 0.6366343730118668720, 0.000000000000000000, -0.7711657896326750139 ) ) ;
#5110 = EDGE_LOOP ( 'NONE', ( #6109, #1637, #9306, #11058 ) ) ;
#5111 = LINE ( 'NONE', #12051, #4165 ) ;
#5112 = VECTOR ( 'NONE', #7940, 1000.000000000000000 ) ;
#5113 = CARTESIAN_POINT ( 'NONE',  ( 0.000000000000000000, -10.00000000000000000, 0.000000000000000000 ) ) ;
#5114 = LINE ( 'NONE', #5184, #6036 ) ;
#5115 = AXIS2_PLACEMENT_3D ( 'NONE', #5516, #8575, #655 ) ;
#5116 = ORIENTED_EDGE ( 'NONE', *, *, #11800, .T. ) ;
#5117 = EDGE_CURVE ( 'NONE', #3675, #4394, #9262, .T. ) ;
#5118 = VECTOR ( 'NONE', #685, 1000.000000000000000 ) ;
#5119 = DIRECTION ( 'NONE',  ( -0.9490135592383396324, 0.000000000000000000, 0.3152352524413764012 ) ) ;
#5121 = ORIENTED_EDGE ( 'NONE', *, *, #10301, .T. ) ;
#5120 = CYLINDRICAL_SURFACE ( 'NONE', #3313, 5.000000000000000888 ) ;
#5122 = CARTESIAN_POINT ( 'NONE',  ( 11.70188957472704061, -10.00000000000000000, 43.45187890507030204 ) ) ;
#5123 = ORIENTED_EDGE ( 'NONE', *, *, #12556, .T. ) ;
#5124 = DIRECTION ( 'NONE',  ( 0.000000000000000000, 1.000000000000000000, 0.000000000000000000 ) ) ;
#5125 = DIRECTION ( 'NONE',  ( 3.197442310920450205E-14, 0.000000000000000000, 1.000000000000000000 ) ) ;
#5126 = ORIENTED_EDGE ( 'NONE', *, *, #4077, .F. ) ;
#5127 = DIRECTION ( 'NONE',  ( 0.000000000000000000, 1.000000000000000000, 0.000000000000000000 ) ) ;
#5128 = AXIS2_PLACEMENT_3D ( 'NONE', #7428, #5685, #1638 ) ;
#5129 = CIRCLE ( 'NONE', #3083, 0.5000000000000004441 ) ;
#5130 = DIRECTION ( 'NONE',  ( 5.551115123125777969E-15, 0.000000000000000000, 1.000000000000000000 ) ) ;
#5131 = VECTOR ( 'NONE', #4251, 1000.000000000000000 ) ;
#5132 = VECTOR ( 'NONE', #6307, 1000.000000000000114 ) ;
#5133 = EDGE_CURVE ( 'NONE', #9283, #5156, #1443, .T. ) ;
#5134 = EDGE_LOOP ( 'NONE', ( #1394, #6425, #10643, #5880 ) ) ;
#5135 = ORIENTED_EDGE ( 'NONE', *, *, #9679, .T. ) ;
#5136 = DIRECTION ( 'NONE',  ( 0.000000000000000000, 0.000000000000000000, 1.000000000000000000 ) ) ;
#5137 = CARTESIAN_POINT ( 'NONE',  ( 36.93882319809740977, 10.00000000000000000, -34.66838806764769032 ) ) ;
#5138 = CONICAL_SURFACE ( 'NONE', #7207, 8.000000000000000000, 0.7853981633974552734 ) ;
#5139 = LINE ( 'NONE', #3027, #1478 ) ;
#5140 = VECTOR ( 'NONE', #4095, 1000.000000000000000 ) ;
#5141 = AXIS2_PLACEMENT_3D ( 'NONE', #11161, #5438, #9382 ) ;
#5142 = EDGE_LOOP ( 'NONE', ( #8045, #2608, #8465, #4522 ) ) ;
#5143 = EDGE_LOOP ( 'NONE', ( #7869, #5818 ) ) ;
#5144 = DIRECTION ( 'NONE',  ( 0.000000000000000000, 0.000000000000000000, -1.000000000000000000 ) ) ;
#5145 = DIRECTION ( 'NONE',  ( 0.000000000000000000, 1.000000000000000000, 0.000000000000000000 ) ) ;
#5146 = EDGE_CURVE ( 'NONE', #4847, #9491, #6327, .T. ) ;
#5147 = LINE ( 'NONE', #2255, #722 ) ;
#5148 = DIRECTION ( 'NONE',  ( 0.9642112588246102289, -0.000000000000000000, 0.2651351511132774563 ) ) ;
#5149 = DIRECTION ( 'NONE',  ( 0.000000000000000000, 0.000000000000000000, 1.000000000000000000 ) ) ;
#5150 = VERTEX_POINT ( 'NONE', #7485 ) ;
#5151 = VECTOR ( 'NONE', #10245, 1000.000000000000000 ) ;
#5152 = ORIENTED_EDGE ( 'NONE', *, *, #6928, .T. ) ;
#5153 = CARTESIAN_POINT ( 'NONE',  ( -6.828624728365829455, 10.00000000000000000, 45.38924439456601334 ) ) ;
#5154 = AXIS2_PLACEMENT_3D ( 'NONE', #10758, #7754, #6712 ) ;
#5155 = AXIS2_PLACEMENT_3D ( 'NONE', #12449, #7124, #8926 ) ;
#5156 = VERTEX_POINT ( 'NONE', #12280 ) ;
#5157 = FACE_OUTER_BOUND ( 'NONE', #11008, .T. ) ;
#5158 = ORIENTED_EDGE ( 'NONE', *, *, #8309, .T. ) ;
#5159 = ORIENTED_EDGE ( 'NONE', *, *, #1201, .F. ) ;
#5160 = ORIENTED_EDGE ( 'NONE', *, *, #1582, .F. ) ;
#5161 = FACE_OUTER_BOUND ( 'NONE', #5045, .T. ) ;
#5162 = AXIS2_PLACEMENT_3D ( 'NONE', #6253, #12334, #6373 ) ;
#5163 = EDGE_CURVE ( 'NONE', #8331, #2677, #4742, .T. ) ;
#5164 = AXIS2_PLACEMENT_3D ( 'NONE', #4301, #3468, #4248 ) ;
#5165 = ORIENTED_EDGE ( 'NONE', *, *, #6611, .T. ) ;
#5166 = DIRECTION ( 'NONE',  ( 0.000000000000000000, 0.000000000000000000, 1.000000000000000000 ) ) ;
#5167 = AXIS2_PLACEMENT_3D ( 'NONE', #547, #4500, #3244 ) ;
#5168 = CARTESIAN_POINT ( 'NONE',  ( 42.99252106000881923, -10.00000000000000000, -26.79583779944218236 ) ) ;
#5169 = DIRECTION ( 'NONE',  ( 0.000000000000000000, 0.000000000000000000, 1.000000000000000000 ) ) ;
#5170 = VECTOR ( 'NONE', #6491, 1000.000000000000000 ) ;
#5171 = VECTOR ( 'NONE', #2527, 1000.000000000000000 ) ;
#5172 = ORIENTED_EDGE ( 'NONE', *, *, #4022, .T. ) ;
#5174 = VERTEX_POINT ( 'NONE', #8450 ) ;
#5173 = PLANE ( 'NONE',  #8043 ) ;
#5175 = CARTESIAN_POINT ( 'NONE',  ( 11.81567228767916866, 10.00000000000000000, -45.02958255179745350 ) ) ;
#5176 = ORIENTED_EDGE ( 'NONE', *, *, #3511, .T. ) ;
#5177 = AXIS2_PLACEMENT_3D ( 'NONE', #3584, #4602, #7508 ) ;
#5178 = CARTESIAN_POINT ( 'NONE',  ( -28.14833299833716751, 10.00000000000000000, -37.08024765038248205 ) ) ;
#5179 = EDGE_CURVE ( 'NONE', #5174, #2951, #8204, .T. ) ;
#5180 = DIRECTION ( 'NONE',  ( 0.1240347345892081760, -0.000000000000000000, 0.9922778767136676281 ) ) ;
#5181 = ADVANCED_FACE ( 'NONE', ( #3374 ), #12348, .T. ) ;
#5182 = AXIS2_PLACEMENT_3D ( 'NONE', #2746, #12508, #7443 ) ;
#5183 = EDGE_CURVE ( 'NONE', #1897, #11902, #1467, .T. ) ;
#5184 = CARTESIAN_POINT ( 'NONE',  ( -20.86000496748357946, 10.00000000000000000, -46.16528980983308372 ) ) ;
#5185 = VECTOR ( 'NONE', #8185, 1000.000000000000000 ) ;
#5186 = EDGE_CURVE ( 'NONE', #11169, #11478, #3317, .T. ) ;
#5187 = ADVANCED_FACE ( 'NONE', ( #4392 ), #7237, .T. ) ;
#5188 = CIRCLE ( 'NONE', #7052, 44.99999999999999289 ) ;
#5189 = ORIENTED_EDGE ( 'NONE', *, *, #2209, .T. ) ;
#5191 = ORIENTED_EDGE ( 'NONE', *, *, #5475, .F. ) ;
#5190 = DIRECTION ( 'NONE',  ( 0.000000000000000000, 1.000000000000000000, 0.000000000000000000 ) ) ;
#5192 = CARTESIAN_POINT ( 'NONE',  ( 27.38034598923479024, -10.00000000000000000, 43.02692939903792535 ) ) ;
#5193 = AXIS2_PLACEMENT_3D ( 'NONE', #4084, #10009, #1276 ) ;
#5194 = ORIENTED_EDGE ( 'NONE', *, *, #4447, .F. ) ;
#5195 = DIRECTION ( 'NONE',  ( 0.8832858382179969992, -0.000000000000000000, 0.4688348621887353240 ) ) ;
#5196 = CARTESIAN_POINT ( 'NONE',  ( -34.66838806764704373, 10.00000000000000000, 36.93882319809801373 ) ) ;
#5197 = CIRCLE ( 'NONE', #12375, 0.5000000000000004441 ) ;
#5198 = VERTEX_POINT ( 'NONE', #421 ) ;
#5199 = DIRECTION ( 'NONE',  ( -0.7561388950492566874, 0.000000000000000000, -0.6544111638669448672 ) ) ;
#5200 = LINE ( 'NONE', #9138, #2250 ) ;
#5201 = EDGE_CURVE ( 'NONE', #389, #11414, #4327, .T. ) ;
#5202 = DIRECTION ( 'NONE',  ( 0.000000000000000000, 1.000000000000000000, 0.000000000000000000 ) ) ;
#5203 = ORIENTED_EDGE ( 'NONE', *, *, #10843, .F. ) ;
#5204 = CARTESIAN_POINT ( 'NONE',  ( 0.000000000000000000, 10.00000000000000000, 0.000000000000000000 ) ) ;
#5205 = AXIS2_PLACEMENT_3D ( 'NONE', #8238, #4293, #5384 ) ;
#5206 = AXIS2_PLACEMENT_3D ( 'NONE', #11538, #7506, #6474 ) ;
#5207 = CARTESIAN_POINT ( 'NONE',  ( -11.80310486381261015, -10.00000000000000000, 45.89377128388451865 ) ) ;
#5208 = VECTOR ( 'NONE', #7764, 1000.000000000000114 ) ;
#5209 = CARTESIAN_POINT ( 'NONE',  ( -47.07572326156198272, 10.00000000000000000, -18.27912140669872798 ) ) ;
#5210 = DIRECTION ( 'NONE',  ( -0.9577788927496211357, 0.000000000000000000, 0.2875058131643768999 ) ) ;
#5211 = ORIENTED_EDGE ( 'NONE', *, *, #9314, .F. ) ;
#5212 = VERTEX_POINT ( 'NONE', #11256 ) ;
#5213 = CARTESIAN_POINT ( 'NONE',  ( -18.46010280676522441, -19.69863090235027414, -47.54181953147837447 ) ) ;
#5214 = DIRECTION ( 'NONE',  ( 0.1009053778636969240, -0.000000000000000000, 0.9948960270893558722 ) ) ;
#5215 = ADVANCED_FACE ( 'NONE', ( #6388 ), #5286, .T. ) ;
#5216 = CARTESIAN_POINT ( 'NONE',  ( -27.11191122463385739, -10.00000000000000000, 42.60509675787125872 ) ) ;
#5217 = CARTESIAN_POINT ( 'NONE',  ( 4.178113848150120843E-15, -10.00000000000000178, 18.00000000000000000 ) ) ;
#5218 = PLANE ( 'NONE',  #5951 ) ;
#5219 = CIRCLE ( 'NONE', #12393, 50.99999999999999289 ) ;
#5220 = ORIENTED_EDGE ( 'NONE', *, *, #5186, .T. ) ;
#5221 = CARTESIAN_POINT ( 'NONE',  ( 5.817177892307665132, -19.06525438257995120, 44.62242083716711960 ) ) ;
#5222 = DIRECTION ( 'NONE',  ( -0.9577788927496211357, 0.000000000000000000, 0.2875058131643768999 ) ) ;
#5223 = ORIENTED_EDGE ( 'NONE', *, *, #11415, .T. ) ;
#5224 = DIRECTION ( 'NONE',  ( 0.7748486042760420744, 0.000000000000000000, -0.6321468503848370890 ) ) ;
#5225 = ORIENTED_EDGE ( 'NONE', *, *, #2441, .F. ) ;
#5226 = AXIS2_PLACEMENT_3D ( 'NONE', #1733, #3648, #1600 ) ;
#5227 = AXIS2_PLACEMENT_3D ( 'NONE', #4440, #5464, #11502 ) ;
#5228 = VERTEX_POINT ( 'NONE', #366 ) ;
#5229 = ORIENTED_EDGE ( 'NONE', *, *, #3666, .F. ) ;
#5230 = DIRECTION ( 'NONE',  ( -0.1950903220161147866, 0.000000000000000000, 0.9807852804032332061 ) ) ;
#5231 = EDGE_CURVE ( 'NONE', #8846, #5667, #5773, .T. ) ;
#5232 = ORIENTED_EDGE ( 'NONE', *, *, #8353, .T. ) ;
#5233 = DIRECTION ( 'NONE',  ( 0.000000000000000000, 1.000000000000000000, 0.000000000000000000 ) ) ;
#5234 = LINE ( 'NONE', #7170, #4636 ) ;
#5235 = CIRCLE ( 'NONE', #7914, 0.5000000000000004441 ) ;
#5236 = DIRECTION ( 'NONE',  ( 0.9974095118627313017, -0.000000000000000000, 0.07193236855371894223 ) ) ;
#5237 = CARTESIAN_POINT ( 'NONE',  ( -42.99252106000919582, 10.00000000000000000, -26.79583779944157129 ) ) ;
#5238 = EDGE_CURVE ( 'NONE', #1565, #1897, #4449, .T. ) ;
#5239 = ORIENTED_EDGE ( 'NONE', *, *, #3993, .T. ) ;
#5241 = EDGE_LOOP ( 'NONE', ( #10484, #9864, #807, #1926 ) ) ;
#5240 = CARTESIAN_POINT ( 'NONE',  ( 44.54739544167654230, -19.06525438257988725, 11.06088521563204097 ) ) ;
#5242 = VECTOR ( 'NONE', #8885, 999.9999999999998863 ) ;
#5243 = DIRECTION ( 'NONE',  ( -0.9490135592383474039, 0.000000000000000000, -0.3152352524413532531 ) ) ;
#5244 = ORIENTED_EDGE ( 'NONE', *, *, #10374, .F. ) ;
#5245 = DIRECTION ( 'NONE',  ( 0.7748486042760398540, 0.000000000000000000, -0.6321468503848398646 ) ) ;
#5246 = DIRECTION ( 'NONE',  ( 6.938893903907222067E-15, 0.000000000000000000, 1.000000000000000000 ) ) ;
#5247 = FACE_OUTER_BOUND ( 'NONE', #11400, .T. ) ;
#5248 = VECTOR ( 'NONE', #8559, 1000.000000000000000 ) ;
#5249 = ORIENTED_EDGE ( 'NONE', *, *, #9319, .F. ) ;
#5250 = ADVANCED_FACE ( 'NONE', ( #2530 ), #6452, .T. ) ;
#5252 = ORIENTED_EDGE ( 'NONE', *, *, #9433, .F. ) ;
#5251 = DIRECTION ( 'NONE',  ( 0.000000000000000000, 1.000000000000000000, 0.000000000000000000 ) ) ;
#5253 = FACE_OUTER_BOUND ( 'NONE', #9778, .T. ) ;
#5254 = EDGE_LOOP ( 'NONE', ( #602, #4527, #10818, #6287 ) ) ;
#5255 = DIRECTION ( 'NONE',  ( 0.000000000000000000, 1.000000000000000000, 0.000000000000000000 ) ) ;
#5256 = ADVANCED_FACE ( 'NONE', ( #3746 ), #2783, .F. ) ;
#5257 = CARTESIAN_POINT ( 'NONE',  ( 0.000000000000000000, 10.00000000000000000, 0.000000000000000000 ) ) ;
#5258 = EDGE_LOOP ( 'NONE', ( #2299, #3029, #2714, #2654 ) ) ;
#5259 = DIRECTION ( 'NONE',  ( 0.000000000000000000, 0.000000000000000000, 1.000000000000000000 ) ) ;
#5260 = CARTESIAN_POINT ( 'NONE',  ( -23.67853845910838828, -10.00000000000000000, -39.32099234290784295 ) ) ;
#5261 = LINE ( 'NONE', #9258, #9324 ) ;
#5262 = VERTEX_POINT ( 'NONE', #3619 ) ;
#5263 = CARTESIAN_POINT ( 'NONE',  ( -26.79583779944143629, -20.23931917473912634, 42.99252106000928109 ) ) ;
#5264 = DIRECTION ( 'NONE',  ( 0.000000000000000000, 0.000000000000000000, 1.000000000000000000 ) ) ;
#5265 = DIRECTION ( 'NONE',  ( -0.09512807697518249617, 0.000000000000000000, 0.9954650415614823000 ) ) ;
#5266 = EDGE_CURVE ( 'NONE', #1271, #267, #12132, .T. ) ;
#5267 = DIRECTION ( 'NONE',  ( 0.000000000000000000, 1.000000000000000000, 0.000000000000000000 ) ) ;
#5268 = EDGE_LOOP ( 'NONE', ( #12460, #8967, #516, #6264 ) ) ;
#5269 = CYLINDRICAL_SURFACE ( 'NONE', #9048, 44.99999999999999289 ) ;
#5270 = DIRECTION ( 'NONE',  ( 3.400058012914538750E-14, 0.000000000000000000, 1.000000000000000000 ) ) ;
#5271 = DIRECTION ( 'NONE',  ( 0.000000000000000000, 1.000000000000000000, 0.000000000000000000 ) ) ;
#5272 = LINE ( 'NONE', #5217, #253 ) ;
#5273 = CARTESIAN_POINT ( 'NONE',  ( 11.06380523147350381, 10.00000000000000000, 49.78546187191617634 ) ) ;
#5274 = ORIENTED_EDGE ( 'NONE', *, *, #10636, .T. ) ;
#5275 = ORIENTED_EDGE ( 'NONE', *, *, #5367, .T. ) ;
#5276 = FACE_OUTER_BOUND ( 'NONE', #1607, .T. ) ;
#5277 = CARTESIAN_POINT ( 'NONE',  ( 0.000000000000000000, -19.69863090235023151, 0.000000000000000000 ) ) ;
#5278 = ADVANCED_FACE ( 'NONE', ( #2640 ), #6704, .T. ) ;
#5279 = FACE_OUTER_BOUND ( 'NONE', #2169, .T. ) ;
#5280 = ORIENTED_EDGE ( 'NONE', *, *, #12278, .T. ) ;
#5281 = EDGE_LOOP ( 'NONE', ( #10487, #2554, #12606, #6068 ) ) ;
#5282 = EDGE_LOOP ( 'NONE', ( #5503, #10244, #6053, #11509 ) ) ;
#5283 = LINE ( 'NONE', #1325, #3330 ) ;
#5284 = EDGE_CURVE ( 'NONE', #3770, #4196, #8780, .T. ) ;
#5285 = ORIENTED_EDGE ( 'NONE', *, *, #9932, .T. ) ;
#5286 = CYLINDRICAL_SURFACE ( 'NONE', #7220, 5.000000000000004441 ) ;
#5287 = LINE ( 'NONE', #7302, #6690 ) ;
#5288 = CARTESIAN_POINT ( 'NONE',  ( 44.00516535263770379, -10.00000000000000000, -15.19272321494687539 ) ) ;
#5289 = DIRECTION ( 'NONE',  ( 0.8832858382179856749, 0.000000000000000000, -0.4688348621887568624 ) ) ;
#5290 = EDGE_CURVE ( 'NONE', #8917, #4737, #859, .T. ) ;
#5291 = EDGE_LOOP ( 'NONE', ( #8136, #9539, #1275, #5203 ) ) ;
#5293 = EDGE_LOOP ( 'NONE', ( #10833, #10132, #2502, #2686 ) ) ;
#5292 = FACE_OUTER_BOUND ( 'NONE', #6383, .T. ) ;
#5294 = CARTESIAN_POINT ( 'NONE',  ( 44.62242083716709828, -10.00000000000000000, -5.817177892307821452 ) ) ;
#5295 = ORIENTED_EDGE ( 'NONE', *, *, #1892, .T. ) ;
#5296 = DIRECTION ( 'NONE',  ( 0.000000000000000000, 1.000000000000000000, 0.000000000000000000 ) ) ;
#5297 = CARTESIAN_POINT ( 'NONE',  ( -6.658138915333800867, 10.00000000000000000, 46.91716864078413352 ) ) ;
#5298 = EDGE_CURVE ( 'NONE', #1940, #4081, #7604, .T. ) ;
#5299 = DIRECTION ( 'NONE',  ( 0.000000000000000000, 1.000000000000000000, 0.000000000000000000 ) ) ;
#5300 = ORIENTED_EDGE ( 'NONE', *, *, #8190, .F. ) ;
#5301 = VECTOR ( 'NONE', #9211, 1000.000000000000114 ) ;
#5303 = ORIENTED_EDGE ( 'NONE', *, *, #12156, .T. ) ;
#5302 = CARTESIAN_POINT ( 'NONE',  ( 20.52974213179046359, -19.69863090235023151, -42.70926380875521744 ) ) ;
#5304 = CIRCLE ( 'NONE', #3273, 5.000000000000003553 ) ;
#5305 = DIRECTION ( 'NONE',  ( -0.8314696123025387964, 0.000000000000000000, 0.5555702330196120586 ) ) ;
#5306 = ORIENTED_EDGE ( 'NONE', *, *, #5313, .T. ) ;
#5307 = DIRECTION ( 'NONE',  ( 0.000000000000000000, 1.000000000000000000, 0.000000000000000000 ) ) ;
#5308 = EDGE_CURVE ( 'NONE', #4006, #7742, #4698, .T. ) ;
#5309 = CARTESIAN_POINT ( 'NONE',  ( -45.02958255179733271, 10.00000000000000000, -11.81567228767965005 ) ) ;
#5310 = ORIENTED_EDGE ( 'NONE', *, *, #6543, .F. ) ;
#5311 = CARTESIAN_POINT ( 'NONE',  ( -47.39404044806780547, -10.00000000000000000, 17.89353851188273126 ) ) ;
#5312 = CARTESIAN_POINT ( 'NONE',  ( 50.22970420108337208, -10.00000000000000000, -8.830448225977411525 ) ) ;
#5313 = EDGE_CURVE ( 'NONE', #2829, #12479, #1073, .T. ) ;
#5314 = FACE_OUTER_BOUND ( 'NONE', #7294, .T. ) ;
#5315 = CIRCLE ( 'NONE', #4922, 8.000000000000000000 ) ;
#5316 = AXIS2_PLACEMENT_3D ( 'NONE', #11132, #7409, #11317 ) ;
#5317 = ORIENTED_EDGE ( 'NONE', *, *, #2234, .T. ) ;
#5318 = VECTOR ( 'NONE', #11462, 1000.000000000000114 ) ;
#5319 = CARTESIAN_POINT ( 'NONE',  ( 33.87033607633436105, -10.00000000000000000, -29.62769538921584811 ) ) ;
#5320 = CARTESIAN_POINT ( 'NONE',  ( 0.000000000000000000, 10.00000000000000000, 0.000000000000000000 ) ) ;
#5321 = CARTESIAN_POINT ( 'NONE',  ( -38.99960370005744892, -10.00000000000000000, -22.45063275808643866 ) ) ;
#5322 = AXIS2_PLACEMENT_3D ( 'NONE', #4932, #8871, #7912 ) ;
#5323 = VERTEX_POINT ( 'NONE', #7681 ) ;
#5324 = CARTESIAN_POINT ( 'NONE',  ( 0.000000000000000000, 10.00000000000000000, 0.000000000000000000 ) ) ;
#5325 = CARTESIAN_POINT ( 'NONE',  ( -15.55241692398367448, 10.00000000000000000, -43.18490419363088506 ) ) ;
#5326 = AXIS2_PLACEMENT_3D ( 'NONE', #12017, #8179, #6306 ) ;
#5327 = AXIS2_PLACEMENT_3D ( 'NONE', #2439, #7462, #7338 ) ;
#5328 = DIRECTION ( 'NONE',  ( 0.000000000000000000, 0.000000000000000000, 1.000000000000000000 ) ) ;
#5329 = DIRECTION ( 'NONE',  ( -0.000000000000000000, -1.000000000000000000, -0.000000000000000000 ) ) ;
#5330 = EDGE_CURVE ( 'NONE', #10448, #9002, #9475, .T. ) ;
#5331 = DIRECTION ( 'NONE',  ( 6.938893903907226800E-15, 0.000000000000000000, 1.000000000000000000 ) ) ;
#5332 = EDGE_CURVE ( 'NONE', #2728, #11037, #3872, .T. ) ;
#5333 = ADVANCED_FACE ( 'NONE', ( #8646 ), #5733, .F. ) ;
#5334 = ORIENTED_EDGE ( 'NONE', *, *, #11964, .T. ) ;
#5335 = DIRECTION ( 'NONE',  ( 0.000000000000000000, 0.000000000000000000, -1.000000000000000000 ) ) ;
#5336 = EDGE_CURVE ( 'NONE', #417, #4569, #9886, .T. ) ;
#5337 = AXIS2_PLACEMENT_3D ( 'NONE', #9938, #11903, #2029 ) ;
#5338 = VECTOR ( 'NONE', #11604, 1000.000000000000000 ) ;
#5339 = EDGE_CURVE ( 'NONE', #4264, #8723, #4335, .T. ) ;
#5340 = AXIS2_PLACEMENT_3D ( 'NONE', #8035, #11930, #2409 ) ;
#5341 = DIRECTION ( 'NONE',  ( 0.000000000000000000, 1.000000000000000000, 0.000000000000000000 ) ) ;
#5342 = DIRECTION ( 'NONE',  ( 0.2930610956196625372, 0.000000000000000000, -0.9560937162403082556 ) ) ;
#5343 = ORIENTED_EDGE ( 'NONE', *, *, #3011, .T. ) ;
#5344 = EDGE_LOOP ( 'NONE', ( #1216, #9014, #11102, #6375 ) ) ;
#5345 = ORIENTED_EDGE ( 'NONE', *, *, #9589, .T. ) ;
#5346 = CARTESIAN_POINT ( 'NONE',  ( -47.39404044806791916, -10.00000000000000000, -17.89353851188239375 ) ) ;
#5347 = EDGE_LOOP ( 'NONE', ( #12074, #4233, #5408, #4986 ) ) ;
#5348 = LINE ( 'NONE', #10311, #8041 ) ;
#5349 = DIRECTION ( 'NONE',  ( 0.000000000000000000, 1.000000000000000000, 0.000000000000000000 ) ) ;
#5350 = CONICAL_SURFACE ( 'NONE', #6194, 8.999999999999994671, 0.7853981633974412846 ) ;
#5351 = AXIS2_PLACEMENT_3D ( 'NONE', #6040, #7133, #1350 ) ;
#5352 = EDGE_CURVE ( 'NONE', #3816, #10613, #6838, .T. ) ;
#5353 = DIRECTION ( 'NONE',  ( 0.000000000000000000, 1.000000000000000000, 0.000000000000000000 ) ) ;
#5354 = CARTESIAN_POINT ( 'NONE',  ( -42.60509675787118056, -10.00000000000000000, -27.11191122463399239 ) ) ;
#5355 = AXIS2_PLACEMENT_3D ( 'NONE', #9527, #4685, #3662 ) ;
#5356 = CARTESIAN_POINT ( 'NONE',  ( 0.000000000000000000, -10.00000000000000000, 0.000000000000000000 ) ) ;
#5357 = AXIS2_PLACEMENT_3D ( 'NONE', #2337, #4321, #3366 ) ;
#5358 = VECTOR ( 'NONE', #11612, 1000.000000000000000 ) ;
#5359 = VERTEX_POINT ( 'NONE', #11706 ) ;
#5361 = ORIENTED_EDGE ( 'NONE', *, *, #4628, .F. ) ;
#5360 = CARTESIAN_POINT ( 'NONE',  ( -50.22970420108348577, -19.06525438257992278, -8.830448225976725851 ) ) ;
#5362 = DIRECTION ( 'NONE',  ( 0.000000000000000000, 0.000000000000000000, 1.000000000000000000 ) ) ;
#5363 = VERTEX_POINT ( 'NONE', #5607 ) ;
#5364 = VERTEX_POINT ( 'NONE', #11646 ) ;
#5365 = CARTESIAN_POINT ( 'NONE',  ( 36.49718027898840944, -10.00000000000000000, -34.90280549874205462 ) ) ;
#5366 = CARTESIAN_POINT ( 'NONE',  ( 40.79785237731687886, 10.00000000000000000, -24.10574140080159111 ) ) ;
#5367 = EDGE_CURVE ( 'NONE', #3368, #9009, #11724, .T. ) ;
#5368 = EDGE_LOOP ( 'NONE', ( #4027, #4712, #10902, #5694 ) ) ;
#5369 = AXIS2_PLACEMENT_3D ( 'NONE', #3020, #3081, #6949 ) ;
#5370 = FACE_OUTER_BOUND ( 'NONE', #10361, .T. ) ;
#5371 = VECTOR ( 'NONE', #9918, 1000.000000000000227 ) ;
#5372 = VECTOR ( 'NONE', #8385, 1000.000000000000114 ) ;
#5373 = EDGE_CURVE ( 'NONE', #4389, #1097, #5529, .T. ) ;
#5375 = ORIENTED_EDGE ( 'NONE', *, *, #9647, .F. ) ;
#5374 = LINE ( 'NONE', #3333, #9059 ) ;
#5376 = DIRECTION ( 'NONE',  ( 0.000000000000000000, 1.000000000000000000, 0.000000000000000000 ) ) ;
#5377 = VERTEX_POINT ( 'NONE', #9544 ) ;
#5378 = LINE ( 'NONE', #8360, #109 ) ;
#5379 = VECTOR ( 'NONE', #5083, 1000.000000000000227 ) ;
#5380 = FACE_OUTER_BOUND ( 'NONE', #5400, .T. ) ;
#5381 = ORIENTED_EDGE ( 'NONE', *, *, #5576, .F. ) ;
#5382 = DIRECTION ( 'NONE',  ( -0.000000000000000000, -1.000000000000000000, -0.000000000000000000 ) ) ;
#5383 = DIRECTION ( 'NONE',  ( 0.000000000000000000, 1.000000000000000000, 0.000000000000000000 ) ) ;
#5384 = DIRECTION ( 'NONE',  ( 0.9238795325112868495, 0.000000000000000000, -0.3826834323650896152 ) ) ;
#5385 = CIRCLE ( 'NONE', #6844, 50.99999999999999289 ) ;
#5386 = EDGE_CURVE ( 'NONE', #7285, #6853, #9674, .T. ) ;
#5387 = AXIS2_PLACEMENT_3D ( 'NONE', #2943, #6871, #3005 ) ;
#5388 = DIRECTION ( 'NONE',  ( 0.000000000000000000, 1.000000000000000000, 0.000000000000000000 ) ) ;
#5389 = DIRECTION ( 'NONE',  ( 0.000000000000000000, 1.000000000000000000, 0.000000000000000000 ) ) ;
#5390 = CARTESIAN_POINT ( 'NONE',  ( 47.39404044806805416, -19.69863090235023861, 17.89353851188204914 ) ) ;
#5391 = AXIS2_PLACEMENT_3D ( 'NONE', #3006, #6936, #10836 ) ;
#5392 = CC_DESIGN_APPROVAL ( #1145, ( #10532 ) ) ;
#5393 = ORIENTED_EDGE ( 'NONE', *, *, #12644, .T. ) ;
#5394 = DIRECTION ( 'NONE',  ( 0.8939589078457516047, 0.000000000000000000, -0.4481489385050810847 ) ) ;
#5395 = DIRECTION ( 'NONE',  ( -0.5555702330195932959, 0.000000000000000000, 0.8314696123025513419 ) ) ;
#5396 = CARTESIAN_POINT ( 'NONE',  ( 27.11191122463445069, 10.00000000000000000, 42.60509675787089634 ) ) ;
#5397 = DIRECTION ( 'NONE',  ( 0.000000000000000000, 1.000000000000000000, 0.000000000000000000 ) ) ;
#5398 = LINE ( 'NONE', #4376, #11260 ) ;
#5399 = VERTEX_POINT ( 'NONE', #11513 ) ;
#5400 = EDGE_LOOP ( 'NONE', ( #4974, #4877, #2197, #10999 ) ) ;
#5401 = CARTESIAN_POINT ( 'NONE',  ( -22.51666049839541373, 5.000000000000000000, -4.999999999999980460 ) ) ;
#5402 = CIRCLE ( 'NONE', #499, 50.99999999999999289 ) ;
#5403 = CIRCLE ( 'NONE', #10722, 5.000000000000000888 ) ;
#5404 = DIRECTION ( 'NONE',  ( 0.000000000000000000, 1.000000000000000000, 0.000000000000000000 ) ) ;
#5405 = EDGE_CURVE ( 'NONE', #5359, #1382, #4899, .T. ) ;
#5406 = EDGE_CURVE ( 'NONE', #8699, #12441, #10037, .T. ) ;
#5407 = CARTESIAN_POINT ( 'NONE',  ( 6.315817419440145741, -19.06525438257988725, -46.12357170388334282 ) ) ;
#5408 = ORIENTED_EDGE ( 'NONE', *, *, #9750, .F. ) ;
#5409 = ORIENTED_EDGE ( 'NONE', *, *, #9038, .F. ) ;
#5410 = VERTEX_POINT ( 'NONE', #8902 ) ;
#5411 = LINE ( 'NONE', #4325, #5171 ) ;
#5412 = ADVANCED_FACE ( 'NONE', ( #6904 ), #10871, .T. ) ;
#5413 = VERTEX_POINT ( 'NONE', #7873 ) ;
#5414 = VECTOR ( 'NONE', #8504, 1000.000000000000000 ) ;
#5415 = VECTOR ( 'NONE', #5353, 1000.000000000000000 ) ;
#5416 = EDGE_CURVE ( 'NONE', #10736, #7212, #9986, .T. ) ;
#5417 = DIRECTION ( 'NONE',  ( -0.9238795325112917345, 0.000000000000000000, -0.3826834323650777359 ) ) ;
#5418 = ADVANCED_FACE ( 'NONE', ( #11004 ), #9792, .T. ) ;
#5419 = CARTESIAN_POINT ( 'NONE',  ( -19.53911912941826756, -19.69863090235025282, 41.53355807099715236 ) ) ;
#5420 = LINE ( 'NONE', #11446, #12612 ) ;
#5421 = CARTESIAN_POINT ( 'NONE',  ( -34.84146812720853603, -10.00000000000000000, -30.87629374033878094 ) ) ;
#5422 = CIRCLE ( 'NONE', #12620, 50.99999999999998579 ) ;
#5423 = VECTOR ( 'NONE', #10183, 1000.000000000000114 ) ;
#5424 = DIRECTION ( 'NONE',  ( 0.000000000000000000, 0.000000000000000000, -1.000000000000000000 ) ) ;
#5425 = ORIENTED_EDGE ( 'NONE', *, *, #9136, .T. ) ;
#5427 = EDGE_LOOP ( 'NONE', ( #9933, #4784, #31, #9409 ) ) ;
#5426 = CARTESIAN_POINT ( 'NONE',  ( -18.46010280676522441, -10.00000000000000000, -47.54181953147837447 ) ) ;
#5428 = EDGE_CURVE ( 'NONE', #11000, #12629, #441, .T. ) ;
#5429 = DIRECTION ( 'NONE',  ( 0.000000000000000000, 1.000000000000000000, 0.000000000000000000 ) ) ;
#5430 = ORIENTED_EDGE ( 'NONE', *, *, #7010, .T. ) ;
#5431 = VERTEX_POINT ( 'NONE', #216 ) ;
#5432 = DIRECTION ( 'NONE',  ( 0.000000000000000000, 1.000000000000000000, 0.000000000000000000 ) ) ;
#5433 = DIRECTION ( 'NONE',  ( -0.000000000000000000, -1.000000000000000000, -0.000000000000000000 ) ) ;
#5434 = AXIS2_PLACEMENT_3D ( 'NONE', #11243, #8063, #5328 ) ;
#5435 = VECTOR ( 'NONE', #11114, 1000.000000000000000 ) ;
#5436 = LINE ( 'NONE', #8098, #9325 ) ;
#5437 = AXIS2_PLACEMENT_3D ( 'NONE', #844, #4758, #8701 ) ;
#5439 = VERTEX_POINT ( 'NONE', #1185 ) ;
#5438 = DIRECTION ( 'NONE',  ( -0.000000000000000000, -1.000000000000000000, -0.000000000000000000 ) ) ;
#5440 = EDGE_CURVE ( 'NONE', #11660, #9126, #3513, .T. ) ;
#5441 = LINE ( 'NONE', #631, #2934 ) ;
#5442 = FACE_BOUND ( 'NONE', #10438, .T. ) ;
#5443 = PLANE ( 'NONE',  #6086 ) ;
#5444 = VERTEX_POINT ( 'NONE', #9019 ) ;
#5445 = CARTESIAN_POINT ( 'NONE',  ( -20.86000496748357946, -10.00000000000000000, -46.16528980983308372 ) ) ;
#5446 = CIRCLE ( 'NONE', #12019, 0.4999999999999970024 ) ;
#5447 = CARTESIAN_POINT ( 'NONE',  ( 46.46947506094544877, -10.00000000000000000, 2.803801697542247506 ) ) ;
#5448 = LINE ( 'NONE', #11173, #4370 ) ;
#5449 = ORIENTED_EDGE ( 'NONE', *, *, #9042, .T. ) ;
#5450 = EDGE_CURVE ( 'NONE', #6823, #9701, #3520, .T. ) ;
#5451 = LINE ( 'NONE', #2622, #5757 ) ;
#5452 = ORIENTED_EDGE ( 'NONE', *, *, #7030, .T. ) ;
#5453 = CARTESIAN_POINT ( 'NONE',  ( -41.85922843806448412, -10.00000000000000000, -20.37347321810655743 ) ) ;
#5454 = VECTOR ( 'NONE', #11587, 1000.000000000000000 ) ;
#5455 = DIRECTION ( 'NONE',  ( -0.6139406135149110266, 0.000000000000000000, 0.7893522173763335426 ) ) ;
#5456 = ORIENTED_EDGE ( 'NONE', *, *, #3298, .T. ) ;
#5457 = DIRECTION ( 'NONE',  ( 0.000000000000000000, 1.000000000000000000, 0.000000000000000000 ) ) ;
#5458 = LINE ( 'NONE', #9399, #3349 ) ;
#5459 = DIRECTION ( 'NONE',  ( 6.245004513516508695E-15, 0.000000000000000000, 1.000000000000000000 ) ) ;
#5460 = DIRECTION ( 'NONE',  ( -0.4943214563281696505, 0.000000000000000000, -0.8692791828944239629 ) ) ;
#5461 = CARTESIAN_POINT ( 'NONE',  ( 20.52974213179046359, -10.00000000000000000, -42.70926380875521744 ) ) ;
#5462 = EDGE_CURVE ( 'NONE', #10409, #1442, #2702, .T. ) ;
#5463 = ORIENTED_EDGE ( 'NONE', *, *, #12428, .T. ) ;
#5464 = DIRECTION ( 'NONE',  ( 0.000000000000000000, 1.000000000000000000, 0.000000000000000000 ) ) ;
#5465 = LINE ( 'NONE', #9351, #2649 ) ;
#5466 = CARTESIAN_POINT ( 'NONE',  ( 0.000000000000000000, -10.00000000000000000, 0.000000000000000000 ) ) ;
#5467 = ORIENTED_EDGE ( 'NONE', *, *, #796, .T. ) ;
#5468 = ORIENTED_EDGE ( 'NONE', *, *, #10226, .T. ) ;
#5469 = VERTEX_POINT ( 'NONE', #10809 ) ;
#5470 = DIRECTION ( 'NONE',  ( -0.7711657896326702399, 0.000000000000000000, -0.6366343730118727562 ) ) ;
#5471 = VERTEX_POINT ( 'NONE', #1243 ) ;
#5472 = DIRECTION ( 'NONE',  ( 0.000000000000000000, 0.000000000000000000, 1.000000000000000000 ) ) ;
#5473 = FACE_OUTER_BOUND ( 'NONE', #7165, .T. ) ;
#5474 = EDGE_CURVE ( 'NONE', #9716, #3690, #2016, .T. ) ;
#5475 = EDGE_CURVE ( 'NONE', #6366, #4769, #6606, .T. ) ;
#5476 = CARTESIAN_POINT ( 'NONE',  ( -11.80310486381294055, 10.00000000000000000, -45.89377128388444760 ) ) ;
#5477 = DIRECTION ( 'NONE',  ( -0.000000000000000000, -1.000000000000000000, -0.000000000000000000 ) ) ;
#5478 = CARTESIAN_POINT ( 'NONE',  ( 27.43945043190211308, -20.23931917473915831, 35.66618230193956407 ) ) ;
#5479 = ORIENTED_EDGE ( 'NONE', *, *, #3048, .F. ) ;
#5480 = DIRECTION ( 'NONE',  ( -0.000000000000000000, -1.000000000000000000, -0.000000000000000000 ) ) ;
#5482 = ORIENTED_EDGE ( 'NONE', *, *, #12011, .F. ) ;
#5481 = DIRECTION ( 'NONE',  ( 0.000000000000000000, 0.000000000000000000, 1.000000000000000000 ) ) ;
#5483 = CARTESIAN_POINT ( 'NONE',  ( -20.37347321810641176, 10.00000000000000000, 41.85922843806455518 ) ) ;
#5484 = ORIENTED_EDGE ( 'NONE', *, *, #9400, .T. ) ;
#5485 = EDGE_LOOP ( 'NONE', ( #6834, #9422 ) ) ;
#5486 = DIRECTION ( 'NONE',  ( -0.000000000000000000, 1.000000000000000000, -0.000000000000000000 ) ) ;
#5487 = CARTESIAN_POINT ( 'NONE',  ( -42.63013842481655047, -10.00000000000000000, 14.41080490052445029 ) ) ;
#5488 = DIRECTION ( 'NONE',  ( 0.000000000000000000, 0.000000000000000000, 1.000000000000000000 ) ) ;
#5489 = DIRECTION ( 'NONE',  ( 0.000000000000000000, 0.000000000000000000, -1.000000000000000000 ) ) ;
#5490 = EDGE_CURVE ( 'NONE', #11164, #1271, #1056, .T. ) ;
#5491 = ADVANCED_FACE ( 'NONE', ( #9849 ), #4968, .T. ) ;
#5492 = EDGE_CURVE ( 'NONE', #7756, #9655, #4969, .T. ) ;
#5494 = ORIENTED_EDGE ( 'NONE', *, *, #8195, .T. ) ;
#5493 = CARTESIAN_POINT ( 'NONE',  ( -22.51666049839541373, -10.00000000000000178, -12.99999999999998224 ) ) ;
#5495 = CARTESIAN_POINT ( 'NONE',  ( 8.303600574123047195, 10.00000000000000000, -49.97423344059155426 ) ) ;
#5496 = DIRECTION ( 'NONE',  ( -0.1950903220161354645, 0.000000000000000000, -0.9807852804032289873 ) ) ;
#5497 = CARTESIAN_POINT ( 'NONE',  ( 41.85922843806421412, 10.00000000000000000, -20.37347321810711875 ) ) ;
#5498 = ORIENTED_EDGE ( 'NONE', *, *, #3972, .T. ) ;
#5499 = FACE_OUTER_BOUND ( 'NONE', #799, .T. ) ;
#5500 = CARTESIAN_POINT ( 'NONE',  ( 49.78546187191614081, -19.06525438257995830, -11.06380523147367967 ) ) ;
#5501 = DIRECTION ( 'NONE',  ( 0.000000000000000000, 1.000000000000000000, 0.000000000000000000 ) ) ;
#5502 = VERTEX_POINT ( 'NONE', #4059 ) ;
#5503 = ORIENTED_EDGE ( 'NONE', *, *, #3550, .F. ) ;
#5504 = EDGE_CURVE ( 'NONE', #7753, #355, #3102, .T. ) ;
#5505 = LINE ( 'NONE', #9449, #6369 ) ;
#5506 = DIRECTION ( 'NONE',  ( 0.000000000000000000, 1.000000000000000000, 0.000000000000000000 ) ) ;
#5507 = CARTESIAN_POINT ( 'NONE',  ( -27.11191122463414516, 10.00000000000000000, -42.60509675787108819 ) ) ;
#5508 = ORIENTED_EDGE ( 'NONE', *, *, #792, .F. ) ;
#5509 = LINE ( 'NONE', #7585, #10761 ) ;
#5510 = FACE_OUTER_BOUND ( 'NONE', #7354, .T. ) ;
#5511 = DIRECTION ( 'NONE',  ( 0.7748486042760375225, 0.000000000000000000, -0.6321468503848426401 ) ) ;
#5512 = DIRECTION ( 'NONE',  ( -0.7561388950492634597, 0.000000000000000000, -0.6544111638669370956 ) ) ;
#5513 = CIRCLE ( 'NONE', #7179, 4.999999999999999112 ) ;
#5514 = EDGE_CURVE ( 'NONE', #11956, #5884, #8134, .T. ) ;
#5515 = VECTOR ( 'NONE', #7551, 999.9999999999998863 ) ;
#5516 = CARTESIAN_POINT ( 'NONE',  ( 23.67853845910867250, -10.00000000000000000, 39.32099234290767242 ) ) ;
#5517 = EDGE_LOOP ( 'NONE', ( #1763, #6322, #11623, #7901 ) ) ;
#5518 = DIRECTION ( 'NONE',  ( 0.000000000000000000, 1.000000000000000000, 0.000000000000000000 ) ) ;
#5519 = DIRECTION ( 'NONE',  ( -0.9922778767136689604, 0.000000000000000000, -0.1240347345891977815 ) ) ;
#5520 = CIRCLE ( 'NONE', #5115, 5.000000000000004441 ) ;
#5521 = VECTOR ( 'NONE', #3552, 1000.000000000000000 ) ;
#5522 = LINE ( 'NONE', #662, #6004 ) ;
#5523 = EDGE_CURVE ( 'NONE', #6106, #6130, #10748, .T. ) ;
#5524 = AXIS2_PLACEMENT_3D ( 'NONE', #12702, #4029, #8801 ) ;
#5525 = ORIENTED_EDGE ( 'NONE', *, *, #6754, .F. ) ;
#5526 = ORIENTED_EDGE ( 'NONE', *, *, #2745, .T. ) ;
#5527 = CARTESIAN_POINT ( 'NONE',  ( 0.000000000000000000, -10.00000000000000000, 0.000000000000000000 ) ) ;
#5528 = EDGE_LOOP ( 'NONE', ( #2212, #186, #8761, #5479 ) ) ;
#5529 = LINE ( 'NONE', #6763, #6191 ) ;
#5530 = ORIENTED_EDGE ( 'NONE', *, *, #5514, .F. ) ;
#5531 = DIRECTION ( 'NONE',  ( 0.1950903220161283314, 0.000000000000000000, 0.9807852804032304306 ) ) ;
#5532 = ORIENTED_EDGE ( 'NONE', *, *, #10334, .T. ) ;
#5533 = VECTOR ( 'NONE', #1094, 999.9999999999998863 ) ;
#5534 = VECTOR ( 'NONE', #2069, 1000.000000000000114 ) ;
#5535 = LINE ( 'NONE', #12429, #12189 ) ;
#5536 = AXIS2_PLACEMENT_3D ( 'NONE', #91, #3999, #11829 ) ;
#5537 = AXIS2_PLACEMENT_3D ( 'NONE', #8914, #4982, #1002 ) ;
#5538 = CARTESIAN_POINT ( 'NONE',  ( -46.12357170388327887, -10.00000000000000000, -6.315817419440638680 ) ) ;
#5539 = VERTEX_POINT ( 'NONE', #10178 ) ;
#5540 = EDGE_CURVE ( 'NONE', #8121, #12046, #9274, .T. ) ;
#5541 = FACE_OUTER_BOUND ( 'NONE', #1591, .T. ) ;
#5542 = CARTESIAN_POINT ( 'NONE',  ( -49.29736910846604303, -10.00000000000000000, 10.95533655273341367 ) ) ;
#5543 = ORIENTED_EDGE ( 'NONE', *, *, #1585, .T. ) ;
#5544 = DIRECTION ( 'NONE',  ( -0.000000000000000000, -1.000000000000000000, -0.000000000000000000 ) ) ;
#5546 = ORIENTED_EDGE ( 'NONE', *, *, #9572, .F. ) ;
#5545 = CARTESIAN_POINT ( 'NONE',  ( 0.000000000000000000, -10.00000000000000000, 0.000000000000000000 ) ) ;
#5547 = AXIS2_PLACEMENT_3D ( 'NONE', #12640, #4860, #8795 ) ;
#5548 = LINE ( 'NONE', #3504, #11080 ) ;
#5549 = CIRCLE ( 'NONE', #6379, 4.999999999999997335 ) ;
#5550 = VECTOR ( 'NONE', #4227, 1000.000000000000114 ) ;
#5551 = ORIENTED_EDGE ( 'NONE', *, *, #4491, .F. ) ;
#5552 = ORIENTED_EDGE ( 'NONE', *, *, #12655, .F. ) ;
#5553 = CARTESIAN_POINT ( 'NONE',  ( 0.000000000000000000, 5.000000000000000000, 0.000000000000000000 ) ) ;
#5554 = CARTESIAN_POINT ( 'NONE',  ( -8.743875204153233938, -10.00000000000000000, 49.73725612068074042 ) ) ;
#5555 = CARTESIAN_POINT ( 'NONE',  ( -41.76183427908534895, 10.00000000000000000, 29.27369463607575995 ) ) ;
#5556 = ORIENTED_EDGE ( 'NONE', *, *, #2491, .T. ) ;
#5557 = DIRECTION ( 'NONE',  ( 0.000000000000000000, 0.000000000000000000, 1.000000000000000000 ) ) ;
#5558 = AXIS2_PLACEMENT_3D ( 'NONE', #6638, #1627, #2841 ) ;
#5559 = AXIS2_PLACEMENT_3D ( 'NONE', #4639, #8774, #12674 ) ;
#5560 = AXIS2_PLACEMENT_3D ( 'NONE', #5493, #5563, #512 ) ;
#5561 = ORIENTED_EDGE ( 'NONE', *, *, #10528, .F. ) ;
#5562 = EDGE_CURVE ( 'NONE', #6900, #10182, #1562, .T. ) ;
#5564 = VERTEX_POINT ( 'NONE', #4309 ) ;
#5563 = DIRECTION ( 'NONE',  ( -0.000000000000000000, 1.000000000000000000, -0.000000000000000000 ) ) ;
#5565 = EDGE_CURVE ( 'NONE', #2728, #3517, #8877, .T. ) ;
#5566 = DIRECTION ( 'NONE',  ( -0.000000000000000000, -1.000000000000000000, -0.000000000000000000 ) ) ;
#5567 = PLANE ( 'NONE',  #10360 ) ;
#5568 = VECTOR ( 'NONE', #10232, 1000.000000000000114 ) ;
#5569 = ADVANCED_FACE ( 'NONE', ( #8255 ), #12151, .T. ) ;
#5570 = AXIS2_PLACEMENT_3D ( 'NONE', #8829, #8895, #9840 ) ;
#5571 = DIRECTION ( 'NONE',  ( -0.9490135592383418528, 0.000000000000000000, 0.3152352524413699619 ) ) ;
#5572 = VERTEX_POINT ( 'NONE', #1310 ) ;
#5573 = DIRECTION ( 'NONE',  ( 0.000000000000000000, 1.000000000000000000, 0.000000000000000000 ) ) ;
#5574 = EDGE_CURVE ( 'NONE', #8713, #10464, #5272, .T. ) ;
#5575 = ADVANCED_FACE ( 'NONE', ( #12080 ), #8374, .T. ) ;
#5576 = EDGE_CURVE ( 'NONE', #5100, #3168, #472, .T. ) ;
#5577 = CARTESIAN_POINT ( 'NONE',  ( 22.51666049839541017, -5.000000000000000000, 20.99999999999999645 ) ) ;
#5578 = PLANE ( 'NONE',  #8310 ) ;
#5579 = VECTOR ( 'NONE', #8852, 999.9999999999998863 ) ;
#5580 = EDGE_LOOP ( 'NONE', ( #4014, #12545, #10192, #6290 ) ) ;
#5581 = AXIS2_PLACEMENT_3D ( 'NONE', #5858, #6, #8945 ) ;
#5582 = PLANE ( 'NONE',  #2475 ) ;
#5583 = CARTESIAN_POINT ( 'NONE',  ( -23.48578117747874927, -20.23931917473912634, 40.19566517527178462 ) ) ;
#5584 = DIRECTION ( 'NONE',  ( 0.000000000000000000, 1.000000000000000000, 0.000000000000000000 ) ) ;
#5585 = VECTOR ( 'NONE', #3812, 1000.000000000000000 ) ;
#5586 = ORIENTED_EDGE ( 'NONE', *, *, #5852, .F. ) ;
#5587 = CARTESIAN_POINT ( 'NONE',  ( 35.24837783041262895, -20.42202547882114061, 36.85853849957258177 ) ) ;
#5588 = DIRECTION ( 'NONE',  ( 0.9560937162403113643, -0.000000000000000000, 0.2930610956196525452 ) ) ;
#5589 = EDGE_CURVE ( 'NONE', #11535, #9882, #3941, .T. ) ;
#5590 = DIRECTION ( 'NONE',  ( 0.000000000000000000, 1.000000000000000000, 0.000000000000000000 ) ) ;
#5591 = DIRECTION ( 'NONE',  ( 0.000000000000000000, 1.000000000000000000, 0.000000000000000000 ) ) ;
#5592 = ORIENTED_EDGE ( 'NONE', *, *, #2510, .F. ) ;
#5593 = DIRECTION ( 'NONE',  ( 0.000000000000000000, 0.000000000000000000, 1.000000000000000000 ) ) ;
#5594 = ORIENTED_EDGE ( 'NONE', *, *, #6478, .F. ) ;
#5595 = DIRECTION ( 'NONE',  ( 0.7711657896326680195, 0.000000000000000000, -0.6366343730118753097 ) ) ;
#5596 = AXIS2_PLACEMENT_3D ( 'NONE', #1308, #5145, #4252 ) ;
#5597 = VECTOR ( 'NONE', #10317, 1000.000000000000227 ) ;
#5598 = LINE ( 'NONE', #8579, #3285 ) ;
#5599 = EDGE_CURVE ( 'NONE', #9828, #7742, #9153, .T. ) ;
#5600 = CARTESIAN_POINT ( 'NONE',  ( 11.80310486381228507, 10.00000000000000000, -45.89377128388460392 ) ) ;
#5601 = ORIENTED_EDGE ( 'NONE', *, *, #6857, .F. ) ;
#5602 = EDGE_LOOP ( 'NONE', ( #6084, #11212, #11286, #11519 ) ) ;
#5603 = FACE_OUTER_BOUND ( 'NONE', #2031, .T. ) ;
#5604 = EDGE_CURVE ( 'NONE', #5174, #6236, #588, .T. ) ;
#5605 = AXIS2_PLACEMENT_3D ( 'NONE', #11408, #2357, #12242 ) ;
#5606 = VERTEX_POINT ( 'NONE', #11188 ) ;
#5607 = CARTESIAN_POINT ( 'NONE',  ( 49.34782179739804775, -10.00000000000000000, 11.45278456627739239 ) ) ;
#5608 = ORIENTED_EDGE ( 'NONE', *, *, #10292, .F. ) ;
#5609 = CARTESIAN_POINT ( 'NONE',  ( 0.000000000000000000, 10.00000000000000000, 0.000000000000000000 ) ) ;
#5610 = AXIS2_PLACEMENT_3D ( 'NONE', #5554, #8545, #3510 ) ;
#5612 = ORIENTED_EDGE ( 'NONE', *, *, #6556, .F. ) ;
#5611 = CC_DESIGN_SECURITY_CLASSIFICATION ( #10532, ( #479 ) ) ;
#5613 = PLANE ( 'NONE',  #7484 ) ;
#5614 = DIRECTION ( 'NONE',  ( 0.9807852804032309857, 0.000000000000000000, 0.1950903220161252505 ) ) ;
#5615 = VERTEX_POINT ( 'NONE', #11126 ) ;
#5616 = EDGE_CURVE ( 'NONE', #3623, #4163, #6396, .T. ) ;
#5617 = DIRECTION ( 'NONE',  ( 0.000000000000000000, 0.000000000000000000, -1.000000000000000000 ) ) ;
#5618 = DIRECTION ( 'NONE',  ( 0.1009053778637038490, -0.000000000000000000, 0.9948960270893552060 ) ) ;
#5619 = ORIENTED_EDGE ( 'NONE', *, *, #4078, .T. ) ;
#5620 = AXIS2_PLACEMENT_3D ( 'NONE', #10593, #11422, #641 ) ;
#5621 = VECTOR ( 'NONE', #9809, 1000.000000000000000 ) ;
#5622 = ORIENTED_EDGE ( 'NONE', *, *, #8816, .T. ) ;
#5623 = CARTESIAN_POINT ( 'NONE',  ( -27.43945043190185373, -20.23931917473913700, -35.66618230193975592 ) ) ;
#5625 = VERTEX_POINT ( 'NONE', #11055 ) ;
#5624 = CARTESIAN_POINT ( 'NONE',  ( -28.46743292285626126, -20.23931917473912634, 37.88346327708622141 ) ) ;
#5626 = CARTESIAN_POINT ( 'NONE',  ( 0.000000000000000000, 10.00000000000000000, 0.000000000000000000 ) ) ;
#5627 = VERTEX_POINT ( 'NONE', #9272 ) ;
#5628 = ORIENTED_EDGE ( 'NONE', *, *, #785, .T. ) ;
#5629 = CARTESIAN_POINT ( 'NONE',  ( 0.000000000000000000, 10.00000000000000000, 0.000000000000000000 ) ) ;
#5630 = CARTESIAN_POINT ( 'NONE',  ( 0.000000000000000000, 5.999999999999980460, 0.000000000000000000 ) ) ;
#5631 = EDGE_CURVE ( 'NONE', #1431, #3719, #8436, .T. ) ;
#5632 = VECTOR ( 'NONE', #4757, 1000.000000000000114 ) ;
#5633 = DIRECTION ( 'NONE',  ( -0.000000000000000000, -1.000000000000000000, -0.000000000000000000 ) ) ;
#5635 = VERTEX_POINT ( 'NONE', #8318 ) ;
#5634 = FACE_OUTER_BOUND ( 'NONE', #1247, .T. ) ;
#5636 = VECTOR ( 'NONE', #10940, 1000.000000000000114 ) ;
#5637 = CARTESIAN_POINT ( 'NONE',  ( -23.48578117747874927, 10.00000000000000000, 40.19566517527178462 ) ) ;
#5638 = ORIENTED_EDGE ( 'NONE', *, *, #6995, .T. ) ;
#5639 = FACE_OUTER_BOUND ( 'NONE', #3948, .T. ) ;
#5640 = DIRECTION ( 'NONE',  ( 0.000000000000000000, 1.000000000000000000, 0.000000000000000000 ) ) ;
#5641 = EDGE_LOOP ( 'NONE', ( #10115, #11534, #8557, #9999 ) ) ;
#5642 = LINE ( 'NONE', #6732, #4489 ) ;
#5643 = DIRECTION ( 'NONE',  ( 0.9974095118627300804, 0.000000000000000000, -0.07193236855373658090 ) ) ;
#5644 = LINE ( 'NONE', #9576, #2958 ) ;
#5645 = VECTOR ( 'NONE', #5511, 1000.000000000000000 ) ;
#5646 = ORIENTED_EDGE ( 'NONE', *, *, #7879, .T. ) ;
#5647 = EDGE_CURVE ( 'NONE', #8927, #10844, #2296, .T. ) ;
#5648 = EDGE_LOOP ( 'NONE', ( #10389, #7140, #6127, #6450 ) ) ;
#5649 = LINE ( 'NONE', #6616, #11895 ) ;
#5650 = CARTESIAN_POINT ( 'NONE',  ( -46.67040685671994282, -10.00000000000000000, -20.56387910459081780 ) ) ;
#5651 = EDGE_CURVE ( 'NONE', #8729, #11160, #7341, .T. ) ;
#5652 = DIRECTION ( 'NONE',  ( 0.000000000000000000, 1.000000000000000000, 0.000000000000000000 ) ) ;
#5653 = VERTEX_POINT ( 'NONE', #1375 ) ;
#5654 = LINE ( 'NONE', #9454, #5632 ) ;
#5655 = AXIS2_PLACEMENT_3D ( 'NONE', #2277, #5349, #6390 ) ;
#5656 = CARTESIAN_POINT ( 'NONE',  ( 41.85922843806464044, 10.00000000000000000, 20.37347321810624834 ) ) ;
#5657 = DIRECTION ( 'NONE',  ( 0.4739546398215334633, 0.000000000000000000, 0.8805492600596745989 ) ) ;
#5658 = ORIENTED_EDGE ( 'NONE', *, *, #792, .T. ) ;
#5659 = CARTESIAN_POINT ( 'NONE',  ( -34.90280549874141514, -20.42202547882114061, 36.49718027898902051 ) ) ;
#5660 = ORIENTED_EDGE ( 'NONE', *, *, #7631, .F. ) ;
#5661 = LINE ( 'NONE', #6501, #8738 ) ;
#5662 = CIRCLE ( 'NONE', #7319, 0.4999999999999991118 ) ;
#5663 = EDGE_CURVE ( 'NONE', #6585, #3400, #2390, .T. ) ;
#5664 = ADVANCED_FACE ( 'NONE', ( #10291 ), #6188, .T. ) ;
#5665 = CARTESIAN_POINT ( 'NONE',  ( -22.45063275808658076, 10.00000000000000000, -38.99960370005737076 ) ) ;
#5666 = CYLINDRICAL_SURFACE ( 'NONE', #5786, 0.4999999999999970024 ) ;
#5667 = VERTEX_POINT ( 'NONE', #12401 ) ;
#5668 = EDGE_CURVE ( 'NONE', #6869, #11321, #10543, .T. ) ;
#5669 = ORIENTED_EDGE ( 'NONE', *, *, #5819, .F. ) ;
#5670 = DIRECTION ( 'NONE',  ( 0.000000000000000000, 0.000000000000000000, 1.000000000000000000 ) ) ;
#5671 = ORIENTED_EDGE ( 'NONE', *, *, #11373, .T. ) ;
#5672 = CARTESIAN_POINT ( 'NONE',  ( 49.34782179739782038, 10.00000000000000000, -11.45278456627842800 ) ) ;
#5673 = ORIENTED_EDGE ( 'NONE', *, *, #10459, .F. ) ;
#5674 = DIRECTION ( 'NONE',  ( -0.5555702330196029548, 0.000000000000000000, -0.8314696123025447916 ) ) ;
#5675 = ORIENTED_EDGE ( 'NONE', *, *, #6177, .T. ) ;
#5676 = DIRECTION ( 'NONE',  ( 0.000000000000000000, 0.000000000000000000, 1.000000000000000000 ) ) ;
#5677 = CARTESIAN_POINT ( 'NONE',  ( 39.32099234290808454, 10.00000000000000000, 23.67853845910797972 ) ) ;
#5678 = ADVANCED_FACE ( 'NONE', ( #12468 ), #6496, .T. ) ;
#5679 = ORIENTED_EDGE ( 'NONE', *, *, #8989, .F. ) ;
#5680 = CARTESIAN_POINT ( 'NONE',  ( -2.157587686025606022, -10.00000000000000000, -45.84930138799938248 ) ) ;
#5681 = CARTESIAN_POINT ( 'NONE',  ( 11.80310486381324786, -19.06525438257995120, 45.89377128388436233 ) ) ;
#5682 = ADVANCED_FACE ( 'NONE', ( #10661 ), #1754, .T. ) ;
#5683 = ORIENTED_EDGE ( 'NONE', *, *, #12018, .T. ) ;
#5684 = EDGE_LOOP ( 'NONE', ( #4256, #3741, #3393, #1430 ) ) ;
#5685 = DIRECTION ( 'NONE',  ( 0.000000000000000000, 1.000000000000000000, 0.000000000000000000 ) ) ;
#5687 = ORIENTED_EDGE ( 'NONE', *, *, #2902, .F. ) ;
#5686 = LINE ( 'NONE', #3829, #11328 ) ;
#5688 = LINE ( 'NONE', #12439, #1241 ) ;
#5689 = ORIENTED_EDGE ( 'NONE', *, *, #568, .T. ) ;
#5690 = ORIENTED_EDGE ( 'NONE', *, *, #12228, .T. ) ;
#5691 = CARTESIAN_POINT ( 'NONE',  ( 20.36227244670217118, 10.00000000000000000, -46.21285384832096099 ) ) ;
#5692 = ADVANCED_FACE ( 'NONE', ( #7733 ), #8631, .T. ) ;
#5693 = DIRECTION ( 'NONE',  ( -0.1950903220161349927, 0.000000000000000000, -0.9807852804032292093 ) ) ;
#5694 = ORIENTED_EDGE ( 'NONE', *, *, #8048, .F. ) ;
#5695 = FACE_OUTER_BOUND ( 'NONE', #8200, .T. ) ;
#5697 = VERTEX_POINT ( 'NONE', #6552 ) ;
#5696 = CARTESIAN_POINT ( 'NONE',  ( -47.07572326156198272, -10.00000000000000000, -18.27912140669872798 ) ) ;
#5698 = CARTESIAN_POINT ( 'NONE',  ( 45.84930138799936117, 10.00000000000000000, -2.157587686026086082 ) ) ;
#5699 = ADVANCED_FACE ( 'NONE', ( #8574 ), #4627, .T. ) ;
#5700 = ORIENTED_EDGE ( 'NONE', *, *, #589, .F. ) ;
#5701 = ORIENTED_EDGE ( 'NONE', *, *, #3721, .T. ) ;
#5702 = DIRECTION ( 'NONE',  ( 0.000000000000000000, 0.000000000000000000, 1.000000000000000000 ) ) ;
#5703 = LINE ( 'NONE', #8749, #1159 ) ;
#5704 = DIRECTION ( 'NONE',  ( -0.7748486042760420744, 0.000000000000000000, 0.6321468503848369780 ) ) ;
#5705 = CYLINDRICAL_SURFACE ( 'NONE', #623, 8.000000000000001776 ) ;
#5706 = LINE ( 'NONE', #1669, #12600 ) ;
#5707 = VERTEX_POINT ( 'NONE', #720 ) ;
#5708 = ORIENTED_EDGE ( 'NONE', *, *, #2316, .F. ) ;
#5709 = CARTESIAN_POINT ( 'NONE',  ( 4.898587196589413026E-15, -5.999999999999993783, 40.00000000000000000 ) ) ;
#5710 = DIRECTION ( 'NONE',  ( 0.000000000000000000, 0.000000000000000000, 1.000000000000000000 ) ) ;
#5711 = EDGE_CURVE ( 'NONE', #176, #9488, #12550, .T. ) ;
#5712 = CARTESIAN_POINT ( 'NONE',  ( -46.21285384832059862, 10.00000000000000000, 20.36227244670300252 ) ) ;
#5713 = VERTEX_POINT ( 'NONE', #3801 ) ;
#5714 = LINE ( 'NONE', #8700, #9958 ) ;
#5715 = EDGE_CURVE ( 'NONE', #3302, #154, #7021, .T. ) ;
#5716 = DIRECTION ( 'NONE',  ( 1.000000000000000000, 0.000000000000000000, -3.469446951953611033E-15 ) ) ;
#5717 = DIRECTION ( 'NONE',  ( -0.000000000000000000, -1.000000000000000000, -0.000000000000000000 ) ) ;
#5718 = ORIENTED_EDGE ( 'NONE', *, *, #259, .F. ) ;
#5719 = DIRECTION ( 'NONE',  ( 0.000000000000000000, 0.000000000000000000, 1.000000000000000000 ) ) ;
#5720 = ORIENTED_EDGE ( 'NONE', *, *, #11739, .T. ) ;
#5721 = ORIENTED_EDGE ( 'NONE', *, *, #8981, .F. ) ;
#5722 = FACE_OUTER_BOUND ( 'NONE', #3289, .T. ) ;
#5723 = CARTESIAN_POINT ( 'NONE',  ( 46.16528980983285635, -19.69863090235031322, -20.86000496748403776 ) ) ;
#5724 = CYLINDRICAL_SURFACE ( 'NONE', #4139, 0.5000000000000004441 ) ;
#5725 = ORIENTED_EDGE ( 'NONE', *, *, #2316, .T. ) ;
#5726 = ADVANCED_FACE ( 'NONE', ( #778 ), #9460, .T. ) ;
#5727 = AXIS2_PLACEMENT_3D ( 'NONE', #6255, #3358, #10233 ) ;
#5728 = ORIENTED_EDGE ( 'NONE', *, *, #4345, .F. ) ;
#5729 = DIRECTION ( 'NONE',  ( 0.4688348621887536982, -0.000000000000000000, 0.8832858382179871182 ) ) ;
#5730 = AXIS2_PLACEMENT_3D ( 'NONE', #5821, #8598, #2727 ) ;
#5731 = EDGE_CURVE ( 'NONE', #10173, #818, #7531, .T. ) ;
#5732 = ORIENTED_EDGE ( 'NONE', *, *, #8821, .F. ) ;
#5733 = CYLINDRICAL_SURFACE ( 'NONE', #2483, 8.000000000000000000 ) ;
#5734 = EDGE_LOOP ( 'NONE', ( #7987, #494, #12255, #3679 ) ) ;
#5735 = EDGE_CURVE ( 'NONE', #3879, #5364, #5782, .T. ) ;
#5736 = LINE ( 'NONE', #7748, #3671 ) ;
#5737 = ORIENTED_EDGE ( 'NONE', *, *, #10704, .F. ) ;
#5738 = EDGE_CURVE ( 'NONE', #8551, #1470, #11432, .T. ) ;
#5739 = EDGE_CURVE ( 'NONE', #11340, #5539, #9585, .T. ) ;
#5740 = EDGE_CURVE ( 'NONE', #8839, #5399, #2629, .T. ) ;
#5741 = CARTESIAN_POINT ( 'NONE',  ( -8.303600574123395361, -19.06525438257990857, 49.97423344059149741 ) ) ;
#5742 = AXIS2_PLACEMENT_3D ( 'NONE', #9007, #10853, #2064 ) ;
#5743 = FACE_OUTER_BOUND ( 'NONE', #416, .T. ) ;
#5744 = VECTOR ( 'NONE', #5024, 1000.000000000000000 ) ;
#5745 = AXIS2_PLACEMENT_3D ( 'NONE', #4995, #3968, #8990 ) ;
#5746 = ORIENTED_EDGE ( 'NONE', *, *, #4354, .F. ) ;
#5747 = DIRECTION ( 'NONE',  ( -0.000000000000000000, -1.000000000000000000, -0.000000000000000000 ) ) ;
#5748 = CARTESIAN_POINT ( 'NONE',  ( -46.46947506094541325, 10.00000000000000000, 2.803801697542896765 ) ) ;
#5749 = VERTEX_POINT ( 'NONE', #5791 ) ;
#5750 = ORIENTED_EDGE ( 'NONE', *, *, #9241, .F. ) ;
#5751 = CARTESIAN_POINT ( 'NONE',  ( 3.000000000000000000, -18.55636363116340704, -44.89988864128728352 ) ) ;
#5753 = ORIENTED_EDGE ( 'NONE', *, *, #10473, .F. ) ;
#5752 = DIRECTION ( 'NONE',  ( 0.000000000000000000, 1.000000000000000000, 0.000000000000000000 ) ) ;
#5754 = EDGE_LOOP ( 'NONE', ( #11335, #7163, #4273, #2838 ) ) ;
#5755 = LINE ( 'NONE', #3698, #236 ) ;
#5756 = CIRCLE ( 'NONE', #11697, 5.000000000000000888 ) ;
#5757 = VECTOR ( 'NONE', #7524, 1000.000000000000114 ) ;
#5758 = ADVANCED_FACE ( 'NONE', ( #11497 ), #6623, .T. ) ;
#5759 = AXIS2_PLACEMENT_3D ( 'NONE', #6121, #2387, #8184 ) ;
#5760 = AXIS2_PLACEMENT_3D ( 'NONE', #11426, #5389, #6362 ) ;
#5761 = LINE ( 'NONE', #3581, #1523 ) ;
#5762 = DIRECTION ( 'NONE',  ( 0.000000000000000000, 1.000000000000000000, 0.000000000000000000 ) ) ;
#5763 = VECTOR ( 'NONE', #10914, 1000.000000000000000 ) ;
#5765 = ORIENTED_EDGE ( 'NONE', *, *, #969, .F. ) ;
#5764 = CARTESIAN_POINT ( 'NONE',  ( -6.658138915334141039, -10.00000000000000000, -46.91716864078409799 ) ) ;
#5766 = EDGE_CURVE ( 'NONE', #1887, #12137, #8457, .T. ) ;
#5767 = LINE ( 'NONE', #5900, #12509 ) ;
#5768 = VERTEX_POINT ( 'NONE', #7465 ) ;
#5769 = ORIENTED_EDGE ( 'NONE', *, *, #289, .F. ) ;
#5770 = CARTESIAN_POINT ( 'NONE',  ( 0.000000000000000000, 10.00000000000000000, 0.000000000000000000 ) ) ;
#5771 = DIRECTION ( 'NONE',  ( 3.469446951953611033E-15, 0.000000000000000000, 1.000000000000000000 ) ) ;
#5772 = CARTESIAN_POINT ( 'NONE',  ( -11.70188957472643310, -10.00000000000000000, 43.45187890507046546 ) ) ;
#5773 = CIRCLE ( 'NONE', #11104, 0.4999999999999977240 ) ;
#5774 = DIRECTION ( 'NONE',  ( 0.000000000000000000, 0.000000000000000000, 1.000000000000000000 ) ) ;
#5775 = CARTESIAN_POINT ( 'NONE',  ( 11.06088521563188465, -19.06525438257988725, -44.54739544167657783 ) ) ;
#5776 = CIRCLE ( 'NONE', #10700, 0.5000000000000004441 ) ;
#5777 = AXIS2_PLACEMENT_3D ( 'NONE', #10005, #58, #1150 ) ;
#5778 = ORIENTED_EDGE ( 'NONE', *, *, #7719, .T. ) ;
#5779 = EDGE_CURVE ( 'NONE', #784, #4438, #11375, .T. ) ;
#5780 = EDGE_LOOP ( 'NONE', ( #10321, #1383, #12190, #693 ) ) ;
#5781 = CYLINDRICAL_SURFACE ( 'NONE', #2086, 40.00000000000000000 ) ;
#5782 = CIRCLE ( 'NONE', #12336, 4.999999999999997335 ) ;
#5784 = ORIENTED_EDGE ( 'NONE', *, *, #9181, .F. ) ;
#5783 = CARTESIAN_POINT ( 'NONE',  ( 0.000000000000000000, 10.00000000000000000, 0.000000000000000000 ) ) ;
#5785 = FACE_OUTER_BOUND ( 'NONE', #1554, .T. ) ;
#5786 = AXIS2_PLACEMENT_3D ( 'NONE', #11641, #4568, #3809 ) ;
#5787 = VECTOR ( 'NONE', #7497, 1000.000000000000114 ) ;
#5788 = EDGE_LOOP ( 'NONE', ( #6751, #4203, #10745, #5718 ) ) ;
#5789 = DIRECTION ( 'NONE',  ( -0.7893522173763251049, 0.000000000000000000, 0.6139406135149220178 ) ) ;
#5790 = DIRECTION ( 'NONE',  ( 0.6544111638669529718, 0.000000000000000000, 0.7561388950492495820 ) ) ;
#5791 = CARTESIAN_POINT ( 'NONE',  ( -45.02958255179733271, -10.00000000000000000, -11.81567228767965005 ) ) ;
#5792 = VERTEX_POINT ( 'NONE', #5985 ) ;
#5793 = CARTESIAN_POINT ( 'NONE',  ( 0.000000000000000000, -10.00000000000000000, 0.000000000000000000 ) ) ;
#5794 = CONICAL_SURFACE ( 'NONE', #10915, 8.000000000000000000, 0.7853981633974552734 ) ;
#5795 = VERTEX_POINT ( 'NONE', #3987 ) ;
#5796 = EDGE_CURVE ( 'NONE', #8960, #9828, #4538, .T. ) ;
#5797 = LINE ( 'NONE', #3735, #10168 ) ;
#5798 = VECTOR ( 'NONE', #5652, 1000.000000000000000 ) ;
#5799 = CIRCLE ( 'NONE', #1691, 5.000000000000003553 ) ;
#5800 = DIRECTION ( 'NONE',  ( -0.000000000000000000, -1.000000000000000000, -0.000000000000000000 ) ) ;
#5801 = CARTESIAN_POINT ( 'NONE',  ( 34.84146812720874919, -10.00000000000000000, 30.87629374033853580 ) ) ;
#5802 = ORIENTED_EDGE ( 'NONE', *, *, #7036, .F. ) ;
#5803 = AXIS2_PLACEMENT_3D ( 'NONE', #8860, #10003, #240 ) ;
#5804 = ORIENTED_EDGE ( 'NONE', *, *, #5462, .F. ) ;
#5805 = DIRECTION ( 'NONE',  ( 0.000000000000000000, 0.000000000000000000, 1.000000000000000000 ) ) ;
#5806 = AXIS2_PLACEMENT_3D ( 'NONE', #1540, #5566, #8555 ) ;
#5807 = LINE ( 'NONE', #11887, #10563 ) ;
#5808 = CARTESIAN_POINT ( 'NONE',  ( 1.605440076985782172, 10.00000000000000000, -50.63394466786608206 ) ) ;
#5809 = ORIENTED_EDGE ( 'NONE', *, *, #12156, .F. ) ;
#5810 = DIRECTION ( 'NONE',  ( -0.9642112588246037896, 0.000000000000000000, 0.2651351511133009931 ) ) ;
#5811 = AXIS2_PLACEMENT_3D ( 'NONE', #7679, #10552, #2839 ) ;
#5812 = ORIENTED_EDGE ( 'NONE', *, *, #11938, .T. ) ;
#5813 = CYLINDRICAL_SURFACE ( 'NONE', #110, 50.99999999999999289 ) ;
#5814 = CIRCLE ( 'NONE', #11544, 50.99999999999999289 ) ;
#5815 = ADVANCED_FACE ( 'NONE', ( #9905 ), #5794, .F. ) ;
#5816 = PLANE ( 'NONE',  #7253 ) ;
#5817 = EDGE_CURVE ( 'NONE', #7565, #3044, #196, .T. ) ;
#5818 = ORIENTED_EDGE ( 'NONE', *, *, #12687, .F. ) ;
#5819 = EDGE_CURVE ( 'NONE', #3690, #1438, #262, .T. ) ;
#5820 = CYLINDRICAL_SURFACE ( 'NONE', #4520, 50.99999999999999289 ) ;
#5821 = CARTESIAN_POINT ( 'NONE',  ( -30.89470704032691728, -10.00000000000000000, -33.94599680791340290 ) ) ;
#5822 = ORIENTED_EDGE ( 'NONE', *, *, #12444, .T. ) ;
#5823 = ORIENTED_EDGE ( 'NONE', *, *, #10995, .T. ) ;
#5824 = EDGE_CURVE ( 'NONE', #1823, #4214, #4887, .T. ) ;
#5825 = DIRECTION ( 'NONE',  ( -0.8314696123025503427, 0.000000000000000000, -0.5555702330195948502 ) ) ;
#5827 = ORIENTED_EDGE ( 'NONE', *, *, #606, .T. ) ;
#5826 = CYLINDRICAL_SURFACE ( 'NONE', #9903, 0.5000000000000004441 ) ;
#5828 = ADVANCED_FACE ( 'NONE', ( #3155 ), #7785, .T. ) ;
#5829 = VERTEX_POINT ( 'NONE', #9970 ) ;
#5830 = VECTOR ( 'NONE', #9139, 1000.000000000000227 ) ;
#5831 = LINE ( 'NONE', #10577, #10076 ) ;
#5832 = CARTESIAN_POINT ( 'NONE',  ( -36.92360935593698201, -10.00000000000000000, -27.26647565272516616 ) ) ;
#5833 = ADVANCED_BREP_SHAPE_REPRESENTATION ( '3.7', ( #12234, #70 ), #11142 ) ;
#5834 = CARTESIAN_POINT ( 'NONE',  ( -11.80310486381260660, 10.00000000000000000, 45.89377128388451865 ) ) ;
#5835 = AXIS2_PLACEMENT_3D ( 'NONE', #11926, #2177, #10012 ) ;
#5836 = VECTOR ( 'NONE', #12299, 1000.000000000000114 ) ;
#5837 = AXIS2_PLACEMENT_3D ( 'NONE', #4144, #5953, #10773 ) ;
#5838 = ADVANCED_FACE ( 'NONE', ( #9782 ), #11686, .T. ) ;
#5840 = ORIENTED_EDGE ( 'NONE', *, *, #7343, .F. ) ;
#5839 = DIRECTION ( 'NONE',  ( -0.6139406135149163557, 0.000000000000000000, 0.7893522173763294347 ) ) ;
#5841 = DIRECTION ( 'NONE',  ( 0.000000000000000000, 0.000000000000000000, 1.000000000000000000 ) ) ;
#5842 = ORIENTED_EDGE ( 'NONE', *, *, #4407, .F. ) ;
#5843 = CARTESIAN_POINT ( 'NONE',  ( -49.97423344059146899, -10.00000000000000000, -8.303600574123578326 ) ) ;
#5844 = DIRECTION ( 'NONE',  ( 0.7893522173763336536, -0.000000000000000000, 0.6139406135149111376 ) ) ;
#5845 = CARTESIAN_POINT ( 'NONE',  ( 5.817177892306730769, -10.00000000000000000, -44.62242083716723329 ) ) ;
#5846 = AXIS2_PLACEMENT_3D ( 'NONE', #9066, #268, #6947 ) ;
#5847 = AXIS2_PLACEMENT_3D ( 'NONE', #8722, #4848, #9736 ) ;
#5848 = FACE_OUTER_BOUND ( 'NONE', #2311, .T. ) ;
#5849 = CARTESIAN_POINT ( 'NONE',  ( 23.48578117747846150, -20.23931917473911923, -40.19566517527194094 ) ) ;
#5850 = CARTESIAN_POINT ( 'NONE',  ( 2.803801697542733784, -18.55636363116340704, 46.46947506094542035 ) ) ;
#5851 = ORIENTED_EDGE ( 'NONE', *, *, #3978, .T. ) ;
#5852 = EDGE_CURVE ( 'NONE', #6505, #6130, #1225, .T. ) ;
#5853 = AXIS2_PLACEMENT_3D ( 'NONE', #10587, #10451, #5496 ) ;
#5854 = AXIS2_PLACEMENT_3D ( 'NONE', #2704, #540, #12271 ) ;
#5855 = DIRECTION ( 'NONE',  ( -1.734723475976805517E-15, 0.000000000000000000, 1.000000000000000000 ) ) ;
#5857 = ORIENTED_EDGE ( 'NONE', *, *, #9984, .F. ) ;
#5856 = CARTESIAN_POINT ( 'NONE',  ( -18.27912140669856456, -10.00000000000000000, 47.07572326156203957 ) ) ;
#5858 = CARTESIAN_POINT ( 'NONE',  ( 0.000000000000000000, -19.69863090235029190, 0.000000000000000000 ) ) ;
#5859 = ORIENTED_EDGE ( 'NONE', *, *, #5186, .F. ) ;
#5860 = DIRECTION ( 'NONE',  ( 0.000000000000000000, 1.000000000000000000, 0.000000000000000000 ) ) ;
#5861 = DIRECTION ( 'NONE',  ( 0.8939589078457625959, -0.000000000000000000, 0.4481489385050593244 ) ) ;
#5862 = CARTESIAN_POINT ( 'NONE',  ( 5.817177892307668685, 10.00000000000000000, 44.62242083716712671 ) ) ;
#5863 = ORIENTED_EDGE ( 'NONE', *, *, #1912, .F. ) ;
#5864 = VECTOR ( 'NONE', #5271, 1000.000000000000000 ) ;
#5865 = LINE ( 'NONE', #6892, #4494 ) ;
#5866 = EDGE_CURVE ( 'NONE', #389, #9711, #11323, .T. ) ;
#5867 = ORIENTED_EDGE ( 'NONE', *, *, #9987, .F. ) ;
#5868 = CARTESIAN_POINT ( 'NONE',  ( -19.95408209559174750, -10.00000000000000000, 40.33403783062618686 ) ) ;
#5869 = CARTESIAN_POINT ( 'NONE',  ( 46.12357170388319361, 10.00000000000000000, -6.315817419441274616 ) ) ;
#5870 = VECTOR ( 'NONE', #3080, 1000.000000000000114 ) ;
#5871 = CARTESIAN_POINT ( 'NONE',  ( 20.86000496748291511, -19.69863090235023151, -46.16528980983336794 ) ) ;
#5872 = ORIENTED_EDGE ( 'NONE', *, *, #9647, .T. ) ;
#5873 = VERTEX_POINT ( 'NONE', #5862 ) ;
#5874 = DIRECTION ( 'NONE',  ( -0.2875058131643536408, 0.000000000000000000, 0.9577788927496282412 ) ) ;
#5875 = CARTESIAN_POINT ( 'NONE',  ( -27.38034598923448115, 10.00000000000000000, -43.02692939903812430 ) ) ;
#5876 = CARTESIAN_POINT ( 'NONE',  ( 0.000000000000000000, 5.000000000000000000, 12.00000000000000178 ) ) ;
#5877 = ORIENTED_EDGE ( 'NONE', *, *, #3298, .F. ) ;
#5878 = DIRECTION ( 'NONE',  ( 0.000000000000000000, 1.000000000000000000, 0.000000000000000000 ) ) ;
#5879 = CIRCLE ( 'NONE', #6908, 51.00000000000000000 ) ;
#5880 = ORIENTED_EDGE ( 'NONE', *, *, #7015, .F. ) ;
#5881 = CARTESIAN_POINT ( 'NONE',  ( -37.88346327708612904, -10.00000000000000000, -28.46743292285638205 ) ) ;
#5882 = DIRECTION ( 'NONE',  ( 0.000000000000000000, 0.000000000000000000, 1.000000000000000000 ) ) ;
#5883 = EDGE_LOOP ( 'NONE', ( #3010, #2032, #3650, #6300 ) ) ;
#5884 = VERTEX_POINT ( 'NONE', #11870 ) ;
#5885 = CARTESIAN_POINT ( 'NONE',  ( -27.26647565272529405, -20.23931917473913700, -36.92360935593690385 ) ) ;
#5886 = CARTESIAN_POINT ( 'NONE',  ( 36.85853849957318573, 10.00000000000000000, 35.24837783041200368 ) ) ;
#5887 = VERTEX_POINT ( 'NONE', #5017 ) ;
#5888 = ORIENTED_EDGE ( 'NONE', *, *, #3214, .T. ) ;
#5889 = CARTESIAN_POINT ( 'NONE',  ( 34.84146812720810260, -20.42202547882114416, -30.87629374033926055 ) ) ;
#5891 = VERTEX_POINT ( 'NONE', #5072 ) ;
#5890 = DIRECTION ( 'NONE',  ( 0.000000000000000000, 0.000000000000000000, 1.000000000000000000 ) ) ;
#5892 = EDGE_CURVE ( 'NONE', #10533, #5026, #461, .T. ) ;
#5893 = VERTEX_POINT ( 'NONE', #11757 ) ;
#5894 = LINE ( 'NONE', #6783, #5338 ) ;
#5895 = EDGE_CURVE ( 'NONE', #10433, #9570, #8886, .T. ) ;
#5896 = DIRECTION ( 'NONE',  ( 0.000000000000000000, 1.000000000000000000, 0.000000000000000000 ) ) ;
#5897 = CARTESIAN_POINT ( 'NONE',  ( 29.46558707621469608, -10.00000000000000000, 41.20865162466889586 ) ) ;
#5899 = VERTEX_POINT ( 'NONE', #11820 ) ;
#5898 = FACE_OUTER_BOUND ( 'NONE', #8588, .T. ) ;
#5900 = CARTESIAN_POINT ( 'NONE',  ( 40.19566517527137250, -20.23931917473915831, -23.48578117747944916 ) ) ;
#5901 = VERTEX_POINT ( 'NONE', #978 ) ;
#5902 = LINE ( 'NONE', #12704, #11752 ) ;
#5903 = DIRECTION ( 'NONE',  ( 0.6139406135149110266, 0.000000000000000000, -0.7893522173763335426 ) ) ;
#5904 = DIRECTION ( 'NONE',  ( -0.000000000000000000, -1.000000000000000000, -0.000000000000000000 ) ) ;
#5905 = ORIENTED_EDGE ( 'NONE', *, *, #1373, .F. ) ;
#5906 = LINE ( 'NONE', #5001, #5533 ) ;
#5907 = EDGE_CURVE ( 'NONE', #7300, #9928, #6406, .T. ) ;
#5908 = DIRECTION ( 'NONE',  ( 0.000000000000000000, 1.000000000000000000, 0.000000000000000000 ) ) ;
#5909 = ADVANCED_FACE ( 'NONE', ( #10 ), #1108, .T. ) ;
#5910 = EDGE_CURVE ( 'NONE', #1174, #3324, #9694, .T. ) ;
#5911 = ORIENTED_EDGE ( 'NONE', *, *, #1203, .F. ) ;
#5912 = ORIENTED_EDGE ( 'NONE', *, *, #6478, .T. ) ;
#5913 = FACE_OUTER_BOUND ( 'NONE', #4655, .T. ) ;
#5915 = VERTEX_POINT ( 'NONE', #10852 ) ;
#5914 = DIRECTION ( 'NONE',  ( 0.000000000000000000, -1.000000000000000000, 0.000000000000000000 ) ) ;
#5916 = DIRECTION ( 'NONE',  ( -0.6321468503848426401, 0.000000000000000000, -0.7748486042760375225 ) ) ;
#5917 = ORIENTED_EDGE ( 'NONE', *, *, #8337, .F. ) ;
#5918 = CARTESIAN_POINT ( 'NONE',  ( 27.26647565272478602, -10.00000000000000000, -36.92360935593725912 ) ) ;
#5919 = CARTESIAN_POINT ( 'NONE',  ( 28.14833299833665237, -20.23931917473911923, -37.08024765038285864 ) ) ;
#5920 = CARTESIAN_POINT ( 'NONE',  ( 0.000000000000000000, 9.000000000000007105, 0.000000000000000000 ) ) ;
#5921 = CARTESIAN_POINT ( 'NONE',  ( 11.45278456627825214, -10.00000000000000000, 49.34782179739785590 ) ) ;
#5922 = EDGE_CURVE ( 'NONE', #12629, #8988, #2062, .T. ) ;
#5923 = ORIENTED_EDGE ( 'NONE', *, *, #161, .T. ) ;
#5924 = FACE_OUTER_BOUND ( 'NONE', #1128, .T. ) ;
#5925 = FACE_OUTER_BOUND ( 'NONE', #9413, .T. ) ;
#5926 = CARTESIAN_POINT ( 'NONE',  ( 28.14833299833743396, -10.00000000000000000, 37.08024765038227599 ) ) ;
#5927 = ORIENTED_EDGE ( 'NONE', *, *, #6131, .T. ) ;
#5928 = VERTEX_POINT ( 'NONE', #11287 ) ;
#5929 = CARTESIAN_POINT ( 'NONE',  ( 27.26647565272478602, 10.00000000000000000, -36.92360935593725912 ) ) ;
#5930 = LINE ( 'NONE', #3170, #7048 ) ;
#5931 = EDGE_CURVE ( 'NONE', #4574, #1821, #12065, .T. ) ;
#5932 = EDGE_LOOP ( 'NONE', ( #420, #548, #10054, #8093 ) ) ;
#5933 = CARTESIAN_POINT ( 'NONE',  ( 14.41080490052369001, -19.69863090235023151, -42.63013842481679916 ) ) ;
#5934 = CARTESIAN_POINT ( 'NONE',  ( 15.19272321494580247, -19.69863090235023151, -44.00516535263808038 ) ) ;
#5935 = EDGE_LOOP ( 'NONE', ( #4125, #8478, #12344, #11385 ) ) ;
#5936 = DIRECTION ( 'NONE',  ( 0.000000000000000000, 1.000000000000000000, 0.000000000000000000 ) ) ;
#5937 = DIRECTION ( 'NONE',  ( 0.000000000000000000, 0.000000000000000000, 1.000000000000000000 ) ) ;
#5938 = ADVANCED_FACE ( 'NONE', ( #522, #8172 ), #3342, .T. ) ;
#5939 = VECTOR ( 'NONE', #7467, 1000.000000000000000 ) ;
#5940 = AXIS2_PLACEMENT_3D ( 'NONE', #3651, #8618, #7574 ) ;
#5941 = ORIENTED_EDGE ( 'NONE', *, *, #677, .F. ) ;
#5942 = LINE ( 'NONE', #2091, #3932 ) ;
#5943 = CARTESIAN_POINT ( 'NONE',  ( -29.46558707621440121, 10.00000000000000000, -41.20865162466910903 ) ) ;
#5944 = ORIENTED_EDGE ( 'NONE', *, *, #4796, .T. ) ;
#5945 = VERTEX_POINT ( 'NONE', #12256 ) ;
#5946 = CARTESIAN_POINT ( 'NONE',  ( 0.000000000000000000, -10.00000000000000000, -8.999999999999994671 ) ) ;
#5948 = ORIENTED_EDGE ( 'NONE', *, *, #3205, .T. ) ;
#5947 = PLANE ( 'NONE',  #1491 ) ;
#5949 = ORIENTED_EDGE ( 'NONE', *, *, #8415, .T. ) ;
#5950 = CARTESIAN_POINT ( 'NONE',  ( -36.92360935593679727, -10.00000000000000000, 27.26647565272543261 ) ) ;
#5951 = AXIS2_PLACEMENT_3D ( 'NONE', #12082, #9154, #4255 ) ;
#5952 = DIRECTION ( 'NONE',  ( 0.8692791828944190780, -0.000000000000000000, -0.4943214563281784213 ) ) ;
#5953 = DIRECTION ( 'NONE',  ( -0.000000000000000000, -1.000000000000000000, -0.000000000000000000 ) ) ;
#5954 = EDGE_CURVE ( 'NONE', #3486, #2524, #4234, .T. ) ;
#5955 = VECTOR ( 'NONE', #1877, 1000.000000000000114 ) ;
#5957 = EDGE_LOOP ( 'NONE', ( #11348, #12012, #8586, #5552 ) ) ;
#5956 = LINE ( 'NONE', #11917, #6808 ) ;
#5958 = CONICAL_SURFACE ( 'NONE', #4305, 40.00000000000000000, 0.7853981633974415066 ) ;
#5959 = DIRECTION ( 'NONE',  ( 0.000000000000000000, 1.000000000000000000, 0.000000000000000000 ) ) ;
#5960 = AXIS2_PLACEMENT_3D ( 'NONE', #12183, #5109, #11152 ) ;
#5961 = ORIENTED_EDGE ( 'NONE', *, *, #8515, .T. ) ;
#5962 = CYLINDRICAL_SURFACE ( 'NONE', #2332, 44.99999999999999289 ) ;
#5963 = DIRECTION ( 'NONE',  ( 0.000000000000000000, 1.000000000000000000, 0.000000000000000000 ) ) ;
#5964 = DIRECTION ( 'NONE',  ( 1.387778780781454037E-14, 0.000000000000000000, 1.000000000000000000 ) ) ;
#5965 = DIRECTION ( 'NONE',  ( -0.000000000000000000, 1.000000000000000000, -0.000000000000000000 ) ) ;
#5966 = DIRECTION ( 'NONE',  ( -0.8939589078457610416, 0.000000000000000000, -0.4481489385050624330 ) ) ;
#5967 = AXIS2_PLACEMENT_3D ( 'NONE', #12361, #747, #6521 ) ;
#5968 = AXIS2_PLACEMENT_3D ( 'NONE', #8499, #11300, #2568 ) ;
#5969 = EDGE_LOOP ( 'NONE', ( #11998, #4808, #9901, #6818 ) ) ;
#5970 = ADVANCED_FACE ( 'NONE', ( #10274 ), #388, .T. ) ;
#5971 = EDGE_LOOP ( 'NONE', ( #8398, #1135, #10489, #6091 ) ) ;
#5972 = EDGE_CURVE ( 'NONE', #6727, #2759, #10250, .T. ) ;
#5973 = DIRECTION ( 'NONE',  ( 0.000000000000000000, 1.000000000000000000, 0.000000000000000000 ) ) ;
#5975 = ORIENTED_EDGE ( 'NONE', *, *, #7707, .T. ) ;
#5974 = CARTESIAN_POINT ( 'NONE',  ( -37.08024765038257442, -20.23931917473912989, -28.14833299833703606 ) ) ;
#5976 = EDGE_CURVE ( 'NONE', #3383, #3212, #8209, .T. ) ;
#5977 = DIRECTION ( 'NONE',  ( -0.7748486042760375225, 0.000000000000000000, 0.6321468503848426401 ) ) ;
#5978 = ORIENTED_EDGE ( 'NONE', *, *, #3331, .T. ) ;
#5979 = EDGE_CURVE ( 'NONE', #562, #9060, #5304, .T. ) ;
#5980 = CARTESIAN_POINT ( 'NONE',  ( -36.85853849957269546, 10.00000000000000000, 35.24837783041250816 ) ) ;
#5981 = AXIS2_PLACEMENT_3D ( 'NONE', #990, #2148, #30 ) ;
#5982 = EDGE_CURVE ( 'NONE', #2429, #2577, #9633, .T. ) ;
#5983 = CIRCLE ( 'NONE', #2684, 0.5000000000000004441 ) ;
#5984 = DIRECTION ( 'NONE',  ( 0.000000000000000000, 1.000000000000000000, 0.000000000000000000 ) ) ;
#5985 = CARTESIAN_POINT ( 'NONE',  ( -24.10574140080116123, 10.00000000000000000, -40.79785237731714886 ) ) ;
#5986 = DIRECTION ( 'NONE',  ( 0.000000000000000000, 0.000000000000000000, 1.000000000000000000 ) ) ;
#5987 = ORIENTED_EDGE ( 'NONE', *, *, #11368, .T. ) ;
#5988 = ORIENTED_EDGE ( 'NONE', *, *, #5954, .T. ) ;
#5989 = LINE ( 'NONE', #6115, #7712 ) ;
#5990 = AXIS2_PLACEMENT_3D ( 'NONE', #9402, #3287, #7284 ) ;
#5991 = CIRCLE ( 'NONE', #2484, 50.99999999999999289 ) ;
#5992 = AXIS2_PLACEMENT_3D ( 'NONE', #177, #12047, #4080 ) ;
#5993 = LINE ( 'NONE', #9915, #7824 ) ;
#5994 = EDGE_CURVE ( 'NONE', #7, #2641, #6235, .T. ) ;
#5995 = DIRECTION ( 'NONE',  ( -0.000000000000000000, -1.000000000000000000, -0.000000000000000000 ) ) ;
#5996 = ORIENTED_EDGE ( 'NONE', *, *, #6358, .F. ) ;
#5997 = EDGE_LOOP ( 'NONE', ( #12023, #9163, #12595, #5765 ) ) ;
#5998 = LINE ( 'NONE', #2252, #9457 ) ;
#5999 = DIRECTION ( 'NONE',  ( -0.000000000000000000, 1.000000000000000000, -0.000000000000000000 ) ) ;
#6000 = CARTESIAN_POINT ( 'NONE',  ( 0.000000000000000000, -18.55636363116340704, 50.99999999999999289 ) ) ;
#6001 = CARTESIAN_POINT ( 'NONE',  ( 27.38034598923388785, -20.23931917473911923, -43.02692939903848668 ) ) ;
#6002 = VECTOR ( 'NONE', #1960, 1000.000000000000000 ) ;
#6003 = DIRECTION ( 'NONE',  ( 0.000000000000000000, 0.000000000000000000, 1.000000000000000000 ) ) ;
#6004 = VECTOR ( 'NONE', #7598, 999.9999999999998863 ) ;
#6005 = ORIENTED_EDGE ( 'NONE', *, *, #8972, .T. ) ;
#6006 = CARTESIAN_POINT ( 'NONE',  ( -11.81567228767980993, -19.06525438257992988, -45.02958255179730429 ) ) ;
#6007 = ORIENTED_EDGE ( 'NONE', *, *, #7920, .F. ) ;
#6008 = ADVANCED_FACE ( 'NONE', ( #9327 ), #11873, .T. ) ;
#6009 = DIRECTION ( 'NONE',  ( -0.000000000000000000, -1.000000000000000000, -0.000000000000000000 ) ) ;
#6010 = AXIS2_PLACEMENT_3D ( 'NONE', #1030, #5916, #5977 ) ;
#6011 = DIRECTION ( 'NONE',  ( 0.000000000000000000, 0.000000000000000000, 1.000000000000000000 ) ) ;
#6012 = VERTEX_POINT ( 'NONE', #2240 ) ;
#6013 = ORIENTED_EDGE ( 'NONE', *, *, #1596, .F. ) ;
#6014 = FACE_OUTER_BOUND ( 'NONE', #2471, .T. ) ;
#6015 = VECTOR ( 'NONE', #4575, 1000.000000000000000 ) ;
#6017 = ORIENTED_EDGE ( 'NONE', *, *, #11451, .F. ) ;
#6016 = FACE_OUTER_BOUND ( 'NONE', #7461, .T. ) ;
#6018 = CIRCLE ( 'NONE', #889, 50.99999999999999289 ) ;
#6019 = EDGE_LOOP ( 'NONE', ( #2107, #12193, #8508, #895 ) ) ;
#6020 = CARTESIAN_POINT ( 'NONE',  ( -8.743875204153233938, -10.00000000000000000, 50.23725612068074753 ) ) ;
#6021 = LOCAL_TIME ( 21, 9, 55.00000000000000000, #12627 ) ;
#6022 = DIRECTION ( 'NONE',  ( 0.000000000000000000, 0.000000000000000000, 1.000000000000000000 ) ) ;
#6023 = FACE_OUTER_BOUND ( 'NONE', #2218, .T. ) ;
#6024 = EDGE_CURVE ( 'NONE', #3839, #10400, #10343, .T. ) ;
#6025 = AXIS2_PLACEMENT_3D ( 'NONE', #11029, #8930, #2228 ) ;
#6026 = VECTOR ( 'NONE', #3134, 1000.000000000000000 ) ;
#6027 = ORIENTED_EDGE ( 'NONE', *, *, #2205, .F. ) ;
#6029 = VERTEX_POINT ( 'NONE', #8118 ) ;
#6028 = FACE_OUTER_BOUND ( 'NONE', #5291, .T. ) ;
#6030 = FACE_OUTER_BOUND ( 'NONE', #11183, .T. ) ;
#6031 = ORIENTED_EDGE ( 'NONE', *, *, #12247, .F. ) ;
#6032 = DIRECTION ( 'NONE',  ( 0.000000000000000000, 0.000000000000000000, 1.000000000000000000 ) ) ;
#6033 = CARTESIAN_POINT ( 'NONE',  ( -8.830448225976894605, -19.06525438257992988, -50.22970420108345735 ) ) ;
#6034 = EDGE_CURVE ( 'NONE', #11974, #10017, #1546, .T. ) ;
#6035 = LINE ( 'NONE', #9055, #10143 ) ;
#6036 = VECTOR ( 'NONE', #4415, 1000.000000000000114 ) ;
#6037 = CIRCLE ( 'NONE', #11986, 0.5000000000000004441 ) ;
#6038 = VERTEX_POINT ( 'NONE', #9072 ) ;
#6039 = DIRECTION ( 'NONE',  ( -0.8314696123025480112, 0.000000000000000000, -0.5555702330195980698 ) ) ;
#6041 = ORIENTED_EDGE ( 'NONE', *, *, #3348, .F. ) ;
#6040 = CARTESIAN_POINT ( 'NONE',  ( 34.90280549874193383, -10.00000000000000000, 36.49718027898853023 ) ) ;
#6042 = CARTESIAN_POINT ( 'NONE',  ( 0.000000000000000000, -19.06525438257995120, 0.000000000000000000 ) ) ;
#6043 = ORIENTED_EDGE ( 'NONE', *, *, #7157, .T. ) ;
#6044 = AXIS2_PLACEMENT_3D ( 'NONE', #9831, #10794, #7079 ) ;
#6045 = AXIS2_PLACEMENT_3D ( 'NONE', #1059, #7943, #7805 ) ;
#6046 = DIRECTION ( 'NONE',  ( 0.000000000000000000, -1.000000000000000000, 0.000000000000000000 ) ) ;
#6047 = EDGE_CURVE ( 'NONE', #10629, #11219, #272, .T. ) ;
#6048 = CYLINDRICAL_SURFACE ( 'NONE', #5437, 5.000000000000000888 ) ;
#6049 = CARTESIAN_POINT ( 'NONE',  ( 47.31460686609774768, -18.55636363116342480, 2.622880895175431881 ) ) ;
#6050 = LINE ( 'NONE', #9972, #9643 ) ;
#6051 = EDGE_CURVE ( 'NONE', #8165, #8543, #6166, .T. ) ;
#6052 = ORIENTED_EDGE ( 'NONE', *, *, #4961, .T. ) ;
#6053 = ORIENTED_EDGE ( 'NONE', *, *, #36, .F. ) ;
#6054 = CYLINDRICAL_SURFACE ( 'NONE', #11999, 44.99999999999999289 ) ;
#6055 = AXIS2_PLACEMENT_3D ( 'NONE', #9693, #896, #3519 ) ;
#6056 = VECTOR ( 'NONE', #4835, 1000.000000000000000 ) ;
#6057 = ADVANCED_FACE ( 'NONE', ( #1358 ), #3404, .T. ) ;
#6058 = LINE ( 'NONE', #5869, #5534 ) ;
#6059 = LINE ( 'NONE', #2971, #1279 ) ;
#6060 = ORIENTED_EDGE ( 'NONE', *, *, #11451, .T. ) ;
#6061 = ORIENTED_EDGE ( 'NONE', *, *, #10041, .T. ) ;
#6062 = DIRECTION ( 'NONE',  ( 0.000000000000000000, 0.000000000000000000, 1.000000000000000000 ) ) ;
#6063 = CARTESIAN_POINT ( 'NONE',  ( 36.85853849957245387, 10.00000000000000000, -35.24837783041276396 ) ) ;
#6064 = AXIS2_PLACEMENT_3D ( 'NONE', #6065, #29, #5084 ) ;
#6065 = CARTESIAN_POINT ( 'NONE',  ( 0.000000000000000000, 10.00000000000000000, 0.000000000000000000 ) ) ;
#6066 = DIRECTION ( 'NONE',  ( 0.8832858382179921142, -0.000000000000000000, 0.4688348621887445389 ) ) ;
#6067 = DIRECTION ( 'NONE',  ( -0.000000000000000000, -1.000000000000000000, -0.000000000000000000 ) ) ;
#6068 = ORIENTED_EDGE ( 'NONE', *, *, #7636, .F. ) ;
#6069 = EDGE_CURVE ( 'NONE', #1998, #2380, #455, .T. ) ;
#6070 = ADVANCED_FACE ( 'NONE', ( #12136 ), #12201, .T. ) ;
#6071 = CARTESIAN_POINT ( 'NONE',  ( -45.02958255179733271, -19.06525438257992278, -11.81567228767965005 ) ) ;
#6072 = ORIENTED_EDGE ( 'NONE', *, *, #2612, .T. ) ;
#6073 = EDGE_CURVE ( 'NONE', #10496, #10182, #9574, .T. ) ;
#6074 = PERSON_AND_ORGANIZATION_ROLE ( 'creator' ) ;
#6075 = CIRCLE ( 'NONE', #533, 50.99999999999999289 ) ;
#6076 = EDGE_CURVE ( 'NONE', #11069, #10605, #636, .T. ) ;
#6077 = EDGE_CURVE ( 'NONE', #10613, #5792, #2638, .T. ) ;
#6078 = ORIENTED_EDGE ( 'NONE', *, *, #7379, .T. ) ;
#6079 = DIRECTION ( 'NONE',  ( 0.9922778767136664069, -0.000000000000000000, -0.1240347345892185843 ) ) ;
#6080 = ORIENTED_EDGE ( 'NONE', *, *, #179, .F. ) ;
#6081 = ORIENTED_EDGE ( 'NONE', *, *, #6312, .T. ) ;
#6082 = FACE_OUTER_BOUND ( 'NONE', #12691, .T. ) ;
#6083 = LINE ( 'NONE', #9032, #10101 ) ;
#6084 = ORIENTED_EDGE ( 'NONE', *, *, #4076, .F. ) ;
#6085 = DIRECTION ( 'NONE',  ( -0.8314696123025480112, 0.000000000000000000, -0.5555702330195980698 ) ) ;
#6086 = AXIS2_PLACEMENT_3D ( 'NONE', #10452, #1663, #5571 ) ;
#6087 = EDGE_CURVE ( 'NONE', #2391, #7934, #2754, .T. ) ;
#6088 = DIRECTION ( 'NONE',  ( 0.9954650415614819670, 0.000000000000000000, 0.09512807697518599337 ) ) ;
#6089 = DIRECTION ( 'NONE',  ( 0.000000000000000000, 1.000000000000000000, 0.000000000000000000 ) ) ;
#6090 = EDGE_CURVE ( 'NONE', #5364, #2881, #5642, .T. ) ;
#6091 = ORIENTED_EDGE ( 'NONE', *, *, #1914, .F. ) ;
#6093 = ORIENTED_EDGE ( 'NONE', *, *, #4306, .F. ) ;
#6092 = DIRECTION ( 'NONE',  ( -0.9954650415614810788, 0.000000000000000000, 0.09512807697519687355 ) ) ;
#6094 = DIRECTION ( 'NONE',  ( -0.000000000000000000, -1.000000000000000000, -0.000000000000000000 ) ) ;
#6095 = EDGE_LOOP ( 'NONE', ( #7807, #4499, #5905, #9961 ) ) ;
#6096 = DIRECTION ( 'NONE',  ( 0.000000000000000000, 0.000000000000000000, 1.000000000000000000 ) ) ;
#6097 = LINE ( 'NONE', #12705, #930 ) ;
#6098 = EDGE_CURVE ( 'NONE', #11987, #6944, #705, .T. ) ;
#6099 = CARTESIAN_POINT ( 'NONE',  ( 8.743875204153926717, 10.00000000000000000, 50.23725612068061963 ) ) ;
#6100 = EDGE_LOOP ( 'NONE', ( #12505, #4250, #4017, #8732 ) ) ;
#6101 = EDGE_CURVE ( 'NONE', #940, #9776, #812, .T. ) ;
#6102 = DIRECTION ( 'NONE',  ( 0.000000000000000000, 1.000000000000000000, 0.000000000000000000 ) ) ;
#6104 = VERTEX_POINT ( 'NONE', #10646 ) ;
#6103 = DIRECTION ( 'NONE',  ( 0.000000000000000000, 1.000000000000000000, 0.000000000000000000 ) ) ;
#6105 = DIRECTION ( 'NONE',  ( 0.000000000000000000, 1.000000000000000000, 0.000000000000000000 ) ) ;
#6106 = VERTEX_POINT ( 'NONE', #4613 ) ;
#6107 = CARTESIAN_POINT ( 'NONE',  ( -47.54181953147842421, 10.00000000000000000, -18.46010280676506099 ) ) ;
#6108 = DIRECTION ( 'NONE',  ( -0.000000000000000000, 1.000000000000000000, -0.000000000000000000 ) ) ;
#6109 = ORIENTED_EDGE ( 'NONE', *, *, #6051, .F. ) ;
#6110 = CARTESIAN_POINT ( 'NONE',  ( 0.000000000000000000, 10.00000000000000000, 0.000000000000000000 ) ) ;
#6111 = ORIENTED_EDGE ( 'NONE', *, *, #4151, .F. ) ;
#6112 = CARTESIAN_POINT ( 'NONE',  ( 15.19272321494674571, 10.00000000000000000, 44.00516535263775353 ) ) ;
#6113 = VERTEX_POINT ( 'NONE', #8561 ) ;
#6114 = EDGE_LOOP ( 'NONE', ( #10342, #2438, #6548, #11780 ) ) ;
#6115 = CARTESIAN_POINT ( 'NONE',  ( 38.99960370005760524, -20.23931917473911923, 22.45063275808618286 ) ) ;
#6116 = ADVANCED_FACE ( 'NONE', ( #12457 ), #11553, .T. ) ;
#6117 = CARTESIAN_POINT ( 'NONE',  ( -44.62242083716713381, -19.06525438257993699, 5.817177892307521248 ) ) ;
#6118 = LINE ( 'NONE', #7933, #5371 ) ;
#6119 = ORIENTED_EDGE ( 'NONE', *, *, #10642, .T. ) ;
#6120 = ORIENTED_EDGE ( 'NONE', *, *, #6395, .F. ) ;
#6121 = CARTESIAN_POINT ( 'NONE',  ( 8.743875204152887548, -10.00000000000000000, -49.73725612068079727 ) ) ;
#6122 = CYLINDRICAL_SURFACE ( 'NONE', #7448, 44.99999999999999289 ) ;
#6123 = DIRECTION ( 'NONE',  ( 0.000000000000000000, 0.000000000000000000, 1.000000000000000000 ) ) ;
#6124 = CARTESIAN_POINT ( 'NONE',  ( 20.37347321810609913, -19.69863090235023151, -41.85922843806471150 ) ) ;
#6125 = DIRECTION ( 'NONE',  ( -0.6139406135149303445, 0.000000000000000000, -0.7893522173763186656 ) ) ;
#6126 = ORIENTED_EDGE ( 'NONE', *, *, #10376, .F. ) ;
#6127 = ORIENTED_EDGE ( 'NONE', *, *, #2284, .F. ) ;
#6128 = FACE_OUTER_BOUND ( 'NONE', #1296, .T. ) ;
#6129 = EDGE_CURVE ( 'NONE', #3734, #398, #1842, .T. ) ;
#6130 = VERTEX_POINT ( 'NONE', #2562 ) ;
#6131 = EDGE_CURVE ( 'NONE', #2495, #7307, #10590, .T. ) ;
#6132 = CARTESIAN_POINT ( 'NONE',  ( 33.87033607633436105, -20.42202547882114416, -29.62769538921584456 ) ) ;
#6133 = VERTEX_POINT ( 'NONE', #3714 ) ;
#6134 = ORIENTED_EDGE ( 'NONE', *, *, #254, .T. ) ;
#6135 = ORIENTED_EDGE ( 'NONE', *, *, #1817, .T. ) ;
#6136 = CARTESIAN_POINT ( 'NONE',  ( 43.02692939903781877, 10.00000000000000000, -27.38034598923493235 ) ) ;
#6137 = EDGE_CURVE ( 'NONE', #2923, #959, #11479, .T. ) ;
#6138 = ORIENTED_EDGE ( 'NONE', *, *, #11087, .T. ) ;
#6139 = EDGE_CURVE ( 'NONE', #7236, #2565, #8413, .T. ) ;
#6140 = CARTESIAN_POINT ( 'NONE',  ( -40.33403783062598080, -19.69863090235029190, 19.95408209559216672 ) ) ;
#6141 = EDGE_CURVE ( 'NONE', #10976, #4697, #7718, .T. ) ;
#6142 = FACE_OUTER_BOUND ( 'NONE', #11657, .T. ) ;
#6143 = CYLINDRICAL_SURFACE ( 'NONE', #7440, 0.5000000000000004441 ) ;
#6144 = ORIENTED_EDGE ( 'NONE', *, *, #4631, .T. ) ;
#6146 = ORIENTED_EDGE ( 'NONE', *, *, #4212, .T. ) ;
#6145 = DIRECTION ( 'NONE',  ( 0.000000000000000000, 1.000000000000000000, 0.000000000000000000 ) ) ;
#6147 = ADVANCED_FACE ( 'NONE', ( #3785 ), #4741, .T. ) ;
#6148 = CYLINDRICAL_SURFACE ( 'NONE', #427, 44.99999999999999289 ) ;
#6149 = ORIENTED_EDGE ( 'NONE', *, *, #2288, .T. ) ;
#6150 = FACE_OUTER_BOUND ( 'NONE', #1460, .T. ) ;
#6151 = VECTOR ( 'NONE', #2771, 1000.000000000000000 ) ;
#6152 = DIRECTION ( 'NONE',  ( -1.249000902703300950E-14, 0.000000000000000000, 1.000000000000000000 ) ) ;
#6153 = CARTESIAN_POINT ( 'NONE',  ( 28.14833299833743752, -10.00000000000000000, 37.08024765038227599 ) ) ;
#6154 = AXIS2_PLACEMENT_3D ( 'NONE', #11871, #7787, #7927 ) ;
#6155 = EDGE_CURVE ( 'NONE', #5873, #4445, #9388, .T. ) ;
#6156 = VECTOR ( 'NONE', #5341, 1000.000000000000000 ) ;
#6157 = ORIENTED_EDGE ( 'NONE', *, *, #11249, .F. ) ;
#6158 = AXIS2_PLACEMENT_3D ( 'NONE', #7431, #2732, #10388 ) ;
#6160 = EDGE_LOOP ( 'NONE', ( #7736, #1622, #3586, #2420 ) ) ;
#6159 = CARTESIAN_POINT ( 'NONE',  ( 15.68329018125555052, -19.69863090235029901, 44.71672993605630353 ) ) ;
#6161 = DIRECTION ( 'NONE',  ( 0.000000000000000000, 1.000000000000000000, 0.000000000000000000 ) ) ;
#6162 = ORIENTED_EDGE ( 'NONE', *, *, #10387, .T. ) ;
#6163 = DIRECTION ( 'NONE',  ( 0.7561388950492543559, 0.000000000000000000, -0.6544111638669475317 ) ) ;
#6164 = CARTESIAN_POINT ( 'NONE',  ( 50.22970420108353551, 10.00000000000000000, 8.830448225976363474 ) ) ;
#6165 = ORIENTED_EDGE ( 'NONE', *, *, #5562, .F. ) ;
#6166 = LINE ( 'NONE', #1291, #10449 ) ;
#6167 = ORIENTED_EDGE ( 'NONE', *, *, #10566, .T. ) ;
#6168 = CIRCLE ( 'NONE', #9453, 44.99999999999999289 ) ;
#6169 = AXIS2_PLACEMENT_3D ( 'NONE', #7985, #11952, #3163 ) ;
#6170 = CARTESIAN_POINT ( 'NONE',  ( 49.29736910846597908, -19.06525438257995830, -10.95533655273374940 ) ) ;
#6171 = FACE_OUTER_BOUND ( 'NONE', #4187, .T. ) ;
#6172 = CIRCLE ( 'NONE', #7398, 5.000000000000004441 ) ;
#6173 = AXIS2_PLACEMENT_3D ( 'NONE', #168, #2854, #7757 ) ;
#6174 = ORIENTED_EDGE ( 'NONE', *, *, #948, .F. ) ;
#6175 = VERTEX_POINT ( 'NONE', #10401 ) ;
#6176 = CARTESIAN_POINT ( 'NONE',  ( 22.51666049839541017, -10.00000000000000178, 4.999999999999993783 ) ) ;
#6177 = EDGE_CURVE ( 'NONE', #3900, #10965, #4475, .T. ) ;
#6178 = DIRECTION ( 'NONE',  ( 0.4688348621887353240, -0.000000000000000000, -0.8832858382179969992 ) ) ;
#6179 = AXIS2_PLACEMENT_3D ( 'NONE', #1397, #563, #4343 ) ;
#6180 = FACE_OUTER_BOUND ( 'NONE', #12638, .T. ) ;
#6181 = AXIS2_PLACEMENT_3D ( 'NONE', #261, #3382, #3499 ) ;
#6182 = CIRCLE ( 'NONE', #6380, 50.99999999999999289 ) ;
#6183 = ORIENTED_EDGE ( 'NONE', *, *, #4238, .T. ) ;
#6184 = ORIENTED_EDGE ( 'NONE', *, *, #3600, .F. ) ;
#6185 = DIRECTION ( 'NONE',  ( 0.000000000000000000, 1.000000000000000000, 0.000000000000000000 ) ) ;
#6186 = CARTESIAN_POINT ( 'NONE',  ( 0.000000000000000000, -10.00000000000000000, 0.000000000000000000 ) ) ;
#6187 = LINE ( 'NONE', #11003, #11591 ) ;
#6188 = CYLINDRICAL_SURFACE ( 'NONE', #8053, 4.999999999999997335 ) ;
#6189 = DIRECTION ( 'NONE',  ( 0.6366343730118698696, 0.000000000000000000, -0.7711657896326724604 ) ) ;
#6190 = ADVANCED_FACE ( 'NONE', ( #5499 ), #3593, .T. ) ;
#6191 = VECTOR ( 'NONE', #1700, 1000.000000000000000 ) ;
#6192 = EDGE_LOOP ( 'NONE', ( #3140, #88, #7049, #11933 ) ) ;
#6193 = DIRECTION ( 'NONE',  ( 0.000000000000000000, 1.000000000000000000, 0.000000000000000000 ) ) ;
#6194 = AXIS2_PLACEMENT_3D ( 'NONE', #5466, #12092, #3301 ) ;
#6195 = VECTOR ( 'NONE', #11988, 999.9999999999998863 ) ;
#6196 = LINE ( 'NONE', #12088, #3483 ) ;
#6197 = EDGE_LOOP ( 'NONE', ( #10900, #7782, #2216, #4261 ) ) ;
#6198 = LINE ( 'NONE', #10949, #9890 ) ;
#6199 = EDGE_LOOP ( 'NONE', ( #3037, #1031, #10615, #9841 ) ) ;
#6200 = ORIENTED_EDGE ( 'NONE', *, *, #1298, .T. ) ;
#6201 = ORIENTED_EDGE ( 'NONE', *, *, #2427, .F. ) ;
#6202 = CARTESIAN_POINT ( 'NONE',  ( -36.92360935593679727, 10.00000000000000000, 27.26647565272543261 ) ) ;
#6203 = VECTOR ( 'NONE', #5267, 1000.000000000000000 ) ;
#6204 = ORIENTED_EDGE ( 'NONE', *, *, #6472, .T. ) ;
#6205 = DIRECTION ( 'NONE',  ( -1.387778780781445478E-15, 0.000000000000000000, 1.000000000000000000 ) ) ;
#6206 = CARTESIAN_POINT ( 'NONE',  ( -28.46743292285652061, -10.00000000000000000, -37.88346327708603667 ) ) ;
#6207 = VECTOR ( 'NONE', #6717, 1000.000000000000114 ) ;
#6208 = EDGE_CURVE ( 'NONE', #7941, #6899, #964, .T. ) ;
#6209 = DIRECTION ( 'NONE',  ( -0.000000000000000000, -1.000000000000000000, -0.000000000000000000 ) ) ;
#6210 = LINE ( 'NONE', #7242, #9095 ) ;
#6211 = VECTOR ( 'NONE', #3455, 1000.000000000000000 ) ;
#6212 = EDGE_CURVE ( 'NONE', #11085, #8802, #4813, .T. ) ;
#6213 = ADVANCED_FACE ( 'NONE', ( #5848, #6803, #10718, #1930, #9767, #9697, #11674, #3844 ), #8750, .T. ) ;
#6214 = AXIS2_PLACEMENT_3D ( 'NONE', #5325, #1372, #11185 ) ;
#6215 = ORIENTED_EDGE ( 'NONE', *, *, #3311, .F. ) ;
#6217 = ORIENTED_EDGE ( 'NONE', *, *, #9703, .F. ) ;
#6216 = CARTESIAN_POINT ( 'NONE',  ( -36.93882319809765136, -10.00000000000000000, 34.66838806764742742 ) ) ;
#6218 = CARTESIAN_POINT ( 'NONE',  ( 47.39404044806767047, 10.00000000000000000, -17.89353851188303679 ) ) ;
#6219 = ORIENTED_EDGE ( 'NONE', *, *, #3531, .F. ) ;
#6220 = CIRCLE ( 'NONE', #10148, 0.5000000000000004441 ) ;
#6221 = CARTESIAN_POINT ( 'NONE',  ( 20.86000496748291511, -10.00000000000000000, -46.16528980983336794 ) ) ;
#6222 = CARTESIAN_POINT ( 'NONE',  ( -20.36227244670251579, -10.00000000000000000, 46.21285384832080467 ) ) ;
#6223 = LINE ( 'NONE', #10330, #3162 ) ;
#6224 = ADVANCED_FACE ( 'NONE', ( #3905 ), #2874, .T. ) ;
#6225 = AXIS2_PLACEMENT_3D ( 'NONE', #1773, #5477, #1633 ) ;
#6226 = ORIENTED_EDGE ( 'NONE', *, *, #9681, .F. ) ;
#6228 = ORIENTED_EDGE ( 'NONE', *, *, #3411, .T. ) ;
#6227 = CARTESIAN_POINT ( 'NONE',  ( 0.000000000000000000, -5.000000000000000000, -26.00000000000000000 ) ) ;
#6229 = CARTESIAN_POINT ( 'NONE',  ( 1.605440076985779729, 10.00000000000000000, 50.63394466786608206 ) ) ;
#6230 = ORIENTED_EDGE ( 'NONE', *, *, #11810, .T. ) ;
#6231 = CARTESIAN_POINT ( 'NONE',  ( 36.93882319809740977, -20.42202547882114416, -34.66838806764769032 ) ) ;
#6232 = DIRECTION ( 'NONE',  ( -0.7071067811865537900, 0.000000000000000000, -0.7071067811865412445 ) ) ;
#6233 = VECTOR ( 'NONE', #11409, 999.9999999999998863 ) ;
#6234 = EDGE_LOOP ( 'NONE', ( #7538, #9843, #11389, #6400 ) ) ;
#6235 = LINE ( 'NONE', #11041, #4696 ) ;
#6236 = VERTEX_POINT ( 'NONE', #5772 ) ;
#6237 = CARTESIAN_POINT ( 'NONE',  ( 2.803801697542733784, -18.55636363116340704, -46.46947506094542035 ) ) ;
#6238 = CARTESIAN_POINT ( 'NONE',  ( -36.49718027898865813, -10.00000000000000000, 34.90280549874179883 ) ) ;
#6239 = ORIENTED_EDGE ( 'NONE', *, *, #8798, .F. ) ;
#6240 = ORIENTED_EDGE ( 'NONE', *, *, #10553, .F. ) ;
#6241 = ADVANCED_FACE ( 'NONE', ( #4584 ), #2652, .T. ) ;
#6242 = CARTESIAN_POINT ( 'NONE',  ( 34.90280549874115934, -10.00000000000000000, -36.49718027898926920 ) ) ;
#6243 = AXIS2_PLACEMENT_3D ( 'NONE', #9959, #5908, #10908 ) ;
#6244 = AXIS2_PLACEMENT_3D ( 'NONE', #1595, #8401, #8473 ) ;
#6245 = FACE_OUTER_BOUND ( 'NONE', #991, .T. ) ;
#6246 = CARTESIAN_POINT ( 'NONE',  ( 30.87629374033914331, 10.00000000000000000, 34.84146812720820918 ) ) ;
#6247 = DIRECTION ( 'NONE',  ( -0.000000000000000000, 1.000000000000000000, -0.000000000000000000 ) ) ;
#6248 = ORIENTED_EDGE ( 'NONE', *, *, #11469, .F. ) ;
#6249 = ORIENTED_EDGE ( 'NONE', *, *, #7851, .T. ) ;
#6250 = DIRECTION ( 'NONE',  ( 0.7561388950492518024, 0.000000000000000000, -0.6544111638669503073 ) ) ;
#6251 = DIRECTION ( 'NONE',  ( 0.000000000000000000, 1.000000000000000000, 0.000000000000000000 ) ) ;
#6252 = DIRECTION ( 'NONE',  ( 0.000000000000000000, 1.000000000000000000, 0.000000000000000000 ) ) ;
#6253 = CARTESIAN_POINT ( 'NONE',  ( 0.000000000000000000, 10.00000000000000000, 0.000000000000000000 ) ) ;
#6254 = EDGE_CURVE ( 'NONE', #3507, #12649, #11596, .T. ) ;
#6255 = CARTESIAN_POINT ( 'NONE',  ( 37.08024765038217652, -20.23931917473915831, -28.14833299833755831 ) ) ;
#6256 = VECTOR ( 'NONE', #3660, 1000.000000000000000 ) ;
#6257 = CIRCLE ( 'NONE', #11166, 44.99999999999999289 ) ;
#6258 = ORIENTED_EDGE ( 'NONE', *, *, #10396, .T. ) ;
#6259 = CARTESIAN_POINT ( 'NONE',  ( -49.34782179739789143, -10.00000000000000000, 11.45278456627809405 ) ) ;
#6260 = CARTESIAN_POINT ( 'NONE',  ( 8.303600574124089917, -19.06525438257995120, 49.97423344059139083 ) ) ;
#6261 = VECTOR ( 'NONE', #2147, 1000.000000000000000 ) ;
#6262 = CARTESIAN_POINT ( 'NONE',  ( -26.79583779944143629, 10.00000000000000000, 42.99252106000928109 ) ) ;
#6263 = EDGE_CURVE ( 'NONE', #1742, #3770, #3063, .T. ) ;
#6264 = ORIENTED_EDGE ( 'NONE', *, *, #3858, .F. ) ;
#6265 = ORIENTED_EDGE ( 'NONE', *, *, #5711, .T. ) ;
#6266 = ORIENTED_EDGE ( 'NONE', *, *, #5352, .T. ) ;
#6267 = FACE_OUTER_BOUND ( 'NONE', #11753, .T. ) ;
#6268 = ORIENTED_EDGE ( 'NONE', *, *, #1415, .F. ) ;
#6269 = LINE ( 'NONE', #7355, #8870 ) ;
#6270 = LINE ( 'NONE', #601, #133 ) ;
#6271 = AXIS2_PLACEMENT_3D ( 'NONE', #3472, #6622, #5459 ) ;
#6272 = LINE ( 'NONE', #12044, #5415 ) ;
#6273 = LINE ( 'NONE', #10197, #285 ) ;
#6274 = EDGE_CURVE ( 'NONE', #7788, #12619, #3568, .T. ) ;
#6275 = ORIENTED_EDGE ( 'NONE', *, *, #3396, .F. ) ;
#6277 = ORIENTED_EDGE ( 'NONE', *, *, #3763, .F. ) ;
#6276 = LINE ( 'NONE', #6522, #6613 ) ;
#6278 = AXIS2_PLACEMENT_3D ( 'NONE', #11477, #7516, #2679 ) ;
#6279 = EDGE_CURVE ( 'NONE', #12471, #7143, #680, .T. ) ;
#6280 = CARTESIAN_POINT ( 'NONE',  ( 28.14833299833743396, 10.00000000000000000, 37.08024765038227599 ) ) ;
#6281 = VERTEX_POINT ( 'NONE', #7494 ) ;
#6282 = CARTESIAN_POINT ( 'NONE',  ( 43.18490419363072874, -10.00000000000000000, -15.55241692398410436 ) ) ;
#6283 = CARTESIAN_POINT ( 'NONE',  ( 0.000000000000000000, 10.00000000000000000, -10.99999999999999645 ) ) ;
#6284 = ORIENTED_EDGE ( 'NONE', *, *, #8531, .F. ) ;
#6285 = CYLINDRICAL_SURFACE ( 'NONE', #304, 5.000000000000000888 ) ;
#6286 = CIRCLE ( 'NONE', #750, 0.4999999999999952816 ) ;
#6287 = ORIENTED_EDGE ( 'NONE', *, *, #7010, .F. ) ;
#6288 = EDGE_CURVE ( 'NONE', #10102, #5884, #608, .T. ) ;
#6290 = ORIENTED_EDGE ( 'NONE', *, *, #8754, .F. ) ;
#6289 = CARTESIAN_POINT ( 'NONE',  ( -28.14833299833716751, -20.23931917473913700, -37.08024765038248205 ) ) ;
#6291 = ADVANCED_FACE ( 'NONE', ( #801 ), #875, .T. ) ;
#6292 = DIRECTION ( 'NONE',  ( 0.9954650415614813008, -0.000000000000000000, 0.09512807697519339023 ) ) ;
#6293 = ORIENTED_EDGE ( 'NONE', *, *, #179, .T. ) ;
#6294 = CARTESIAN_POINT ( 'NONE',  ( 0.000000000000000000, -5.000000000000000000, 0.000000000000000000 ) ) ;
#6295 = ADVANCED_FACE ( 'NONE', ( #3757 ), #8726, .T. ) ;
#6296 = CARTESIAN_POINT ( 'NONE',  ( 0.000000000000000000, -10.00000000000000000, 0.000000000000000000 ) ) ;
#6297 = ORIENTED_EDGE ( 'NONE', *, *, #2885, .F. ) ;
#6298 = DIRECTION ( 'NONE',  ( 0.000000000000000000, 1.000000000000000000, 0.000000000000000000 ) ) ;
#6299 = EDGE_CURVE ( 'NONE', #4847, #6731, #7617, .T. ) ;
#6300 = ORIENTED_EDGE ( 'NONE', *, *, #8888, .F. ) ;
#6301 = EDGE_CURVE ( 'NONE', #7137, #5087, #12285, .T. ) ;
#6302 = DIRECTION ( 'NONE',  ( 0.000000000000000000, 0.000000000000000000, 1.000000000000000000 ) ) ;
#6303 = CARTESIAN_POINT ( 'NONE',  ( 41.53355807099682551, -10.00000000000000000, -19.53911912941897455 ) ) ;
#6304 = ORIENTED_EDGE ( 'NONE', *, *, #5099, .T. ) ;
#6305 = CYLINDRICAL_SURFACE ( 'NONE', #2540, 12.00000000000000178 ) ;
#6306 = DIRECTION ( 'NONE',  ( -0.1950903220161353258, 0.000000000000000000, -0.9807852804032289873 ) ) ;
#6307 = DIRECTION ( 'NONE',  ( 0.8939589078457609306, -0.000000000000000000, 0.4481489385050624330 ) ) ;
#6308 = CARTESIAN_POINT ( 'NONE',  ( -18.46010280676489401, -10.00000000000000000, 47.54181953147849526 ) ) ;
#6309 = ORIENTED_EDGE ( 'NONE', *, *, #848, .F. ) ;
#6310 = DIRECTION ( 'NONE',  ( 0.000000000000000000, 1.000000000000000000, 0.000000000000000000 ) ) ;
#6311 = DIRECTION ( 'NONE',  ( 0.9560937162403091438, 0.000000000000000000, 0.2930610956196592065 ) ) ;
#6312 = EDGE_CURVE ( 'NONE', #1949, #7860, #7692, .T. ) ;
#6313 = CARTESIAN_POINT ( 'NONE',  ( 46.21285384832088283, -10.00000000000000000, 20.36227244670233105 ) ) ;
#6314 = DIRECTION ( 'NONE',  ( 0.000000000000000000, 0.000000000000000000, 1.000000000000000000 ) ) ;
#6315 = VERTEX_POINT ( 'NONE', #6580 ) ;
#6316 = PLANE ( 'NONE',  #1427 ) ;
#6317 = ORIENTED_EDGE ( 'NONE', *, *, #9100, .T. ) ;
#6318 = DIRECTION ( 'NONE',  ( 0.000000000000000000, -1.000000000000000000, 0.000000000000000000 ) ) ;
#6319 = CYLINDRICAL_SURFACE ( 'NONE', #4495, 0.5000000000000004441 ) ;
#6320 = ADVANCED_FACE ( 'NONE', ( #10432 ), #9553, .T. ) ;
#6321 = CARTESIAN_POINT ( 'NONE',  ( 42.70926380875471295, -19.69863090235031322, -20.52974213179150809 ) ) ;
#6322 = ORIENTED_EDGE ( 'NONE', *, *, #10595, .F. ) ;
#6323 = ORIENTED_EDGE ( 'NONE', *, *, #8940, .F. ) ;
#6324 = ORIENTED_EDGE ( 'NONE', *, *, #11294, .F. ) ;
#6325 = CARTESIAN_POINT ( 'NONE',  ( 34.90280549874193383, -20.42202547882114061, 36.49718027898853023 ) ) ;
#6326 = ORIENTED_EDGE ( 'NONE', *, *, #6076, .F. ) ;
#6327 = LINE ( 'NONE', #11388, #5151 ) ;
#6328 = LINE ( 'NONE', #4393, #11193 ) ;
#6329 = DIRECTION ( 'NONE',  ( 0.000000000000000000, 1.000000000000000000, 0.000000000000000000 ) ) ;
#6330 = EDGE_CURVE ( 'NONE', #7709, #1253, #4295, .T. ) ;
#6331 = CARTESIAN_POINT ( 'NONE',  ( 49.78546187191635397, 10.00000000000000000, 11.06380523147264050 ) ) ;
#6332 = CARTESIAN_POINT ( 'NONE',  ( 50.98728950738355081, -10.00000000000000000, 1.138555527962773484 ) ) ;
#6333 = ORIENTED_EDGE ( 'NONE', *, *, #5428, .T. ) ;
#6335 = ORIENTED_EDGE ( 'NONE', *, *, #6455, .F. ) ;
#6334 = DIRECTION ( 'NONE',  ( 0.000000000000000000, 0.000000000000000000, 1.000000000000000000 ) ) ;
#6336 = CYLINDRICAL_SURFACE ( 'NONE', #9240, 50.99999999999999289 ) ;
#6337 = ORIENTED_EDGE ( 'NONE', *, *, #462, .T. ) ;
#6338 = DIRECTION ( 'NONE',  ( 0.000000000000000000, 1.000000000000000000, 0.000000000000000000 ) ) ;
#6339 = DIRECTION ( 'NONE',  ( 0.000000000000000000, 0.000000000000000000, -1.000000000000000000 ) ) ;
#6340 = EDGE_CURVE ( 'NONE', #5713, #11000, #10627, .T. ) ;
#6341 = CARTESIAN_POINT ( 'NONE',  ( 11.81567228768011191, 10.00000000000000000, 45.02958255179721192 ) ) ;
#6342 = VERTEX_POINT ( 'NONE', #5748 ) ;
#6343 = VECTOR ( 'NONE', #1616, 1000.000000000000000 ) ;
#6345 = ORIENTED_EDGE ( 'NONE', *, *, #918, .F. ) ;
#6344 = DIRECTION ( 'NONE',  ( -0.8805492600596729336, 0.000000000000000000, 0.4739546398215365719 ) ) ;
#6346 = AXIS2_PLACEMENT_3D ( 'NONE', #12590, #9511, #1737 ) ;
#6347 = CYLINDRICAL_SURFACE ( 'NONE', #10716, 5.000000000000000888 ) ;
#6348 = ORIENTED_EDGE ( 'NONE', *, *, #11461, .F. ) ;
#6349 = CARTESIAN_POINT ( 'NONE',  ( -23.48578117747902283, -20.23931917473913700, -40.19566517527163541 ) ) ;
#6350 = CARTESIAN_POINT ( 'NONE',  ( -33.87033607633477317, -10.00000000000000000, -29.62769538921538270 ) ) ;
#6351 = ORIENTED_EDGE ( 'NONE', *, *, #11852, .T. ) ;
#6352 = DIRECTION ( 'NONE',  ( 0.7711657896326657990, 0.000000000000000000, -0.6366343730118779742 ) ) ;
#6353 = CARTESIAN_POINT ( 'NONE',  ( -8.743875204153233938, 10.00000000000000000, 49.73725612068074042 ) ) ;
#6354 = DIRECTION ( 'NONE',  ( -0.3826834323650774583, 0.000000000000000000, 0.9238795325112919565 ) ) ;
#6355 = EDGE_CURVE ( 'NONE', #10188, #5572, #7755, .T. ) ;
#6356 = AXIS2_PLACEMENT_3D ( 'NONE', #6353, #3344, #3270 ) ;
#6357 = AXIS2_PLACEMENT_3D ( 'NONE', #9157, #5404, #357 ) ;
#6358 = EDGE_CURVE ( 'NONE', #10072, #11725, #744, .T. ) ;
#6359 = EDGE_CURVE ( 'NONE', #2268, #2171, #6771, .T. ) ;
#6360 = LINE ( 'NONE', #5137, #10468 ) ;
#6361 = ADVANCED_FACE ( 'NONE', ( #8461 ), #3688, .T. ) ;
#6362 = DIRECTION ( 'NONE',  ( 0.000000000000000000, 0.000000000000000000, 1.000000000000000000 ) ) ;
#6363 = ADVANCED_FACE ( 'NONE', ( #9281 ), #2336, .T. ) ;
#6364 = DIRECTION ( 'NONE',  ( 0.000000000000000000, 0.000000000000000000, 1.000000000000000000 ) ) ;
#6365 = AXIS2_PLACEMENT_3D ( 'NONE', #900, #4814, #3906 ) ;
#6366 = VERTEX_POINT ( 'NONE', #10236 ) ;
#6367 = FACE_OUTER_BOUND ( 'NONE', #8421, .T. ) ;
#6368 = CARTESIAN_POINT ( 'NONE',  ( 8.830448225976191168, 10.00000000000000000, -50.22970420108357104 ) ) ;
#6369 = VECTOR ( 'NONE', #11425, 1000.000000000000227 ) ;
#6370 = AXIS2_PLACEMENT_3D ( 'NONE', #5929, #287, #12024 ) ;
#6371 = AXIS2_PLACEMENT_3D ( 'NONE', #8369, #3467, #9517 ) ;
#6372 = FACE_OUTER_BOUND ( 'NONE', #6462, .T. ) ;
#6373 = DIRECTION ( 'NONE',  ( 0.8314696123025424601, 0.000000000000000000, -0.5555702330196062855 ) ) ;
#6374 = CARTESIAN_POINT ( 'NONE',  ( 26.79583779944113431, 10.00000000000000000, -42.99252106000946583 ) ) ;
#6375 = ORIENTED_EDGE ( 'NONE', *, *, #3196, .F. ) ;
#6376 = CYLINDRICAL_SURFACE ( 'NONE', #11178, 50.99999999999999289 ) ;
#6377 = VECTOR ( 'NONE', #5432, 1000.000000000000000 ) ;
#6378 = EDGE_CURVE ( 'NONE', #1565, #3225, #3425, .T. ) ;
#6379 = AXIS2_PLACEMENT_3D ( 'NONE', #8759, #11679, #9962 ) ;
#6380 = AXIS2_PLACEMENT_3D ( 'NONE', #8296, #10394, #12306 ) ;
#6381 = DIRECTION ( 'NONE',  ( 0.000000000000000000, 0.000000000000000000, 1.000000000000000000 ) ) ;
#6382 = DIRECTION ( 'NONE',  ( 0.000000000000000000, 0.000000000000000000, 1.000000000000000000 ) ) ;
#6383 = EDGE_LOOP ( 'NONE', ( #221, #12236, #3410, #7252 ) ) ;
#6384 = ORIENTED_EDGE ( 'NONE', *, *, #9008, .T. ) ;
#6385 = ORIENTED_EDGE ( 'NONE', *, *, #6129, .T. ) ;
#6386 = CARTESIAN_POINT ( 'NONE',  ( 0.000000000000000000, -19.06525438257992988, 0.000000000000000000 ) ) ;
#6387 = ORIENTED_EDGE ( 'NONE', *, *, #10141, .F. ) ;
#6388 = FACE_OUTER_BOUND ( 'NONE', #8612, .T. ) ;
#6389 = VECTOR ( 'NONE', #9925, 1000.000000000000000 ) ;
#6390 = DIRECTION ( 'NONE',  ( 0.000000000000000000, 0.000000000000000000, 1.000000000000000000 ) ) ;
#6391 = CIRCLE ( 'NONE', #11105, 10.99999999999999645 ) ;
#6392 = AXIS2_PLACEMENT_3D ( 'NONE', #3501, #9175, #373 ) ;
#6393 = DIRECTION ( 'NONE',  ( 0.000000000000000000, 0.000000000000000000, 1.000000000000000000 ) ) ;
#6394 = CARTESIAN_POINT ( 'NONE',  ( 49.78546187191613370, -10.00000000000000000, -11.06380523147367789 ) ) ;
#6395 = EDGE_CURVE ( 'NONE', #5606, #8357, #10185, .T. ) ;
#6396 = CIRCLE ( 'NONE', #860, 5.000000000000000888 ) ;
#6397 = DIRECTION ( 'NONE',  ( 0.000000000000000000, 0.000000000000000000, 1.000000000000000000 ) ) ;
#6398 = VECTOR ( 'NONE', #2142, 999.9999999999998863 ) ;
#6400 = ORIENTED_EDGE ( 'NONE', *, *, #5504, .F. ) ;
#6399 = LINE ( 'NONE', #5360, #2493 ) ;
#6401 = CARTESIAN_POINT ( 'NONE',  ( 15.19272321494674571, 10.00000000000000000, 44.00516535263775353 ) ) ;
#6402 = ORIENTED_EDGE ( 'NONE', *, *, #3530, .F. ) ;
#6403 = ORIENTED_EDGE ( 'NONE', *, *, #4989, .F. ) ;
#6404 = CARTESIAN_POINT ( 'NONE',  ( 29.62769538921573442, 10.00000000000000000, 33.87033607633446763 ) ) ;
#6405 = CARTESIAN_POINT ( 'NONE',  ( -22.51666049839539951, -10.00000000000000178, 13.00000000000001066 ) ) ;
#6406 = CIRCLE ( 'NONE', #2105, 44.99999999999999289 ) ;
#6407 = EDGE_CURVE ( 'NONE', #8643, #8201, #1379, .T. ) ;
#6408 = DIRECTION ( 'NONE',  ( 0.000000000000000000, 1.000000000000000000, 0.000000000000000000 ) ) ;
#6409 = VECTOR ( 'NONE', #3658, 1000.000000000000000 ) ;
#6410 = AXIS2_PLACEMENT_3D ( 'NONE', #1385, #1510, #10121 ) ;
#6411 = AXIS2_PLACEMENT_3D ( 'NONE', #1980, #9875, #1147 ) ;
#6413 = VERTEX_POINT ( 'NONE', #2267 ) ;
#6412 = DIRECTION ( 'NONE',  ( 0.000000000000000000, 0.000000000000000000, -1.000000000000000000 ) ) ;
#6414 = CYLINDRICAL_SURFACE ( 'NONE', #4145, 5.000000000000004441 ) ;
#6415 = VECTOR ( 'NONE', #3587, 1000.000000000000000 ) ;
#6416 = EDGE_CURVE ( 'NONE', #1630, #103, #411, .T. ) ;
#6417 = LINE ( 'NONE', #12131, #1136 ) ;
#6418 = CIRCLE ( 'NONE', #12158, 44.99999999999999289 ) ;
#6419 = CARTESIAN_POINT ( 'NONE',  ( 39.32099234290808454, -20.23931917473911923, 23.67853845910797972 ) ) ;
#6420 = EDGE_LOOP ( 'NONE', ( #2317, #3915, #11016, #11376 ) ) ;
#6421 = CARTESIAN_POINT ( 'NONE',  ( -15.19272321494644196, 10.00000000000000000, -44.00516535263786722 ) ) ;
#6422 = DIRECTION ( 'NONE',  ( 0.000000000000000000, 0.000000000000000000, 1.000000000000000000 ) ) ;
#6423 = CARTESIAN_POINT ( 'NONE',  ( -41.20865162466920140, 10.00000000000000000, -29.46558707621425199 ) ) ;
#6424 = AXIS2_PLACEMENT_3D ( 'NONE', #2648, #9604, #5614 ) ;
#6425 = ORIENTED_EDGE ( 'NONE', *, *, #1535, .T. ) ;
#6426 = AXIS2_PLACEMENT_3D ( 'NONE', #4998, #5245, #11992 ) ;
#6427 = LINE ( 'NONE', #1608, #6989 ) ;
#6428 = ORIENTED_EDGE ( 'NONE', *, *, #12020, .F. ) ;
#6429 = FACE_OUTER_BOUND ( 'NONE', #9528, .T. ) ;
#6430 = EDGE_CURVE ( 'NONE', #7051, #1724, #10057, .T. ) ;
#6431 = FACE_OUTER_BOUND ( 'NONE', #9284, .T. ) ;
#6432 = AXIS2_PLACEMENT_3D ( 'NONE', #12369, #8471, #9496 ) ;
#6433 = CARTESIAN_POINT ( 'NONE',  ( 0.000000000000000000, -19.06525438257992278, 0.000000000000000000 ) ) ;
#6434 = CARTESIAN_POINT ( 'NONE',  ( -11.45278456627756647, 10.00000000000000000, 49.34782179739801222 ) ) ;
#6435 = ADVANCED_FACE ( 'NONE', ( #4441 ), #12222, .T. ) ;
#6436 = CARTESIAN_POINT ( 'NONE',  ( -29.46558707621439765, 10.00000000000000000, -41.20865162466911613 ) ) ;
#6437 = CARTESIAN_POINT ( 'NONE',  ( 19.53911912941796203, -19.69863090235023151, -41.53355807099729446 ) ) ;
#6438 = LINE ( 'NONE', #8319, #9632 ) ;
#6439 = EDGE_CURVE ( 'NONE', #3395, #203, #6196, .T. ) ;
#6440 = ORIENTED_EDGE ( 'NONE', *, *, #7470, .F. ) ;
#6441 = CARTESIAN_POINT ( 'NONE',  ( -36.93882319809790005, 10.00000000000000000, -34.66838806764717873 ) ) ;
#6442 = AXIS2_PLACEMENT_3D ( 'NONE', #4675, #10648, #9630 ) ;
#6443 = CIRCLE ( 'NONE', #11981, 4.999999999999998224 ) ;
#6444 = DIRECTION ( 'NONE',  ( 0.000000000000000000, 0.000000000000000000, 1.000000000000000000 ) ) ;
#6445 = DIRECTION ( 'NONE',  ( 2.081668171172166620E-14, 0.000000000000000000, 1.000000000000000000 ) ) ;
#6446 = EDGE_LOOP ( 'NONE', ( #3830, #5675, #6511, #10986 ) ) ;
#6447 = ORIENTED_EDGE ( 'NONE', *, *, #10685, .T. ) ;
#6448 = ORIENTED_EDGE ( 'NONE', *, *, #8298, .F. ) ;
#6449 = CARTESIAN_POINT ( 'NONE',  ( 44.89988864128724799, -10.00000000000000000, -3.000000000000471179 ) ) ;
#6450 = ORIENTED_EDGE ( 'NONE', *, *, #8353, .F. ) ;
#6451 = VECTOR ( 'NONE', #6329, 1000.000000000000000 ) ;
#6452 = CYLINDRICAL_SURFACE ( 'NONE', #3105, 0.4999999999999970024 ) ;
#6453 = EDGE_CURVE ( 'NONE', #880, #3816, #7809, .T. ) ;
#6454 = CARTESIAN_POINT ( 'NONE',  ( -1.138555527963298841, -18.55636363116340704, -50.98728950738353660 ) ) ;
#6455 = EDGE_CURVE ( 'NONE', #9554, #8314, #10114, .T. ) ;
#6456 = EDGE_CURVE ( 'NONE', #7941, #1618, #4919, .T. ) ;
#6457 = CYLINDRICAL_SURFACE ( 'NONE', #7078, 4.999999999999997335 ) ;
#6458 = DIRECTION ( 'NONE',  ( 0.1950903220161216423, 0.000000000000000000, -0.9807852804032317628 ) ) ;
#6459 = VECTOR ( 'NONE', #10969, 1000.000000000000000 ) ;
#6460 = VECTOR ( 'NONE', #7290, 1000.000000000000000 ) ;
#6461 = DIRECTION ( 'NONE',  ( -0.7561388950492610173, 0.000000000000000000, -0.6544111638669397601 ) ) ;
#6462 = EDGE_LOOP ( 'NONE', ( #2304, #11362, #4943, #7741 ) ) ;
#6463 = DIRECTION ( 'NONE',  ( 0.000000000000000000, 1.000000000000000000, 0.000000000000000000 ) ) ;
#6465 = ORIENTED_EDGE ( 'NONE', *, *, #9198, .T. ) ;
#6464 = CARTESIAN_POINT ( 'NONE',  ( 36.85853849957318573, -10.00000000000000000, 35.24837783041200368 ) ) ;
#6466 = LINE ( 'NONE', #10436, #12298 ) ;
#6467 = EDGE_LOOP ( 'NONE', ( #8289, #7543, #7479, #6468 ) ) ;
#6468 = ORIENTED_EDGE ( 'NONE', *, *, #4212, .F. ) ;
#6469 = CARTESIAN_POINT ( 'NONE',  ( -44.89988864128726931, -18.55636363116341414, 3.000000000000156763 ) ) ;
#6470 = CARTESIAN_POINT ( 'NONE',  ( -46.21285384832059862, 10.00000000000000000, 20.86227244670299896 ) ) ;
#6471 = CIRCLE ( 'NONE', #10975, 44.99999999999999289 ) ;
#6472 = EDGE_CURVE ( 'NONE', #10332, #2849, #1319, .T. ) ;
#6473 = VECTOR ( 'NONE', #10167, 1000.000000000000000 ) ;
#6474 = DIRECTION ( 'NONE',  ( 0.000000000000000000, 0.000000000000000000, 1.000000000000000000 ) ) ;
#6475 = AXIS2_PLACEMENT_3D ( 'NONE', #9004, #7194, #8044 ) ;
#6477 = ORIENTED_EDGE ( 'NONE', *, *, #6378, .T. ) ;
#6476 = DIRECTION ( 'NONE',  ( 0.000000000000000000, 1.000000000000000000, 0.000000000000000000 ) ) ;
#6478 = EDGE_CURVE ( 'NONE', #8144, #9356, #9446, .T. ) ;
#6479 = FACE_OUTER_BOUND ( 'NONE', #11814, .T. ) ;
#6480 = CARTESIAN_POINT ( 'NONE',  ( 0.000000000000000000, 10.00000000000000000, 0.000000000000000000 ) ) ;
#6481 = DIRECTION ( 'NONE',  ( 0.000000000000000000, 0.000000000000000000, 1.000000000000000000 ) ) ;
#6482 = ORIENTED_EDGE ( 'NONE', *, *, #1110, .T. ) ;
#6483 = DIRECTION ( 'NONE',  ( 0.000000000000000000, 0.000000000000000000, 1.000000000000000000 ) ) ;
#6484 = VECTOR ( 'NONE', #10272, 1000.000000000000000 ) ;
#6485 = CARTESIAN_POINT ( 'NONE',  ( 44.54739544167632204, 10.00000000000000000, -11.06088521563297533 ) ) ;
#6486 = DIRECTION ( 'NONE',  ( -0.9807852804032283212, 0.000000000000000000, 0.1950903220161386564 ) ) ;
#6487 = ORIENTED_EDGE ( 'NONE', *, *, #5179, .F. ) ;
#6488 = ADVANCED_FACE ( 'NONE', ( #4260 ), #6319, .T. ) ;
#6489 = DIRECTION ( 'NONE',  ( 0.000000000000000000, 0.000000000000000000, 1.000000000000000000 ) ) ;
#6490 = CARTESIAN_POINT ( 'NONE',  ( -46.12357170388327887, 10.00000000000000000, -6.315817419440638680 ) ) ;
#6491 = DIRECTION ( 'NONE',  ( 0.9954650415614799686, 0.000000000000000000, -0.09512807697520682393 ) ) ;
#6492 = ORIENTED_EDGE ( 'NONE', *, *, #4037, .T. ) ;
#6493 = CARTESIAN_POINT ( 'NONE',  ( 45.02958255179741798, -19.06525438257988725, 11.81567228767932320 ) ) ;
#6494 = DIRECTION ( 'NONE',  ( 0.000000000000000000, 1.000000000000000000, 0.000000000000000000 ) ) ;
#6495 = DIRECTION ( 'NONE',  ( 0.000000000000000000, 1.000000000000000000, 0.000000000000000000 ) ) ;
#6496 = PLANE ( 'NONE',  #2490 ) ;
#6497 = ORIENTED_EDGE ( 'NONE', *, *, #1380, .T. ) ;
#6498 = DIRECTION ( 'NONE',  ( 0.000000000000000000, 1.000000000000000000, 0.000000000000000000 ) ) ;
#6499 = ORIENTED_EDGE ( 'NONE', *, *, #11410, .F. ) ;
#6500 = EDGE_CURVE ( 'NONE', #12241, #8121, #5465, .T. ) ;
#6501 = CARTESIAN_POINT ( 'NONE',  ( -42.99252106000919582, -20.23931917473912989, -26.79583779944157484 ) ) ;
#6502 = DIRECTION ( 'NONE',  ( 0.000000000000000000, 1.000000000000000000, 0.000000000000000000 ) ) ;
#6503 = CARTESIAN_POINT ( 'NONE',  ( 11.45278456627825214, -19.06525438257995120, 49.34782179739785590 ) ) ;
#6504 = EDGE_LOOP ( 'NONE', ( #6275, #12563, #10912, #10008 ) ) ;
#6505 = VERTEX_POINT ( 'NONE', #1434 ) ;
#6506 = LINE ( 'NONE', #10421, #12578 ) ;
#6507 = ORIENTED_EDGE ( 'NONE', *, *, #4802, .F. ) ;
#6508 = DIRECTION ( 'NONE',  ( 0.000000000000000000, 0.000000000000000000, 1.000000000000000000 ) ) ;
#6509 = ORIENTED_EDGE ( 'NONE', *, *, #7065, .F. ) ;
#6510 = CARTESIAN_POINT ( 'NONE',  ( 0.000000000000000000, -10.00000000000000000, 0.000000000000000000 ) ) ;
#6511 = ORIENTED_EDGE ( 'NONE', *, *, #12268, .F. ) ;
#6512 = LINE ( 'NONE', #3564, #11784 ) ;
#6513 = EDGE_CURVE ( 'NONE', #1401, #9747, #3897, .T. ) ;
#6514 = CARTESIAN_POINT ( 'NONE',  ( -37.08024765038257442, 10.00000000000000000, -28.14833299833703606 ) ) ;
#6515 = EDGE_CURVE ( 'NONE', #11269, #5363, #820, .T. ) ;
#6516 = EDGE_CURVE ( 'NONE', #5100, #1402, #10363, .T. ) ;
#6517 = CARTESIAN_POINT ( 'NONE',  ( 40.19566517527186278, -20.23931917473911923, 23.48578117747860361 ) ) ;
#6518 = CARTESIAN_POINT ( 'NONE',  ( -8.743875204153233938, -10.00000000000000000, 49.73725612068074042 ) ) ;
#6519 = VERTEX_POINT ( 'NONE', #9648 ) ;
#6520 = EDGE_CURVE ( 'NONE', #9474, #5887, #8011, .T. ) ;
#6521 = DIRECTION ( 'NONE',  ( 0.000000000000000000, 0.000000000000000000, 1.000000000000000000 ) ) ;
#6523 = VERTEX_POINT ( 'NONE', #11639 ) ;
#6522 = CARTESIAN_POINT ( 'NONE',  ( -45.02958255179733271, -10.00000000000000000, -11.81567228767965005 ) ) ;
#6524 = ADVANCED_FACE ( 'NONE', ( #2775 ), #12473, .T. ) ;
#6525 = FACE_OUTER_BOUND ( 'NONE', #3672, .T. ) ;
#6526 = ORIENTED_EDGE ( 'NONE', *, *, #2519, .F. ) ;
#6527 = VERTEX_POINT ( 'NONE', #2580 ) ;
#6528 = DIRECTION ( 'NONE',  ( 0.000000000000000000, 0.000000000000000000, 1.000000000000000000 ) ) ;
#6529 = CARTESIAN_POINT ( 'NONE',  ( 18.46010280676554771, -10.00000000000000000, 47.54181953147823236 ) ) ;
#6530 = CARTESIAN_POINT ( 'NONE',  ( -19.95408209559173685, -19.69863090235025282, 40.33403783062617975 ) ) ;
#6531 = ORIENTED_EDGE ( 'NONE', *, *, #12666, .F. ) ;
#6532 = CARTESIAN_POINT ( 'NONE',  ( 15.68329018125555052, 10.00000000000000000, 44.71672993605630353 ) ) ;
#6533 = ADVANCED_FACE ( 'NONE', ( #4566 ), #1818, .T. ) ;
#6535 = ORIENTED_EDGE ( 'NONE', *, *, #9043, .T. ) ;
#6534 = CARTESIAN_POINT ( 'NONE',  ( -6.828624728366156305, -19.06525438257992988, -45.38924439456597071 ) ) ;
#6536 = CARTESIAN_POINT ( 'NONE',  ( 36.93882319809813453, -20.42202547882114061, 34.66838806764690872 ) ) ;
#6537 = DIRECTION ( 'NONE',  ( -0.000000000000000000, -1.000000000000000000, -0.000000000000000000 ) ) ;
#6538 = CARTESIAN_POINT ( 'NONE',  ( -15.68329018125492347, 10.00000000000000000, 44.71672993605652380 ) ) ;
#6539 = ORIENTED_EDGE ( 'NONE', *, *, #481, .T. ) ;
#6540 = DIRECTION ( 'NONE',  ( -0.6366343730118642075, 0.000000000000000000, 0.7711657896326772343 ) ) ;
#6541 = CARTESIAN_POINT ( 'NONE',  ( 46.67040685672009204, 10.00000000000000000, 20.56387910459047319 ) ) ;
#6542 = CARTESIAN_POINT ( 'NONE',  ( -46.16528980983313346, -10.00000000000000000, -20.86000496748341604 ) ) ;
#6543 = EDGE_CURVE ( 'NONE', #546, #2848, #3668, .T. ) ;
#6544 = ORIENTED_EDGE ( 'NONE', *, *, #1843, .F. ) ;
#6545 = CYLINDRICAL_SURFACE ( 'NONE', #11291, 50.99999999999999289 ) ;
#6546 = DIRECTION ( 'NONE',  ( 0.000000000000000000, 1.000000000000000000, 0.000000000000000000 ) ) ;
#6547 = DIRECTION ( 'NONE',  ( 0.9974095118627310796, -0.000000000000000000, 0.07193236855372241167 ) ) ;
#6548 = ORIENTED_EDGE ( 'NONE', *, *, #1978, .F. ) ;
#6549 = CARTESIAN_POINT ( 'NONE',  ( 22.51666049839540307, 5.000000000000000000, -5.000000000000002665 ) ) ;
#6550 = DIRECTION ( 'NONE',  ( 0.4481489385050655971, 0.000000000000000000, -0.8939589078457593763 ) ) ;
#6551 = CARTESIAN_POINT ( 'NONE',  ( 11.70188957472613289, 10.00000000000000000, -43.45187890507055073 ) ) ;
#6552 = CARTESIAN_POINT ( 'NONE',  ( 20.56387910459031332, -10.00000000000000000, -46.67040685672017730 ) ) ;
#6553 = VECTOR ( 'NONE', #11190, 1000.000000000000227 ) ;
#6554 = CIRCLE ( 'NONE', #212, 8.000000000000001776 ) ;
#6555 = LINE ( 'NONE', #3731, #5939 ) ;
#6556 = EDGE_CURVE ( 'NONE', #8757, #6038, #2452, .T. ) ;
#6557 = ORIENTED_EDGE ( 'NONE', *, *, #12607, .F. ) ;
#6558 = DIRECTION ( 'NONE',  ( 0.000000000000000000, 1.000000000000000000, 0.000000000000000000 ) ) ;
#6559 = DIRECTION ( 'NONE',  ( 0.000000000000000000, 1.000000000000000000, 0.000000000000000000 ) ) ;
#6560 = AXIS2_PLACEMENT_3D ( 'NONE', #5260, #12138, #5130 ) ;
#6561 = VECTOR ( 'NONE', #12208, 999.9999999999998863 ) ;
#6562 = CARTESIAN_POINT ( 'NONE',  ( 8.743875204153926717, -10.00000000000000000, 49.73725612068061963 ) ) ;
#6563 = CIRCLE ( 'NONE', #7811, 0.4999999999999971689 ) ;
#6564 = ORIENTED_EDGE ( 'NONE', *, *, #11944, .T. ) ;
#6565 = ORIENTED_EDGE ( 'NONE', *, *, #9412, .T. ) ;
#6566 = DIRECTION ( 'NONE',  ( -0.2930610956196658679, 0.000000000000000000, -0.9560937162403072564 ) ) ;
#6567 = ORIENTED_EDGE ( 'NONE', *, *, #4401, .T. ) ;
#6568 = DIRECTION ( 'NONE',  ( 0.000000000000000000, 1.000000000000000000, 0.000000000000000000 ) ) ;
#6569 = ORIENTED_EDGE ( 'NONE', *, *, #9198, .F. ) ;
#6570 = CARTESIAN_POINT ( 'NONE',  ( 41.85922843806421412, 10.00000000000000000, -20.37347321810711875 ) ) ;
#6571 = ORIENTED_EDGE ( 'NONE', *, *, #1203, .T. ) ;
#6572 = CIRCLE ( 'NONE', #1046, 0.4999999999999933387 ) ;
#6573 = VECTOR ( 'NONE', #7146, 1000.000000000000114 ) ;
#6574 = DIRECTION ( 'NONE',  ( -0.2875058131643667414, 0.000000000000000000, -0.9577788927496243554 ) ) ;
#6575 = VECTOR ( 'NONE', #8371, 1000.000000000000000 ) ;
#6576 = VECTOR ( 'NONE', #6546, 1000.000000000000000 ) ;
#6577 = DIRECTION ( 'NONE',  ( 0.000000000000000000, 1.000000000000000000, 0.000000000000000000 ) ) ;
#6578 = ORIENTED_EDGE ( 'NONE', *, *, #11449, .F. ) ;
#6579 = DIRECTION ( 'NONE',  ( 0.000000000000000000, 1.000000000000000000, 0.000000000000000000 ) ) ;
#6580 = CARTESIAN_POINT ( 'NONE',  ( -49.97423344059141215, -10.00000000000000000, 8.303600574123926492 ) ) ;
#6581 = ORIENTED_EDGE ( 'NONE', *, *, #881, .T. ) ;
#6582 = ORIENTED_EDGE ( 'NONE', *, *, #9676, .F. ) ;
#6583 = DIRECTION ( 'NONE',  ( 0.000000000000000000, 1.000000000000000000, 0.000000000000000000 ) ) ;
#6585 = VERTEX_POINT ( 'NONE', #6697 ) ;
#6584 = DIRECTION ( 'NONE',  ( 0.7748486042760462933, -0.000000000000000000, 0.6321468503848318710 ) ) ;
#6586 = AXIS2_PLACEMENT_3D ( 'NONE', #3325, #2478, #3388 ) ;
#6587 = CARTESIAN_POINT ( 'NONE',  ( 50.63394466786609627, -18.55636363116342480, 1.605440076985251707 ) ) ;
#6588 = CIRCLE ( 'NONE', #9058, 4.999999999999997335 ) ;
#6589 = VECTOR ( 'NONE', #1866, 1000.000000000000000 ) ;
#6590 = ORIENTED_EDGE ( 'NONE', *, *, #5051, .F. ) ;
#6591 = EDGE_LOOP ( 'NONE', ( #4816, #664, #11484, #6348 ) ) ;
#6592 = DIRECTION ( 'NONE',  ( 0.000000000000000000, 1.000000000000000000, 0.000000000000000000 ) ) ;
#6593 = ADVANCED_FACE ( 'NONE', ( #853 ), #4767, .T. ) ;
#6594 = CARTESIAN_POINT ( 'NONE',  ( -20.52974213179108531, -10.00000000000000000, -42.70926380875493322 ) ) ;
#6595 = ORIENTED_EDGE ( 'NONE', *, *, #9563, .F. ) ;
#6596 = DIRECTION ( 'NONE',  ( 0.000000000000000000, 0.000000000000000000, 1.000000000000000000 ) ) ;
#6597 = AXIS2_PLACEMENT_3D ( 'NONE', #490, #1387, #3309 ) ;
#6598 = EDGE_CURVE ( 'NONE', #3887, #4067, #2707, .T. ) ;
#6599 = VECTOR ( 'NONE', #2397, 1000.000000000000000 ) ;
#6600 = CIRCLE ( 'NONE', #3119, 44.99999999999999289 ) ;
#6602 = VERTEX_POINT ( 'NONE', #5665 ) ;
#6601 = CARTESIAN_POINT ( 'NONE',  ( -45.38924439456593518, -10.00000000000000000, 11.82862472836631440 ) ) ;
#6603 = DIRECTION ( 'NONE',  ( -1.000000000000000000, 0.000000000000000000, 3.469446951953611033E-15 ) ) ;
#6604 = EDGE_LOOP ( 'NONE', ( #6284, #10404, #1938, #9773 ) ) ;
#6605 = CARTESIAN_POINT ( 'NONE',  ( 10.95533655273254325, 10.00000000000000000, -49.29736910846623488 ) ) ;
#6606 = CIRCLE ( 'NONE', #11523, 44.99999999999999289 ) ;
#6607 = CIRCLE ( 'NONE', #2492, 44.99999999999999289 ) ;
#6608 = DIRECTION ( 'NONE',  ( -0.000000000000000000, -1.000000000000000000, -0.000000000000000000 ) ) ;
#6609 = CARTESIAN_POINT ( 'NONE',  ( 50.63394466786606785, -18.55636363116342480, -1.605440076986310194 ) ) ;
#6610 = DIRECTION ( 'NONE',  ( 0.000000000000000000, 1.000000000000000000, 0.000000000000000000 ) ) ;
#6611 = EDGE_CURVE ( 'NONE', #2143, #12629, #3808, .T. ) ;
#6612 = DIRECTION ( 'NONE',  ( -6.938893903907222067E-15, 0.000000000000000000, 1.000000000000000000 ) ) ;
#6613 = VECTOR ( 'NONE', #2796, 999.9999999999998863 ) ;
#6614 = ORIENTED_EDGE ( 'NONE', *, *, #11810, .F. ) ;
#6615 = AXIS2_PLACEMENT_3D ( 'NONE', #10082, #9127, #5305 ) ;
#6616 = CARTESIAN_POINT ( 'NONE',  ( 34.66838806764678793, -20.42202547882114416, -36.93882319809825532 ) ) ;
#6617 = CARTESIAN_POINT ( 'NONE',  ( 17.89353851188289113, -19.69863090235029901, 47.39404044806772731 ) ) ;
#6618 = DIRECTION ( 'NONE',  ( 0.000000000000000000, 1.000000000000000000, 0.000000000000000000 ) ) ;
#6619 = VECTOR ( 'NONE', #3938, 1000.000000000000000 ) ;
#6620 = ORIENTED_EDGE ( 'NONE', *, *, #8622, .F. ) ;
#6621 = DIRECTION ( 'NONE',  ( 0.000000000000000000, 0.000000000000000000, 1.000000000000000000 ) ) ;
#6622 = DIRECTION ( 'NONE',  ( -0.000000000000000000, -1.000000000000000000, -0.000000000000000000 ) ) ;
#6623 = CYLINDRICAL_SURFACE ( 'NONE', #9078, 12.00000000000000178 ) ;
#6624 = LINE ( 'NONE', #723, #6343 ) ;
#6625 = EDGE_CURVE ( 'NONE', #2641, #4067, #2833, .T. ) ;
#6626 = PLANE ( 'NONE',  #724 ) ;
#6627 = AXIS2_PLACEMENT_3D ( 'NONE', #3059, #3133, #249 ) ;
#6628 = EDGE_CURVE ( 'NONE', #1970, #2225, #1240, .T. ) ;
#6629 = VECTOR ( 'NONE', #564, 1000.000000000000000 ) ;
#6630 = LOCAL_TIME ( 21, 9, 55.00000000000000000, #6845 ) ;
#6631 = DIRECTION ( 'NONE',  ( 0.000000000000000000, 0.000000000000000000, 1.000000000000000000 ) ) ;
#6632 = LINE ( 'NONE', #6503, #7648 ) ;
#6633 = ORIENTED_EDGE ( 'NONE', *, *, #9381, .T. ) ;
#6634 = ORIENTED_EDGE ( 'NONE', *, *, #968, .F. ) ;
#6635 = CARTESIAN_POINT ( 'NONE',  ( 15.19272321494580247, -19.69863090235023151, -44.00516535263808038 ) ) ;
#6636 = EDGE_CURVE ( 'NONE', #5915, #4825, #8843, .T. ) ;
#6637 = ORIENTED_EDGE ( 'NONE', *, *, #8031, .F. ) ;
#6638 = CARTESIAN_POINT ( 'NONE',  ( 0.000000000000000000, -10.00000000000000000, 0.000000000000000000 ) ) ;
#6639 = EDGE_LOOP ( 'NONE', ( #3303, #1714, #5669, #2369 ) ) ;
#6640 = CARTESIAN_POINT ( 'NONE',  ( 36.92360935593660543, 10.00000000000000000, -27.26647565272568841 ) ) ;
#6641 = CIRCLE ( 'NONE', #10741, 0.5000000000000004441 ) ;
#6643 = ORIENTED_EDGE ( 'NONE', *, *, #10053, .T. ) ;
#6642 = AXIS2_PLACEMENT_3D ( 'NONE', #7370, #5299, #439 ) ;
#6644 = FACE_OUTER_BOUND ( 'NONE', #10757, .T. ) ;
#6645 = LINE ( 'NONE', #2594, #8492 ) ;
#6646 = EDGE_CURVE ( 'NONE', #6236, #2192, #4493, .T. ) ;
#6647 = ORIENTED_EDGE ( 'NONE', *, *, #12018, .F. ) ;
#6648 = CARTESIAN_POINT ( 'NONE',  ( -47.54181953147831052, -10.00000000000000000, 18.46010280676539139 ) ) ;
#6649 = DIRECTION ( 'NONE',  ( -0.000000000000000000, -1.000000000000000000, -0.000000000000000000 ) ) ;
#6650 = ORIENTED_EDGE ( 'NONE', *, *, #5740, .F. ) ;
#6651 = VECTOR ( 'NONE', #1214, 1000.000000000000000 ) ;
#6652 = ORIENTED_EDGE ( 'NONE', *, *, #10162, .F. ) ;
#6653 = CARTESIAN_POINT ( 'NONE',  ( 42.70926380875515349, 10.00000000000000000, 20.52974213179061280 ) ) ;
#6655 = ORIENTED_EDGE ( 'NONE', *, *, #3856, .T. ) ;
#6654 = DIRECTION ( 'NONE',  ( 0.1240347345891977676, 0.000000000000000000, -0.9922778767136689604 ) ) ;
#6656 = DIRECTION ( 'NONE',  ( 0.000000000000000000, 1.000000000000000000, 0.000000000000000000 ) ) ;
#6657 = VERTEX_POINT ( 'NONE', #8638 ) ;
#6658 = ORIENTED_EDGE ( 'NONE', *, *, #2209, .F. ) ;
#6659 = DIRECTION ( 'NONE',  ( -0.000000000000000000, -1.000000000000000000, -0.000000000000000000 ) ) ;
#6660 = DIRECTION ( 'NONE',  ( 0.000000000000000000, 1.000000000000000000, 0.000000000000000000 ) ) ;
#6661 = AXIS2_PLACEMENT_3D ( 'NONE', #6231, #5195, #3339 ) ;
#6662 = VECTOR ( 'NONE', #3667, 1000.000000000000000 ) ;
#6663 = ORIENTED_EDGE ( 'NONE', *, *, #11851, .T. ) ;
#6664 = DIRECTION ( 'NONE',  ( 0.000000000000000000, 0.000000000000000000, 1.000000000000000000 ) ) ;
#6665 = EDGE_CURVE ( 'NONE', #12347, #5893, #7535, .T. ) ;
#6666 = ADVANCED_FACE ( 'NONE', ( #3613 ), #11437, .T. ) ;
#6668 = ORIENTED_EDGE ( 'NONE', *, *, #2291, .F. ) ;
#6667 = CARTESIAN_POINT ( 'NONE',  ( 42.70926380875471295, -10.00000000000000000, -20.52974213179150809 ) ) ;
#6669 = VECTOR ( 'NONE', #7153, 1000.000000000000000 ) ;
#6670 = FACE_OUTER_BOUND ( 'NONE', #4207, .T. ) ;
#6671 = ORIENTED_EDGE ( 'NONE', *, *, #6995, .F. ) ;
#6672 = CARTESIAN_POINT ( 'NONE',  ( 34.90280549874193383, 10.00000000000000000, 36.49718027898853023 ) ) ;
#6673 = CARTESIAN_POINT ( 'NONE',  ( -27.11191122463385739, -10.00000000000000000, 43.10509675787125872 ) ) ;
#6674 = ORIENTED_EDGE ( 'NONE', *, *, #3807, .F. ) ;
#6675 = CARTESIAN_POINT ( 'NONE',  ( -49.97423344059141215, 10.00000000000000000, 8.303600574123926492 ) ) ;
#6676 = CARTESIAN_POINT ( 'NONE',  ( 2.622880895175927485, 10.00000000000000000, -47.31460686609772637 ) ) ;
#6677 = DIRECTION ( 'NONE',  ( -0.6366343730118643185, 0.000000000000000000, 0.7711657896326772343 ) ) ;
#6678 = CIRCLE ( 'NONE', #11186, 0.4999999999999972244 ) ;
#6679 = ORIENTED_EDGE ( 'NONE', *, *, #7566, .T. ) ;
#6680 = EDGE_CURVE ( 'NONE', #919, #7619, #5598, .T. ) ;
#6681 = ORIENTED_EDGE ( 'NONE', *, *, #6073, .F. ) ;
#6682 = ADVANCED_FACE ( 'NONE', ( #9592 ), #782, .T. ) ;
#6683 = DIRECTION ( 'NONE',  ( 0.2875058131643667414, 0.000000000000000000, 0.9577788927496243554 ) ) ;
#6684 = CARTESIAN_POINT ( 'NONE',  ( -40.19566517527171357, 10.00000000000000000, -23.48578117747887717 ) ) ;
#6685 = EDGE_CURVE ( 'NONE', #4108, #2126, #3865, .T. ) ;
#6686 = DIRECTION ( 'NONE',  ( 0.000000000000000000, 1.000000000000000000, 0.000000000000000000 ) ) ;
#6687 = VERTEX_POINT ( 'NONE', #1117 ) ;
#6688 = EDGE_CURVE ( 'NONE', #9798, #3341, #7791, .T. ) ;
#6689 = DIRECTION ( 'NONE',  ( -0.6366343730118779742, 0.000000000000000000, -0.7711657896326657990 ) ) ;
#6690 = VECTOR ( 'NONE', #9225, 1000.000000000000000 ) ;
#6691 = EDGE_CURVE ( 'NONE', #834, #2380, #6554, .T. ) ;
#6692 = DIRECTION ( 'NONE',  ( 0.9642112588246092297, -0.000000000000000000, 0.2651351511132808980 ) ) ;
#6693 = CARTESIAN_POINT ( 'NONE',  ( 11.70188957472704061, -19.06525438257995120, 43.45187890507030204 ) ) ;
#6694 = DIRECTION ( 'NONE',  ( 0.000000000000000000, 1.000000000000000000, 0.000000000000000000 ) ) ;
#6695 = ORIENTED_EDGE ( 'NONE', *, *, #6859, .F. ) ;
#6696 = DIRECTION ( 'NONE',  ( 0.000000000000000000, 0.000000000000000000, 1.000000000000000000 ) ) ;
#6697 = CARTESIAN_POINT ( 'NONE',  ( -42.70926380875486217, -10.00000000000000000, 20.52974213179123097 ) ) ;
#6698 = ADVANCED_FACE ( 'NONE', ( #11878 ), #10932, .T. ) ;
#6699 = FACE_OUTER_BOUND ( 'NONE', #10822, .T. ) ;
#6700 = ORIENTED_EDGE ( 'NONE', *, *, #2663, .T. ) ;
#6701 = ORIENTED_EDGE ( 'NONE', *, *, #11007, .T. ) ;
#6702 = CARTESIAN_POINT ( 'NONE',  ( 11.45278456627825392, 10.00000000000000000, 49.34782179739785590 ) ) ;
#6703 = ORIENTED_EDGE ( 'NONE', *, *, #9473, .F. ) ;
#6704 = CYLINDRICAL_SURFACE ( 'NONE', #10282, 0.5000000000000004441 ) ;
#6705 = ORIENTED_EDGE ( 'NONE', *, *, #7393, .F. ) ;
#6706 = LINE ( 'NONE', #3817, #5454 ) ;
#6707 = ORIENTED_EDGE ( 'NONE', *, *, #5604, .T. ) ;
#6708 = DIRECTION ( 'NONE',  ( 0.000000000000000000, 0.000000000000000000, 1.000000000000000000 ) ) ;
#6709 = DIRECTION ( 'NONE',  ( 0.000000000000000000, 1.000000000000000000, 0.000000000000000000 ) ) ;
#6710 = ADVANCED_FACE ( 'NONE', ( #8827 ), #2139, .T. ) ;
#6711 = ORIENTED_EDGE ( 'NONE', *, *, #9251, .T. ) ;
#6712 = DIRECTION ( 'NONE',  ( -2.775557561562908075E-14, 0.000000000000000000, 1.000000000000000000 ) ) ;
#6713 = DIRECTION ( 'NONE',  ( -0.000000000000000000, -1.000000000000000000, -0.000000000000000000 ) ) ;
#6714 = ORIENTED_EDGE ( 'NONE', *, *, #966, .F. ) ;
#6715 = ORIENTED_EDGE ( 'NONE', *, *, #10788, .F. ) ;
#6716 = CARTESIAN_POINT ( 'NONE',  ( -20.86000496748357946, -19.69863090235027414, -46.16528980983308372 ) ) ;
#6718 = EDGE_LOOP ( 'NONE', ( #2000, #9601, #7661, #1793 ) ) ;
#6717 = DIRECTION ( 'NONE',  ( 0.2875058131643536408, -0.000000000000000000, -0.9577788927496282412 ) ) ;
#6719 = ORIENTED_EDGE ( 'NONE', *, *, #2230, .F. ) ;
#6720 = CARTESIAN_POINT ( 'NONE',  ( 31.60182249697005119, -20.42202547882114061, 35.31113623141654756 ) ) ;
#6721 = EDGE_CURVE ( 'NONE', #10240, #10596, #6058, .T. ) ;
#6722 = FACE_OUTER_BOUND ( 'NONE', #440, .T. ) ;
#6723 = DIRECTION ( 'NONE',  ( 0.000000000000000000, -1.000000000000000000, 0.000000000000000000 ) ) ;
#6725 = EDGE_LOOP ( 'NONE', ( #10674, #3583, #2093, #3360 ) ) ;
#6724 = CYLINDRICAL_SURFACE ( 'NONE', #9279, 50.99999999999999289 ) ;
#6726 = DIRECTION ( 'NONE',  ( 0.000000000000000000, 1.000000000000000000, 0.000000000000000000 ) ) ;
#6727 = VERTEX_POINT ( 'NONE', #8956 ) ;
#6728 = FACE_OUTER_BOUND ( 'NONE', #5254, .T. ) ;
#6729 = EDGE_CURVE ( 'NONE', #7487, #8383, #8773, .T. ) ;
#6730 = DIRECTION ( 'NONE',  ( 0.000000000000000000, 1.000000000000000000, 0.000000000000000000 ) ) ;
#6731 = VERTEX_POINT ( 'NONE', #10802 ) ;
#6732 = CARTESIAN_POINT ( 'NONE',  ( -26.79583779944143629, -10.00000000000000000, 42.99252106000928109 ) ) ;
#6733 = DIRECTION ( 'NONE',  ( 0.000000000000000000, 1.000000000000000000, 0.000000000000000000 ) ) ;
#6734 = DIRECTION ( 'NONE',  ( 0.000000000000000000, 0.000000000000000000, 1.000000000000000000 ) ) ;
#6735 = ORIENTED_EDGE ( 'NONE', *, *, #5405, .F. ) ;
#6736 = ORIENTED_EDGE ( 'NONE', *, *, #1034, .F. ) ;
#6737 = DIRECTION ( 'NONE',  ( -0.8939589078457547133, 0.000000000000000000, 0.4481489385050749230 ) ) ;
#6739 = ORIENTED_EDGE ( 'NONE', *, *, #4365, .F. ) ;
#6738 = DIRECTION ( 'NONE',  ( -0.3152352524413666868, -0.000000000000000000, -0.9490135592383429630 ) ) ;
#6740 = DIRECTION ( 'NONE',  ( -0.3152352524413666868, 0.000000000000000000, -0.9490135592383428520 ) ) ;
#6741 = ORIENTED_EDGE ( 'NONE', *, *, #12482, .F. ) ;
#6742 = LINE ( 'NONE', #9583, #5414 ) ;
#6743 = CARTESIAN_POINT ( 'NONE',  ( 23.48578117747931060, -20.23931917473915831, 40.19566517527146488 ) ) ;
#6744 = CARTESIAN_POINT ( 'NONE',  ( 8.303600574124089917, -19.06525438257995120, 49.97423344059139083 ) ) ;
#6745 = ORIENTED_EDGE ( 'NONE', *, *, #8115, .F. ) ;
#6746 = EDGE_CURVE ( 'NONE', #7628, #12420, #1047, .T. ) ;
#6747 = CARTESIAN_POINT ( 'NONE',  ( -11.45278456627756647, -10.00000000000000000, 49.34782179739801222 ) ) ;
#6748 = EDGE_CURVE ( 'NONE', #7212, #3654, #3494, .T. ) ;
#6749 = ORIENTED_EDGE ( 'NONE', *, *, #2834, .T. ) ;
#6750 = ADVANCED_FACE ( 'NONE', ( #5925 ), #9786, .F. ) ;
#6751 = ORIENTED_EDGE ( 'NONE', *, *, #2089, .F. ) ;
#6752 = DIRECTION ( 'NONE',  ( 0.000000000000000000, 1.000000000000000000, 0.000000000000000000 ) ) ;
#6753 = EDGE_CURVE ( 'NONE', #2665, #3563, #3294, .T. ) ;
#6754 = EDGE_CURVE ( 'NONE', #1630, #6952, #5129, .T. ) ;
#6755 = CARTESIAN_POINT ( 'NONE',  ( 46.46947506094539193, 10.00000000000000000, -2.803801697543220506 ) ) ;
#6756 = DIRECTION ( 'NONE',  ( -0.000000000000000000, -1.000000000000000000, -0.000000000000000000 ) ) ;
#6757 = ORIENTED_EDGE ( 'NONE', *, *, #11242, .T. ) ;
#6758 = VECTOR ( 'NONE', #9343, 1000.000000000000000 ) ;
#6759 = ORIENTED_EDGE ( 'NONE', *, *, #1464, .F. ) ;
#6760 = DIRECTION ( 'NONE',  ( 0.000000000000000000, 0.000000000000000000, 1.000000000000000000 ) ) ;
#6761 = AXIS2_PLACEMENT_3D ( 'NONE', #10568, #12433, #2793 ) ;
#6762 = FACE_OUTER_BOUND ( 'NONE', #7982, .T. ) ;
#6763 = CARTESIAN_POINT ( 'NONE',  ( 50.98728950738352239, -18.55636363116342480, -1.138555527963832859 ) ) ;
#6764 = ORIENTED_EDGE ( 'NONE', *, *, #11542, .T. ) ;
#6765 = CARTESIAN_POINT ( 'NONE',  ( -40.33403783062612291, -10.00000000000000000, -19.95408209559188251 ) ) ;
#6766 = ORIENTED_EDGE ( 'NONE', *, *, #7504, .T. ) ;
#6767 = EDGE_CURVE ( 'NONE', #2604, #8344, #2878, .T. ) ;
#6768 = CARTESIAN_POINT ( 'NONE',  ( 18.46010280676454229, -19.69863090235023151, -47.54181953147863027 ) ) ;
#6769 = CIRCLE ( 'NONE', #3894, 50.99999999999999289 ) ;
#6770 = DATE_AND_TIME ( #3820, #6021 ) ;
#6771 = CIRCLE ( 'NONE', #7590, 5.000000000000000888 ) ;
#6772 = VECTOR ( 'NONE', #3695, 1000.000000000000000 ) ;
#6773 = ORIENTED_EDGE ( 'NONE', *, *, #2813, .T. ) ;
#6774 = ORIENTED_EDGE ( 'NONE', *, *, #5979, .T. ) ;
#6775 = LINE ( 'NONE', #941, #4957 ) ;
#6776 = DIRECTION ( 'NONE',  ( -0.000000000000000000, -1.000000000000000000, -0.000000000000000000 ) ) ;
#6777 = ORIENTED_EDGE ( 'NONE', *, *, #11711, .F. ) ;
#6778 = VERTEX_POINT ( 'NONE', #4959 ) ;
#6779 = DIRECTION ( 'NONE',  ( 0.000000000000000000, 1.000000000000000000, 0.000000000000000000 ) ) ;
#6781 = ORIENTED_EDGE ( 'NONE', *, *, #2469, .T. ) ;
#6780 = LINE ( 'NONE', #10572, #8278 ) ;
#6782 = ORIENTED_EDGE ( 'NONE', *, *, #10145, .F. ) ;
#6783 = CARTESIAN_POINT ( 'NONE',  ( -35.66618230193985539, -20.23931917473912989, -27.43945043190172584 ) ) ;
#6784 = VECTOR ( 'NONE', #8490, 1000.000000000000114 ) ;
#6785 = CIRCLE ( 'NONE', #625, 4.999999999999998224 ) ;
#6786 = CIRCLE ( 'NONE', #9872, 0.4999999999999975575 ) ;
#6787 = AXIS2_PLACEMENT_3D ( 'NONE', #2986, #9935, #4012 ) ;
#6788 = ADVANCED_FACE ( 'NONE', ( #86 ), #3994, .T. ) ;
#6789 = CARTESIAN_POINT ( 'NONE',  ( 34.90280549874115934, 10.00000000000000000, -36.49718027898926920 ) ) ;
#6790 = LINE ( 'NONE', #174, #4184 ) ;
#6791 = AXIS2_PLACEMENT_3D ( 'NONE', #11536, #754, #2800 ) ;
#6792 = AXIS2_PLACEMENT_3D ( 'NONE', #4161, #8341, #9061 ) ;
#6793 = VECTOR ( 'NONE', #7374, 1000.000000000000000 ) ;
#6795 = EDGE_LOOP ( 'NONE', ( #7501, #3574 ) ) ;
#6794 = DIRECTION ( 'NONE',  ( 0.000000000000000000, 0.000000000000000000, 1.000000000000000000 ) ) ;
#6796 = CYLINDRICAL_SURFACE ( 'NONE', #1437, 50.99999999999999289 ) ;
#6797 = ORIENTED_EDGE ( 'NONE', *, *, #9586, .F. ) ;
#6798 = ORIENTED_EDGE ( 'NONE', *, *, #4345, .T. ) ;
#6799 = CARTESIAN_POINT ( 'NONE',  ( 41.35240453125157956, 10.00000000000000000, 28.98669762983915632 ) ) ;
#6800 = CARTESIAN_POINT ( 'NONE',  ( -27.11191122463385739, -10.00000000000000000, 42.60509675787125872 ) ) ;
#6801 = EDGE_CURVE ( 'NONE', #10921, #4135, #5993, .T. ) ;
#6802 = FACE_OUTER_BOUND ( 'NONE', #7105, .T. ) ;
#6803 = FACE_BOUND ( 'NONE', #3779, .T. ) ;
#6804 = VECTOR ( 'NONE', #735, 1000.000000000000227 ) ;
#6805 = DIRECTION ( 'NONE',  ( 0.000000000000000000, 0.000000000000000000, -1.000000000000000000 ) ) ;
#6806 = CARTESIAN_POINT ( 'NONE',  ( 42.63013842481674942, 10.00000000000000000, 14.41080490052383922 ) ) ;
#6807 = AXIS2_PLACEMENT_3D ( 'NONE', #4977, #12035, #3240 ) ;
#6808 = VECTOR ( 'NONE', #9114, 1000.000000000000000 ) ;
#6809 = ORIENTED_EDGE ( 'NONE', *, *, #9602, .F. ) ;
#6810 = ORIENTED_EDGE ( 'NONE', *, *, #7093, .T. ) ;
#6811 = EDGE_CURVE ( 'NONE', #10422, #7297, #8857, .T. ) ;
#6812 = CARTESIAN_POINT ( 'NONE',  ( -44.71672993605646695, -10.00000000000000000, -15.68329018125507268 ) ) ;
#6813 = VECTOR ( 'NONE', #10604, 1000.000000000000000 ) ;
#6815 = ORIENTED_EDGE ( 'NONE', *, *, #8657, .T. ) ;
#6814 = CARTESIAN_POINT ( 'NONE',  ( 22.51666049839541017, -10.00000000000000178, 12.99999999999999645 ) ) ;
#6816 = PLANE ( 'NONE',  #3135 ) ;
#6817 = CIRCLE ( 'NONE', #3736, 5.000000000000000000 ) ;
#6818 = ORIENTED_EDGE ( 'NONE', *, *, #12428, .F. ) ;
#6819 = CARTESIAN_POINT ( 'NONE',  ( -29.46558707621411699, 10.00000000000000000, 41.20865162466930087 ) ) ;
#6820 = VECTOR ( 'NONE', #7233, 1000.000000000000114 ) ;
#6821 = DIRECTION ( 'NONE',  ( -0.3826834323650969982, 0.000000000000000000, -0.9238795325112837409 ) ) ;
#6822 = CARTESIAN_POINT ( 'NONE',  ( -41.85922843806435623, 10.00000000000000000, 20.37347321810685585 ) ) ;
#6823 = VERTEX_POINT ( 'NONE', #7092 ) ;
#6824 = CARTESIAN_POINT ( 'NONE',  ( -14.41080490052430640, -19.69863090235027414, -42.63013842481659310 ) ) ;
#6825 = ORIENTED_EDGE ( 'NONE', *, *, #9089, .F. ) ;
#6826 = DIRECTION ( 'NONE',  ( -0.07193236855372239780, 0.000000000000000000, 0.9974095118627310796 ) ) ;
#6827 = EDGE_CURVE ( 'NONE', #10601, #7487, #2465, .T. ) ;
#6828 = CIRCLE ( 'NONE', #6214, 5.000000000000005329 ) ;
#6829 = DIRECTION ( 'NONE',  ( 0.1009053778636830739, 0.000000000000000000, -0.9948960270893574265 ) ) ;
#6830 = ADVANCED_FACE ( 'NONE', ( #9081 ), #8311, .T. ) ;
#6831 = LINE ( 'NONE', #10861, #4754 ) ;
#6832 = VERTEX_POINT ( 'NONE', #5319 ) ;
#6833 = AXIS2_PLACEMENT_3D ( 'NONE', #8923, #11850, #121 ) ;
#6834 = ORIENTED_EDGE ( 'NONE', *, *, #10329, .F. ) ;
#6835 = DIRECTION ( 'NONE',  ( 0.1950903220161288865, 0.000000000000000000, 0.9807852804032304306 ) ) ;
#6836 = AXIS2_PLACEMENT_3D ( 'NONE', #6536, #821, #1792 ) ;
#6837 = LINE ( 'NONE', #6961, #4413 ) ;
#6838 = LINE ( 'NONE', #3815, #2084 ) ;
#6839 = EDGE_LOOP ( 'NONE', ( #12116, #1461, #8462, #2987 ) ) ;
#6840 = CARTESIAN_POINT ( 'NONE',  ( 0.000000000000000000, -18.55636363116340704, 0.000000000000000000 ) ) ;
#6841 = AXIS2_PLACEMENT_3D ( 'NONE', #7099, #7937, #2904 ) ;
#6842 = ORIENTED_EDGE ( 'NONE', *, *, #6101, .T. ) ;
#6843 = DIRECTION ( 'NONE',  ( 0.000000000000000000, 1.000000000000000000, 0.000000000000000000 ) ) ;
#6844 = AXIS2_PLACEMENT_3D ( 'NONE', #12558, #1708, #3682 ) ;
#6845 = COORDINATED_UNIVERSAL_TIME_OFFSET ( 7, 0, .AHEAD. ) ;
#6846 = ORIENTED_EDGE ( 'NONE', *, *, #2816, .T. ) ;
#6847 = VECTOR ( 'NONE', #1343, 1000.000000000000000 ) ;
#6848 = CARTESIAN_POINT ( 'NONE',  ( 35.66618230193946459, 10.00000000000000000, -27.43945043190223387 ) ) ;
#6849 = CARTESIAN_POINT ( 'NONE',  ( 49.73725612068059831, -10.00000000000000000, -8.743875204154102576 ) ) ;
#6850 = ORIENTED_EDGE ( 'NONE', *, *, #329, .T. ) ;
#6851 = LINE ( 'NONE', #3954, #25 ) ;
#6853 = VERTEX_POINT ( 'NONE', #7206 ) ;
#6852 = DIRECTION ( 'NONE',  ( -0.9560937162403082556, 0.000000000000000000, 0.2930610956196625372 ) ) ;
#6854 = EDGE_CURVE ( 'NONE', #10944, #635, #10099, .T. ) ;
#6855 = ORIENTED_EDGE ( 'NONE', *, *, #3196, .T. ) ;
#6856 = AXIS2_PLACEMENT_3D ( 'NONE', #9379, #5202, #1412 ) ;
#6857 = EDGE_CURVE ( 'NONE', #9470, #1823, #6785, .T. ) ;
#6858 = DIRECTION ( 'NONE',  ( 0.000000000000000000, 1.000000000000000000, 0.000000000000000000 ) ) ;
#6859 = EDGE_CURVE ( 'NONE', #10400, #1640, #9650, .T. ) ;
#6860 = DIRECTION ( 'NONE',  ( 0.000000000000000000, 1.000000000000000000, 0.000000000000000000 ) ) ;
#6861 = CARTESIAN_POINT ( 'NONE',  ( -50.98728950738352950, 10.00000000000000000, 1.138555527963476921 ) ) ;
#6862 = AXIS2_PLACEMENT_3D ( 'NONE', #6238, #1484, #4237 ) ;
#6863 = CIRCLE ( 'NONE', #7899, 44.99999999999999289 ) ;
#6864 = AXIS2_PLACEMENT_3D ( 'NONE', #2862, #5633, #8610 ) ;
#6866 = ORIENTED_EDGE ( 'NONE', *, *, #1843, .T. ) ;
#6865 = CARTESIAN_POINT ( 'NONE',  ( 0.000000000000000000, -18.55636363116340704, 0.000000000000000000 ) ) ;
#6867 = ADVANCED_FACE ( 'NONE', ( #6245 ), #5958, .F. ) ;
#6868 = DIRECTION ( 'NONE',  ( 0.000000000000000000, 1.000000000000000000, 0.000000000000000000 ) ) ;
#6869 = VERTEX_POINT ( 'NONE', #1302 ) ;
#6870 = VERTEX_POINT ( 'NONE', #528 ) ;
#6871 = DIRECTION ( 'NONE',  ( -0.2875058131643569159, 0.000000000000000000, 0.9577788927496272420 ) ) ;
#6872 = DIRECTION ( 'NONE',  ( -0.000000000000000000, 1.000000000000000000, -0.000000000000000000 ) ) ;
#6873 = CARTESIAN_POINT ( 'NONE',  ( -35.66618230193984829, -10.00000000000000000, -27.43945043190172584 ) ) ;
#6874 = CIRCLE ( 'NONE', #8934, 5.000000000000000888 ) ;
#6875 = VECTOR ( 'NONE', #739, 1000.000000000000114 ) ;
#6876 = DIRECTION ( 'NONE',  ( 0.000000000000000000, 1.000000000000000000, 0.000000000000000000 ) ) ;
#6877 = CARTESIAN_POINT ( 'NONE',  ( 0.000000000000000000, -19.69863090235031322, 0.000000000000000000 ) ) ;
#6878 = FACE_OUTER_BOUND ( 'NONE', #10512, .T. ) ;
#6879 = EDGE_CURVE ( 'NONE', #9140, #3637, #11296, .T. ) ;
#6880 = AXIS2_PLACEMENT_3D ( 'NONE', #8573, #4626, #4684 ) ;
#6881 = ORIENTED_EDGE ( 'NONE', *, *, #3744, .F. ) ;
#6882 = AXIS2_PLACEMENT_3D ( 'NONE', #1990, #4999, #11859 ) ;
#6883 = CARTESIAN_POINT ( 'NONE',  ( 0.000000000000000000, -5.000000000000000000, 0.000000000000000000 ) ) ;
#6885 = EDGE_LOOP ( 'NONE', ( #10967, #5988, #12229, #3202 ) ) ;
#6884 = CARTESIAN_POINT ( 'NONE',  ( 0.000000000000000000, -20.23931917473914410, 0.000000000000000000 ) ) ;
#6886 = LINE ( 'NONE', #7781, #1499 ) ;
#6887 = ORIENTED_EDGE ( 'NONE', *, *, #10517, .F. ) ;
#6888 = DIRECTION ( 'NONE',  ( -0.000000000000000000, -1.000000000000000000, -0.000000000000000000 ) ) ;
#6889 = CARTESIAN_POINT ( 'NONE',  ( 15.68329018125555052, -10.00000000000000000, 44.71672993605630353 ) ) ;
#6890 = DIRECTION ( 'NONE',  ( 0.1009053778637003657, -0.000000000000000000, 0.9948960270893556501 ) ) ;
#6891 = VECTOR ( 'NONE', #2574, 1000.000000000000000 ) ;
#6892 = CARTESIAN_POINT ( 'NONE',  ( 2.803801697542733784, 10.00000000000000000, -46.46947506094542035 ) ) ;
#6893 = EDGE_CURVE ( 'NONE', #11474, #9347, #1233, .T. ) ;
#6894 = EDGE_LOOP ( 'NONE', ( #166, #669, #1377, #10239 ) ) ;
#6895 = DIRECTION ( 'NONE',  ( -0.5555702330196095051, 0.000000000000000000, -0.8314696123025404617 ) ) ;
#6896 = CARTESIAN_POINT ( 'NONE',  ( 28.14833299833665237, -20.23931917473911923, -37.08024765038285864 ) ) ;
#6897 = VECTOR ( 'NONE', #8302, 1000.000000000000000 ) ;
#6898 = CARTESIAN_POINT ( 'NONE',  ( -36.49718027898865813, -20.42202547882114061, 34.90280549874179883 ) ) ;
#6899 = VERTEX_POINT ( 'NONE', #11180 ) ;
#6900 = VERTEX_POINT ( 'NONE', #7334 ) ;
#6901 = CARTESIAN_POINT ( 'NONE',  ( 0.000000000000000000, -19.06525438257993699, 0.000000000000000000 ) ) ;
#6902 = FACE_OUTER_BOUND ( 'NONE', #381, .T. ) ;
#6903 = DIRECTION ( 'NONE',  ( -0.000000000000000000, 1.000000000000000000, -0.000000000000000000 ) ) ;
#6904 = FACE_OUTER_BOUND ( 'NONE', #7203, .T. ) ;
#6905 = DIRECTION ( 'NONE',  ( -0.09512807697518987915, 0.000000000000000000, 0.9954650415614816339 ) ) ;
#6906 = ADVANCED_FACE ( 'NONE', ( #9334 ), #2382, .T. ) ;
#6907 = VERTEX_POINT ( 'NONE', #2320 ) ;
#6908 = AXIS2_PLACEMENT_3D ( 'NONE', #4931, #10838, #5000 ) ;
#6909 = CARTESIAN_POINT ( 'NONE',  ( 41.85922843806464044, -10.00000000000000000, 20.37347321810624834 ) ) ;
#6910 = EDGE_LOOP ( 'NONE', ( #7296, #197, #326, #3758 ) ) ;
#6911 = ORIENTED_EDGE ( 'NONE', *, *, #7343, .T. ) ;
#6912 = ORIENTED_EDGE ( 'NONE', *, *, #2601, .F. ) ;
#6913 = ORIENTED_EDGE ( 'NONE', *, *, #11075, .T. ) ;
#6914 = LINE ( 'NONE', #228, #1468 ) ;
#6915 = DIRECTION ( 'NONE',  ( 0.000000000000000000, 0.000000000000000000, 1.000000000000000000 ) ) ;
#6916 = ORIENTED_EDGE ( 'NONE', *, *, #6923, .T. ) ;
#6917 = ORIENTED_EDGE ( 'NONE', *, *, #7610, .F. ) ;
#6918 = FACE_OUTER_BOUND ( 'NONE', #7500, .T. ) ;
#6920 = ORIENTED_EDGE ( 'NONE', *, *, #7970, .F. ) ;
#6919 = DIRECTION ( 'NONE',  ( 0.000000000000000000, 1.000000000000000000, 0.000000000000000000 ) ) ;
#6921 = EDGE_LOOP ( 'NONE', ( #6978, #3078, #454, #5508 ) ) ;
#6922 = CARTESIAN_POINT ( 'NONE',  ( -24.10574140080088057, 10.00000000000000000, 40.79785237731730518 ) ) ;
#6923 = EDGE_CURVE ( 'NONE', #12241, #1820, #424, .T. ) ;
#6924 = EDGE_CURVE ( 'NONE', #227, #11586, #1366, .T. ) ;
#6925 = LINE ( 'NONE', #1078, #5621 ) ;
#6926 = CARTESIAN_POINT ( 'NONE',  ( 45.89377128388456839, -10.00000000000000000, 11.80310486381244672 ) ) ;
#6927 = EDGE_CURVE ( 'NONE', #10727, #1401, #1447, .T. ) ;
#6928 = EDGE_CURVE ( 'NONE', #2929, #7788, #10877, .T. ) ;
#6929 = EDGE_CURVE ( 'NONE', #3208, #5044, #10030, .T. ) ;
#6931 = ORIENTED_EDGE ( 'NONE', *, *, #1417, .T. ) ;
#6930 = DIRECTION ( 'NONE',  ( -0.6139406135149138022, 0.000000000000000000, 0.7893522173763315442 ) ) ;
#6932 = CARTESIAN_POINT ( 'NONE',  ( -37.08024765038236836, -10.00000000000000000, 28.14833299833730251 ) ) ;
#6933 = VERTEX_POINT ( 'NONE', #11048 ) ;
#6934 = ORIENTED_EDGE ( 'NONE', *, *, #101, .T. ) ;
#6935 = CARTESIAN_POINT ( 'NONE',  ( 6.828624728365510599, -19.06525438257988725, -45.38924439456606308 ) ) ;
#6936 = DIRECTION ( 'NONE',  ( 0.000000000000000000, 1.000000000000000000, 0.000000000000000000 ) ) ;
#6937 = CARTESIAN_POINT ( 'NONE',  ( 49.34782179739782038, -19.06525438257995830, -11.45278456627842800 ) ) ;
#6938 = CYLINDRICAL_SURFACE ( 'NONE', #9870, 5.000000000000004441 ) ;
#6939 = CARTESIAN_POINT ( 'NONE',  ( 0.000000000000000000, -5.000000000000000000, -18.00000000000000000 ) ) ;
#6940 = EDGE_CURVE ( 'NONE', #612, #1730, #6360, .T. ) ;
#6941 = ORIENTED_EDGE ( 'NONE', *, *, #11007, .F. ) ;
#6942 = DIRECTION ( 'NONE',  ( 0.000000000000000000, 1.000000000000000000, 0.000000000000000000 ) ) ;
#6944 = VERTEX_POINT ( 'NONE', #2247 ) ;
#6943 = LINE ( 'NONE', #6159, #11910 ) ;
#6945 = CARTESIAN_POINT ( 'NONE',  ( -34.66838806764704373, 10.00000000000000000, 36.93882319809801373 ) ) ;
#6946 = VERTEX_POINT ( 'NONE', #5207 ) ;
#6947 = DIRECTION ( 'NONE',  ( -0.1950903220161147866, 0.000000000000000000, 0.9807852804032330951 ) ) ;
#6948 = LINE ( 'NONE', #9904, #5870 ) ;
#6949 = DIRECTION ( 'NONE',  ( 0.9807852804032296534, 0.000000000000000000, -0.1950903220161321339 ) ) ;
#6950 = CARTESIAN_POINT ( 'NONE',  ( -1.127393218865628155, 10.00000000000000000, 50.48741412005625051 ) ) ;
#6951 = ORIENTED_EDGE ( 'NONE', *, *, #6625, .F. ) ;
#6952 = VERTEX_POINT ( 'NONE', #341 ) ;
#6953 = EDGE_CURVE ( 'NONE', #153, #8393, #4935, .T. ) ;
#6954 = DIRECTION ( 'NONE',  ( 0.9974095118627310796, 0.000000000000000000, 0.07193236855372239780 ) ) ;
#6955 = DIRECTION ( 'NONE',  ( -0.000000000000000000, -1.000000000000000000, -0.000000000000000000 ) ) ;
#6956 = CARTESIAN_POINT ( 'NONE',  ( 19.95408209559143486, 10.00000000000000000, -40.33403783062632897 ) ) ;
#6957 = ORIENTED_EDGE ( 'NONE', *, *, #12174, .T. ) ;
#6958 = ORIENTED_EDGE ( 'NONE', *, *, #4259, .T. ) ;
#6959 = DIRECTION ( 'NONE',  ( 0.000000000000000000, 0.000000000000000000, 1.000000000000000000 ) ) ;
#6960 = LINE ( 'NONE', #9983, #8082 ) ;
#6961 = CARTESIAN_POINT ( 'NONE',  ( -6.658138915334142816, -19.06525438257992988, -46.91716864078409799 ) ) ;
#6962 = DIRECTION ( 'NONE',  ( 0.000000000000000000, 0.000000000000000000, 1.000000000000000000 ) ) ;
#6963 = ADVANCED_FACE ( 'NONE', ( #12144 ), #3722, .T. ) ;
#6964 = DIRECTION ( 'NONE',  ( -0.000000000000000000, -1.000000000000000000, -0.000000000000000000 ) ) ;
#6965 = ORIENTED_EDGE ( 'NONE', *, *, #11116, .T. ) ;
#6966 = CARTESIAN_POINT ( 'NONE',  ( 2.622880895175928373, -10.00000000000000000, -47.31460686609772637 ) ) ;
#6967 = VECTOR ( 'NONE', #4124, 1000.000000000000114 ) ;
#6968 = VECTOR ( 'NONE', #575, 1000.000000000000000 ) ;
#6969 = VERTEX_POINT ( 'NONE', #3656 ) ;
#6970 = CARTESIAN_POINT ( 'NONE',  ( 43.18490419363104849, 10.00000000000000000, 15.55241692398320197 ) ) ;
#6971 = DIRECTION ( 'NONE',  ( 0.7561388950492472505, 0.000000000000000000, -0.6544111638669556363 ) ) ;
#6972 = ORIENTED_EDGE ( 'NONE', *, *, #6137, .F. ) ;
#6973 = EDGE_CURVE ( 'NONE', #1314, #10442, #12112, .T. ) ;
#6974 = ORIENTED_EDGE ( 'NONE', *, *, #12413, .F. ) ;
#6975 = DIRECTION ( 'NONE',  ( 0.000000000000000000, 1.000000000000000000, 0.000000000000000000 ) ) ;
#6977 = ORIENTED_EDGE ( 'NONE', *, *, #8287, .T. ) ;
#6976 = CARTESIAN_POINT ( 'NONE',  ( 0.000000000000000000, 9.000000000000007105, 8.000000000000000000 ) ) ;
#6978 = ORIENTED_EDGE ( 'NONE', *, *, #10191, .T. ) ;
#6979 = DIRECTION ( 'NONE',  ( 0.9954650415614805237, 0.000000000000000000, -0.09512807697520032912 ) ) ;
#6980 = VECTOR ( 'NONE', #5643, 1000.000000000000000 ) ;
#6981 = AXIS2_PLACEMENT_3D ( 'NONE', #8140, #12033, #3480 ) ;
#6982 = CARTESIAN_POINT ( 'NONE',  ( -20.37347321810641176, -10.00000000000000000, 41.85922843806455518 ) ) ;
#6983 = AXIS2_PLACEMENT_3D ( 'NONE', #2355, #2172, #1395 ) ;
#6984 = DIRECTION ( 'NONE',  ( 0.000000000000000000, 1.000000000000000000, 0.000000000000000000 ) ) ;
#6985 = ORIENTED_EDGE ( 'NONE', *, *, #7222, .F. ) ;
#6986 = VECTOR ( 'NONE', #1738, 1000.000000000000000 ) ;
#6988 = ORIENTED_EDGE ( 'NONE', *, *, #11456, .T. ) ;
#6987 = CARTESIAN_POINT ( 'NONE',  ( 46.12357170388332150, -10.00000000000000000, 6.315817419440308278 ) ) ;
#6989 = VECTOR ( 'NONE', #10597, 1000.000000000000000 ) ;
#6990 = ADVANCED_FACE ( 'NONE', ( #9516 ), #7658, .T. ) ;
#6991 = DIRECTION ( 'NONE',  ( 0.000000000000000000, 0.000000000000000000, 1.000000000000000000 ) ) ;
#6992 = VERTEX_POINT ( 'NONE', #3795 ) ;
#6993 = CARTESIAN_POINT ( 'NONE',  ( 27.11191122463445069, -20.23931917473915831, 42.60509675787089634 ) ) ;
#6994 = LINE ( 'NONE', #10906, #3185 ) ;
#6995 = EDGE_CURVE ( 'NONE', #2192, #2951, #6427, .T. ) ;
#6996 = CARTESIAN_POINT ( 'NONE',  ( 38.99960370005760524, -10.00000000000000000, 22.45063275808617931 ) ) ;
#6997 = CIRCLE ( 'NONE', #5337, 5.000000000000000888 ) ;
#6998 = AXIS2_PLACEMENT_3D ( 'NONE', #2415, #6338, #9378 ) ;
#6999 = VECTOR ( 'NONE', #11334, 1000.000000000000000 ) ;
#7000 = CIRCLE ( 'NONE', #9051, 0.4999999999999988898 ) ;
#7001 = VERTEX_POINT ( 'NONE', #5709 ) ;
#7002 = EDGE_LOOP ( 'NONE', ( #4448, #9159, #10811, #12022 ) ) ;
#7003 = CARTESIAN_POINT ( 'NONE',  ( 46.67040685671967282, -10.00000000000000000, -20.56387910459143598 ) ) ;
#7005 = VERTEX_POINT ( 'NONE', #12394 ) ;
#7004 = DIRECTION ( 'NONE',  ( 0.000000000000000000, 1.000000000000000000, 0.000000000000000000 ) ) ;
#7006 = CARTESIAN_POINT ( 'NONE',  ( 5.817177892307668685, -10.00000000000000000, 44.62242083716712671 ) ) ;
#7007 = VERTEX_POINT ( 'NONE', #2762 ) ;
#7008 = CARTESIAN_POINT ( 'NONE',  ( 0.000000000000000000, 10.00000000000000000, 0.000000000000000000 ) ) ;
#7009 = VECTOR ( 'NONE', #2163, 1000.000000000000000 ) ;
#7010 = EDGE_CURVE ( 'NONE', #1337, #10040, #8566, .T. ) ;
#7011 = CIRCLE ( 'NONE', #463, 0.5000000000000004441 ) ;
#7012 = CIRCLE ( 'NONE', #7626, 5.000000000000004441 ) ;
#7013 = CARTESIAN_POINT ( 'NONE',  ( 6.658138915334456343, 10.00000000000000000, 46.91716864078404825 ) ) ;
#7014 = CARTESIAN_POINT ( 'NONE',  ( -2.803801697542733784, 10.00000000000000000, -46.46947506094542035 ) ) ;
#7015 = EDGE_CURVE ( 'NONE', #876, #4108, #5649, .T. ) ;
#7016 = DIRECTION ( 'NONE',  ( -0.5555702330196077288, 0.000000000000000000, -0.8314696123025416830 ) ) ;
#7017 = EDGE_CURVE ( 'NONE', #10710, #818, #5505, .T. ) ;
#7018 = ORIENTED_EDGE ( 'NONE', *, *, #2419, .T. ) ;
#7019 = ORIENTED_EDGE ( 'NONE', *, *, #11061, .F. ) ;
#7020 = CARTESIAN_POINT ( 'NONE',  ( -42.99252106000900397, -10.00000000000000000, 26.79583779944188393 ) ) ;
#7021 = CIRCLE ( 'NONE', #1477, 5.000000000000004441 ) ;
#7022 = VECTOR ( 'NONE', #1118, 1000.000000000000000 ) ;
#7023 = VECTOR ( 'NONE', #7308, 1000.000000000000000 ) ;
#7024 = DIRECTION ( 'NONE',  ( 0.000000000000000000, 0.000000000000000000, 1.000000000000000000 ) ) ;
#7025 = DIRECTION ( 'NONE',  ( 0.000000000000000000, 0.000000000000000000, 1.000000000000000000 ) ) ;
#7026 = VERTEX_POINT ( 'NONE', #9579 ) ;
#7027 = EDGE_LOOP ( 'NONE', ( #6403, #9436, #7682, #11841 ) ) ;
#7028 = DIRECTION ( 'NONE',  ( -0.000000000000000000, -1.000000000000000000, -0.000000000000000000 ) ) ;
#7029 = CARTESIAN_POINT ( 'NONE',  ( -22.51666049839539951, -5.000000000000000000, 13.00000000000001066 ) ) ;
#7030 = EDGE_CURVE ( 'NONE', #5471, #3665, #829, .T. ) ;
#7031 = DIRECTION ( 'NONE',  ( 0.000000000000000000, 1.000000000000000000, 0.000000000000000000 ) ) ;
#7032 = CARTESIAN_POINT ( 'NONE',  ( -29.46558707621439765, -20.23931917473913700, -41.20865162466911613 ) ) ;
#7033 = AXIS2_PLACEMENT_3D ( 'NONE', #1170, #1946, #9834 ) ;
#7034 = DIRECTION ( 'NONE',  ( 0.000000000000000000, 1.000000000000000000, 0.000000000000000000 ) ) ;
#7035 = CIRCLE ( 'NONE', #4348, 44.99999999999999289 ) ;
#7036 = EDGE_CURVE ( 'NONE', #8266, #8342, #5451, .T. ) ;
#7037 = ORIENTED_EDGE ( 'NONE', *, *, #3606, .T. ) ;
#7038 = CARTESIAN_POINT ( 'NONE',  ( -20.86000496748325617, 10.00000000000000000, 46.16528980983320452 ) ) ;
#7039 = VECTOR ( 'NONE', #12227, 999.9999999999998863 ) ;
#7040 = DATE_AND_TIME ( #7997, #10516 ) ;
#7041 = EDGE_CURVE ( 'NONE', #11788, #5469, #224, .T. ) ;
#7042 = DIRECTION ( 'NONE',  ( 0.000000000000000000, 0.000000000000000000, 1.000000000000000000 ) ) ;
#7043 = AXIS2_PLACEMENT_3D ( 'NONE', #6042, #6105, #10019 ) ;
#7044 = ORIENTED_EDGE ( 'NONE', *, *, #2082, .F. ) ;
#7045 = ORIENTED_EDGE ( 'NONE', *, *, #7592, .F. ) ;
#7046 = DIRECTION ( 'NONE',  ( 0.000000000000000000, 0.000000000000000000, 1.000000000000000000 ) ) ;
#7047 = DIRECTION ( 'NONE',  ( 0.2930610956196625372, 0.000000000000000000, 0.9560937162403082556 ) ) ;
#7048 = VECTOR ( 'NONE', #3031, 1000.000000000000000 ) ;
#7049 = ORIENTED_EDGE ( 'NONE', *, *, #1697, .F. ) ;
#7050 = DIRECTION ( 'NONE',  ( 3.053113317719179855E-14, 0.000000000000000000, 1.000000000000000000 ) ) ;
#7051 = VERTEX_POINT ( 'NONE', #4750 ) ;
#7052 = AXIS2_PLACEMENT_3D ( 'NONE', #3436, #9298, #5169 ) ;
#7053 = DIRECTION ( 'NONE',  ( 0.000000000000000000, 1.000000000000000000, 0.000000000000000000 ) ) ;
#7054 = ADVANCED_FACE ( 'NONE', ( #8695 ), #6545, .T. ) ;
#7055 = DIRECTION ( 'NONE',  ( 0.000000000000000000, 1.000000000000000000, 0.000000000000000000 ) ) ;
#7056 = AXIS2_PLACEMENT_3D ( 'NONE', #6799, #10356, #1559 ) ;
#7057 = CIRCLE ( 'NONE', #9930, 0.5000000000000004441 ) ;
#7058 = ORIENTED_EDGE ( 'NONE', *, *, #3411, .F. ) ;
#7060 = ORIENTED_EDGE ( 'NONE', *, *, #10079, .T. ) ;
#7059 = DIRECTION ( 'NONE',  ( -0.6544111638669369846, 0.000000000000000000, 0.7561388950492633487 ) ) ;
#7061 = CARTESIAN_POINT ( 'NONE',  ( -41.85922843806448412, 10.00000000000000000, -20.37347321810655743 ) ) ;
#7062 = ORIENTED_EDGE ( 'NONE', *, *, #8659, .T. ) ;
#7063 = DIRECTION ( 'NONE',  ( 0.000000000000000000, 1.000000000000000000, 0.000000000000000000 ) ) ;
#7064 = DIRECTION ( 'NONE',  ( 0.000000000000000000, 0.000000000000000000, 1.000000000000000000 ) ) ;
#7065 = EDGE_CURVE ( 'NONE', #10601, #4841, #3533, .T. ) ;
#7066 = CARTESIAN_POINT ( 'NONE',  ( 3.198396408832238080E-15, -5.000000000000000000, 34.00000000000000000 ) ) ;
#7067 = VECTOR ( 'NONE', #1362, 1000.000000000000000 ) ;
#7068 = VECTOR ( 'NONE', #11346, 1000.000000000000000 ) ;
#7069 = CIRCLE ( 'NONE', #10754, 50.99999999999999289 ) ;
#7070 = EDGE_CURVE ( 'NONE', #11862, #11319, #5983, .T. ) ;
#7071 = ORIENTED_EDGE ( 'NONE', *, *, #2791, .T. ) ;
#7072 = CARTESIAN_POINT ( 'NONE',  ( -41.76183427908555501, 10.00000000000000000, -29.27369463607546862 ) ) ;
#7074 = ORIENTED_EDGE ( 'NONE', *, *, #3856, .F. ) ;
#7073 = CARTESIAN_POINT ( 'NONE',  ( 1.127393218865628155, -18.55636363116340704, 50.48741412005625051 ) ) ;
#7075 = CYLINDRICAL_SURFACE ( 'NONE', #7043, 50.99999999999999289 ) ;
#7076 = ORIENTED_EDGE ( 'NONE', *, *, #11939, .F. ) ;
#7077 = AXIS2_PLACEMENT_3D ( 'NONE', #1354, #7193, #11284 ) ;
#7078 = AXIS2_PLACEMENT_3D ( 'NONE', #2593, #10316, #6393 ) ;
#7079 = DIRECTION ( 'NONE',  ( 0.000000000000000000, 0.000000000000000000, 1.000000000000000000 ) ) ;
#7080 = LINE ( 'NONE', #7139, #9362 ) ;
#7081 = ORIENTED_EDGE ( 'NONE', *, *, #12128, .F. ) ;
#7082 = CARTESIAN_POINT ( 'NONE',  ( 1.347111479062088010E-15, 10.00000000000000000, 10.99999999999999645 ) ) ;
#7083 = DIRECTION ( 'NONE',  ( 0.000000000000000000, 0.000000000000000000, 1.000000000000000000 ) ) ;
#7084 = EDGE_CURVE ( 'NONE', #6899, #10326, #7725, .T. ) ;
#7085 = ORIENTED_EDGE ( 'NONE', *, *, #10592, .T. ) ;
#7086 = ORIENTED_EDGE ( 'NONE', *, *, #129, .T. ) ;
#7087 = DIRECTION ( 'NONE',  ( 0.000000000000000000, 0.000000000000000000, -1.000000000000000000 ) ) ;
#7088 = EDGE_CURVE ( 'NONE', #2659, #9545, #11487, .T. ) ;
#7089 = CIRCLE ( 'NONE', #1541, 0.5000000000000004441 ) ;
#7090 = AXIS2_PLACEMENT_3D ( 'NONE', #7472, #8511, #2449 ) ;
#7091 = ADVANCED_FACE ( 'NONE', ( #1673 ), #5582, .T. ) ;
#7092 = CARTESIAN_POINT ( 'NONE',  ( 44.62242083716721197, 10.00000000000000000, 5.817177892306886200 ) ) ;
#7093 = EDGE_CURVE ( 'NONE', #10458, #11687, #442, .T. ) ;
#7094 = EDGE_CURVE ( 'NONE', #11434, #1940, #9774, .T. ) ;
#7095 = FACE_OUTER_BOUND ( 'NONE', #5105, .T. ) ;
#7096 = ORIENTED_EDGE ( 'NONE', *, *, #8495, .T. ) ;
#7097 = VERTEX_POINT ( 'NONE', #72 ) ;
#7098 = DIRECTION ( 'NONE',  ( 0.000000000000000000, 1.000000000000000000, 0.000000000000000000 ) ) ;
#7099 = CARTESIAN_POINT ( 'NONE',  ( -34.66838806764704373, -20.42202547882114061, 36.93882319809801373 ) ) ;
#7100 = CIRCLE ( 'NONE', #2360, 4.999999999999998224 ) ;
#7101 = FACE_OUTER_BOUND ( 'NONE', #10824, .T. ) ;
#7102 = VECTOR ( 'NONE', #10859, 1000.000000000000227 ) ;
#7103 = CARTESIAN_POINT ( 'NONE',  ( 0.000000000000000000, 10.00000000000000000, 0.000000000000000000 ) ) ;
#7104 = DIRECTION ( 'NONE',  ( 0.000000000000000000, 1.000000000000000000, 0.000000000000000000 ) ) ;
#7105 = EDGE_LOOP ( 'NONE', ( #10049, #10928, #1013, #7430 ) ) ;
#7106 = ORIENTED_EDGE ( 'NONE', *, *, #1489, .F. ) ;
#7107 = CARTESIAN_POINT ( 'NONE',  ( -28.14833299833691527, 10.00000000000000000, 37.08024765038265258 ) ) ;
#7108 = CALENDAR_DATE ( 2026, 8, 8 ) ;
#7109 = CIRCLE ( 'NONE', #8755, 4.999999999999999112 ) ;
#7110 = EDGE_CURVE ( 'NONE', #6731, #10006, #5549, .T. ) ;
#7111 = ORIENTED_EDGE ( 'NONE', *, *, #1596, .T. ) ;
#7112 = DIRECTION ( 'NONE',  ( 0.000000000000000000, 1.000000000000000000, 0.000000000000000000 ) ) ;
#7113 = VERTEX_POINT ( 'NONE', #2952 ) ;
#7114 = ORIENTED_EDGE ( 'NONE', *, *, #3666, .T. ) ;
#7115 = ORIENTED_EDGE ( 'NONE', *, *, #2046, .F. ) ;
#7116 = CARTESIAN_POINT ( 'NONE',  ( 2.803801697542734228, -18.55636363116340704, 46.46947506094542035 ) ) ;
#7117 = ORIENTED_EDGE ( 'NONE', *, *, #8276, .T. ) ;
#7118 = CARTESIAN_POINT ( 'NONE',  ( 44.00516535263770379, -19.69863090235031322, -15.19272321494687539 ) ) ;
#7119 = AXIS2_PLACEMENT_3D ( 'NONE', #9415, #4505, #1444 ) ;
#7120 = EDGE_CURVE ( 'NONE', #5945, #4186, #2818, .T. ) ;
#7121 = LINE ( 'NONE', #11079, #8935 ) ;
#7122 = DIRECTION ( 'NONE',  ( 0.000000000000000000, 0.000000000000000000, 1.000000000000000000 ) ) ;
#7123 = ORIENTED_EDGE ( 'NONE', *, *, #1265, .F. ) ;
#7125 = EDGE_LOOP ( 'NONE', ( #11508, #6043, #3818, #4216 ) ) ;
#7124 = DIRECTION ( 'NONE',  ( 0.000000000000000000, 1.000000000000000000, 0.000000000000000000 ) ) ;
#7126 = DIRECTION ( 'NONE',  ( 0.000000000000000000, 0.000000000000000000, 1.000000000000000000 ) ) ;
#7127 = EDGE_CURVE ( 'NONE', #11251, #10464, #10689, .T. ) ;
#7128 = VERTEX_POINT ( 'NONE', #12660 ) ;
#7129 = DIRECTION ( 'NONE',  ( 0.3826834323651004399, 0.000000000000000000, 0.9238795325112824086 ) ) ;
#7130 = CARTESIAN_POINT ( 'NONE',  ( -35.24837783041238026, -20.42202547882114061, -36.85853849957283046 ) ) ;
#7131 = CARTESIAN_POINT ( 'NONE',  ( 42.63013842481645099, 10.00000000000000000, -14.41080490052473095 ) ) ;
#7132 = VERTEX_POINT ( 'NONE', #188 ) ;
#7134 = VERTEX_POINT ( 'NONE', #4941 ) ;
#7133 = DIRECTION ( 'NONE',  ( -0.000000000000000000, -1.000000000000000000, -0.000000000000000000 ) ) ;
#7135 = EDGE_CURVE ( 'NONE', #10081, #8781, #3, .T. ) ;
#7136 = CARTESIAN_POINT ( 'NONE',  ( -41.35240453125117455, -20.23931917473914410, 29.48669762983973186 ) ) ;
#7137 = VERTEX_POINT ( 'NONE', #906 ) ;
#7138 = CARTESIAN_POINT ( 'NONE',  ( 45.89377128388432681, -10.00000000000000000, -11.80310486381340951 ) ) ;
#7139 = CARTESIAN_POINT ( 'NONE',  ( 29.46558707621469964, 10.00000000000000000, 41.20865162466889586 ) ) ;
#7140 = ORIENTED_EDGE ( 'NONE', *, *, #488, .T. ) ;
#7141 = CARTESIAN_POINT ( 'NONE',  ( 36.85853849957318573, -20.42202547882114061, 35.24837783041200368 ) ) ;
#7142 = DIRECTION ( 'NONE',  ( 0.9922778767136677391, 0.000000000000000000, -0.1240347345892082037 ) ) ;
#7143 = VERTEX_POINT ( 'NONE', #5064 ) ;
#7144 = ORIENTED_EDGE ( 'NONE', *, *, #4874, .T. ) ;
#7145 = DIRECTION ( 'NONE',  ( 0.000000000000000000, 0.000000000000000000, -1.000000000000000000 ) ) ;
#7146 = DIRECTION ( 'NONE',  ( -0.07193236855371894223, 0.000000000000000000, 0.9974095118627313017 ) ) ;
#7147 = DIRECTION ( 'NONE',  ( 0.000000000000000000, 1.000000000000000000, 0.000000000000000000 ) ) ;
#7148 = ORIENTED_EDGE ( 'NONE', *, *, #7631, .T. ) ;
#7149 = VERTEX_POINT ( 'NONE', #2882 ) ;
#7150 = CARTESIAN_POINT ( 'NONE',  ( -31.60182249696955026, -10.00000000000000000, 35.31113623141698099 ) ) ;
#7151 = CARTESIAN_POINT ( 'NONE',  ( 11.81567228767916866, -19.06525438257988725, -45.02958255179745350 ) ) ;
#7152 = EDGE_CURVE ( 'NONE', #4394, #1284, #3979, .T. ) ;
#7153 = DIRECTION ( 'NONE',  ( 0.000000000000000000, 1.000000000000000000, 0.000000000000000000 ) ) ;
#7154 = CARTESIAN_POINT ( 'NONE',  ( -23.48578117747874927, 10.00000000000000000, 40.19566517527178462 ) ) ;
#7155 = PLANE ( 'NONE',  #10045 ) ;
#7156 = ADVANCED_FACE ( 'NONE', ( #7847 ), #4039, .T. ) ;
#7157 = EDGE_CURVE ( 'NONE', #1253, #3324, #4821, .T. ) ;
#7158 = ORIENTED_EDGE ( 'NONE', *, *, #5540, .T. ) ;
#7159 = DIRECTION ( 'NONE',  ( 0.000000000000000000, 0.000000000000000000, 1.000000000000000000 ) ) ;
#7160 = CARTESIAN_POINT ( 'NONE',  ( 18.27912140669922536, -19.69863090235029901, 47.57572326156178377 ) ) ;
#7161 = ORIENTED_EDGE ( 'NONE', *, *, #5099, .F. ) ;
#7162 = DIRECTION ( 'NONE',  ( 0.000000000000000000, 1.000000000000000000, 0.000000000000000000 ) ) ;
#7163 = ORIENTED_EDGE ( 'NONE', *, *, #6746, .F. ) ;
#7164 = ORIENTED_EDGE ( 'NONE', *, *, #10896, .T. ) ;
#7165 = EDGE_LOOP ( 'NONE', ( #11325, #9741, #7995, #3952 ) ) ;
#7166 = LINE ( 'NONE', #10371, #8070 ) ;
#7167 = ORIENTED_EDGE ( 'NONE', *, *, #11390, .F. ) ;
#7168 = DIRECTION ( 'NONE',  ( 0.000000000000000000, 1.000000000000000000, 0.000000000000000000 ) ) ;
#7169 = EDGE_CURVE ( 'NONE', #11454, #12675, #1026, .T. ) ;
#7170 = CARTESIAN_POINT ( 'NONE',  ( -45.02958255179724745, -10.00000000000000000, 11.81567228767996447 ) ) ;
#7171 = DIRECTION ( 'NONE',  ( 0.000000000000000000, 0.000000000000000000, 1.000000000000000000 ) ) ;
#7172 = DIRECTION ( 'NONE',  ( 0.8692791828944256283, 0.000000000000000000, 0.4943214563281665974 ) ) ;
#7173 = VERTEX_POINT ( 'NONE', #11625 ) ;
#7175 = ORIENTED_EDGE ( 'NONE', *, *, #2017, .F. ) ;
#7174 = CARTESIAN_POINT ( 'NONE',  ( -20.86000496748357946, -19.69863090235027414, -46.16528980983308372 ) ) ;
#7176 = DIRECTION ( 'NONE',  ( -0.000000000000000000, -1.000000000000000000, -0.000000000000000000 ) ) ;
#7177 = ORIENTED_EDGE ( 'NONE', *, *, #10842, .T. ) ;
#7178 = DIRECTION ( 'NONE',  ( 0.000000000000000000, 0.000000000000000000, 1.000000000000000000 ) ) ;
#7179 = AXIS2_PLACEMENT_3D ( 'NONE', #4629, #6694, #1684 ) ;
#7180 = DIRECTION ( 'NONE',  ( 0.000000000000000000, 0.000000000000000000, 1.000000000000000000 ) ) ;
#7181 = VECTOR ( 'NONE', #12654, 1000.000000000000000 ) ;
#7182 = CC_DESIGN_DATE_AND_TIME_ASSIGNMENT ( #6770, #12685, ( #1065 ) ) ;
#7183 = FACE_OUTER_BOUND ( 'NONE', #513, .T. ) ;
#7184 = CIRCLE ( 'NONE', #1645, 50.99999999999999289 ) ;
#7185 = AXIS2_PLACEMENT_3D ( 'NONE', #10481, #6502, #9535 ) ;
#7186 = VERTEX_POINT ( 'NONE', #6812 ) ;
#7187 = AXIS2_PLACEMENT_3D ( 'NONE', #9117, #6094, #1274 ) ;
#7189 = EDGE_LOOP ( 'NONE', ( #1452, #7507, #12108, #12064 ) ) ;
#7188 = LINE ( 'NONE', #5974, #238 ) ;
#7190 = ADVANCED_FACE ( 'NONE', ( #9826 ), #5781, .F. ) ;
#7191 = CARTESIAN_POINT ( 'NONE',  ( 41.35240453125097559, 10.00000000000000000, -28.98669762984002318 ) ) ;
#7192 = ORIENTED_EDGE ( 'NONE', *, *, #1934, .T. ) ;
#7193 = DIRECTION ( 'NONE',  ( 0.8939589078457531590, 0.000000000000000000, -0.4481489385050781427 ) ) ;
#7194 = DIRECTION ( 'NONE',  ( -0.4481489385050624330, 0.000000000000000000, 0.8939589078457610416 ) ) ;
#7195 = EDGE_LOOP ( 'NONE', ( #40, #4541, #5225, #2857 ) ) ;
#7196 = CARTESIAN_POINT ( 'NONE',  ( 44.54739544167654230, -10.00000000000000000, 11.06088521563204097 ) ) ;
#7197 = VERTEX_POINT ( 'NONE', #10845 ) ;
#7198 = AXIS2_PLACEMENT_3D ( 'NONE', #2009, #2195, #10996 ) ;
#7199 = DIRECTION ( 'NONE',  ( 0.000000000000000000, 0.000000000000000000, 1.000000000000000000 ) ) ;
#7200 = CARTESIAN_POINT ( 'NONE',  ( 0.000000000000000000, 10.00000000000000000, 0.000000000000000000 ) ) ;
#7201 = AXIS2_PLACEMENT_3D ( 'NONE', #9922, #7028, #7936 ) ;
#7202 = AXIS2_PLACEMENT_3D ( 'NONE', #3951, #42, #9862 ) ;
#7203 = EDGE_LOOP ( 'NONE', ( #123, #3179, #2067, #12207 ) ) ;
#7204 = DIRECTION ( 'NONE',  ( 0.000000000000000000, 0.000000000000000000, 1.000000000000000000 ) ) ;
#7205 = ORIENTED_EDGE ( 'NONE', *, *, #8996, .F. ) ;
#7206 = CARTESIAN_POINT ( 'NONE',  ( 50.63394466786609627, -10.00000000000000000, 1.605440076985251263 ) ) ;
#7207 = AXIS2_PLACEMENT_3D ( 'NONE', #8544, #8470, #4524 ) ;
#7208 = DIRECTION ( 'NONE',  ( 0.8314696123025464569, 0.000000000000000000, 0.5555702330196002903 ) ) ;
#7209 = LINE ( 'NONE', #11302, #8272 ) ;
#7210 = AXIS2_PLACEMENT_3D ( 'NONE', #3850, #11748, #5855 ) ;
#7211 = AXIS2_PLACEMENT_3D ( 'NONE', #6227, #2055, #10151 ) ;
#7212 = VERTEX_POINT ( 'NONE', #7917 ) ;
#7213 = ORIENTED_EDGE ( 'NONE', *, *, #3789, .T. ) ;
#7214 = CARTESIAN_POINT ( 'NONE',  ( -40.19566517527153593, -10.00000000000000000, 23.48578117747916849 ) ) ;
#7215 = CARTESIAN_POINT ( 'NONE',  ( 49.78546187191635397, -19.06525438257988725, 11.06380523147264050 ) ) ;
#7216 = DIRECTION ( 'NONE',  ( 0.09512807697518249617, 0.000000000000000000, -0.9954650415614823000 ) ) ;
#7217 = CARTESIAN_POINT ( 'NONE',  ( 0.000000000000000000, -10.00000000000000000, 0.000000000000000000 ) ) ;
#7218 = CARTESIAN_POINT ( 'NONE',  ( 46.67040685671967992, -19.69863090235031322, -20.56387910459143953 ) ) ;
#7219 = VERTEX_POINT ( 'NONE', #8942 ) ;
#7220 = AXIS2_PLACEMENT_3D ( 'NONE', #1513, #2346, #9166 ) ;
#7221 = VERTEX_POINT ( 'NONE', #1996 ) ;
#7222 = EDGE_CURVE ( 'NONE', #3924, #5005, #4331, .T. ) ;
#7223 = CARTESIAN_POINT ( 'NONE',  ( 0.000000000000000000, -10.00000000000000000, 0.000000000000000000 ) ) ;
#7224 = AXIS2_PLACEMENT_3D ( 'NONE', #8075, #3041, #8910 ) ;
#7225 = AXIS2_PLACEMENT_3D ( 'NONE', #8863, #1084, #5055 ) ;
#7226 = PERSON_AND_ORGANIZATION ( #8145, #4988 ) ;
#7227 = EDGE_CURVE ( 'NONE', #4196, #11750, #11812, .T. ) ;
#7228 = DIRECTION ( 'NONE',  ( 0.000000000000000000, 1.000000000000000000, 0.000000000000000000 ) ) ;
#7229 = CARTESIAN_POINT ( 'NONE',  ( -49.34782179739789143, -10.00000000000000000, 11.45278456627808872 ) ) ;
#7230 = VERTEX_POINT ( 'NONE', #4879 ) ;
#7231 = ORIENTED_EDGE ( 'NONE', *, *, #7030, .F. ) ;
#7232 = ORIENTED_EDGE ( 'NONE', *, *, #4491, .T. ) ;
#7233 = DIRECTION ( 'NONE',  ( -0.9974095118627310796, 0.000000000000000000, -0.07193236855372239780 ) ) ;
#7234 = AXIS2_PLACEMENT_3D ( 'NONE', #2575, #7587, #1682 ) ;
#7235 = AXIS2_PLACEMENT_3D ( 'NONE', #9205, #2248, #1369 ) ;
#7236 = VERTEX_POINT ( 'NONE', #8813 ) ;
#7237 = PLANE ( 'NONE',  #4328 ) ;
#7238 = CARTESIAN_POINT ( 'NONE',  ( 37.88346327708572403, -20.23931917473915831, -28.46743292285691851 ) ) ;
#7239 = AXIS2_PLACEMENT_3D ( 'NONE', #11976, #1256, #301 ) ;
#7240 = ORIENTED_EDGE ( 'NONE', *, *, #5562, .T. ) ;
#7241 = CARTESIAN_POINT ( 'NONE',  ( -36.92360935593679727, -20.23931917473914410, 27.26647565272543261 ) ) ;
#7242 = CARTESIAN_POINT ( 'NONE',  ( 34.66838806764755532, -10.00000000000000000, 36.93882319809753056 ) ) ;
#7243 = AXIS2_PLACEMENT_3D ( 'NONE', #837, #7526, #2822 ) ;
#7244 = ADVANCED_FACE ( 'NONE', ( #5913 ), #2054, .T. ) ;
#7245 = VECTOR ( 'NONE', #7395, 1000.000000000000000 ) ;
#7246 = VERTEX_POINT ( 'NONE', #7003 ) ;
#7247 = EDGE_CURVE ( 'NONE', #227, #3924, #2121, .T. ) ;
#7249 = ORIENTED_EDGE ( 'NONE', *, *, #10301, .F. ) ;
#7248 = LINE ( 'NONE', #12362, #243 ) ;
#7250 = EDGE_CURVE ( 'NONE', #8794, #794, #3717, .T. ) ;
#7251 = CARTESIAN_POINT ( 'NONE',  ( 6.315817419440146629, -19.06525438257988725, -46.12357170388334282 ) ) ;
#7252 = ORIENTED_EDGE ( 'NONE', *, *, #6047, .F. ) ;
#7253 = AXIS2_PLACEMENT_3D ( 'NONE', #4064, #1063, #3039 ) ;
#7254 = FACE_OUTER_BOUND ( 'NONE', #9010, .T. ) ;
#7255 = DIRECTION ( 'NONE',  ( 0.000000000000000000, 0.000000000000000000, 1.000000000000000000 ) ) ;
#7256 = DIRECTION ( 'NONE',  ( 0.7561388950492587968, -0.000000000000000000, 0.6544111638669424247 ) ) ;
#7257 = AXIS2_PLACEMENT_3D ( 'NONE', #8372, #532, #12149 ) ;
#7258 = ORIENTED_EDGE ( 'NONE', *, *, #3311, .T. ) ;
#7259 = EDGE_CURVE ( 'NONE', #11454, #2711, #607, .T. ) ;
#7261 = VERTEX_POINT ( 'NONE', #4512 ) ;
#7260 = LINE ( 'NONE', #9317, #2286 ) ;
#7262 = CARTESIAN_POINT ( 'NONE',  ( 41.35240453125157956, -20.23931917473911923, 29.48669762983915277 ) ) ;
#7263 = VERTEX_POINT ( 'NONE', #3142 ) ;
#7264 = CYLINDRICAL_SURFACE ( 'NONE', #1951, 5.000000000000000888 ) ;
#7265 = CARTESIAN_POINT ( 'NONE',  ( 35.66618230193946459, -10.00000000000000000, -27.43945043190223387 ) ) ;
#7266 = AXIS2_PLACEMENT_3D ( 'NONE', #4221, #8217, #7255 ) ;
#7267 = VERTEX_POINT ( 'NONE', #3438 ) ;
#7268 = CARTESIAN_POINT ( 'NONE',  ( 46.21285384832046361, -19.69863090235031322, -20.36227244670330094 ) ) ;
#7269 = ORIENTED_EDGE ( 'NONE', *, *, #11848, .T. ) ;
#7270 = LINE ( 'NONE', #4292, #1236 ) ;
#7271 = CARTESIAN_POINT ( 'NONE',  ( -28.46743292285652061, -20.23931917473913700, -37.88346327708603667 ) ) ;
#7272 = EDGE_CURVE ( 'NONE', #12479, #596, #9265, .T. ) ;
#7273 = LINE ( 'NONE', #9077, #6473 ) ;
#7274 = VECTOR ( 'NONE', #321, 1000.000000000000000 ) ;
#7275 = AXIS2_PLACEMENT_3D ( 'NONE', #2102, #4990, #6022 ) ;
#7276 = DIRECTION ( 'NONE',  ( 0.000000000000000000, 1.000000000000000000, 0.000000000000000000 ) ) ;
#7277 = CARTESIAN_POINT ( 'NONE',  ( 42.99252106000938056, -10.00000000000000000, 26.79583779944128352 ) ) ;
#7278 = LINE ( 'NONE', #9336, #9486 ) ;
#7279 = ORIENTED_EDGE ( 'NONE', *, *, #5739, .F. ) ;
#7280 = DIRECTION ( 'NONE',  ( 0.000000000000000000, 0.000000000000000000, 1.000000000000000000 ) ) ;
#7281 = DIRECTION ( 'NONE',  ( 0.000000000000000000, 1.000000000000000000, 0.000000000000000000 ) ) ;
#7282 = EDGE_CURVE ( 'NONE', #4823, #8146, #11263, .T. ) ;
#7283 = DIRECTION ( 'NONE',  ( -0.000000000000000000, -1.000000000000000000, -0.000000000000000000 ) ) ;
#7284 = DIRECTION ( 'NONE',  ( 0.5555702330195975147, 0.000000000000000000, -0.8314696123025485663 ) ) ;
#7285 = VERTEX_POINT ( 'NONE', #6332 ) ;
#7286 = CARTESIAN_POINT ( 'NONE',  ( -17.89353851188256428, 10.00000000000000000, -47.39404044806786942 ) ) ;
#7287 = CIRCLE ( 'NONE', #510, 5.000000000000004441 ) ;
#7288 = AXIS2_PLACEMENT_3D ( 'NONE', #11022, #3377, #4271 ) ;
#7289 = ORIENTED_EDGE ( 'NONE', *, *, #3219, .T. ) ;
#7290 = DIRECTION ( 'NONE',  ( 0.000000000000000000, 1.000000000000000000, 0.000000000000000000 ) ) ;
#7291 = PERSON_AND_ORGANIZATION ( #8145, #4988 ) ;
#7292 = CARTESIAN_POINT ( 'NONE',  ( -11.45278456627792352, -10.00000000000000000, -49.34782179739794117 ) ) ;
#7293 = CARTESIAN_POINT ( 'NONE',  ( 41.76183427908514290, -20.23931917473915831, -29.27369463607605127 ) ) ;
#7294 = EDGE_LOOP ( 'NONE', ( #4792, #4302, #7949, #9724 ) ) ;
#7295 = AXIS2_PLACEMENT_3D ( 'NONE', #8637, #7789, #11694 ) ;
#7296 = ORIENTED_EDGE ( 'NONE', *, *, #2264, .F. ) ;
#7297 = VERTEX_POINT ( 'NONE', #7072 ) ;
#7298 = DIRECTION ( 'NONE',  ( 0.000000000000000000, 0.000000000000000000, 1.000000000000000000 ) ) ;
#7299 = ADVANCED_FACE ( 'NONE', ( #679 ), #12000, .T. ) ;
#7300 = VERTEX_POINT ( 'NONE', #9301 ) ;
#7301 = DIRECTION ( 'NONE',  ( 0.000000000000000000, 1.000000000000000000, 0.000000000000000000 ) ) ;
#7302 = CARTESIAN_POINT ( 'NONE',  ( -43.45187890507042283, -19.06525438257992278, -11.70188957472659474 ) ) ;
#7303 = VECTOR ( 'NONE', #2891, 1000.000000000000000 ) ;
#7304 = DIRECTION ( 'NONE',  ( -0.8805492600596844799, 0.000000000000000000, -0.4739546398215150891 ) ) ;
#7305 = CARTESIAN_POINT ( 'NONE',  ( -36.85853849957269546, -10.00000000000000000, 35.24837783041250816 ) ) ;
#7306 = CARTESIAN_POINT ( 'NONE',  ( 29.62769538921573442, -10.00000000000000000, 33.87033607633446763 ) ) ;
#7307 = VERTEX_POINT ( 'NONE', #12358 ) ;
#7309 = ORIENTED_EDGE ( 'NONE', *, *, #12083, .F. ) ;
#7308 = DIRECTION ( 'NONE',  ( 0.000000000000000000, 1.000000000000000000, 0.000000000000000000 ) ) ;
#7310 = AXIS2_PLACEMENT_3D ( 'NONE', #7449, #4672, #6481 ) ;
#7311 = CARTESIAN_POINT ( 'NONE',  ( 35.31113623141710178, 10.00000000000000000, 31.60182249696943302 ) ) ;
#7312 = ORIENTED_EDGE ( 'NONE', *, *, #4123, .T. ) ;
#7313 = DIRECTION ( 'NONE',  ( 0.000000000000000000, 0.000000000000000000, -1.000000000000000000 ) ) ;
#7314 = EDGE_CURVE ( 'NONE', #10666, #8713, #10898, .T. ) ;
#7315 = CARTESIAN_POINT ( 'NONE',  ( 15.68329018125459307, 10.00000000000000000, -44.71672993605663748 ) ) ;
#7316 = ADVANCED_FACE ( 'NONE', ( #10015 ), #7493, .T. ) ;
#7317 = EDGE_CURVE ( 'NONE', #8314, #10921, #12123, .T. ) ;
#7318 = DIRECTION ( 'NONE',  ( 0.000000000000000000, 0.000000000000000000, 1.000000000000000000 ) ) ;
#7319 = AXIS2_PLACEMENT_3D ( 'NONE', #9661, #7486, #5674 ) ;
#7320 = EDGE_CURVE ( 'NONE', #203, #10119, #6588, .T. ) ;
#7321 = ORIENTED_EDGE ( 'NONE', *, *, #213, .F. ) ;
#7322 = VERTEX_POINT ( 'NONE', #1521 ) ;
#7324 = ORIENTED_EDGE ( 'NONE', *, *, #9204, .F. ) ;
#7323 = DIRECTION ( 'NONE',  ( 0.4481489385050716479, 0.000000000000000000, 0.8939589078457564897 ) ) ;
#7325 = DIRECTION ( 'NONE',  ( 0.000000000000000000, 0.000000000000000000, 1.000000000000000000 ) ) ;
#7326 = ORIENTED_EDGE ( 'NONE', *, *, #5474, .T. ) ;
#7327 = CARTESIAN_POINT ( 'NONE',  ( -40.79785237731705649, 10.00000000000000000, 24.10574140080131045 ) ) ;
#7328 = PLANE ( 'NONE',  #7926 ) ;
#7329 = ORIENTED_EDGE ( 'NONE', *, *, #1648, .F. ) ;
#7330 = CARTESIAN_POINT ( 'NONE',  ( 0.000000000000000000, -10.00000000000000000, 0.000000000000000000 ) ) ;
#7331 = DIRECTION ( 'NONE',  ( 0.000000000000000000, 0.000000000000000000, 1.000000000000000000 ) ) ;
#7332 = EDGE_CURVE ( 'NONE', #2143, #2657, #3505, .T. ) ;
#7333 = CARTESIAN_POINT ( 'NONE',  ( -15.19272321494644196, 10.00000000000000000, -44.00516535263786722 ) ) ;
#7334 = CARTESIAN_POINT ( 'NONE',  ( 15.68329018125459307, -10.00000000000000000, -44.71672993605663748 ) ) ;
#7335 = CARTESIAN_POINT ( 'NONE',  ( 44.62242083716710539, -19.06525438257995830, -5.817177892307823228 ) ) ;
#7336 = DIRECTION ( 'NONE',  ( 0.000000000000000000, 1.000000000000000000, 0.000000000000000000 ) ) ;
#7337 = ORIENTED_EDGE ( 'NONE', *, *, #905, .F. ) ;
#7338 = DIRECTION ( 'NONE',  ( 0.000000000000000000, 0.000000000000000000, 1.000000000000000000 ) ) ;
#7339 = CARTESIAN_POINT ( 'NONE',  ( -49.29736910846613540, -19.06525438257992278, -10.95533655273307083 ) ) ;
#7340 = CYLINDRICAL_SURFACE ( 'NONE', #5434, 0.5000000000000004441 ) ;
#7341 = LINE ( 'NONE', #7154, #4346 ) ;
#7342 = CARTESIAN_POINT ( 'NONE',  ( 23.48578117747846150, -10.00000000000000000, -40.19566517527194094 ) ) ;
#7343 = EDGE_CURVE ( 'NONE', #9776, #8929, #556, .T. ) ;
#7344 = VERTEX_POINT ( 'NONE', #7306 ) ;
#7345 = LINE ( 'NONE', #10297, #12197 ) ;
#7346 = APPROVAL_ROLE ( '' ) ;
#7347 = DIRECTION ( 'NONE',  ( -0.000000000000000000, -1.000000000000000000, -0.000000000000000000 ) ) ;
#7348 = PLANE ( 'NONE',  #8453 ) ;
#7349 = ORIENTED_EDGE ( 'NONE', *, *, #6395, .T. ) ;
#7350 = ORIENTED_EDGE ( 'NONE', *, *, #12647, .F. ) ;
#7351 = ORIENTED_EDGE ( 'NONE', *, *, #11624, .T. ) ;
#7352 = LINE ( 'NONE', #11254, #6820 ) ;
#7353 = ADVANCED_FACE ( 'NONE', ( #5541 ), #11209, .T. ) ;
#7354 = EDGE_LOOP ( 'NONE', ( #5840, #1085, #3696, #8199 ) ) ;
#7355 = CARTESIAN_POINT ( 'NONE',  ( -50.63394466786607495, -18.55636363116341414, 1.605440076985956477 ) ) ;
#7356 = CARTESIAN_POINT ( 'NONE',  ( 18.27912140669922536, 10.00000000000000000, 47.07572326156178377 ) ) ;
#7357 = EDGE_LOOP ( 'NONE', ( #4972, #5165, #9452, #5066 ) ) ;
#7358 = CARTESIAN_POINT ( 'NONE',  ( -35.31113623141688151, -20.42202547882114061, -31.60182249696968171 ) ) ;
#7359 = CARTESIAN_POINT ( 'NONE',  ( -8.743875204153233938, -19.06525438257990857, 49.73725612068074042 ) ) ;
#7360 = EDGE_CURVE ( 'NONE', #10550, #6236, #8441, .T. ) ;
#7361 = DIRECTION ( 'NONE',  ( 0.09512807697518987915, 0.000000000000000000, -0.9954650415614816339 ) ) ;
#7362 = ORIENTED_EDGE ( 'NONE', *, *, #12507, .T. ) ;
#7364 = ORIENTED_EDGE ( 'NONE', *, *, #4851, .T. ) ;
#7363 = DIRECTION ( 'NONE',  ( 0.000000000000000000, 1.000000000000000000, 0.000000000000000000 ) ) ;
#7365 = DIRECTION ( 'NONE',  ( -0.9642112588246073424, 0.000000000000000000, -0.2651351511132880034 ) ) ;
#7366 = EDGE_LOOP ( 'NONE', ( #4267, #11882 ) ) ;
#7367 = ORIENTED_EDGE ( 'NONE', *, *, #4174, .T. ) ;
#7368 = CYLINDRICAL_SURFACE ( 'NONE', #11761, 40.00000000000000000 ) ;
#7369 = FACE_OUTER_BOUND ( 'NONE', #11501, .T. ) ;
#7370 = CARTESIAN_POINT ( 'NONE',  ( -28.98669762983958620, -20.23931917473913700, -41.35240453125129534 ) ) ;
#7371 = EDGE_CURVE ( 'NONE', #12397, #11936, #12317, .T. ) ;
#7372 = EDGE_CURVE ( 'NONE', #5364, #4997, #4453, .T. ) ;
#7373 = VECTOR ( 'NONE', #2700, 1000.000000000000000 ) ;
#7375 = ORIENTED_EDGE ( 'NONE', *, *, #3903, .T. ) ;
#7374 = DIRECTION ( 'NONE',  ( 0.000000000000000000, 1.000000000000000000, 0.000000000000000000 ) ) ;
#7376 = VECTOR ( 'NONE', #9668, 1000.000000000000000 ) ;
#7377 = CARTESIAN_POINT ( 'NONE',  ( -23.48578117747902283, 10.00000000000000000, -40.19566517527163541 ) ) ;
#7378 = DIRECTION ( 'NONE',  ( 0.000000000000000000, 0.000000000000000000, 1.000000000000000000 ) ) ;
#7379 = EDGE_CURVE ( 'NONE', #10254, #6366, #10320, .T. ) ;
#7380 = FACE_OUTER_BOUND ( 'NONE', #5641, .T. ) ;
#7381 = ORIENTED_EDGE ( 'NONE', *, *, #7084, .T. ) ;
#7382 = DIRECTION ( 'NONE',  ( -0.000000000000000000, 1.000000000000000000, -0.000000000000000000 ) ) ;
#7383 = LINE ( 'NONE', #5500, #7589 ) ;
#7384 = DIRECTION ( 'NONE',  ( 0.000000000000000000, 0.000000000000000000, 1.000000000000000000 ) ) ;
#7385 = VECTOR ( 'NONE', #83, 1000.000000000000000 ) ;
#7386 = AXIS2_PLACEMENT_3D ( 'NONE', #1883, #5800, #6631 ) ;
#7387 = AXIS2_PLACEMENT_3D ( 'NONE', #11920, #12648, #9761 ) ;
#7388 = DIRECTION ( 'NONE',  ( 0.000000000000000000, 0.000000000000000000, -1.000000000000000000 ) ) ;
#7389 = ORIENTED_EDGE ( 'NONE', *, *, #5039, .F. ) ;
#7390 = DIRECTION ( 'NONE',  ( 0.000000000000000000, 1.000000000000000000, 0.000000000000000000 ) ) ;
#7391 = EDGE_CURVE ( 'NONE', #8781, #10212, #3687, .T. ) ;
#7392 = CARTESIAN_POINT ( 'NONE',  ( -18.27912140669856456, 10.00000000000000000, 47.57572326156204667 ) ) ;
#7393 = EDGE_CURVE ( 'NONE', #11514, #354, #1260, .T. ) ;
#7394 = CYLINDRICAL_SURFACE ( 'NONE', #5327, 5.000000000000000888 ) ;
#7395 = DIRECTION ( 'NONE',  ( 0.000000000000000000, 1.000000000000000000, 0.000000000000000000 ) ) ;
#7396 = AXIS2_PLACEMENT_3D ( 'NONE', #12524, #12320, #10406 ) ;
#7397 = ADVANCED_FACE ( 'NONE', ( #12632 ), #5820, .T. ) ;
#7398 = AXIS2_PLACEMENT_3D ( 'NONE', #10938, #4965, #2145 ) ;
#7399 = CIRCLE ( 'NONE', #8250, 0.4999999999999952816 ) ;
#7400 = CARTESIAN_POINT ( 'NONE',  ( -49.73725612068064805, -10.00000000000000000, 8.743875204153765068 ) ) ;
#7401 = CARTESIAN_POINT ( 'NONE',  ( -46.46947506094542746, -10.00000000000000000, -2.803801697542571691 ) ) ;
#7402 = EDGE_LOOP ( 'NONE', ( #2111, #11621, #12002, #4179 ) ) ;
#7403 = CARTESIAN_POINT ( 'NONE',  ( 22.45063275808686143, -10.00000000000000000, 38.99960370005722865 ) ) ;
#7404 = ORIENTED_EDGE ( 'NONE', *, *, #5336, .T. ) ;
#7405 = LINE ( 'NONE', #3479, #6662 ) ;
#7406 = CIRCLE ( 'NONE', #9871, 5.000000000000000888 ) ;
#7407 = VECTOR ( 'NONE', #2181, 1000.000000000000000 ) ;
#7408 = AXIS2_PLACEMENT_3D ( 'NONE', #8036, #325, #7972 ) ;
#7409 = DIRECTION ( 'NONE',  ( -0.000000000000000000, -1.000000000000000000, -0.000000000000000000 ) ) ;
#7410 = EDGE_CURVE ( 'NONE', #277, #11474, #8535, .T. ) ;
#7411 = CARTESIAN_POINT ( 'NONE',  ( -20.37347321810671019, -19.69863090235027414, -41.85922843806442017 ) ) ;
#7412 = ORIENTED_EDGE ( 'NONE', *, *, #5284, .F. ) ;
#7413 = ORIENTED_EDGE ( 'NONE', *, *, #11571, .F. ) ;
#7414 = ORIENTED_EDGE ( 'NONE', *, *, #3482, .F. ) ;
#7415 = CARTESIAN_POINT ( 'NONE',  ( -20.52974213179077978, -10.00000000000000000, 42.70926380875506112 ) ) ;
#7416 = VERTEX_POINT ( 'NONE', #6648 ) ;
#7417 = CARTESIAN_POINT ( 'NONE',  ( -20.37347321810671019, -19.69863090235027414, -41.85922843806442017 ) ) ;
#7418 = AXIS2_PLACEMENT_3D ( 'NONE', #12027, #2080, #8965 ) ;
#7419 = CYLINDRICAL_SURFACE ( 'NONE', #10997, 5.000000000000000888 ) ;
#7420 = VECTOR ( 'NONE', #1967, 1000.000000000000114 ) ;
#7421 = DIRECTION ( 'NONE',  ( 0.000000000000000000, 1.000000000000000000, 0.000000000000000000 ) ) ;
#7422 = DIRECTION ( 'NONE',  ( 0.7893522173763186656, 0.000000000000000000, -0.6139406135149303445 ) ) ;
#7423 = ADVANCED_FACE ( 'NONE', ( #11524 ), #9739, .T. ) ;
#7424 = CARTESIAN_POINT ( 'NONE',  ( 8.743875204152887548, -19.06525438257988725, -49.73725612068079727 ) ) ;
#7425 = VECTOR ( 'NONE', #2900, 1000.000000000000114 ) ;
#7426 = VECTOR ( 'NONE', #4405, 1000.000000000000000 ) ;
#7427 = ORIENTED_EDGE ( 'NONE', *, *, #6077, .T. ) ;
#7428 = CARTESIAN_POINT ( 'NONE',  ( 0.000000000000000000, 10.00000000000000000, 0.000000000000000000 ) ) ;
#7430 = ORIENTED_EDGE ( 'NONE', *, *, #11851, .F. ) ;
#7429 = LINE ( 'NONE', #501, #7426 ) ;
#7431 = CARTESIAN_POINT ( 'NONE',  ( 0.000000000000000000, -5.000000000000000000, 0.000000000000000000 ) ) ;
#7432 = ORIENTED_EDGE ( 'NONE', *, *, #6598, .T. ) ;
#7433 = EDGE_LOOP ( 'NONE', ( #1626, #11582, #6668, #10382 ) ) ;
#7434 = DIRECTION ( 'NONE',  ( -0.000000000000000000, -1.000000000000000000, -0.000000000000000000 ) ) ;
#7435 = CARTESIAN_POINT ( 'NONE',  ( 44.62242083716709828, 10.00000000000000000, -5.817177892307821452 ) ) ;
#7436 = ADVANCED_FACE ( 'NONE', ( #3880 ), #10626, .F. ) ;
#7437 = CARTESIAN_POINT ( 'NONE',  ( -50.63394466786608916, -10.00000000000000000, -1.605440076985604980 ) ) ;
#7438 = VECTOR ( 'NONE', #8569, 1000.000000000000114 ) ;
#7439 = VECTOR ( 'NONE', #4914, 1000.000000000000000 ) ;
#7440 = AXIS2_PLACEMENT_3D ( 'NONE', #3316, #308, #7122 ) ;
#7442 = EDGE_LOOP ( 'NONE', ( #5249, #1292, #230, #1740 ) ) ;
#7441 = CARTESIAN_POINT ( 'NONE',  ( 47.54181953147855921, -19.69863090235023861, 18.46010280676470572 ) ) ;
#7443 = DIRECTION ( 'NONE',  ( 0.000000000000000000, 0.000000000000000000, 1.000000000000000000 ) ) ;
#7444 = VECTOR ( 'NONE', #12451, 999.9999999999998863 ) ;
#7445 = AXIS2_PLACEMENT_3D ( 'NONE', #6510, #10683, #9600 ) ;
#7446 = FACE_OUTER_BOUND ( 'NONE', #6591, .T. ) ;
#7447 = ADVANCED_FACE ( 'NONE', ( #7814 ), #8787, .T. ) ;
#7448 = AXIS2_PLACEMENT_3D ( 'NONE', #4842, #8833, #8777 ) ;
#7449 = CARTESIAN_POINT ( 'NONE',  ( 0.000000000000000000, 10.00000000000000000, 0.000000000000000000 ) ) ;
#7450 = VERTEX_POINT ( 'NONE', #4652 ) ;
#7451 = DIRECTION ( 'NONE',  ( 0.000000000000000000, 1.000000000000000000, 0.000000000000000000 ) ) ;
#7452 = CARTESIAN_POINT ( 'NONE',  ( 45.38924439456603466, -10.00000000000000000, 6.828624728365669583 ) ) ;
#7453 = DIRECTION ( 'NONE',  ( 0.000000000000000000, 1.000000000000000000, 0.000000000000000000 ) ) ;
#7454 = CIRCLE ( 'NONE', #4364, 10.99999999999999645 ) ;
#7455 = VERTEX_POINT ( 'NONE', #9552 ) ;
#7456 = CIRCLE ( 'NONE', #7056, 0.4999999999999971689 ) ;
#7457 = CARTESIAN_POINT ( 'NONE',  ( -46.12357170388327887, 10.00000000000000000, -6.315817419440639569 ) ) ;
#7458 = ORIENTED_EDGE ( 'NONE', *, *, #7676, .F. ) ;
#7459 = CYLINDRICAL_SURFACE ( 'NONE', #6371, 12.00000000000000178 ) ;
#7460 = DIRECTION ( 'NONE',  ( -0.9974095118627294143, 0.000000000000000000, 0.07193236855374331162 ) ) ;
#7461 = EDGE_LOOP ( 'NONE', ( #6614, #3017, #8128, #9047 ) ) ;
#7462 = DIRECTION ( 'NONE',  ( 0.000000000000000000, 1.000000000000000000, 0.000000000000000000 ) ) ;
#7463 = DIRECTION ( 'NONE',  ( -0.8805492600596794839, 0.000000000000000000, -0.4739546398215244705 ) ) ;
#7464 = CARTESIAN_POINT ( 'NONE',  ( 22.51666049839540307, -5.000000000000000000, -21.00000000000000355 ) ) ;
#7465 = CARTESIAN_POINT ( 'NONE',  ( -50.98728950738354371, -10.00000000000000000, -1.138555527963129421 ) ) ;
#7466 = EDGE_CURVE ( 'NONE', #10629, #7113, #9068, .T. ) ;
#7467 = DIRECTION ( 'NONE',  ( -0.000000000000000000, 1.000000000000000000, -0.000000000000000000 ) ) ;
#7468 = EDGE_CURVE ( 'NONE', #4196, #7812, #4745, .T. ) ;
#7469 = VERTEX_POINT ( 'NONE', #11595 ) ;
#7470 = EDGE_CURVE ( 'NONE', #11434, #11661, #1074, .T. ) ;
#7471 = VERTEX_POINT ( 'NONE', #6848 ) ;
#7472 = CARTESIAN_POINT ( 'NONE',  ( 41.85922843806421412, -19.69863090235031322, -20.37347321810711875 ) ) ;
#7473 = VECTOR ( 'NONE', #1788, 1000.000000000000114 ) ;
#7474 = EDGE_CURVE ( 'NONE', #1611, #10415, #3318, .T. ) ;
#7475 = CIRCLE ( 'NONE', #7867, 44.99999999999999289 ) ;
#7476 = EDGE_CURVE ( 'NONE', #4908, #10710, #6775, .T. ) ;
#7477 = DIRECTION ( 'NONE',  ( 0.8805492600596812602, -0.000000000000000000, 0.4739546398215212508 ) ) ;
#7478 = CARTESIAN_POINT ( 'NONE',  ( -36.93882319809765136, 10.00000000000000000, 34.66838806764742742 ) ) ;
#7479 = ORIENTED_EDGE ( 'NONE', *, *, #5201, .T. ) ;
#7480 = ORIENTED_EDGE ( 'NONE', *, *, #5332, .F. ) ;
#7481 = DIRECTION ( 'NONE',  ( 0.4739546398215335188, -0.000000000000000000, 0.8805492600596745989 ) ) ;
#7482 = ORIENTED_EDGE ( 'NONE', *, *, #5817, .T. ) ;
#7483 = VECTOR ( 'NONE', #2489, 1000.000000000000000 ) ;
#7484 = AXIS2_PLACEMENT_3D ( 'NONE', #1578, #9548, #4451 ) ;
#7485 = CARTESIAN_POINT ( 'NONE',  ( 14.41080490052460128, 10.00000000000000000, 42.63013842481649363 ) ) ;
#7486 = DIRECTION ( 'NONE',  ( 0.000000000000000000, 1.000000000000000000, 0.000000000000000000 ) ) ;
#7487 = VERTEX_POINT ( 'NONE', #11654 ) ;
#7488 = EDGE_CURVE ( 'NONE', #521, #7450, #9667, .T. ) ;
#7489 = LINE ( 'NONE', #9416, #10556 ) ;
#7490 = DIRECTION ( 'NONE',  ( 0.000000000000000000, 1.000000000000000000, 0.000000000000000000 ) ) ;
#7491 = AXIS2_PLACEMENT_3D ( 'NONE', #7967, #6872, #1090 ) ;
#7492 = AXIS2_PLACEMENT_3D ( 'NONE', #9646, #9910, #6696 ) ;
#7493 = PLANE ( 'NONE',  #4948 ) ;
#7494 = CARTESIAN_POINT ( 'NONE',  ( 20.86000496748291511, 10.00000000000000000, -46.16528980983336794 ) ) ;
#7495 = ORIENTED_EDGE ( 'NONE', *, *, #8622, .T. ) ;
#7496 = DIRECTION ( 'NONE',  ( 0.8939589078457547133, 0.000000000000000000, -0.4481489385050749230 ) ) ;
#7498 = ORIENTED_EDGE ( 'NONE', *, *, #8756, .F. ) ;
#7497 = DIRECTION ( 'NONE',  ( -0.9974095118627305245, -0.000000000000000000, -0.07193236855372960037 ) ) ;
#7499 = LINE ( 'NONE', #11405, #9246 ) ;
#7500 = EDGE_LOOP ( 'NONE', ( #5494, #11802, #5126, #4888 ) ) ;
#7501 = ORIENTED_EDGE ( 'NONE', *, *, #3625, .T. ) ;
#7502 = DIRECTION ( 'NONE',  ( 0.000000000000000000, 1.000000000000000000, 0.000000000000000000 ) ) ;
#7503 = CARTESIAN_POINT ( 'NONE',  ( 27.43945043190210953, -10.00000000000000000, 35.66618230193956407 ) ) ;
#7504 = EDGE_CURVE ( 'NONE', #4697, #2728, #9479, .T. ) ;
#7505 = CIRCLE ( 'NONE', #3802, 44.99999999999999289 ) ;
#7506 = DIRECTION ( 'NONE',  ( 0.000000000000000000, 1.000000000000000000, 0.000000000000000000 ) ) ;
#7507 = ORIENTED_EDGE ( 'NONE', *, *, #4597, .T. ) ;
#7508 = DIRECTION ( 'NONE',  ( 0.000000000000000000, 0.000000000000000000, 1.000000000000000000 ) ) ;
#7509 = AXIS2_PLACEMENT_3D ( 'NONE', #5257, #10158, #1356 ) ;
#7511 = EDGE_LOOP ( 'NONE', ( #6201, #71, #8680, #5160 ) ) ;
#7510 = CARTESIAN_POINT ( 'NONE',  ( -33.87033607633478027, 10.00000000000000000, -29.62769538921538270 ) ) ;
#7512 = LINE ( 'NONE', #7643, #11950 ) ;
#7513 = ORIENTED_EDGE ( 'NONE', *, *, #5027, .F. ) ;
#7514 = DIRECTION ( 'NONE',  ( 0.000000000000000000, 0.000000000000000000, 1.000000000000000000 ) ) ;
#7515 = EDGE_CURVE ( 'NONE', #3887, #8929, #8260, .T. ) ;
#7516 = DIRECTION ( 'NONE',  ( -0.000000000000000000, -1.000000000000000000, -0.000000000000000000 ) ) ;
#7517 = ORIENTED_EDGE ( 'NONE', *, *, #11071, .F. ) ;
#7518 = CARTESIAN_POINT ( 'NONE',  ( 45.38924439456603466, -19.06525438257988725, 6.828624728365669583 ) ) ;
#7519 = AXIS2_PLACEMENT_3D ( 'NONE', #6296, #1601, #8411 ) ;
#7520 = LINE ( 'NONE', #8563, #6980 ) ;
#7521 = CARTESIAN_POINT ( 'NONE',  ( -43.02692939903820957, 10.00000000000000000, -27.38034598923433194 ) ) ;
#7522 = ORIENTED_EDGE ( 'NONE', *, *, #503, .T. ) ;
#7523 = EDGE_CURVE ( 'NONE', #5795, #12363, #873, .T. ) ;
#7524 = DIRECTION ( 'NONE',  ( -0.7893522173763228844, 0.000000000000000000, 0.6139406135149247934 ) ) ;
#7525 = CYLINDRICAL_SURFACE ( 'NONE', #5760, 0.5000000000000004441 ) ;
#7526 = DIRECTION ( 'NONE',  ( 0.000000000000000000, 1.000000000000000000, 0.000000000000000000 ) ) ;
#7527 = ORIENTED_EDGE ( 'NONE', *, *, #8274, .T. ) ;
#7528 = DIRECTION ( 'NONE',  ( 0.000000000000000000, 1.000000000000000000, 0.000000000000000000 ) ) ;
#7529 = LINE ( 'NONE', #2572, #1511 ) ;
#7530 = DIRECTION ( 'NONE',  ( 0.000000000000000000, 0.000000000000000000, -1.000000000000000000 ) ) ;
#7531 = LINE ( 'NONE', #4560, #11311 ) ;
#7532 = DIRECTION ( 'NONE',  ( 0.000000000000000000, 0.000000000000000000, 1.000000000000000000 ) ) ;
#7533 = ORIENTED_EDGE ( 'NONE', *, *, #4780, .F. ) ;
#7534 = CARTESIAN_POINT ( 'NONE',  ( 8.830448225976191168, -10.00000000000000000, -50.22970420108357104 ) ) ;
#7535 = LINE ( 'NONE', #8443, #12090 ) ;
#7536 = EDGE_CURVE ( 'NONE', #8605, #8078, #4852, .T. ) ;
#7537 = CARTESIAN_POINT ( 'NONE',  ( 20.36227244670316239, -19.69863090235029901, 46.21285384832052046 ) ) ;
#7538 = ORIENTED_EDGE ( 'NONE', *, *, #11242, .F. ) ;
#7539 = ORIENTED_EDGE ( 'NONE', *, *, #10656, .T. ) ;
#7540 = CARTESIAN_POINT ( 'NONE',  ( 36.49718027898914130, 10.00000000000000000, 34.90280549874129434 ) ) ;
#7541 = ORIENTED_EDGE ( 'NONE', *, *, #10011, .T. ) ;
#7542 = DIRECTION ( 'NONE',  ( -0.000000000000000000, 1.000000000000000000, -0.000000000000000000 ) ) ;
#7543 = ORIENTED_EDGE ( 'NONE', *, *, #5866, .F. ) ;
#7544 = EDGE_CURVE ( 'NONE', #11750, #3734, #1066, .T. ) ;
#7545 = FACE_OUTER_BOUND ( 'NONE', #4840, .T. ) ;
#7546 = ORIENTED_EDGE ( 'NONE', *, *, #630, .F. ) ;
#7547 = DIRECTION ( 'NONE',  ( 0.000000000000000000, 0.000000000000000000, -1.000000000000000000 ) ) ;
#7548 = DIRECTION ( 'NONE',  ( 0.000000000000000000, 1.000000000000000000, 0.000000000000000000 ) ) ;
#7549 = EDGE_LOOP ( 'NONE', ( #7884, #5888, #314, #1297 ) ) ;
#7550 = DIRECTION ( 'NONE',  ( -0.000000000000000000, -1.000000000000000000, -0.000000000000000000 ) ) ;
#7551 = DIRECTION ( 'NONE',  ( 0.2875058131643603021, 0.000000000000000000, -0.9577788927496262428 ) ) ;
#7552 = ORIENTED_EDGE ( 'NONE', *, *, #6077, .F. ) ;
#7553 = FACE_OUTER_BOUND ( 'NONE', #3264, .T. ) ;
#7555 = ORIENTED_EDGE ( 'NONE', *, *, #2027, .F. ) ;
#7554 = CARTESIAN_POINT ( 'NONE',  ( -15.19272321494613109, 10.00000000000000000, 44.00516535263795959 ) ) ;
#7556 = ADVANCED_FACE ( 'NONE', ( #2213 ), #2024, .T. ) ;
#7557 = LINE ( 'NONE', #751, #6772 ) ;
#7558 = VERTEX_POINT ( 'NONE', #11838 ) ;
#7559 = ORIENTED_EDGE ( 'NONE', *, *, #7371, .F. ) ;
#7560 = CARTESIAN_POINT ( 'NONE',  ( -11.80310486381260660, -19.06525438257990857, 45.89377128388451865 ) ) ;
#7561 = CARTESIAN_POINT ( 'NONE',  ( -2.622880895175929261, -18.55636363116340704, -47.31460686609772637 ) ) ;
#7562 = ORIENTED_EDGE ( 'NONE', *, *, #8031, .T. ) ;
#7563 = DIRECTION ( 'NONE',  ( 0.000000000000000000, 1.000000000000000000, 0.000000000000000000 ) ) ;
#7565 = VERTEX_POINT ( 'NONE', #5043 ) ;
#7564 = CARTESIAN_POINT ( 'NONE',  ( -27.38034598923419338, -20.23931917473912634, 43.02692939903829483 ) ) ;
#7566 = EDGE_CURVE ( 'NONE', #12097, #8095, #6198, .T. ) ;
#7567 = CARTESIAN_POINT ( 'NONE',  ( 40.79785237731739045, -20.23931917473911923, 24.10574140080073136 ) ) ;
#7568 = ORIENTED_EDGE ( 'NONE', *, *, #4280, .T. ) ;
#7569 = ORIENTED_EDGE ( 'NONE', *, *, #3929, .T. ) ;
#7570 = CYLINDRICAL_SURFACE ( 'NONE', #3588, 0.4999999999999970024 ) ;
#7571 = ADVANCED_FACE ( 'NONE', ( #1194 ), #4132, .T. ) ;
#7572 = CARTESIAN_POINT ( 'NONE',  ( 27.43945043190135991, -20.23931917473911923, -35.66618230194012540 ) ) ;
#7573 = ORIENTED_EDGE ( 'NONE', *, *, #8861, .F. ) ;
#7574 = DIRECTION ( 'NONE',  ( 0.7071067811865489050, 0.000000000000000000, 0.7071067811865461294 ) ) ;
#7575 = CARTESIAN_POINT ( 'NONE',  ( 9.797174393178825657E-16, -8.999999999999992895, -8.000000000000000000 ) ) ;
#7576 = CARTESIAN_POINT ( 'NONE',  ( 0.000000000000000000, 10.00000000000000000, 0.000000000000000000 ) ) ;
#7577 = VERTEX_POINT ( 'NONE', #11972 ) ;
#7578 = AXIS2_PLACEMENT_3D ( 'NONE', #9988, #1962, #2081 ) ;
#7579 = EDGE_CURVE ( 'NONE', #9701, #1694, #6914, .T. ) ;
#7580 = VECTOR ( 'NONE', #825, 999.9999999999998863 ) ;
#7581 = DIRECTION ( 'NONE',  ( -0.000000000000000000, -1.000000000000000000, -0.000000000000000000 ) ) ;
#7582 = DIRECTION ( 'NONE',  ( 0.000000000000000000, 1.000000000000000000, 0.000000000000000000 ) ) ;
#7583 = CARTESIAN_POINT ( 'NONE',  ( -6.315817419440802993, -19.06525438257992988, -46.12357170388325756 ) ) ;
#7584 = VERTEX_POINT ( 'NONE', #106 ) ;
#7585 = CARTESIAN_POINT ( 'NONE',  ( 43.02692939903781877, -20.23931917473915831, -27.38034598923493235 ) ) ;
#7586 = CARTESIAN_POINT ( 'NONE',  ( 6.315817419440146629, 10.00000000000000000, -46.12357170388334282 ) ) ;
#7587 = DIRECTION ( 'NONE',  ( 0.000000000000000000, 1.000000000000000000, 0.000000000000000000 ) ) ;
#7588 = VERTEX_POINT ( 'NONE', #3183 ) ;
#7589 = VECTOR ( 'NONE', #8416, 1000.000000000000000 ) ;
#7590 = AXIS2_PLACEMENT_3D ( 'NONE', #12489, #6776, #10694 ) ;
#7591 = CARTESIAN_POINT ( 'NONE',  ( 18.27912140669922536, -10.00000000000000000, 47.57572326156178377 ) ) ;
#7592 = EDGE_CURVE ( 'NONE', #6413, #11341, #5991, .T. ) ;
#7593 = CIRCLE ( 'NONE', #7187, 50.99999999999999289 ) ;
#7594 = DIRECTION ( 'NONE',  ( 0.000000000000000000, 0.000000000000000000, 1.000000000000000000 ) ) ;
#7595 = DIRECTION ( 'NONE',  ( -0.000000000000000000, 1.000000000000000000, -0.000000000000000000 ) ) ;
#7596 = AXIS2_PLACEMENT_3D ( 'NONE', #12067, #4236, #3594 ) ;
#7597 = AXIS2_PLACEMENT_3D ( 'NONE', #12260, #3466, #1418 ) ;
#7598 = DIRECTION ( 'NONE',  ( 0.7748486042760508452, -0.000000000000000000, 0.6321468503848263198 ) ) ;
#7599 = CIRCLE ( 'NONE', #9448, 44.99999999999999289 ) ;
#7600 = ORIENTED_EDGE ( 'NONE', *, *, #7360, .F. ) ;
#7601 = ORIENTED_EDGE ( 'NONE', *, *, #988, .T. ) ;
#7602 = CARTESIAN_POINT ( 'NONE',  ( -41.35240453125117455, -10.00000000000000000, 28.98669762983973541 ) ) ;
#7603 = EDGE_LOOP ( 'NONE', ( #9106, #11736, #5561, #12270 ) ) ;
#7604 = LINE ( 'NONE', #5808, #6804 ) ;
#7605 = ORIENTED_EDGE ( 'NONE', *, *, #3944, .T. ) ;
#7606 = CARTESIAN_POINT ( 'NONE',  ( -8.743875204153592762, 10.00000000000000000, -49.73725612068069069 ) ) ;
#7607 = EDGE_CURVE ( 'NONE', #10017, #7928, #8847, .T. ) ;
#7608 = EDGE_LOOP ( 'NONE', ( #284, #2806, #6448, #2144 ) ) ;
#7609 = CIRCLE ( 'NONE', #11491, 4.999999999999998224 ) ;
#7610 = EDGE_CURVE ( 'NONE', #11164, #6029, #11014, .T. ) ;
#7611 = DIRECTION ( 'NONE',  ( 0.000000000000000000, 1.000000000000000000, 0.000000000000000000 ) ) ;
#7612 = AXIS2_PLACEMENT_3D ( 'NONE', #1371, #6310, #12212 ) ;
#7613 = VECTOR ( 'NONE', #8312, 999.9999999999998863 ) ;
#7614 = CARTESIAN_POINT ( 'NONE',  ( 41.20865162466940035, 10.00000000000000000, 29.46558707621397133 ) ) ;
#7615 = ORIENTED_EDGE ( 'NONE', *, *, #9832, .F. ) ;
#7616 = DIRECTION ( 'NONE',  ( 0.000000000000000000, -1.000000000000000000, 0.000000000000000000 ) ) ;
#7617 = LINE ( 'NONE', #2596, #5515 ) ;
#7618 = ORIENTED_EDGE ( 'NONE', *, *, #4222, .F. ) ;
#7619 = VERTEX_POINT ( 'NONE', #5094 ) ;
#7620 = CARTESIAN_POINT ( 'NONE',  ( -46.91716864078406957, -19.06525438257993699, 6.658138915334304464 ) ) ;
#7622 = ORIENTED_EDGE ( 'NONE', *, *, #10918, .T. ) ;
#7621 = DIRECTION ( 'NONE',  ( 0.000000000000000000, 1.000000000000000000, 0.000000000000000000 ) ) ;
#7623 = AXIS2_PLACEMENT_3D ( 'NONE', #11202, #8275, #6508 ) ;
#7624 = LINE ( 'NONE', #9613, #4318 ) ;
#7625 = VECTOR ( 'NONE', #5973, 1000.000000000000000 ) ;
#7626 = AXIS2_PLACEMENT_3D ( 'NONE', #7726, #7849, #5710 ) ;
#7627 = ORIENTED_EDGE ( 'NONE', *, *, #9035, .F. ) ;
#7628 = VERTEX_POINT ( 'NONE', #9861 ) ;
#7629 = CYLINDRICAL_SURFACE ( 'NONE', #9256, 50.99999999999999289 ) ;
#7630 = EDGE_CURVE ( 'NONE', #12675, #2236, #452, .T. ) ;
#7631 = EDGE_CURVE ( 'NONE', #5212, #1406, #7637, .T. ) ;
#7632 = CARTESIAN_POINT ( 'NONE',  ( -6.828624728365829455, -10.00000000000000000, 45.38924439456601334 ) ) ;
#7633 = EDGE_LOOP ( 'NONE', ( #3001, #10507, #6595, #10504 ) ) ;
#7634 = DIRECTION ( 'NONE',  ( 0.3152352524413598589, 0.000000000000000000, -0.9490135592383452945 ) ) ;
#7635 = VECTOR ( 'NONE', #351, 1000.000000000000000 ) ;
#7636 = EDGE_CURVE ( 'NONE', #6832, #5323, #10048, .T. ) ;
#7637 = CIRCLE ( 'NONE', #1676, 5.000000000000000888 ) ;
#7638 = VECTOR ( 'NONE', #2368, 1000.000000000000000 ) ;
#7639 = ADVANCED_FACE ( 'NONE', ( #5157 ), #2269, .T. ) ;
#7640 = ADVANCED_FACE ( 'NONE', ( #41 ), #9097, .T. ) ;
#7642 = EDGE_LOOP ( 'NONE', ( #11471, #3869, #3148, #12424 ) ) ;
#7641 = CARTESIAN_POINT ( 'NONE',  ( 0.000000000000000000, 10.00000000000000000, 0.000000000000000000 ) ) ;
#7643 = CARTESIAN_POINT ( 'NONE',  ( -41.20865162466920140, -20.23931917473912989, -29.46558707621425199 ) ) ;
#7644 = ORIENTED_EDGE ( 'NONE', *, *, #8352, .T. ) ;
#7645 = ORIENTED_EDGE ( 'NONE', *, *, #12175, .T. ) ;
#7646 = DIRECTION ( 'NONE',  ( 0.000000000000000000, 0.000000000000000000, -1.000000000000000000 ) ) ;
#7647 = AXIS2_PLACEMENT_3D ( 'NONE', #145, #6890, #10797 ) ;
#7648 = VECTOR ( 'NONE', #1762, 1000.000000000000000 ) ;
#7649 = CARTESIAN_POINT ( 'NONE',  ( 0.000000000000000000, -10.00000000000000000, 0.000000000000000000 ) ) ;
#7650 = DIRECTION ( 'NONE',  ( 0.2930610956196625372, -0.000000000000000000, 0.9560937162403081446 ) ) ;
#7651 = LINE ( 'NONE', #576, #430 ) ;
#7652 = CARTESIAN_POINT ( 'NONE',  ( 42.70926380875515349, -19.69863090235023861, 20.52974213179061280 ) ) ;
#7653 = AXIS2_PLACEMENT_3D ( 'NONE', #5240, #1393, #2353 ) ;
#7654 = ORIENTED_EDGE ( 'NONE', *, *, #139, .F. ) ;
#7655 = EDGE_CURVE ( 'NONE', #4737, #7149, #5942, .T. ) ;
#7656 = ORIENTED_EDGE ( 'NONE', *, *, #11611, .T. ) ;
#7657 = VECTOR ( 'NONE', #6618, 1000.000000000000000 ) ;
#7658 = PLANE ( 'NONE',  #12519 ) ;
#7659 = DIRECTION ( 'NONE',  ( 0.000000000000000000, 0.000000000000000000, 1.000000000000000000 ) ) ;
#7660 = LINE ( 'NONE', #1675, #8066 ) ;
#7661 = ORIENTED_EDGE ( 'NONE', *, *, #5711, .F. ) ;
#7662 = DIRECTION ( 'NONE',  ( 0.2875058131643703496, -0.000000000000000000, 0.9577788927496232452 ) ) ;
#7663 = DIRECTION ( 'NONE',  ( 0.000000000000000000, 1.000000000000000000, 0.000000000000000000 ) ) ;
#7664 = CIRCLE ( 'NONE', #4782, 5.000000000000000000 ) ;
#7665 = CARTESIAN_POINT ( 'NONE',  ( 46.16528980983329689, -10.00000000000000000, 20.86000496748307498 ) ) ;
#7666 = ORIENTED_EDGE ( 'NONE', *, *, #7360, .T. ) ;
#7667 = ADVANCED_FACE ( 'NONE', ( #1133 ), #8974, .T. ) ;
#7668 = CARTESIAN_POINT ( 'NONE',  ( 47.54181953147818973, -10.00000000000000000, -18.46010280676569337 ) ) ;
#7669 = ORIENTED_EDGE ( 'NONE', *, *, #9275, .F. ) ;
#7670 = ORIENTED_EDGE ( 'NONE', *, *, #1048, .F. ) ;
#7671 = DIRECTION ( 'NONE',  ( 0.000000000000000000, 0.000000000000000000, -1.000000000000000000 ) ) ;
#7672 = VECTOR ( 'NONE', #470, 999.9999999999998863 ) ;
#7673 = AXIS2_PLACEMENT_3D ( 'NONE', #3971, #128, #1156 ) ;
#7674 = DIRECTION ( 'NONE',  ( 0.000000000000000000, 0.000000000000000000, 1.000000000000000000 ) ) ;
#7675 = CARTESIAN_POINT ( 'NONE',  ( 29.27369463607591271, -10.00000000000000000, 41.76183427908524237 ) ) ;
#7676 = EDGE_CURVE ( 'NONE', #3563, #4997, #10116, .T. ) ;
#7677 = EDGE_LOOP ( 'NONE', ( #737, #2957, #3720, #6326 ) ) ;
#7678 = VERTEX_POINT ( 'NONE', #12342 ) ;
#7679 = CARTESIAN_POINT ( 'NONE',  ( 11.06088521563281901, -19.06525438257995120, 44.54739544167635046 ) ) ;
#7680 = ORIENTED_EDGE ( 'NONE', *, *, #187, .F. ) ;
#7681 = CARTESIAN_POINT ( 'NONE',  ( 33.87033607633436105, 10.00000000000000000, -29.62769538921584811 ) ) ;
#7682 = ORIENTED_EDGE ( 'NONE', *, *, #1589, .F. ) ;
#7683 = DIRECTION ( 'NONE',  ( 0.000000000000000000, 1.000000000000000000, 0.000000000000000000 ) ) ;
#7684 = CIRCLE ( 'NONE', #6243, 5.000000000000003553 ) ;
#7686 = VERTEX_POINT ( 'NONE', #11250 ) ;
#7685 = AXIS2_PLACEMENT_3D ( 'NONE', #2801, #4465, #5693 ) ;
#7687 = DIRECTION ( 'NONE',  ( 0.000000000000000000, -1.000000000000000000, 0.000000000000000000 ) ) ;
#7688 = LINE ( 'NONE', #12284, #9920 ) ;
#7689 = ORIENTED_EDGE ( 'NONE', *, *, #5819, .T. ) ;
#7690 = ADVANCED_FACE ( 'NONE', ( #5279 ), #1436, .T. ) ;
#7691 = CARTESIAN_POINT ( 'NONE',  ( -49.34782179739797670, -10.00000000000000000, -11.45278456627774943 ) ) ;
#7692 = LINE ( 'NONE', #3630, #11885 ) ;
#7693 = ORIENTED_EDGE ( 'NONE', *, *, #12286, .F. ) ;
#7694 = AXIS2_PLACEMENT_3D ( 'NONE', #914, #6689, #3727 ) ;
#7695 = ORIENTED_EDGE ( 'NONE', *, *, #10292, .T. ) ;
#7696 = CARTESIAN_POINT ( 'NONE',  ( 0.000000000000000000, 10.00000000000000000, 0.000000000000000000 ) ) ;
#7698 = ORIENTED_EDGE ( 'NONE', *, *, #12179, .F. ) ;
#7697 = CARTESIAN_POINT ( 'NONE',  ( 30.89470704032643766, -20.42202547882114416, -33.94599680791382212 ) ) ;
#7699 = DIRECTION ( 'NONE',  ( 0.000000000000000000, 0.000000000000000000, -1.000000000000000000 ) ) ;
#7700 = ORIENTED_EDGE ( 'NONE', *, *, #4028, .F. ) ;
#7701 = CYLINDRICAL_SURFACE ( 'NONE', #9465, 44.99999999999999289 ) ;
#7702 = LINE ( 'NONE', #4726, #8925 ) ;
#7703 = CIRCLE ( 'NONE', #5853, 5.000000000000000000 ) ;
#7704 = AXIS2_PLACEMENT_3D ( 'NONE', #4688, #9785, #8826 ) ;
#7705 = ORIENTED_EDGE ( 'NONE', *, *, #4306, .T. ) ;
#7706 = LINE ( 'NONE', #11608, #5208 ) ;
#7707 = EDGE_CURVE ( 'NONE', #9060, #4239, #4496, .T. ) ;
#7709 = VERTEX_POINT ( 'NONE', #7229 ) ;
#7708 = DIRECTION ( 'NONE',  ( 0.000000000000000000, 0.000000000000000000, -1.000000000000000000 ) ) ;
#7710 = EDGE_CURVE ( 'NONE', #10203, #6505, #6391, .T. ) ;
#7711 = DIRECTION ( 'NONE',  ( 0.000000000000000000, 1.000000000000000000, 0.000000000000000000 ) ) ;
#7713 = ORIENTED_EDGE ( 'NONE', *, *, #11624, .F. ) ;
#7712 = VECTOR ( 'NONE', #2134, 1000.000000000000000 ) ;
#7714 = CARTESIAN_POINT ( 'NONE',  ( -29.62769538921549994, 10.00000000000000000, -33.87033607633467369 ) ) ;
#7715 = EDGE_CURVE ( 'NONE', #3226, #4166, #12162, .T. ) ;
#7716 = CARTESIAN_POINT ( 'NONE',  ( -47.39404044806780547, 10.00000000000000000, 17.89353851188273126 ) ) ;
#7717 = ORIENTED_EDGE ( 'NONE', *, *, #1539, .F. ) ;
#7718 = LINE ( 'NONE', #5445, #7580 ) ;
#7719 = EDGE_CURVE ( 'NONE', #10172, #10154, #593, .T. ) ;
#7720 = LINE ( 'NONE', #5849, #4104 ) ;
#7721 = DIRECTION ( 'NONE',  ( -0.9577788927496252436, 0.000000000000000000, -0.2875058131643634662 ) ) ;
#7722 = AXIS2_PLACEMENT_3D ( 'NONE', #9189, #5071, #3402 ) ;
#7723 = ORIENTED_EDGE ( 'NONE', *, *, #2515, .F. ) ;
#7724 = VERTEX_POINT ( 'NONE', #4262 ) ;
#7725 = LINE ( 'NONE', #10350, #3706 ) ;
#7726 = CARTESIAN_POINT ( 'NONE',  ( -15.55241692398367448, -10.00000000000000000, -43.18490419363088506 ) ) ;
#7727 = CARTESIAN_POINT ( 'NONE',  ( -11.45278456627792352, -10.00000000000000000, -49.34782179739794117 ) ) ;
#7728 = ORIENTED_EDGE ( 'NONE', *, *, #10122, .F. ) ;
#7729 = DIRECTION ( 'NONE',  ( -0.9577788927496271310, 0.000000000000000000, -0.2875058131643568604 ) ) ;
#7730 = VECTOR ( 'NONE', #11806, 1000.000000000000000 ) ;
#7731 = ADVANCED_FACE ( 'NONE', ( #483 ), #11383, .T. ) ;
#7732 = CARTESIAN_POINT ( 'NONE',  ( -49.97423344059141215, -10.00000000000000000, 8.303600574123926492 ) ) ;
#7733 = FACE_OUTER_BOUND ( 'NONE', #544, .T. ) ;
#7734 = ORIENTED_EDGE ( 'NONE', *, *, #4037, .F. ) ;
#7735 = FACE_OUTER_BOUND ( 'NONE', #6718, .T. ) ;
#7736 = ORIENTED_EDGE ( 'NONE', *, *, #12174, .F. ) ;
#7737 = VERTEX_POINT ( 'NONE', #3426 ) ;
#7738 = DIRECTION ( 'NONE',  ( 0.000000000000000000, 1.000000000000000000, 0.000000000000000000 ) ) ;
#7739 = CARTESIAN_POINT ( 'NONE',  ( 43.18490419363104849, -19.69863090235023861, 15.55241692398320197 ) ) ;
#7740 = DIRECTION ( 'NONE',  ( 0.000000000000000000, 1.000000000000000000, 0.000000000000000000 ) ) ;
#7741 = ORIENTED_EDGE ( 'NONE', *, *, #3149, .F. ) ;
#7742 = VERTEX_POINT ( 'NONE', #9218 ) ;
#7743 = DIRECTION ( 'NONE',  ( 0.000000000000000000, 0.000000000000000000, 1.000000000000000000 ) ) ;
#7744 = EDGE_CURVE ( 'NONE', #3517, #10736, #5776, .T. ) ;
#7745 = ORIENTED_EDGE ( 'NONE', *, *, #6274, .F. ) ;
#7746 = DIRECTION ( 'NONE',  ( 0.000000000000000000, 0.000000000000000000, 1.000000000000000000 ) ) ;
#7747 = ORIENTED_EDGE ( 'NONE', *, *, #11012, .F. ) ;
#7748 = CARTESIAN_POINT ( 'NONE',  ( -22.45063275808658787, -20.23931917473913700, -38.99960370005737786 ) ) ;
#7749 = ORIENTED_EDGE ( 'NONE', *, *, #4467, .T. ) ;
#7750 = CYLINDRICAL_SURFACE ( 'NONE', #6045, 5.000000000000004441 ) ;
#7751 = ORIENTED_EDGE ( 'NONE', *, *, #11147, .F. ) ;
#7752 = EDGE_CURVE ( 'NONE', #3924, #1724, #10186, .T. ) ;
#7753 = VERTEX_POINT ( 'NONE', #360 ) ;
#7754 = DIRECTION ( 'NONE',  ( -0.000000000000000000, -1.000000000000000000, -0.000000000000000000 ) ) ;
#7755 = LINE ( 'NONE', #11655, #12506 ) ;
#7756 = VERTEX_POINT ( 'NONE', #7478 ) ;
#7757 = DIRECTION ( 'NONE',  ( 0.000000000000000000, 0.000000000000000000, 1.000000000000000000 ) ) ;
#7759 = ORIENTED_EDGE ( 'NONE', *, *, #10788, .T. ) ;
#7758 = FACE_OUTER_BOUND ( 'NONE', #7027, .T. ) ;
#7760 = ORIENTED_EDGE ( 'NONE', *, *, #1209, .T. ) ;
#7761 = DIRECTION ( 'NONE',  ( 0.000000000000000000, 0.000000000000000000, 1.000000000000000000 ) ) ;
#7762 = CARTESIAN_POINT ( 'NONE',  ( 36.93882319809813453, -20.42202547882114061, 34.66838806764691583 ) ) ;
#7763 = ADVANCED_FACE ( 'NONE', ( #8445 ), #7348, .T. ) ;
#7764 = DIRECTION ( 'NONE',  ( 0.07193236855371894223, -0.000000000000000000, -0.9974095118627313017 ) ) ;
#7766 = EDGE_LOOP ( 'NONE', ( #11921, #10152, #7734, #8662 ) ) ;
#7765 = DIRECTION ( 'NONE',  ( 0.000000000000000000, 1.000000000000000000, 0.000000000000000000 ) ) ;
#7767 = CARTESIAN_POINT ( 'NONE',  ( -45.38924439456599202, -10.00000000000000000, -6.828624728365998209 ) ) ;
#7768 = ORIENTED_EDGE ( 'NONE', *, *, #10225, .F. ) ;
#7769 = FACE_OUTER_BOUND ( 'NONE', #12155, .T. ) ;
#7770 = FACE_OUTER_BOUND ( 'NONE', #5957, .T. ) ;
#7771 = CARTESIAN_POINT ( 'NONE',  ( 45.02958255179718350, -19.06525438257995830, -11.81567228768027178 ) ) ;
#7772 = DIRECTION ( 'NONE',  ( 0.000000000000000000, 1.000000000000000000, 0.000000000000000000 ) ) ;
#7773 = CARTESIAN_POINT ( 'NONE',  ( -2.803801697542734228, -10.00000000000000000, -46.46947506094542035 ) ) ;
#7774 = ADVANCED_FACE ( 'NONE', ( #11133 ), #5350, .F. ) ;
#7775 = CARTESIAN_POINT ( 'NONE',  ( -41.20865162466920140, -20.23931917473912989, -29.46558707621425199 ) ) ;
#7776 = EDGE_CURVE ( 'NONE', #1286, #11478, #1381, .T. ) ;
#7777 = ORIENTED_EDGE ( 'NONE', *, *, #12043, .F. ) ;
#7778 = DIRECTION ( 'NONE',  ( 0.000000000000000000, 1.000000000000000000, 0.000000000000000000 ) ) ;
#7780 = EDGE_LOOP ( 'NONE', ( #7412, #11844, #2625, #8606 ) ) ;
#7779 = LINE ( 'NONE', #7918, #11505 ) ;
#7781 = CARTESIAN_POINT ( 'NONE',  ( -41.76183427908555501, -20.23931917473912989, -29.27369463607546862 ) ) ;
#7782 = ORIENTED_EDGE ( 'NONE', *, *, #9617, .T. ) ;
#7783 = DIRECTION ( 'NONE',  ( -0.000000000000000000, -1.000000000000000000, -0.000000000000000000 ) ) ;
#7784 = CARTESIAN_POINT ( 'NONE',  ( 34.90280549874193383, -20.42202547882114061, 36.99718027898853023 ) ) ;
#7785 = CYLINDRICAL_SURFACE ( 'NONE', #1485, 44.99999999999999289 ) ;
#7786 = VERTEX_POINT ( 'NONE', #9353 ) ;
#7787 = DIRECTION ( 'NONE',  ( 0.000000000000000000, 1.000000000000000000, 0.000000000000000000 ) ) ;
#7788 = VERTEX_POINT ( 'NONE', #543 ) ;
#7789 = DIRECTION ( 'NONE',  ( -0.9948960270893567603, 0.000000000000000000, -0.1009053778636897075 ) ) ;
#7790 = EDGE_CURVE ( 'NONE', #1988, #7132, #647, .T. ) ;
#7791 = LINE ( 'NONE', #9012, #5744 ) ;
#7792 = EDGE_CURVE ( 'NONE', #6413, #9992, #11318, .T. ) ;
#7793 = EDGE_CURVE ( 'NONE', #7737, #10607, #3484, .T. ) ;
#7794 = CARTESIAN_POINT ( 'NONE',  ( 0.000000000000000000, -10.00000000000000000, 0.000000000000000000 ) ) ;
#7795 = VERTEX_POINT ( 'NONE', #10238 ) ;
#7796 = AXIS2_PLACEMENT_3D ( 'NONE', #159, #7104, #2018 ) ;
#7797 = ORIENTED_EDGE ( 'NONE', *, *, #4396, .T. ) ;
#7798 = CARTESIAN_POINT ( 'NONE',  ( -17.89353851188256428, 10.00000000000000000, -47.39404044806786942 ) ) ;
#7799 = AXIS2_PLACEMENT_3D ( 'NONE', #7268, #6298, #11170 ) ;
#7800 = LINE ( 'NONE', #1123, #6261 ) ;
#7801 = DIRECTION ( 'NONE',  ( 0.000000000000000000, 1.000000000000000000, 0.000000000000000000 ) ) ;
#7802 = VERTEX_POINT ( 'NONE', #10366 ) ;
#7803 = CARTESIAN_POINT ( 'NONE',  ( 36.93882319809740977, -10.00000000000000000, -34.66838806764769032 ) ) ;
#7804 = ORIENTED_EDGE ( 'NONE', *, *, #8736, .T. ) ;
#7805 = DIRECTION ( 'NONE',  ( 0.000000000000000000, 0.000000000000000000, 1.000000000000000000 ) ) ;
#7806 = AXIS2_PLACEMENT_3D ( 'NONE', #979, #5073, #3925 ) ;
#7807 = ORIENTED_EDGE ( 'NONE', *, *, #4796, .F. ) ;
#7808 = CARTESIAN_POINT ( 'NONE',  ( 38.99960370005760524, 10.00000000000000000, 22.45063275808618286 ) ) ;
#7809 = CIRCLE ( 'NONE', #2051, 5.000000000000004441 ) ;
#7810 = EDGE_CURVE ( 'NONE', #3618, #7678, #4838, .T. ) ;
#7811 = AXIS2_PLACEMENT_3D ( 'NONE', #9814, #10202, #11990 ) ;
#7812 = VERTEX_POINT ( 'NONE', #12418 ) ;
#7813 = EDGE_LOOP ( 'NONE', ( #11108, #2487, #2132, #9155 ) ) ;
#7814 = FACE_OUTER_BOUND ( 'NONE', #387, .T. ) ;
#7815 = CARTESIAN_POINT ( 'NONE',  ( 26.79583779944113431, -20.23931917473911923, -42.99252106000946583 ) ) ;
#7816 = VERTEX_POINT ( 'NONE', #7675 ) ;
#7817 = ORIENTED_EDGE ( 'NONE', *, *, #4157, .F. ) ;
#7818 = CARTESIAN_POINT ( 'NONE',  ( 42.60509675787079686, 10.00000000000000000, -27.11191122463459635 ) ) ;
#7820 = ORIENTED_EDGE ( 'NONE', *, *, #4428, .F. ) ;
#7819 = LINE ( 'NONE', #7554, #9700 ) ;
#7821 = ORIENTED_EDGE ( 'NONE', *, *, #2184, .T. ) ;
#7822 = CARTESIAN_POINT ( 'NONE',  ( -15.19272321494612576, -10.00000000000000000, 44.00516535263795959 ) ) ;
#7823 = CIRCLE ( 'NONE', #5322, 0.4999999999999970024 ) ;
#7824 = VECTOR ( 'NONE', #151, 1000.000000000000000 ) ;
#7825 = VECTOR ( 'NONE', #3416, 1000.000000000000000 ) ;
#7826 = AXIS2_PLACEMENT_3D ( 'NONE', #1067, #7948, #6971 ) ;
#7827 = ADVANCED_FACE ( 'NONE', ( #9537 ), #11577, .T. ) ;
#7828 = DIRECTION ( 'NONE',  ( 0.7071067811865336949, 0.000000000000000000, -0.7071067811865614505 ) ) ;
#7829 = DIRECTION ( 'NONE',  ( 0.4688348621887476475, 0.000000000000000000, 0.8832858382179904488 ) ) ;
#7830 = CIRCLE ( 'NONE', #4518, 0.4999999999999971689 ) ;
#7831 = AXIS2_PLACEMENT_3D ( 'NONE', #12192, #569, #6412 ) ;
#7833 = ORIENTED_EDGE ( 'NONE', *, *, #11500, .F. ) ;
#7832 = LINE ( 'NONE', #2864, #5358 ) ;
#7834 = CARTESIAN_POINT ( 'NONE',  ( 0.000000000000000000, -20.42202547882114061, 0.000000000000000000 ) ) ;
#7835 = EDGE_CURVE ( 'NONE', #3618, #10234, #8873, .T. ) ;
#7836 = VERTEX_POINT ( 'NONE', #5600 ) ;
#7837 = CARTESIAN_POINT ( 'NONE',  ( 0.000000000000000000, 10.00000000000000000, 0.000000000000000000 ) ) ;
#7838 = DIRECTION ( 'NONE',  ( 0.000000000000000000, 0.000000000000000000, 1.000000000000000000 ) ) ;
#7839 = DIRECTION ( 'NONE',  ( -0.000000000000000000, -1.000000000000000000, -0.000000000000000000 ) ) ;
#7840 = DIRECTION ( 'NONE',  ( 0.000000000000000000, 1.000000000000000000, 0.000000000000000000 ) ) ;
#7841 = VECTOR ( 'NONE', #4644, 1000.000000000000114 ) ;
#7842 = FACE_OUTER_BOUND ( 'NONE', #1575, .T. ) ;
#7843 = CARTESIAN_POINT ( 'NONE',  ( 28.46743292285599480, -10.00000000000000000, -37.88346327708642036 ) ) ;
#7844 = VECTOR ( 'NONE', #11195, 1000.000000000000000 ) ;
#7845 = CONICAL_SURFACE ( 'NONE', #2693, 38.99999999999999289, 0.7853981633974621568 ) ;
#7846 = ORIENTED_EDGE ( 'NONE', *, *, #7410, .T. ) ;
#7847 = FACE_OUTER_BOUND ( 'NONE', #3459, .T. ) ;
#7848 = VECTOR ( 'NONE', #95, 1000.000000000000000 ) ;
#7850 = EDGE_LOOP ( 'NONE', ( #725, #6138, #7893, #9195 ) ) ;
#7849 = DIRECTION ( 'NONE',  ( -0.000000000000000000, -1.000000000000000000, -0.000000000000000000 ) ) ;
#7851 = EDGE_CURVE ( 'NONE', #12420, #1565, #7011, .T. ) ;
#7852 = DIRECTION ( 'NONE',  ( 0.2875058131643737358, -0.000000000000000000, 0.9577788927496221350 ) ) ;
#7853 = AXIS2_PLACEMENT_3D ( 'NONE', #3094, #7865, #7025 ) ;
#7854 = ORIENTED_EDGE ( 'NONE', *, *, #2038, .T. ) ;
#7855 = DIRECTION ( 'NONE',  ( 0.000000000000000000, 0.000000000000000000, 1.000000000000000000 ) ) ;
#7856 = VECTOR ( 'NONE', #8978, 1000.000000000000000 ) ;
#7857 = DIRECTION ( 'NONE',  ( 0.000000000000000000, 1.000000000000000000, 0.000000000000000000 ) ) ;
#7858 = CARTESIAN_POINT ( 'NONE',  ( -20.56387910459065083, -19.69863090235025282, 46.67040685672002098 ) ) ;
#7859 = CARTESIAN_POINT ( 'NONE',  ( 36.93882319809740977, 10.00000000000000000, -34.66838806764769032 ) ) ;
#7860 = VERTEX_POINT ( 'NONE', #730 ) ;
#7861 = FACE_OUTER_BOUND ( 'NONE', #4523, .T. ) ;
#7862 = VECTOR ( 'NONE', #9186, 1000.000000000000000 ) ;
#7863 = CONICAL_SURFACE ( 'NONE', #3749, 12.00000000000000178, 0.7853981633974482790 ) ;
#7864 = DIRECTION ( 'NONE',  ( 0.000000000000000000, 0.000000000000000000, 1.000000000000000000 ) ) ;
#7865 = DIRECTION ( 'NONE',  ( 0.000000000000000000, 1.000000000000000000, 0.000000000000000000 ) ) ;
#7866 = ORIENTED_EDGE ( 'NONE', *, *, #9518, .F. ) ;
#7867 = AXIS2_PLACEMENT_3D ( 'NONE', #5053, #11912, #12107 ) ;
#7868 = EDGE_CURVE ( 'NONE', #10154, #7149, #6817, .T. ) ;
#7869 = ORIENTED_EDGE ( 'NONE', *, *, #7041, .F. ) ;
#7870 = CARTESIAN_POINT ( 'NONE',  ( -11.06380523147316808, 10.00000000000000000, -49.78546187191624739 ) ) ;
#7871 = EDGE_CURVE ( 'NONE', #7001, #9358, #3669, .T. ) ;
#7872 = CARTESIAN_POINT ( 'NONE',  ( 0.000000000000000000, 10.00000000000000000, 0.000000000000000000 ) ) ;
#7873 = CARTESIAN_POINT ( 'NONE',  ( -50.63394466786607495, -10.00000000000000000, 1.605440076985956033 ) ) ;
#7874 = EDGE_CURVE ( 'NONE', #3428, #3967, #5522, .T. ) ;
#7875 = DIRECTION ( 'NONE',  ( 0.000000000000000000, 1.000000000000000000, 0.000000000000000000 ) ) ;
#7876 = AXIS2_PLACEMENT_3D ( 'NONE', #2175, #5059, #6096 ) ;
#7877 = ORIENTED_EDGE ( 'NONE', *, *, #6098, .T. ) ;
#7878 = EDGE_CURVE ( 'NONE', #2600, #11656, #7035, .T. ) ;
#7879 = EDGE_CURVE ( 'NONE', #3168, #8402, #10671, .T. ) ;
#7880 = LINE ( 'NONE', #936, #10962 ) ;
#7881 = CIRCLE ( 'NONE', #12160, 8.000000000000000000 ) ;
#7882 = FACE_OUTER_BOUND ( 'NONE', #11857, .T. ) ;
#7883 = VERTEX_POINT ( 'NONE', #8640 ) ;
#7884 = ORIENTED_EDGE ( 'NONE', *, *, #11447, .F. ) ;
#7885 = AXIS2_PLACEMENT_3D ( 'NONE', #689, #2547, #4595 ) ;
#7886 = DIRECTION ( 'NONE',  ( -4.085620730620576069E-14, 0.000000000000000000, 1.000000000000000000 ) ) ;
#7887 = CARTESIAN_POINT ( 'NONE',  ( 0.000000000000000000, -10.00000000000000000, 10.99999999999998401 ) ) ;
#7888 = ORIENTED_EDGE ( 'NONE', *, *, #2453, .T. ) ;
#7889 = ORIENTED_EDGE ( 'NONE', *, *, #10405, .T. ) ;
#7890 = DIRECTION ( 'NONE',  ( 0.000000000000000000, 1.000000000000000000, 0.000000000000000000 ) ) ;
#7892 = VERTEX_POINT ( 'NONE', #2708 ) ;
#7891 = LINE ( 'NONE', #5047, #7439 ) ;
#7893 = ORIENTED_EDGE ( 'NONE', *, *, #10911, .F. ) ;
#7894 = VECTOR ( 'NONE', #11093, 1000.000000000000000 ) ;
#7895 = DIRECTION ( 'NONE',  ( 0.000000000000000000, 1.000000000000000000, 0.000000000000000000 ) ) ;
#7896 = ADVANCED_FACE ( 'NONE', ( #6699 ), #5666, .T. ) ;
#7897 = CARTESIAN_POINT ( 'NONE',  ( -42.70926380875499007, -19.69863090235025993, -20.52974213179092899 ) ) ;
#7898 = DIRECTION ( 'NONE',  ( -0.8805492600596829256, 0.000000000000000000, -0.4739546398215180867 ) ) ;
#7899 = AXIS2_PLACEMENT_3D ( 'NONE', #11849, #12642, #10827 ) ;
#7901 = ORIENTED_EDGE ( 'NONE', *, *, #223, .F. ) ;
#7900 = CARTESIAN_POINT ( 'NONE',  ( -28.14833299833716751, -10.00000000000000000, -37.08024765038248205 ) ) ;
#7902 = ADVANCED_FACE ( 'NONE', ( #8711 ), #5724, .T. ) ;
#7903 = CARTESIAN_POINT ( 'NONE',  ( 45.84930138799940380, 10.00000000000000000, 2.157587686025125961 ) ) ;
#7904 = ORIENTED_EDGE ( 'NONE', *, *, #12247, .T. ) ;
#7905 = ORIENTED_EDGE ( 'NONE', *, *, #2559, .F. ) ;
#7906 = PLANE ( 'NONE',  #5387 ) ;
#7907 = DIRECTION ( 'NONE',  ( -0.6321468503848289844, 0.000000000000000000, 0.7748486042760487358 ) ) ;
#7908 = EDGE_CURVE ( 'NONE', #1775, #9747, #6632, .T. ) ;
#7909 = CARTESIAN_POINT ( 'NONE',  ( -22.51666049839539951, -10.00000000000000178, 21.00000000000001066 ) ) ;
#7910 = AXIS2_PLACEMENT_3D ( 'NONE', #9003, #2001, #1168 ) ;
#7911 = CIRCLE ( 'NONE', #5847, 50.99999999999999289 ) ;
#7912 = DIRECTION ( 'NONE',  ( 0.000000000000000000, 0.000000000000000000, 1.000000000000000000 ) ) ;
#7913 = DIRECTION ( 'NONE',  ( 0.000000000000000000, 1.000000000000000000, 0.000000000000000000 ) ) ;
#7914 = AXIS2_PLACEMENT_3D ( 'NONE', #5216, #9152, #3356 ) ;
#7915 = ORIENTED_EDGE ( 'NONE', *, *, #9241, .T. ) ;
#7916 = CIRCLE ( 'NONE', #5854, 51.00000000000000000 ) ;
#7917 = CARTESIAN_POINT ( 'NONE',  ( -15.68329018125524321, -10.00000000000000000, -44.71672993605642432 ) ) ;
#7919 = ORIENTED_EDGE ( 'NONE', *, *, #8754, .T. ) ;
#7918 = CARTESIAN_POINT ( 'NONE',  ( -31.60182249696955026, -20.42202547882114061, 35.31113623141698810 ) ) ;
#7920 = EDGE_CURVE ( 'NONE', #7812, #8946, #4971, .T. ) ;
#7921 = DIRECTION ( 'NONE',  ( 0.8692791828944256283, 0.000000000000000000, 0.4943214563281666529 ) ) ;
#7922 = EDGE_LOOP ( 'NONE', ( #7115, #1718, #12570, #12147 ) ) ;
#7923 = DIRECTION ( 'NONE',  ( 0.000000000000000000, 0.000000000000000000, -1.000000000000000000 ) ) ;
#7924 = DIRECTION ( 'NONE',  ( 0.000000000000000000, 0.000000000000000000, 1.000000000000000000 ) ) ;
#7925 = CARTESIAN_POINT ( 'NONE',  ( 0.000000000000000000, 10.00000000000000000, 0.000000000000000000 ) ) ;
#7926 = AXIS2_PLACEMENT_3D ( 'NONE', #8231, #11941, #11107 ) ;
#7927 = DIRECTION ( 'NONE',  ( 0.000000000000000000, 0.000000000000000000, 1.000000000000000000 ) ) ;
#7928 = VERTEX_POINT ( 'NONE', #12543 ) ;
#7929 = DIRECTION ( 'NONE',  ( 0.000000000000000000, 1.000000000000000000, 0.000000000000000000 ) ) ;
#7930 = ADVANCED_FACE ( 'NONE', ( #9652 ), #854, .T. ) ;
#7931 = CARTESIAN_POINT ( 'NONE',  ( -37.08024765038257442, -20.23931917473912989, -28.14833299833703606 ) ) ;
#7932 = AXIS2_PLACEMENT_3D ( 'NONE', #4871, #8277, #2405 ) ;
#7933 = CARTESIAN_POINT ( 'NONE',  ( 46.16528980983285635, 10.00000000000000000, -20.86000496748403776 ) ) ;
#7934 = VERTEX_POINT ( 'NONE', #1693 ) ;
#7935 = VERTEX_POINT ( 'NONE', #4768 ) ;
#7936 = DIRECTION ( 'NONE',  ( 3.469446951953611033E-15, 0.000000000000000000, 1.000000000000000000 ) ) ;
#7937 = DIRECTION ( 'NONE',  ( 0.4688348621887507561, -0.000000000000000000, 0.8832858382179888945 ) ) ;
#7938 = DIRECTION ( 'NONE',  ( -0.9974095118627308576, 0.000000000000000000, -0.07193236855372590888 ) ) ;
#7939 = DIRECTION ( 'NONE',  ( 0.6366343730118753097, -0.000000000000000000, 0.7711657896326680195 ) ) ;
#7940 = DIRECTION ( 'NONE',  ( -0.6544111638669529718, 0.000000000000000000, -0.7561388950492495820 ) ) ;
#7941 = VERTEX_POINT ( 'NONE', #5801 ) ;
#7942 = CIRCLE ( 'NONE', #143, 5.000000000000002665 ) ;
#7943 = DIRECTION ( 'NONE',  ( 0.000000000000000000, 1.000000000000000000, 0.000000000000000000 ) ) ;
#7944 = PERSON_AND_ORGANIZATION_ROLE ( 'design_owner' ) ;
#7945 = EDGE_CURVE ( 'NONE', #5901, #7173, #11525, .T. ) ;
#7946 = ORIENTED_EDGE ( 'NONE', *, *, #7282, .F. ) ;
#7947 = DIRECTION ( 'NONE',  ( 0.000000000000000000, 1.000000000000000000, 0.000000000000000000 ) ) ;
#7948 = DIRECTION ( 'NONE',  ( 0.6544111638669556363, -0.000000000000000000, 0.7561388950492472505 ) ) ;
#7949 = ORIENTED_EDGE ( 'NONE', *, *, #12710, .T. ) ;
#7950 = ORIENTED_EDGE ( 'NONE', *, *, #7719, .F. ) ;
#7951 = DIRECTION ( 'NONE',  ( 0.7748486042760420744, 0.000000000000000000, -0.6321468503848369780 ) ) ;
#7953 = ORIENTED_EDGE ( 'NONE', *, *, #213, .T. ) ;
#7952 = CARTESIAN_POINT ( 'NONE',  ( -35.31113623141688151, 10.00000000000000000, -31.60182249696968171 ) ) ;
#7954 = EDGE_CURVE ( 'NONE', #4587, #6281, #11699, .T. ) ;
#7955 = VERTEX_POINT ( 'NONE', #2196 ) ;
#7956 = CARTESIAN_POINT ( 'NONE',  ( 41.35240453125157956, 10.00000000000000000, 28.98669762983915632 ) ) ;
#7957 = PLANE ( 'NONE',  #5004 ) ;
#7958 = LINE ( 'NONE', #8797, #1943 ) ;
#7959 = EDGE_CURVE ( 'NONE', #10088, #1099, #2106, .T. ) ;
#7961 = ORIENTED_EDGE ( 'NONE', *, *, #5416, .T. ) ;
#7960 = LINE ( 'NONE', #4215, #1882 ) ;
#7962 = CYLINDRICAL_SURFACE ( 'NONE', #14, 8.000000000000003553 ) ;
#7963 = ORIENTED_EDGE ( 'NONE', *, *, #4416, .T. ) ;
#7964 = EDGE_LOOP ( 'NONE', ( #3267, #11603, #2738, #10325 ) ) ;
#7965 = EDGE_CURVE ( 'NONE', #10254, #10805, #1179, .T. ) ;
#7966 = DIRECTION ( 'NONE',  ( 0.000000000000000000, 0.000000000000000000, 1.000000000000000000 ) ) ;
#7967 = CARTESIAN_POINT ( 'NONE',  ( 0.000000000000000000, -8.999999999999982236, 0.000000000000000000 ) ) ;
#7968 = DIRECTION ( 'NONE',  ( 0.000000000000000000, 1.000000000000000000, 0.000000000000000000 ) ) ;
#7969 = ORIENTED_EDGE ( 'NONE', *, *, #11196, .T. ) ;
#7970 = EDGE_CURVE ( 'NONE', #4166, #769, #10920, .T. ) ;
#7971 = DIRECTION ( 'NONE',  ( 0.000000000000000000, 1.000000000000000000, 0.000000000000000000 ) ) ;
#7973 = VERTEX_POINT ( 'NONE', #11766 ) ;
#7972 = DIRECTION ( 'NONE',  ( 0.000000000000000000, 0.000000000000000000, 1.000000000000000000 ) ) ;
#7974 = CARTESIAN_POINT ( 'NONE',  ( -41.35240453125117455, 10.00000000000000000, 28.98669762983973541 ) ) ;
#7975 = ADVANCED_FACE ( 'NONE', ( #7095 ), #4893, .T. ) ;
#7976 = ORIENTED_EDGE ( 'NONE', *, *, #3396, .T. ) ;
#7977 = DIRECTION ( 'NONE',  ( 0.000000000000000000, 0.000000000000000000, 1.000000000000000000 ) ) ;
#7978 = FACE_OUTER_BOUND ( 'NONE', #6639, .T. ) ;
#7979 = DIRECTION ( 'NONE',  ( 0.000000000000000000, 0.000000000000000000, -1.000000000000000000 ) ) ;
#7980 = DIRECTION ( 'NONE',  ( 0.000000000000000000, 1.000000000000000000, 0.000000000000000000 ) ) ;
#7981 = EDGE_CURVE ( 'NONE', #8542, #6969, #6059, .T. ) ;
#7982 = EDGE_LOOP ( 'NONE', ( #6985, #3861, #10662, #10980 ) ) ;
#7983 = ORIENTED_EDGE ( 'NONE', *, *, #482, .T. ) ;
#7984 = CARTESIAN_POINT ( 'NONE',  ( -47.39404044806780547, -10.00000000000000000, 17.89353851188273126 ) ) ;
#7985 = CARTESIAN_POINT ( 'NONE',  ( -41.35240453125138771, 10.00000000000000000, -28.98669762983944054 ) ) ;
#7986 = DIRECTION ( 'NONE',  ( -0.000000000000000000, -1.000000000000000000, -0.000000000000000000 ) ) ;
#7987 = ORIENTED_EDGE ( 'NONE', *, *, #10347, .F. ) ;
#7988 = ORIENTED_EDGE ( 'NONE', *, *, #9917, .T. ) ;
#7989 = CARTESIAN_POINT ( 'NONE',  ( -42.63013842481655047, 10.00000000000000000, 14.41080490052445029 ) ) ;
#7990 = DIRECTION ( 'NONE',  ( 0.9948960270893555391, -0.000000000000000000, -0.1009053778637003518 ) ) ;
#7991 = ADVANCED_FACE ( 'NONE', ( #152 ), #206, .T. ) ;
#7992 = ORIENTED_EDGE ( 'NONE', *, *, #5647, .F. ) ;
#7993 = CARTESIAN_POINT ( 'NONE',  ( -49.29736910846604303, -19.06525438257993699, 10.95533655273341367 ) ) ;
#7994 = CARTESIAN_POINT ( 'NONE',  ( 0.000000000000000000, 10.00000000000000000, 0.000000000000000000 ) ) ;
#7995 = ORIENTED_EDGE ( 'NONE', *, *, #6691, .T. ) ;
#7996 = CARTESIAN_POINT ( 'NONE',  ( 0.000000000000000000, -10.00000000000000000, 0.000000000000000000 ) ) ;
#7997 = CALENDAR_DATE ( 2026, 8, 8 ) ;
#7998 = CIRCLE ( 'NONE', #7796, 50.99999999999999289 ) ;
#7999 = AXIS2_PLACEMENT_3D ( 'NONE', #4542, #8687, #12386 ) ;
#8000 = ORIENTED_EDGE ( 'NONE', *, *, #9008, .F. ) ;
#8001 = CARTESIAN_POINT ( 'NONE',  ( 28.98669762983901421, -20.23931917473911923, -41.35240453125168614 ) ) ;
#8002 = EDGE_LOOP ( 'NONE', ( #6582, #2639 ) ) ;
#8003 = ORIENTED_EDGE ( 'NONE', *, *, #9295, .T. ) ;
#8004 = DIRECTION ( 'NONE',  ( 0.000000000000000000, 0.000000000000000000, -1.000000000000000000 ) ) ;
#8005 = DIRECTION ( 'NONE',  ( 0.000000000000000000, 1.000000000000000000, 0.000000000000000000 ) ) ;
#8006 = EDGE_CURVE ( 'NONE', #2180, #4166, #6118, .T. ) ;
#8007 = ORIENTED_EDGE ( 'NONE', *, *, #3032, .T. ) ;
#8008 = LINE ( 'NONE', #3121, #7009 ) ;
#8009 = EDGE_CURVE ( 'NONE', #6900, #5915, #4185, .T. ) ;
#8010 = AXIS2_PLACEMENT_3D ( 'NONE', #2431, #457, #7083 ) ;
#8011 = CIRCLE ( 'NONE', #11078, 8.000000000000001776 ) ;
#8012 = CARTESIAN_POINT ( 'NONE',  ( -28.14833299833691527, -20.23931917473912634, 37.08024765038265258 ) ) ;
#8013 = CIRCLE ( 'NONE', #415, 50.99999999999999289 ) ;
#8014 = CARTESIAN_POINT ( 'NONE',  ( 20.56387910459129742, 10.00000000000000000, 46.67040685671973677 ) ) ;
#8015 = ORIENTED_EDGE ( 'NONE', *, *, #4780, .T. ) ;
#8017 = ORIENTED_EDGE ( 'NONE', *, *, #2590, .T. ) ;
#8016 = CARTESIAN_POINT ( 'NONE',  ( 44.62242083716721197, -10.00000000000000000, 5.817177892306884424 ) ) ;
#8018 = AXIS2_PLACEMENT_3D ( 'NONE', #10281, #9201, #8368 ) ;
#8019 = CARTESIAN_POINT ( 'NONE',  ( 1.102182119232617122E-15, -10.00000000000000000, 8.999999999999994671 ) ) ;
#8020 = AXIS2_PLACEMENT_3D ( 'NONE', #2571, #10410, #7280 ) ;
#8021 = ORIENTED_EDGE ( 'NONE', *, *, #10685, .F. ) ;
#8022 = CARTESIAN_POINT ( 'NONE',  ( 9.797174393178825657E-16, 9.000000000000007105, -8.000000000000000000 ) ) ;
#8023 = ADVANCED_FACE ( 'NONE', ( #1049 ), #11953, .T. ) ;
#8024 = LINE ( 'NONE', #2043, #6026 ) ;
#8025 = EDGE_CURVE ( 'NONE', #6992, #4894, #23, .T. ) ;
#8026 = EDGE_CURVE ( 'NONE', #11678, #4264, #10031, .T. ) ;
#8027 = CYLINDRICAL_SURFACE ( 'NONE', #5835, 8.000000000000003553 ) ;
#8028 = EDGE_CURVE ( 'NONE', #1770, #11531, #3166, .T. ) ;
#8029 = EDGE_CURVE ( 'NONE', #398, #3128, #5139, .T. ) ;
#8030 = CIRCLE ( 'NONE', #10686, 5.000000000000000888 ) ;
#8031 = EDGE_CURVE ( 'NONE', #5945, #7737, #4053, .T. ) ;
#8032 = AXIS2_PLACEMENT_3D ( 'NONE', #5856, #836, #10598 ) ;
#8033 = VERTEX_POINT ( 'NONE', #6956 ) ;
#8034 = ORIENTED_EDGE ( 'NONE', *, *, #7908, .F. ) ;
#8035 = CARTESIAN_POINT ( 'NONE',  ( 42.99252106000881923, -20.23931917473915831, -26.79583779944218236 ) ) ;
#8037 = ORIENTED_EDGE ( 'NONE', *, *, #3835, .F. ) ;
#8036 = CARTESIAN_POINT ( 'NONE',  ( -34.90280549874167804, -10.00000000000000000, -36.49718027898878603 ) ) ;
#8038 = DIRECTION ( 'NONE',  ( -0.2651351511132808980, 0.000000000000000000, 0.9642112588246093408 ) ) ;
#8039 = ORIENTED_EDGE ( 'NONE', *, *, #10176, .T. ) ;
#8040 = CARTESIAN_POINT ( 'NONE',  ( 24.10574140080145611, -20.23931917473915831, 40.79785237731697833 ) ) ;
#8041 = VECTOR ( 'NONE', #9359, 1000.000000000000000 ) ;
#8042 = VECTOR ( 'NONE', #1252, 1000.000000000000000 ) ;
#8043 = AXIS2_PLACEMENT_3D ( 'NONE', #11797, #6930, #10829 ) ;
#8044 = DIRECTION ( 'NONE',  ( 0.8939589078457609306, 0.000000000000000000, 0.4481489385050623775 ) ) ;
#8045 = ORIENTED_EDGE ( 'NONE', *, *, #5183, .F. ) ;
#8046 = DIRECTION ( 'NONE',  ( 0.000000000000000000, 0.000000000000000000, 1.000000000000000000 ) ) ;
#8047 = DIRECTION ( 'NONE',  ( 0.000000000000000000, 1.000000000000000000, 0.000000000000000000 ) ) ;
#8048 = EDGE_CURVE ( 'NONE', #7724, #9928, #6831, .T. ) ;
#8049 = VERTEX_POINT ( 'NONE', #8127 ) ;
#8050 = ORIENTED_EDGE ( 'NONE', *, *, #1750, .T. ) ;
#8051 = FACE_OUTER_BOUND ( 'NONE', #9190, .T. ) ;
#8052 = VERTEX_POINT ( 'NONE', #283 ) ;
#8053 = AXIS2_PLACEMENT_3D ( 'NONE', #1497, #5397, #9341 ) ;
#8054 = AXIS2_PLACEMENT_3D ( 'NONE', #8959, #7986, #11879 ) ;
#8055 = AXIS2_PLACEMENT_3D ( 'NONE', #8394, #9421, #11265 ) ;
#8056 = DIRECTION ( 'NONE',  ( 0.000000000000000000, 1.000000000000000000, 0.000000000000000000 ) ) ;
#8057 = DIRECTION ( 'NONE',  ( -0.9238795325112827417, 0.000000000000000000, 0.3826834323650997183 ) ) ;
#8058 = ORIENTED_EDGE ( 'NONE', *, *, #4716, .F. ) ;
#8059 = ORIENTED_EDGE ( 'NONE', *, *, #12172, .T. ) ;
#8060 = DIRECTION ( 'NONE',  ( 0.000000000000000000, 0.000000000000000000, 1.000000000000000000 ) ) ;
#8061 = DIRECTION ( 'NONE',  ( 0.000000000000000000, 0.000000000000000000, -1.000000000000000000 ) ) ;
#8062 = EDGE_CURVE ( 'NONE', #429, #5058, #11927, .T. ) ;
#8063 = DIRECTION ( 'NONE',  ( 0.000000000000000000, 1.000000000000000000, 0.000000000000000000 ) ) ;
#8064 = DIRECTION ( 'NONE',  ( 0.000000000000000000, 0.000000000000000000, 1.000000000000000000 ) ) ;
#8065 = CARTESIAN_POINT ( 'NONE',  ( 47.54181953147855921, -10.00000000000000000, 18.46010280676470572 ) ) ;
#8066 = VECTOR ( 'NONE', #6686, 1000.000000000000000 ) ;
#8067 = ORIENTED_EDGE ( 'NONE', *, *, #1021, .T. ) ;
#8068 = ORIENTED_EDGE ( 'NONE', *, *, #4678, .F. ) ;
#8069 = LINE ( 'NONE', #5221, #9143 ) ;
#8070 = VECTOR ( 'NONE', #3370, 1000.000000000000227 ) ;
#8071 = APPROVAL_DATE_TIME ( #10043, #359 ) ;
#8072 = EDGE_CURVE ( 'NONE', #3539, #5377, #862, .T. ) ;
#8073 = VECTOR ( 'NONE', #6089, 1000.000000000000000 ) ;
#8074 = ORIENTED_EDGE ( 'NONE', *, *, #6854, .T. ) ;
#8075 = CARTESIAN_POINT ( 'NONE',  ( 44.00516535263803064, -19.69863090235023861, 15.19272321494595879 ) ) ;
#8076 = CIRCLE ( 'NONE', #11333, 8.000000000000001776 ) ;
#8077 = EDGE_LOOP ( 'NONE', ( #12275, #10123, #4178, #43 ) ) ;
#8078 = VERTEX_POINT ( 'NONE', #10171 ) ;
#8079 = ORIENTED_EDGE ( 'NONE', *, *, #5146, .F. ) ;
#8080 = CIRCLE ( 'NONE', #9103, 5.000000000000000888 ) ;
#8081 = DIRECTION ( 'NONE',  ( 0.000000000000000000, 1.000000000000000000, 0.000000000000000000 ) ) ;
#8082 = VECTOR ( 'NONE', #7990, 1000.000000000000227 ) ;
#8083 = ORIENTED_EDGE ( 'NONE', *, *, #3068, .T. ) ;
#8084 = DIRECTION ( 'NONE',  ( 0.000000000000000000, 1.000000000000000000, 0.000000000000000000 ) ) ;
#8085 = AXIS2_PLACEMENT_3D ( 'NONE', #5677, #4650, #8595 ) ;
#8086 = FACE_OUTER_BOUND ( 'NONE', #609, .T. ) ;
#8087 = CYLINDRICAL_SURFACE ( 'NONE', #5803, 44.99999999999999289 ) ;
#8088 = EDGE_CURVE ( 'NONE', #8988, #1284, #6607, .T. ) ;
#8089 = CIRCLE ( 'NONE', #7257, 8.000000000000000000 ) ;
#8090 = AXIS2_PLACEMENT_3D ( 'NONE', #6303, #10346, #11111 ) ;
#8091 = ORIENTED_EDGE ( 'NONE', *, *, #4382, .F. ) ;
#8093 = ORIENTED_EDGE ( 'NONE', *, *, #8028, .F. ) ;
#8092 = CARTESIAN_POINT ( 'NONE',  ( 24.10574140080145611, 10.00000000000000000, 40.79785237731697833 ) ) ;
#8094 = CARTESIAN_POINT ( 'NONE',  ( -5.817177892307046072, -10.00000000000000000, 44.62242083716719776 ) ) ;
#8095 = VERTEX_POINT ( 'NONE', #10284 ) ;
#8096 = PLANE ( 'NONE',  #6426 ) ;
#8097 = DIRECTION ( 'NONE',  ( 0.000000000000000000, 0.000000000000000000, 1.000000000000000000 ) ) ;
#8098 = CARTESIAN_POINT ( 'NONE',  ( 23.48578117747931060, 10.00000000000000000, 40.19566517527146488 ) ) ;
#8099 = CIRCLE ( 'NONE', #2344, 51.00000000000000000 ) ;
#8100 = VECTOR ( 'NONE', #4797, 1000.000000000000000 ) ;
#8101 = CIRCLE ( 'NONE', #6411, 0.4999999999999970024 ) ;
#8102 = EDGE_CURVE ( 'NONE', #3524, #5150, #1421, .T. ) ;
#8103 = ORIENTED_EDGE ( 'NONE', *, *, #1191, .F. ) ;
#8104 = EDGE_CURVE ( 'NONE', #10254, #7344, #3521, .T. ) ;
#8105 = DIRECTION ( 'NONE',  ( -0.000000000000000000, -1.000000000000000000, -0.000000000000000000 ) ) ;
#8107 = VERTEX_POINT ( 'NONE', #8181 ) ;
#8106 = DIRECTION ( 'NONE',  ( 0.000000000000000000, 1.000000000000000000, 0.000000000000000000 ) ) ;
#8108 = EDGE_CURVE ( 'NONE', #1320, #526, #10707, .T. ) ;
#8109 = LINE ( 'NONE', #7136, #2306 ) ;
#8110 = ORIENTED_EDGE ( 'NONE', *, *, #7878, .F. ) ;
#8111 = VECTOR ( 'NONE', #9640, 1000.000000000000114 ) ;
#8112 = AXIS2_PLACEMENT_3D ( 'NONE', #3751, #7687, #7547 ) ;
#8113 = ADVANCED_FACE ( 'NONE', ( #6180 ), #10100, .T. ) ;
#8114 = CYLINDRICAL_SURFACE ( 'NONE', #8321, 0.5000000000000004441 ) ;
#8115 = EDGE_CURVE ( 'NONE', #2611, #9126, #7209, .T. ) ;
#8116 = DIRECTION ( 'NONE',  ( 0.000000000000000000, 0.000000000000000000, 1.000000000000000000 ) ) ;
#8117 = VERTEX_POINT ( 'NONE', #7392 ) ;
#8118 = CARTESIAN_POINT ( 'NONE',  ( 15.19272321494580247, -10.00000000000000000, -44.00516535263808038 ) ) ;
#8119 = CARTESIAN_POINT ( 'NONE',  ( 46.67040685672009204, -19.69863090235023861, 20.56387910459047319 ) ) ;
#8120 = ORIENTED_EDGE ( 'NONE', *, *, #4671, .T. ) ;
#8121 = VERTEX_POINT ( 'NONE', #9264 ) ;
#8122 = DIRECTION ( 'NONE',  ( 0.000000000000000000, 1.000000000000000000, 0.000000000000000000 ) ) ;
#8123 = AXIS2_PLACEMENT_3D ( 'NONE', #8805, #2176, #7838 ) ;
#8124 = VECTOR ( 'NONE', #4258, 1000.000000000000000 ) ;
#8125 = DIRECTION ( 'NONE',  ( 1.318389841742372287E-14, 0.000000000000000000, 1.000000000000000000 ) ) ;
#8126 = ADVANCED_FACE ( 'NONE', ( #6431 ), #2322, .T. ) ;
#8127 = CARTESIAN_POINT ( 'NONE',  ( 9.797174393178821713E-16, 5.000000000000000000, -34.00000000000000000 ) ) ;
#8128 = ORIENTED_EDGE ( 'NONE', *, *, #7084, .F. ) ;
#8129 = ORIENTED_EDGE ( 'NONE', *, *, #10835, .F. ) ;
#8130 = CARTESIAN_POINT ( 'NONE',  ( -39.32099234290792111, -10.00000000000000000, -23.67853845910824617 ) ) ;
#8131 = CYLINDRICAL_SURFACE ( 'NONE', #12351, 0.4999999999999970024 ) ;
#8132 = CIRCLE ( 'NONE', #8530, 50.99999999999997868 ) ;
#8133 = CYLINDRICAL_SURFACE ( 'NONE', #4831, 8.000000000000001776 ) ;
#8134 = LINE ( 'NONE', #3230, #6002 ) ;
#8135 = CARTESIAN_POINT ( 'NONE',  ( 0.000000000000000000, -20.23931917473915831, 0.000000000000000000 ) ) ;
#8136 = ORIENTED_EDGE ( 'NONE', *, *, #10991, .F. ) ;
#8137 = ORIENTED_EDGE ( 'NONE', *, *, #5994, .F. ) ;
#8138 = CARTESIAN_POINT ( 'NONE',  ( -42.60509675787118056, -20.23931917473912989, -27.11191122463399239 ) ) ;
#8139 = AXIS2_PLACEMENT_3D ( 'NONE', #9070, #2310, #6232 ) ;
#8140 = CARTESIAN_POINT ( 'NONE',  ( 10.95533655273357532, 10.00000000000000000, 49.29736910846601461 ) ) ;
#8141 = ORIENTED_EDGE ( 'NONE', *, *, #7523, .T. ) ;
#8142 = APPROVAL ( #9931, 'UNSPECIFIED' ) ;
#8143 = DIRECTION ( 'NONE',  ( 0.4688348621887475920, 0.000000000000000000, 0.8832858382179904488 ) ) ;
#8144 = VERTEX_POINT ( 'NONE', #1556 ) ;
#8145 = PERSON ( 'UNSPECIFIED', 'UNSPECIFIED', 'UNSPECIFIED', ('UNSPECIFIED'), ('UNSPECIFIED'), ('UNSPECIFIED') ) ;
#8146 = VERTEX_POINT ( 'NONE', #11119 ) ;
#8147 = VERTEX_POINT ( 'NONE', #3224 ) ;
#8148 = LINE ( 'NONE', #7116, #3127 ) ;
#8149 = ORIENTED_EDGE ( 'NONE', *, *, #1266, .F. ) ;
#8150 = DIRECTION ( 'NONE',  ( 0.000000000000000000, 1.000000000000000000, 0.000000000000000000 ) ) ;
#8151 = DIRECTION ( 'NONE',  ( 0.000000000000000000, 1.000000000000000000, 0.000000000000000000 ) ) ;
#8152 = CARTESIAN_POINT ( 'NONE',  ( 11.81567228767916866, -19.06525438257988725, -45.02958255179745350 ) ) ;
#8153 = CARTESIAN_POINT ( 'NONE',  ( 19.95408209559144197, -19.69863090235023151, -40.33403783062632897 ) ) ;
#8154 = EDGE_CURVE ( 'NONE', #10723, #6832, #12210, .T. ) ;
#8155 = EDGE_LOOP ( 'NONE', ( #4230, #1732, #7329, #2174 ) ) ;
#8157 = ORIENTED_EDGE ( 'NONE', *, *, #150, .T. ) ;
#8156 = DIRECTION ( 'NONE',  ( -0.9642112588246083416, 0.000000000000000000, -0.2651351511132846728 ) ) ;
#8158 = CARTESIAN_POINT ( 'NONE',  ( 27.11191122463445069, -10.00000000000000000, 43.10509675787089634 ) ) ;
#8159 = ORIENTED_EDGE ( 'NONE', *, *, #10141, .T. ) ;
#8160 = FACE_OUTER_BOUND ( 'NONE', #10676, .T. ) ;
#8161 = DIRECTION ( 'NONE',  ( 0.000000000000000000, 1.000000000000000000, 0.000000000000000000 ) ) ;
#8162 = CARTESIAN_POINT ( 'NONE',  ( 15.55241692398397291, 10.00000000000000000, 43.18490419363076427 ) ) ;
#8163 = ORIENTED_EDGE ( 'NONE', *, *, #9820, .F. ) ;
#8165 = VERTEX_POINT ( 'NONE', #5321 ) ;
#8164 = LINE ( 'NONE', #12057, #4949 ) ;
#8166 = CARTESIAN_POINT ( 'NONE',  ( 29.27369463607591626, 10.00000000000000000, 41.76183427908524948 ) ) ;
#8167 = VERTEX_POINT ( 'NONE', #2437 ) ;
#8168 = FACE_OUTER_BOUND ( 'NONE', #12431, .T. ) ;
#8169 = EDGE_CURVE ( 'NONE', #8720, #7186, #2912, .T. ) ;
#8170 = LINE ( 'NONE', #11228, #2366 ) ;
#8171 = ORIENTED_EDGE ( 'NONE', *, *, #6665, .T. ) ;
#8172 = FACE_OUTER_BOUND ( 'NONE', #4298, .T. ) ;
#8173 = ORIENTED_EDGE ( 'NONE', *, *, #6801, .T. ) ;
#8174 = DIRECTION ( 'NONE',  ( -0.1240347345892081898, 0.000000000000000000, -0.9922778767136676281 ) ) ;
#8175 = EDGE_CURVE ( 'NONE', #7565, #1949, #10098, .T. ) ;
#8176 = DIRECTION ( 'NONE',  ( 0.000000000000000000, 1.000000000000000000, 0.000000000000000000 ) ) ;
#8177 = ORIENTED_EDGE ( 'NONE', *, *, #9550, .T. ) ;
#8178 = CARTESIAN_POINT ( 'NONE',  ( 4.898587196589413026E-15, 5.000000000000000000, -40.00000000000000000 ) ) ;
#8179 = DIRECTION ( 'NONE',  ( 0.000000000000000000, 1.000000000000000000, 0.000000000000000000 ) ) ;
#8180 = DIRECTION ( 'NONE',  ( -0.9238795325112892920, 0.000000000000000000, -0.3826834323650836756 ) ) ;
#8181 = CARTESIAN_POINT ( 'NONE',  ( 22.45063275808605141, 10.00000000000000000, -38.99960370005767629 ) ) ;
#8182 = ORIENTED_EDGE ( 'NONE', *, *, #7088, .T. ) ;
#8183 = VERTEX_POINT ( 'NONE', #11049 ) ;
#8184 = DIRECTION ( 'NONE',  ( 3.469446951953611033E-15, 0.000000000000000000, 1.000000000000000000 ) ) ;
#8185 = DIRECTION ( 'NONE',  ( 0.000000000000000000, 1.000000000000000000, 0.000000000000000000 ) ) ;
#8186 = PRODUCT ( '3.7', '3.7', '', ( #2846 ) ) ;
#8187 = LINE ( 'NONE', #4374, #5864 ) ;
#8188 = DIRECTION ( 'NONE',  ( 0.000000000000000000, 1.000000000000000000, 0.000000000000000000 ) ) ;
#8189 = PLANE ( 'NONE',  #5727 ) ;
#8190 = EDGE_CURVE ( 'NONE', #1392, #489, #583, .T. ) ;
#8191 = EDGE_LOOP ( 'NONE', ( #9973, #3927, #7167, #7905 ) ) ;
#8192 = CARTESIAN_POINT ( 'NONE',  ( -49.29736910846604303, 10.00000000000000000, 10.95533655273341367 ) ) ;
#8193 = EDGE_CURVE ( 'NONE', #8144, #10088, #12146, .T. ) ;
#8194 = DATE_TIME_ROLE ( 'classification_date' ) ;
#8195 = EDGE_CURVE ( 'NONE', #791, #947, #658, .T. ) ;
#8196 = CARTESIAN_POINT ( 'NONE',  ( 42.60509675787135819, -20.23931917473911923, 27.11191122463370107 ) ) ;
#8197 = EDGE_LOOP ( 'NONE', ( #5551, #9361, #4406, #9220 ) ) ;
#8198 = CARTESIAN_POINT ( 'NONE',  ( -20.52974213179077978, -19.69863090235025282, 42.70926380875506112 ) ) ;
#8199 = ORIENTED_EDGE ( 'NONE', *, *, #2663, .F. ) ;
#8200 = EDGE_LOOP ( 'NONE', ( #10047, #7522, #5721, #3545 ) ) ;
#8201 = VERTEX_POINT ( 'NONE', #3414 ) ;
#8202 = DIRECTION ( 'NONE',  ( 0.000000000000000000, 0.000000000000000000, 1.000000000000000000 ) ) ;
#8203 = ORIENTED_EDGE ( 'NONE', *, *, #7314, .T. ) ;
#8204 = LINE ( 'NONE', #9224, #2896 ) ;
#8205 = CARTESIAN_POINT ( 'NONE',  ( 27.43945043190137056, 10.00000000000000000, -35.66618230194013961 ) ) ;
#8206 = EDGE_CURVE ( 'NONE', #7816, #8502, #7278, .T. ) ;
#8207 = DIRECTION ( 'NONE',  ( 0.000000000000000000, 1.000000000000000000, 0.000000000000000000 ) ) ;
#8208 = FACE_OUTER_BOUND ( 'NONE', #11522, .T. ) ;
#8209 = CIRCLE ( 'NONE', #2243, 5.000000000000002665 ) ;
#8210 = ORIENTED_EDGE ( 'NONE', *, *, #6721, .T. ) ;
#8212 = VERTEX_POINT ( 'NONE', #6308 ) ;
#8211 = DIRECTION ( 'NONE',  ( 0.000000000000000000, 1.000000000000000000, 0.000000000000000000 ) ) ;
#8213 = FACE_OUTER_BOUND ( 'NONE', #9326, .T. ) ;
#8214 = ORIENTED_EDGE ( 'NONE', *, *, #11143, .T. ) ;
#8215 = CARTESIAN_POINT ( 'NONE',  ( 20.36227244670316239, 10.00000000000000000, 46.21285384832052046 ) ) ;
#8216 = VECTOR ( 'NONE', #11499, 1000.000000000000000 ) ;
#8217 = DIRECTION ( 'NONE',  ( 0.000000000000000000, 1.000000000000000000, 0.000000000000000000 ) ) ;
#8218 = ADVANCED_FACE ( 'NONE', ( #2385 ), #1490, .T. ) ;
#8219 = AXIS2_PLACEMENT_3D ( 'NONE', #8196, #480, #9217 ) ;
#8220 = DIRECTION ( 'NONE',  ( 0.000000000000000000, 1.000000000000000000, 0.000000000000000000 ) ) ;
#8221 = VECTOR ( 'NONE', #8237, 1000.000000000000114 ) ;
#8222 = AXIS2_PLACEMENT_3D ( 'NONE', #8625, #4479, #6489 ) ;
#8223 = ORIENTED_EDGE ( 'NONE', *, *, #1816, .T. ) ;
#8224 = EDGE_CURVE ( 'NONE', #6175, #7267, #12396, .T. ) ;
#8225 = VECTOR ( 'NONE', #3057, 1000.000000000000000 ) ;
#8227 = ORIENTED_EDGE ( 'NONE', *, *, #7744, .F. ) ;
#8226 = LINE ( 'NONE', #1403, #6793 ) ;
#8228 = CARTESIAN_POINT ( 'NONE',  ( -18.46010280676489401, -19.69863090235025282, 47.54181953147849526 ) ) ;
#8229 = ORIENTED_EDGE ( 'NONE', *, *, #1162, .F. ) ;
#8230 = FACE_OUTER_BOUND ( 'NONE', #3199, .T. ) ;
#8231 = CARTESIAN_POINT ( 'NONE',  ( -44.00516535263781037, -19.69863090235029190, 15.19272321494659472 ) ) ;
#8232 = ORIENTED_EDGE ( 'NONE', *, *, #11848, .F. ) ;
#8233 = DIRECTION ( 'NONE',  ( -0.000000000000000000, 1.000000000000000000, -0.000000000000000000 ) ) ;
#8234 = EDGE_LOOP ( 'NONE', ( #6797, #9565, #7350, #9369 ) ) ;
#8235 = CIRCLE ( 'NONE', #2669, 5.000000000000000888 ) ;
#8236 = AXIS2_PLACEMENT_3D ( 'NONE', #2994, #9869, #7050 ) ;
#8237 = DIRECTION ( 'NONE',  ( -0.1009053778636969378, 0.000000000000000000, -0.9948960270893558722 ) ) ;
#8238 = CARTESIAN_POINT ( 'NONE',  ( -47.07572326156186193, 10.00000000000000000, 18.27912140669906549 ) ) ;
#8239 = AXIS2_PLACEMENT_3D ( 'NONE', #3443, #3575, #7365 ) ;
#8240 = CIRCLE ( 'NONE', #9260, 44.99999999999999289 ) ;
#8241 = ORIENTED_EDGE ( 'NONE', *, *, #7093, .F. ) ;
#8242 = CYLINDRICAL_SURFACE ( 'NONE', #3194, 50.99999999999999289 ) ;
#8243 = EDGE_LOOP ( 'NONE', ( #9315, #2543, #643, #12125 ) ) ;
#8244 = EDGE_CURVE ( 'NONE', #970, #502, #4681, .T. ) ;
#8245 = DIRECTION ( 'NONE',  ( 0.000000000000000000, 0.000000000000000000, 1.000000000000000000 ) ) ;
#8246 = AXIS2_PLACEMENT_3D ( 'NONE', #9808, #1786, #4661 ) ;
#8247 = LINE ( 'NONE', #2025, #10265 ) ;
#8248 = DIRECTION ( 'NONE',  ( 1.387778780781445360E-14, 0.000000000000000000, 1.000000000000000000 ) ) ;
#8249 = VECTOR ( 'NONE', #5119, 1000.000000000000227 ) ;
#8250 = AXIS2_PLACEMENT_3D ( 'NONE', #1746, #9827, #1937 ) ;
#8251 = ORIENTED_EDGE ( 'NONE', *, *, #4463, .T. ) ;
#8252 = LINE ( 'NONE', #6493, #3496 ) ;
#8253 = CYLINDRICAL_SURFACE ( 'NONE', #10331, 5.000000000000000888 ) ;
#8254 = DIRECTION ( 'NONE',  ( 0.9238795325112878487, 0.000000000000000000, 0.3826834323650873948 ) ) ;
#8255 = FACE_OUTER_BOUND ( 'NONE', #6839, .T. ) ;
#8256 = LINE ( 'NONE', #2257, #2647 ) ;
#8257 = VECTOR ( 'NONE', #9598, 1000.000000000000000 ) ;
#8258 = ORIENTED_EDGE ( 'NONE', *, *, #10768, .T. ) ;
#8259 = CARTESIAN_POINT ( 'NONE',  ( -49.97423344059141215, -19.06525438257993699, 8.303600574123926492 ) ) ;
#8260 = CIRCLE ( 'NONE', #11517, 44.99999999999999289 ) ;
#8261 = CIRCLE ( 'NONE', #7225, 0.4999999999999968914 ) ;
#8262 = DIRECTION ( 'NONE',  ( 0.3826834323650843417, 0.000000000000000000, -0.9238795325112889589 ) ) ;
#8263 = ADVANCED_FACE ( 'NONE', ( #2691 ), #1868, .T. ) ;
#8264 = ADVANCED_FACE ( 'NONE', ( #12526 ), #9638, .T. ) ;
#8265 = DIRECTION ( 'NONE',  ( 0.000000000000000000, 0.000000000000000000, 1.000000000000000000 ) ) ;
#8266 = VERTEX_POINT ( 'NONE', #12598 ) ;
#8267 = ORIENTED_EDGE ( 'NONE', *, *, #12656, .F. ) ;
#8268 = ORIENTED_EDGE ( 'NONE', *, *, #96, .F. ) ;
#8269 = CARTESIAN_POINT ( 'NONE',  ( -23.48578117747875282, -10.00000000000000000, 40.19566517527178462 ) ) ;
#8270 = AXIS2_PLACEMENT_3D ( 'NONE', #7217, #5329, #3473 ) ;
#8271 = EDGE_CURVE ( 'NONE', #2865, #3239, #2114, .T. ) ;
#8272 = VECTOR ( 'NONE', #6247, 1000.000000000000000 ) ;
#8273 = ORIENTED_EDGE ( 'NONE', *, *, #1266, .T. ) ;
#8274 = EDGE_CURVE ( 'NONE', #3226, #9074, #8501, .T. ) ;
#8275 = DIRECTION ( 'NONE',  ( 0.000000000000000000, 1.000000000000000000, 0.000000000000000000 ) ) ;
#8276 = EDGE_CURVE ( 'NONE', #5212, #9734, #7660, .T. ) ;
#8277 = DIRECTION ( 'NONE',  ( 0.000000000000000000, 1.000000000000000000, 0.000000000000000000 ) ) ;
#8278 = VECTOR ( 'NONE', #683, 1000.000000000000000 ) ;
#8279 = ORIENTED_EDGE ( 'NONE', *, *, #3893, .T. ) ;
#8280 = DIRECTION ( 'NONE',  ( 0.000000000000000000, 1.000000000000000000, 0.000000000000000000 ) ) ;
#8281 = CARTESIAN_POINT ( 'NONE',  ( -1.605440076985779729, -18.55636363116340704, -50.63394466786608206 ) ) ;
#8282 = VECTOR ( 'NONE', #7852, 1000.000000000000114 ) ;
#8283 = CIRCLE ( 'NONE', #10931, 50.99999999999999289 ) ;
#8284 = ORIENTED_EDGE ( 'NONE', *, *, #8028, .T. ) ;
#8286 = ORIENTED_EDGE ( 'NONE', *, *, #8244, .F. ) ;
#8285 = DIRECTION ( 'NONE',  ( -0.000000000000000000, 1.000000000000000000, -0.000000000000000000 ) ) ;
#8287 = EDGE_CURVE ( 'NONE', #10409, #9101, #11628, .T. ) ;
#8288 = DIRECTION ( 'NONE',  ( -0.3152352524413532531, 0.000000000000000000, 0.9490135592383474039 ) ) ;
#8289 = ORIENTED_EDGE ( 'NONE', *, *, #19, .F. ) ;
#8290 = CARTESIAN_POINT ( 'NONE',  ( -15.19272321494644196, -19.69863090235027414, -44.00516535263786722 ) ) ;
#8291 = CARTESIAN_POINT ( 'NONE',  ( -11.81567228767980993, 10.00000000000000000, -45.02958255179730429 ) ) ;
#8292 = CARTESIAN_POINT ( 'NONE',  ( 38.99960370005713628, 10.00000000000000000, -22.45063275808699998 ) ) ;
#8293 = VECTOR ( 'NONE', #5588, 999.9999999999998863 ) ;
#8294 = VECTOR ( 'NONE', #10392, 1000.000000000000114 ) ;
#8295 = ORIENTED_EDGE ( 'NONE', *, *, #10428, .F. ) ;
#8297 = ORIENTED_EDGE ( 'NONE', *, *, #9550, .F. ) ;
#8296 = CARTESIAN_POINT ( 'NONE',  ( 0.000000000000000000, -10.00000000000000000, 0.000000000000000000 ) ) ;
#8298 = EDGE_CURVE ( 'NONE', #1306, #10267, #9299, .T. ) ;
#8299 = LINE ( 'NONE', #3336, #1300 ) ;
#8300 = ORIENTED_EDGE ( 'NONE', *, *, #11964, .F. ) ;
#8301 = FACE_BOUND ( 'NONE', #7366, .T. ) ;
#8302 = DIRECTION ( 'NONE',  ( 0.000000000000000000, 1.000000000000000000, 0.000000000000000000 ) ) ;
#8303 = VECTOR ( 'NONE', #12204, 1000.000000000000114 ) ;
#8304 = CIRCLE ( 'NONE', #7685, 0.4999999999999985567 ) ;
#8305 = ORIENTED_EDGE ( 'NONE', *, *, #6330, .T. ) ;
#8306 = CARTESIAN_POINT ( 'NONE',  ( 22.51666049839541017, -10.00000000000000178, 20.99999999999999645 ) ) ;
#8307 = LINE ( 'NONE', #1411, #8221 ) ;
#8308 = LINE ( 'NONE', #10092, #8303 ) ;
#8309 = EDGE_CURVE ( 'NONE', #8357, #44, #9912, .T. ) ;
#8310 = AXIS2_PLACEMENT_3D ( 'NONE', #11620, #2814, #6677 ) ;
#8311 = CYLINDRICAL_SURFACE ( 'NONE', #9244, 5.000000000000004441 ) ;
#8312 = DIRECTION ( 'NONE',  ( 8.659560562354873694E-17, -0.7071067811865525687, 0.7071067811865425767 ) ) ;
#8313 = CARTESIAN_POINT ( 'NONE',  ( 29.62769538921502388, -20.42202547882114416, -33.87033607633507870 ) ) ;
#8314 = VERTEX_POINT ( 'NONE', #7727 ) ;
#8315 = DIRECTION ( 'NONE',  ( 0.000000000000000000, 1.000000000000000000, 0.000000000000000000 ) ) ;
#8316 = DIRECTION ( 'NONE',  ( 0.000000000000000000, 1.000000000000000000, 0.000000000000000000 ) ) ;
#8317 = CARTESIAN_POINT ( 'NONE',  ( 0.000000000000000000, 10.00000000000000000, 0.000000000000000000 ) ) ;
#8318 = CARTESIAN_POINT ( 'NONE',  ( -2.803801697542733784, -10.00000000000000355, 46.46947506094542035 ) ) ;
#8319 = CARTESIAN_POINT ( 'NONE',  ( -46.12357170388327887, -10.00000000000000000, -6.315817419440639569 ) ) ;
#8320 = ADVANCED_FACE ( 'NONE', ( #646 ), #4621, .T. ) ;
#8321 = AXIS2_PLACEMENT_3D ( 'NONE', #12005, #3213, #9902 ) ;
#8323 = ORIENTED_EDGE ( 'NONE', *, *, #309, .F. ) ;
#8322 = AXIS2_PLACEMENT_3D ( 'NONE', #591, #9464, #8378 ) ;
#8324 = ORIENTED_EDGE ( 'NONE', *, *, #9591, .F. ) ;
#8325 = CARTESIAN_POINT ( 'NONE',  ( 2.803801697542734228, -10.00000000000000000, 46.46947506094542035 ) ) ;
#8326 = CARTESIAN_POINT ( 'NONE',  ( -44.00516535263781037, -19.69863090235029190, 15.19272321494659472 ) ) ;
#8327 = DIRECTION ( 'NONE',  ( -0.000000000000000000, -1.000000000000000000, -0.000000000000000000 ) ) ;
#8328 = ORIENTED_EDGE ( 'NONE', *, *, #527, .F. ) ;
#8329 = VECTOR ( 'NONE', #3090, 1000.000000000000000 ) ;
#8330 = ORIENTED_EDGE ( 'NONE', *, *, #4567, .T. ) ;
#8331 = VERTEX_POINT ( 'NONE', #4753 ) ;
#8332 = FACE_OUTER_BOUND ( 'NONE', #3822, .T. ) ;
#8333 = EDGE_LOOP ( 'NONE', ( #2183, #4466, #6162, #1766 ) ) ;
#8334 = DIRECTION ( 'NONE',  ( 0.2651351511132913341, 0.000000000000000000, 0.9642112588246063432 ) ) ;
#8335 = CARTESIAN_POINT ( 'NONE',  ( 3.000000000000005329, 10.00000000000000000, -44.89988864128729062 ) ) ;
#8336 = ADVANCED_FACE ( 'NONE', ( #1748 ), #2624, .T. ) ;
#8337 = EDGE_CURVE ( 'NONE', #10119, #8757, #3537, .T. ) ;
#8338 = CARTESIAN_POINT ( 'NONE',  ( 0.000000000000000000, -19.06525438257995830, 0.000000000000000000 ) ) ;
#8339 = DIRECTION ( 'NONE',  ( 0.000000000000000000, 1.000000000000000000, 0.000000000000000000 ) ) ;
#8340 = EDGE_CURVE ( 'NONE', #8802, #9559, #11369, .T. ) ;
#8341 = DIRECTION ( 'NONE',  ( 0.000000000000000000, 1.000000000000000000, 0.000000000000000000 ) ) ;
#8342 = VERTEX_POINT ( 'NONE', #8627 ) ;
#8344 = VERTEX_POINT ( 'NONE', #8426 ) ;
#8343 = DIRECTION ( 'NONE',  ( 0.000000000000000000, 1.000000000000000000, 0.000000000000000000 ) ) ;
#8345 = VECTOR ( 'NONE', #1480, 1000.000000000000000 ) ;
#8346 = FACE_OUTER_BOUND ( 'NONE', #12360, .T. ) ;
#8347 = ORIENTED_EDGE ( 'NONE', *, *, #9799, .T. ) ;
#8348 = ORIENTED_EDGE ( 'NONE', *, *, #8224, .T. ) ;
#8349 = CYLINDRICAL_SURFACE ( 'NONE', #6586, 44.99999999999999289 ) ;
#8350 = CARTESIAN_POINT ( 'NONE',  ( -35.66618230193964934, -10.00000000000000000, 27.43945043190198163 ) ) ;
#8351 = CARTESIAN_POINT ( 'NONE',  ( -33.94599680791350949, -20.42202547882114061, -30.89470704032679649 ) ) ;
#8352 = EDGE_CURVE ( 'NONE', #10607, #4186, #10463, .T. ) ;
#8353 = EDGE_CURVE ( 'NONE', #768, #1188, #10657, .T. ) ;
#8354 = ADVANCED_FACE ( 'NONE', ( #5785 ), #12325, .T. ) ;
#8355 = ADVANCED_FACE ( 'NONE', ( #9777 ), #4824, .T. ) ;
#8357 = VERTEX_POINT ( 'NONE', #5011 ) ;
#8356 = PLANE ( 'NONE',  #11518 ) ;
#8358 = FACE_OUTER_BOUND ( 'NONE', #2903, .T. ) ;
#8359 = ORIENTED_EDGE ( 'NONE', *, *, #6212, .F. ) ;
#8360 = CARTESIAN_POINT ( 'NONE',  ( 20.37347321810699441, 10.00000000000000000, 41.85922843806427807 ) ) ;
#8361 = LINE ( 'NONE', #12455, #12438 ) ;
#8362 = ORIENTED_EDGE ( 'NONE', *, *, #4961, .F. ) ;
#8363 = CARTESIAN_POINT ( 'NONE',  ( 0.000000000000000000, 10.00000000000000000, 0.000000000000000000 ) ) ;
#8364 = CARTESIAN_POINT ( 'NONE',  ( -41.20865162466899534, -10.00000000000000000, 29.46558707621454687 ) ) ;
#8365 = CARTESIAN_POINT ( 'NONE',  ( 19.95408209559229817, -10.00000000000000000, 40.33403783062590264 ) ) ;
#8366 = EDGE_CURVE ( 'NONE', #100, #8107, #11682, .T. ) ;
#8367 = ADVANCED_FACE ( 'NONE', ( #1939 ), #9899, .T. ) ;
#8368 = DIRECTION ( 'NONE',  ( 3.469446951953611033E-15, 0.000000000000000000, 1.000000000000000000 ) ) ;
#8369 = CARTESIAN_POINT ( 'NONE',  ( 0.000000000000000000, -5.000000000000000000, 0.000000000000000000 ) ) ;
#8370 = CARTESIAN_POINT ( 'NONE',  ( 0.000000000000000000, 10.00000000000000000, 0.000000000000000000 ) ) ;
#8371 = DIRECTION ( 'NONE',  ( 0.000000000000000000, 1.000000000000000000, 0.000000000000000000 ) ) ;
#8372 = CARTESIAN_POINT ( 'NONE',  ( 0.000000000000000000, 5.000000000000000000, -26.00000000000000000 ) ) ;
#8373 = CARTESIAN_POINT ( 'NONE',  ( 0.000000000000000000, 8.999999999999992895, 0.000000000000000000 ) ) ;
#8374 = CYLINDRICAL_SURFACE ( 'NONE', #2098, 4.999999999999997335 ) ;
#8375 = ADVANCED_FACE ( 'NONE', ( #1999 ), #974, .T. ) ;
#8376 = CARTESIAN_POINT ( 'NONE',  ( 1.605440076985782172, -18.55636363116340704, -50.63394466786608206 ) ) ;
#8377 = ORIENTED_EDGE ( 'NONE', *, *, #2860, .F. ) ;
#8378 = DIRECTION ( 'NONE',  ( -1.387778780781445360E-14, 0.000000000000000000, 1.000000000000000000 ) ) ;
#8379 = DIRECTION ( 'NONE',  ( 0.000000000000000000, 1.000000000000000000, 0.000000000000000000 ) ) ;
#8380 = CARTESIAN_POINT ( 'NONE',  ( 0.000000000000000000, 10.00000000000000000, 0.000000000000000000 ) ) ;
#8381 = EDGE_CURVE ( 'NONE', #1161, #12347, #2886, .T. ) ;
#8382 = ORIENTED_EDGE ( 'NONE', *, *, #4110, .T. ) ;
#8383 = VERTEX_POINT ( 'NONE', #3077 ) ;
#8384 = ORIENTED_EDGE ( 'NONE', *, *, #633, .T. ) ;
#8385 = DIRECTION ( 'NONE',  ( 0.3152352524413532531, 0.000000000000000000, -0.9490135592383474039 ) ) ;
#8386 = EDGE_LOOP ( 'NONE', ( #7723, #7919, #3122, #903 ) ) ;
#8387 = CARTESIAN_POINT ( 'NONE',  ( 8.303600574124089917, -10.00000000000000000, 49.97423344059139083 ) ) ;
#8388 = DIRECTION ( 'NONE',  ( 0.000000000000000000, 1.000000000000000000, 0.000000000000000000 ) ) ;
#8389 = CARTESIAN_POINT ( 'NONE',  ( 2.157587686025606022, -18.55636363116340704, 45.84930138799938248 ) ) ;
#8390 = CARTESIAN_POINT ( 'NONE',  ( -31.60182249696979895, -10.00000000000000000, -35.31113623141676783 ) ) ;
#8391 = ADVANCED_FACE ( 'NONE', ( #4882 ), #8817, .T. ) ;
#8392 = CARTESIAN_POINT ( 'NONE',  ( -24.10574140080088057, -20.23931917473912634, 40.79785237731730518 ) ) ;
#8393 = VERTEX_POINT ( 'NONE', #7006 ) ;
#8395 = ORIENTED_EDGE ( 'NONE', *, *, #8940, .T. ) ;
#8394 = CARTESIAN_POINT ( 'NONE',  ( 49.73725612068059831, 10.00000000000000000, -8.743875204154102576 ) ) ;
#8396 = CARTESIAN_POINT ( 'NONE',  ( 46.16528980983285635, -10.00000000000000000, -20.86000496748403776 ) ) ;
#8397 = ORIENTED_EDGE ( 'NONE', *, *, #6611, .F. ) ;
#8398 = ORIENTED_EDGE ( 'NONE', *, *, #6973, .F. ) ;
#8399 = DIRECTION ( 'NONE',  ( -0.000000000000000000, -1.000000000000000000, -0.000000000000000000 ) ) ;
#8400 = CARTESIAN_POINT ( 'NONE',  ( -23.48578117747902283, -10.00000000000000000, -40.19566517527163541 ) ) ;
#8401 = DIRECTION ( 'NONE',  ( 0.000000000000000000, 1.000000000000000000, 0.000000000000000000 ) ) ;
#8402 = VERTEX_POINT ( 'NONE', #3916 ) ;
#8403 = ADVANCED_FACE ( 'NONE', ( #3146 ), #7075, .T. ) ;
#8405 = ORIENTED_EDGE ( 'NONE', *, *, #11368, .F. ) ;
#8404 = CARTESIAN_POINT ( 'NONE',  ( -8.830448225976894605, 10.00000000000000000, -50.22970420108345735 ) ) ;
#8406 = VECTOR ( 'NONE', #4173, 1000.000000000000000 ) ;
#8407 = EDGE_CURVE ( 'NONE', #3321, #7892, #9966, .T. ) ;
#8408 = CYLINDRICAL_SURFACE ( 'NONE', #5182, 5.000000000000000888 ) ;
#8409 = CARTESIAN_POINT ( 'NONE',  ( 50.98728950738355081, -18.55636363116342480, 1.138555527962773484 ) ) ;
#8410 = ADVANCED_FACE ( 'NONE', ( #10981 ), #10919, .T. ) ;
#8411 = DIRECTION ( 'NONE',  ( 0.000000000000000000, 0.000000000000000000, 1.000000000000000000 ) ) ;
#8412 = ORIENTED_EDGE ( 'NONE', *, *, #2643, .F. ) ;
#8413 = LINE ( 'NONE', #11358, #12500 ) ;
#8414 = ADVANCED_FACE ( 'NONE', ( #8762 ), #2956, .T. ) ;
#8415 = EDGE_CURVE ( 'NONE', #856, #7297, #6886, .T. ) ;
#8416 = DIRECTION ( 'NONE',  ( 0.000000000000000000, 1.000000000000000000, 0.000000000000000000 ) ) ;
#8417 = AXIS2_PLACEMENT_3D ( 'NONE', #9546, #3748, #9478 ) ;
#8418 = LINE ( 'NONE', #3407, #5830 ) ;
#8419 = AXIS2_PLACEMENT_3D ( 'NONE', #3406, #11233, #7331 ) ;
#8420 = AXIS2_PLACEMENT_3D ( 'NONE', #3738, #2633, #1692 ) ;
#8421 = EDGE_LOOP ( 'NONE', ( #11767, #2458, #11564, #2919 ) ) ;
#8422 = CIRCLE ( 'NONE', #10059, 50.99999999999999289 ) ;
#8423 = CARTESIAN_POINT ( 'NONE',  ( 0.000000000000000000, -10.00000000000000000, 0.000000000000000000 ) ) ;
#8424 = ORIENTED_EDGE ( 'NONE', *, *, #2745, .F. ) ;
#8425 = CYLINDRICAL_SURFACE ( 'NONE', #4319, 0.5000000000000004441 ) ;
#8426 = CARTESIAN_POINT ( 'NONE',  ( -44.00516535263790274, 10.00000000000000000, -15.19272321494628386 ) ) ;
#8427 = ORIENTED_EDGE ( 'NONE', *, *, #12536, .T. ) ;
#8428 = AXIS2_PLACEMENT_3D ( 'NONE', #3715, #11554, #12591 ) ;
#8429 = CARTESIAN_POINT ( 'NONE',  ( -44.62242083716714092, 10.00000000000000000, 5.817177892307517695 ) ) ;
#8430 = LINE ( 'NONE', #12399, #12167 ) ;
#8431 = AXIS2_PLACEMENT_3D ( 'NONE', #983, #4052, #7864 ) ;
#8432 = ADVANCED_FACE ( 'NONE', ( #140 ), #6816, .T. ) ;
#8433 = VECTOR ( 'NONE', #8629, 1000.000000000000000 ) ;
#8434 = AXIS2_PLACEMENT_3D ( 'NONE', #4853, #11181, #4979 ) ;
#8435 = CARTESIAN_POINT ( 'NONE',  ( 0.000000000000000000, 10.00000000000000000, 50.99999999999999289 ) ) ;
#8436 = LINE ( 'NONE', #535, #656 ) ;
#8437 = DIRECTION ( 'NONE',  ( -0.000000000000000000, -1.000000000000000000, -0.000000000000000000 ) ) ;
#8438 = ORIENTED_EDGE ( 'NONE', *, *, #12403, .T. ) ;
#8439 = CARTESIAN_POINT ( 'NONE',  ( 41.85922843806421412, -10.00000000000000000, -20.37347321810712231 ) ) ;
#8440 = AXIS2_PLACEMENT_3D ( 'NONE', #8855, #10889, #4987 ) ;
#8441 = CIRCLE ( 'NONE', #11504, 44.99999999999999289 ) ;
#8442 = CIRCLE ( 'NONE', #10286, 4.999999999999999112 ) ;
#8443 = CARTESIAN_POINT ( 'NONE',  ( 29.46558707621469608, -20.23931917473915831, 41.20865162466889586 ) ) ;
#8444 = EDGE_CURVE ( 'NONE', #10844, #10533, #874, .T. ) ;
#8445 = FACE_OUTER_BOUND ( 'NONE', #2942, .T. ) ;
#8446 = VERTEX_POINT ( 'NONE', #3015 ) ;
#8447 = ORIENTED_EDGE ( 'NONE', *, *, #3944, .F. ) ;
#8448 = CARTESIAN_POINT ( 'NONE',  ( 1.605440076985782172, 10.00000000000000000, -50.63394466786608206 ) ) ;
#8449 = EDGE_LOOP ( 'NONE', ( #8068, #4535, #6920, #9729 ) ) ;
#8450 = CARTESIAN_POINT ( 'NONE',  ( -11.81567228767948130, -10.00000000000000000, 45.02958255179737534 ) ) ;
#8451 = VERTEX_POINT ( 'NONE', #6945 ) ;
#8452 = PLANE ( 'NONE',  #8417 ) ;
#8453 = AXIS2_PLACEMENT_3D ( 'NONE', #2523, #2582, #5342 ) ;
#8454 = CIRCLE ( 'NONE', #5777, 0.5000000000000004441 ) ;
#8455 = DIRECTION ( 'NONE',  ( 0.000000000000000000, 0.000000000000000000, 1.000000000000000000 ) ) ;
#8456 = DIRECTION ( 'NONE',  ( 0.000000000000000000, 1.000000000000000000, 0.000000000000000000 ) ) ;
#8457 = CIRCLE ( 'NONE', #2909, 4.999999999999998224 ) ;
#8458 = EDGE_CURVE ( 'NONE', #154, #7322, #10848, .T. ) ;
#8459 = DIRECTION ( 'NONE',  ( 0.6544111638669397601, 0.000000000000000000, -0.7561388950492610173 ) ) ;
#8460 = VECTOR ( 'NONE', #6756, 1000.000000000000000 ) ;
#8461 = FACE_OUTER_BOUND ( 'NONE', #5134, .T. ) ;
#8462 = ORIENTED_EDGE ( 'NONE', *, *, #6024, .F. ) ;
#8463 = LINE ( 'NONE', #7620, #10669 ) ;
#8465 = ORIENTED_EDGE ( 'NONE', *, *, #9892, .F. ) ;
#8464 = CARTESIAN_POINT ( 'NONE',  ( -37.08024765038257442, -10.00000000000000000, -28.14833299833703606 ) ) ;
#8466 = DIRECTION ( 'NONE',  ( 0.000000000000000000, 0.000000000000000000, 1.000000000000000000 ) ) ;
#8467 = CIRCLE ( 'NONE', #2917, 4.999999999999998224 ) ;
#8468 = EDGE_LOOP ( 'NONE', ( #2993, #11669, #5842, #12646 ) ) ;
#8469 = ORIENTED_EDGE ( 'NONE', *, *, #5616, .T. ) ;
#8470 = DIRECTION ( 'NONE',  ( 0.000000000000000000, 1.000000000000000000, 0.000000000000000000 ) ) ;
#8471 = DIRECTION ( 'NONE',  ( 0.000000000000000000, 1.000000000000000000, 0.000000000000000000 ) ) ;
#8472 = EDGE_CURVE ( 'NONE', #5198, #5627, #11101, .T. ) ;
#8473 = DIRECTION ( 'NONE',  ( 0.5555702330196032879, 0.000000000000000000, 0.8314696123025445695 ) ) ;
#8474 = AXIS2_PLACEMENT_3D ( 'NONE', #2185, #1103, #11751 ) ;
#8475 = ORIENTED_EDGE ( 'NONE', *, *, #5738, .T. ) ;
#8476 = CARTESIAN_POINT ( 'NONE',  ( 0.000000000000000000, 10.00000000000000000, 0.000000000000000000 ) ) ;
#8477 = CIRCLE ( 'NONE', #11951, 44.99999999999999289 ) ;
#8478 = ORIENTED_EDGE ( 'NONE', *, *, #10068, .T. ) ;
#8479 = AXIS2_PLACEMENT_3D ( 'NONE', #10828, #4991, #4024 ) ;
#8481 = ORIENTED_EDGE ( 'NONE', *, *, #6628, .T. ) ;
#8480 = DIRECTION ( 'NONE',  ( 0.000000000000000000, 0.000000000000000000, 1.000000000000000000 ) ) ;
#8482 = CARTESIAN_POINT ( 'NONE',  ( -44.00516535263790274, -10.00000000000000000, -15.19272321494628031 ) ) ;
#8483 = AXIS2_PLACEMENT_3D ( 'NONE', #1731, #8614, #10397 ) ;
#8484 = ORIENTED_EDGE ( 'NONE', *, *, #4089, .T. ) ;
#8485 = DIRECTION ( 'NONE',  ( 0.6139406135149194643, 0.000000000000000000, -0.7893522173763272143 ) ) ;
#8486 = CIRCLE ( 'NONE', #12588, 12.00000000000000178 ) ;
#8487 = CARTESIAN_POINT ( 'NONE',  ( 15.55241692398397291, -19.69863090235029901, 43.18490419363076427 ) ) ;
#8488 = ORIENTED_EDGE ( 'NONE', *, *, #5490, .F. ) ;
#8489 = CARTESIAN_POINT ( 'NONE',  ( 49.97423344059136952, -19.06525438257995830, -8.303600574124267553 ) ) ;
#8490 = DIRECTION ( 'NONE',  ( -0.6321468503848397535, 0.000000000000000000, -0.7748486042760397430 ) ) ;
#8491 = DIRECTION ( 'NONE',  ( 0.2875058131643634662, 0.000000000000000000, -0.9577788927496252436 ) ) ;
#8492 = VECTOR ( 'NONE', #8456, 1000.000000000000000 ) ;
#8493 = EDGE_LOOP ( 'NONE', ( #9678, #9419, #3241, #7279 ) ) ;
#8494 = ORIENTED_EDGE ( 'NONE', *, *, #12243, .T. ) ;
#8495 = EDGE_CURVE ( 'NONE', #1161, #8968, #3399, .T. ) ;
#8496 = VECTOR ( 'NONE', #5296, 1000.000000000000000 ) ;
#8497 = DIRECTION ( 'NONE',  ( 0.000000000000000000, 1.000000000000000000, 0.000000000000000000 ) ) ;
#8498 = ADVANCED_FACE ( 'NONE', ( #327 ), #6414, .T. ) ;
#8499 = CARTESIAN_POINT ( 'NONE',  ( -30.89470704032691728, -20.42202547882114061, -33.94599680791340290 ) ) ;
#8500 = EDGE_CURVE ( 'NONE', #8212, #4423, #11163, .T. ) ;
#8501 = LINE ( 'NONE', #11563, #5170 ) ;
#8502 = VERTEX_POINT ( 'NONE', #8166 ) ;
#8503 = AXIS2_PLACEMENT_3D ( 'NONE', #4412, #8161, #12118 ) ;
#8504 = DIRECTION ( 'NONE',  ( 0.000000000000000000, 1.000000000000000000, 0.000000000000000000 ) ) ;
#8505 = DIRECTION ( 'NONE',  ( 0.000000000000000000, 1.000000000000000000, 0.000000000000000000 ) ) ;
#8506 = CARTESIAN_POINT ( 'NONE',  ( 46.91716864078415483, -19.06525438257988725, 6.658138915333636554 ) ) ;
#8507 = DIRECTION ( 'NONE',  ( 0.000000000000000000, 1.000000000000000000, 0.000000000000000000 ) ) ;
#8508 = ORIENTED_EDGE ( 'NONE', *, *, #9502, .T. ) ;
#8509 = LINE ( 'NONE', #4490, #7373 ) ;
#8510 = ORIENTED_EDGE ( 'NONE', *, *, #8693, .F. ) ;
#8511 = DIRECTION ( 'NONE',  ( -0.2651351511133009931, 0.000000000000000000, -0.9642112588246037896 ) ) ;
#8512 = CIRCLE ( 'NONE', #6862, 0.5000000000000004441 ) ;
#8513 = AXIS2_PLACEMENT_3D ( 'NONE', #1347, #11032, #7318 ) ;
#8514 = AXIS2_PLACEMENT_3D ( 'NONE', #11665, #12448, #1845 ) ;
#8515 = EDGE_CURVE ( 'NONE', #9992, #10332, #8685, .T. ) ;
#8516 = DIRECTION ( 'NONE',  ( 0.000000000000000000, 0.000000000000000000, 1.000000000000000000 ) ) ;
#8517 = CARTESIAN_POINT ( 'NONE',  ( -43.45187890507033757, -19.06525438257993699, 11.70188957472690028 ) ) ;
#8518 = ORIENTED_EDGE ( 'NONE', *, *, #11447, .T. ) ;
#8519 = ORIENTED_EDGE ( 'NONE', *, *, #9750, .T. ) ;
#8520 = CARTESIAN_POINT ( 'NONE',  ( 8.303600574124089917, 10.00000000000000000, 49.97423344059139083 ) ) ;
#8521 = ORIENTED_EDGE ( 'NONE', *, *, #10541, .T. ) ;
#8522 = AXIS2_PLACEMENT_3D ( 'NONE', #3079, #11937, #4100 ) ;
#8523 = VECTOR ( 'NONE', #8280, 1000.000000000000000 ) ;
#8524 = CARTESIAN_POINT ( 'NONE',  ( 0.000000000000000000, -10.00000000000000178, -26.00000000000000000 ) ) ;
#8525 = ORIENTED_EDGE ( 'NONE', *, *, #952, .F. ) ;
#8526 = FACE_BOUND ( 'NONE', #8864, .T. ) ;
#8527 = ORIENTED_EDGE ( 'NONE', *, *, #5922, .F. ) ;
#8528 = CARTESIAN_POINT ( 'NONE',  ( -43.18490419363092769, -19.69863090235025993, -15.55241692398351994 ) ) ;
#8529 = CARTESIAN_POINT ( 'NONE',  ( 0.000000000000000000, 10.00000000000000000, 0.000000000000000000 ) ) ;
#8530 = AXIS2_PLACEMENT_3D ( 'NONE', #8317, #11960, #8254 ) ;
#8531 = EDGE_CURVE ( 'NONE', #10448, #328, #12060, .T. ) ;
#8532 = VECTOR ( 'NONE', #11616, 1000.000000000000114 ) ;
#8533 = VECTOR ( 'NONE', #11760, 1000.000000000000000 ) ;
#8534 = ORIENTED_EDGE ( 'NONE', *, *, #3145, .F. ) ;
#8535 = LINE ( 'NONE', #12488, #11713 ) ;
#8536 = CARTESIAN_POINT ( 'NONE',  ( 0.000000000000000000, 10.00000000000000000, 0.000000000000000000 ) ) ;
#8537 = ORIENTED_EDGE ( 'NONE', *, *, #11316, .T. ) ;
#8538 = DIRECTION ( 'NONE',  ( 0.000000000000000000, 1.000000000000000000, 0.000000000000000000 ) ) ;
#8540 = VERTEX_POINT ( 'NONE', #12252 ) ;
#8539 = CARTESIAN_POINT ( 'NONE',  ( -40.33403783062612291, 10.00000000000000000, -19.95408209559188251 ) ) ;
#8541 = LINE ( 'NONE', #6587, #5118 ) ;
#8542 = VERTEX_POINT ( 'NONE', #6229 ) ;
#8543 = VERTEX_POINT ( 'NONE', #2370 ) ;
#8544 = CARTESIAN_POINT ( 'NONE',  ( 0.000000000000000000, 9.000000000000007105, 0.000000000000000000 ) ) ;
#8545 = DIRECTION ( 'NONE',  ( -0.000000000000000000, -1.000000000000000000, -0.000000000000000000 ) ) ;
#8546 = CIRCLE ( 'NONE', #7722, 0.5000000000000004441 ) ;
#8547 = ADVANCED_FACE ( 'NONE', ( #8358 ), #6347, .T. ) ;
#8548 = CARTESIAN_POINT ( 'NONE',  ( -23.48578117747874927, -10.00000000000000000, 40.19566517527178462 ) ) ;
#8549 = ORIENTED_EDGE ( 'NONE', *, *, #952, .T. ) ;
#8550 = DIRECTION ( 'NONE',  ( 0.000000000000000000, 0.000000000000000000, -1.000000000000000000 ) ) ;
#8551 = VERTEX_POINT ( 'NONE', #5122 ) ;
#8552 = AXIS2_PLACEMENT_3D ( 'NONE', #11496, #6495, #12467 ) ;
#8554 = ORIENTED_EDGE ( 'NONE', *, *, #1178, .F. ) ;
#8553 = CARTESIAN_POINT ( 'NONE',  ( 29.46558707621382922, -10.00000000000000000, -41.20865162466949982 ) ) ;
#8555 = DIRECTION ( 'NONE',  ( 0.000000000000000000, 0.000000000000000000, 1.000000000000000000 ) ) ;
#8556 = EDGE_CURVE ( 'NONE', #2849, #4894, #3532, .T. ) ;
#8557 = ORIENTED_EDGE ( 'NONE', *, *, #2004, .F. ) ;
#8558 = DIRECTION ( 'NONE',  ( 0.000000000000000000, 0.000000000000000000, 1.000000000000000000 ) ) ;
#8559 = DIRECTION ( 'NONE',  ( 0.000000000000000000, 1.000000000000000000, 0.000000000000000000 ) ) ;
#8560 = ORIENTED_EDGE ( 'NONE', *, *, #3550, .T. ) ;
#8561 = CARTESIAN_POINT ( 'NONE',  ( 2.803801697542734228, 10.00000000000000000, 46.46947506094542035 ) ) ;
#8562 = AXIS2_PLACEMENT_3D ( 'NONE', #3904, #7839, #11617 ) ;
#8563 = CARTESIAN_POINT ( 'NONE',  ( -45.02958255179724745, 10.00000000000000000, 11.81567228767996447 ) ) ;
#8564 = CARTESIAN_POINT ( 'NONE',  ( -18.27912140669856456, 10.00000000000000000, 47.07572326156203957 ) ) ;
#8565 = EDGE_LOOP ( 'NONE', ( #2083, #2733, #5612, #5917 ) ) ;
#8566 = LINE ( 'NONE', #9636, #8639 ) ;
#8567 = DIRECTION ( 'NONE',  ( 0.000000000000000000, 1.000000000000000000, 0.000000000000000000 ) ) ;
#8568 = EDGE_CURVE ( 'NONE', #7795, #339, #2921, .T. ) ;
#8569 = DIRECTION ( 'NONE',  ( 0.2651351511132913341, 0.000000000000000000, 0.9642112588246063432 ) ) ;
#8570 = ORIENTED_EDGE ( 'NONE', *, *, #491, .T. ) ;
#8571 = CARTESIAN_POINT ( 'NONE',  ( -50.63394466786607495, 10.00000000000000000, 1.605440076985956477 ) ) ;
#8572 = ADVANCED_FACE ( 'NONE', ( #5253 ), #4419, .T. ) ;
#8573 = CARTESIAN_POINT ( 'NONE',  ( 47.07572326156211773, 10.00000000000000000, 18.27912140669838337 ) ) ;
#8574 = FACE_OUTER_BOUND ( 'NONE', #12181, .T. ) ;
#8575 = DIRECTION ( 'NONE',  ( -0.000000000000000000, -1.000000000000000000, -0.000000000000000000 ) ) ;
#8576 = ORIENTED_EDGE ( 'NONE', *, *, #406, .F. ) ;
#8577 = ORIENTED_EDGE ( 'NONE', *, *, #11789, .F. ) ;
#8578 = DIRECTION ( 'NONE',  ( -0.7711657896326636896, 0.000000000000000000, 0.6366343730118806388 ) ) ;
#8579 = CARTESIAN_POINT ( 'NONE',  ( -22.51666049839539951, -10.00000000000000178, 5.000000000000009770 ) ) ;
#8580 = DIRECTION ( 'NONE',  ( 0.000000000000000000, 1.000000000000000000, 0.000000000000000000 ) ) ;
#8581 = ORIENTED_EDGE ( 'NONE', *, *, #10029, .F. ) ;
#8582 = EDGE_CURVE ( 'NONE', #10006, #11535, #1473, .T. ) ;
#8583 = EDGE_LOOP ( 'NONE', ( #12623, #2293, #2075, #697 ) ) ;
#8584 = CARTESIAN_POINT ( 'NONE',  ( 41.35240453125097559, -20.23931917473915831, -28.98669762984002318 ) ) ;
#8585 = EDGE_CURVE ( 'NONE', #4859, #229, #1285, .T. ) ;
#8586 = ORIENTED_EDGE ( 'NONE', *, *, #1685, .F. ) ;
#8587 = CARTESIAN_POINT ( 'NONE',  ( 50.48741412005626472, -10.00000000000000000, 1.127393218865099245 ) ) ;
#8588 = EDGE_LOOP ( 'NONE', ( #1801, #484, #9868, #7777 ) ) ;
#8589 = EDGE_CURVE ( 'NONE', #11546, #10533, #8109, .T. ) ;
#8590 = CYLINDRICAL_SURFACE ( 'NONE', #4025, 0.5000000000000004441 ) ;
#8591 = ORIENTED_EDGE ( 'NONE', *, *, #12011, .T. ) ;
#8592 = EDGE_CURVE ( 'NONE', #6602, #10613, #12003, .T. ) ;
#8593 = ADVANCED_FACE ( 'NONE', ( #4286 ), #10211, .T. ) ;
#8594 = CARTESIAN_POINT ( 'NONE',  ( 0.000000000000000000, 10.00000000000000000, 0.000000000000000000 ) ) ;
#8595 = DIRECTION ( 'NONE',  ( -0.8314696123025501207, 0.000000000000000000, -0.5555702330195948502 ) ) ;
#8596 = ORIENTED_EDGE ( 'NONE', *, *, #11672, .T. ) ;
#8597 = DIRECTION ( 'NONE',  ( 0.000000000000000000, 0.000000000000000000, 1.000000000000000000 ) ) ;
#8598 = DIRECTION ( 'NONE',  ( -0.000000000000000000, -1.000000000000000000, -0.000000000000000000 ) ) ;
#8599 = ORIENTED_EDGE ( 'NONE', *, *, #5668, .F. ) ;
#8600 = VERTEX_POINT ( 'NONE', #5192 ) ;
#8601 = DIRECTION ( 'NONE',  ( 0.000000000000000000, 1.000000000000000000, 0.000000000000000000 ) ) ;
#8603 = ORIENTED_EDGE ( 'NONE', *, *, #4134, .F. ) ;
#8602 = CARTESIAN_POINT ( 'NONE',  ( 44.71672993605625379, 10.00000000000000000, -15.68329018125568730 ) ) ;
#8604 = LINE ( 'NONE', #5483, #24 ) ;
#8605 = VERTEX_POINT ( 'NONE', #12129 ) ;
#8606 = ORIENTED_EDGE ( 'NONE', *, *, #7227, .F. ) ;
#8607 = DIRECTION ( 'NONE',  ( 0.000000000000000000, 0.000000000000000000, -1.000000000000000000 ) ) ;
#8608 = EDGE_CURVE ( 'NONE', #1827, #7802, #8299, .T. ) ;
#8609 = CARTESIAN_POINT ( 'NONE',  ( 46.12357170388332150, 10.00000000000000000, 6.315817419440305613 ) ) ;
#8610 = DIRECTION ( 'NONE',  ( 0.000000000000000000, 0.000000000000000000, 1.000000000000000000 ) ) ;
#8612 = EDGE_LOOP ( 'NONE', ( #108, #1956, #6569, #1087 ) ) ;
#8611 = DIRECTION ( 'NONE',  ( -0.000000000000000000, -1.000000000000000000, -0.000000000000000000 ) ) ;
#8613 = EDGE_CURVE ( 'NONE', #4226, #2268, #12308, .T. ) ;
#8614 = DIRECTION ( 'NONE',  ( 0.000000000000000000, 1.000000000000000000, 0.000000000000000000 ) ) ;
#8615 = ORIENTED_EDGE ( 'NONE', *, *, #161, .F. ) ;
#8616 = PLANE ( 'NONE',  #5226 ) ;
#8617 = DIRECTION ( 'NONE',  ( 0.000000000000000000, 1.000000000000000000, 0.000000000000000000 ) ) ;
#8618 = DIRECTION ( 'NONE',  ( 0.000000000000000000, 1.000000000000000000, 0.000000000000000000 ) ) ;
#8619 = DIRECTION ( 'NONE',  ( -0.9807852804032283212, 0.000000000000000000, 0.1950903220161387952 ) ) ;
#8620 = PLANE ( 'NONE',  #2740 ) ;
#8621 = EDGE_LOOP ( 'NONE', ( #11129, #1588, #12343, #7324 ) ) ;
#8622 = EDGE_CURVE ( 'NONE', #10550, #4823, #1661, .T. ) ;
#8623 = AXIS2_PLACEMENT_3D ( 'NONE', #8135, #12028, #3231 ) ;
#8624 = ORIENTED_EDGE ( 'NONE', *, *, #10225, .T. ) ;
#8625 = CARTESIAN_POINT ( 'NONE',  ( 33.94599680791306895, -20.42202547882114416, -30.89470704032726545 ) ) ;
#8626 = LINE ( 'NONE', #8878, #2087 ) ;
#8627 = CARTESIAN_POINT ( 'NONE',  ( -30.87629374033865304, -10.00000000000000000, 34.84146812720864972 ) ) ;
#8628 = ORIENTED_EDGE ( 'NONE', *, *, #5146, .T. ) ;
#8629 = DIRECTION ( 'NONE',  ( 0.000000000000000000, 1.000000000000000000, 0.000000000000000000 ) ) ;
#8630 = CARTESIAN_POINT ( 'NONE',  ( 40.79785237731739045, -10.00000000000000000, 24.10574140080073136 ) ) ;
#8631 = CYLINDRICAL_SURFACE ( 'NONE', #5355, 5.000000000000004441 ) ;
#8632 = VERTEX_POINT ( 'NONE', #9438 ) ;
#8633 = VECTOR ( 'NONE', #592, 1000.000000000000000 ) ;
#8634 = CARTESIAN_POINT ( 'NONE',  ( 0.000000000000000000, -10.00000000000000000, 0.000000000000000000 ) ) ;
#8635 = AXIS2_PLACEMENT_3D ( 'NONE', #10450, #8681, #698 ) ;
#8636 = EDGE_CURVE ( 'NONE', #2236, #8846, #3778, .T. ) ;
#8637 = CARTESIAN_POINT ( 'NONE',  ( -11.45278456627792352, -19.06525438257992988, -49.34782179739794117 ) ) ;
#8638 = CARTESIAN_POINT ( 'NONE',  ( -44.62242083716717644, -10.00000000000000000, -5.817177892307208609 ) ) ;
#8639 = VECTOR ( 'NONE', #4548, 1000.000000000000000 ) ;
#8640 = CARTESIAN_POINT ( 'NONE',  ( -47.39404044806780547, 10.00000000000000000, 17.89353851188273126 ) ) ;
#8641 = VECTOR ( 'NONE', #6250, 1000.000000000000000 ) ;
#8642 = ORIENTED_EDGE ( 'NONE', *, *, #5931, .F. ) ;
#8643 = VERTEX_POINT ( 'NONE', #11614 ) ;
#8644 = CYLINDRICAL_SURFACE ( 'NONE', #478, 0.4999999999999970024 ) ;
#8645 = ORIENTED_EDGE ( 'NONE', *, *, #5852, .T. ) ;
#8646 = FACE_OUTER_BOUND ( 'NONE', #9738, .T. ) ;
#8647 = ORIENTED_EDGE ( 'NONE', *, *, #12579, .T. ) ;
#8648 = LINE ( 'NONE', #9730, #1702 ) ;
#8649 = ORIENTED_EDGE ( 'NONE', *, *, #3807, .T. ) ;
#8650 = AXIS2_PLACEMENT_3D ( 'NONE', #9031, #3045, #11658 ) ;
#8651 = CIRCLE ( 'NONE', #8246, 44.99999999999999289 ) ;
#8652 = CARTESIAN_POINT ( 'NONE',  ( -6.658138915334142816, 10.00000000000000000, -46.91716864078409799 ) ) ;
#8653 = VECTOR ( 'NONE', #2726, 1000.000000000000000 ) ;
#8654 = VECTOR ( 'NONE', #2503, 1000.000000000000000 ) ;
#8655 = EDGE_CURVE ( 'NONE', #3188, #10422, #7512, .T. ) ;
#8656 = LINE ( 'NONE', #675, #8897 ) ;
#8657 = EDGE_CURVE ( 'NONE', #11201, #10692, #11547, .T. ) ;
#8658 = ORIENTED_EDGE ( 'NONE', *, *, #606, .F. ) ;
#8659 = EDGE_CURVE ( 'NONE', #9126, #11660, #8076, .T. ) ;
#8660 = DIRECTION ( 'NONE',  ( 0.000000000000000000, 1.000000000000000000, 0.000000000000000000 ) ) ;
#8661 = DIRECTION ( 'NONE',  ( 0.000000000000000000, 0.000000000000000000, 1.000000000000000000 ) ) ;
#8662 = ORIENTED_EDGE ( 'NONE', *, *, #4671, .F. ) ;
#8663 = ORIENTED_EDGE ( 'NONE', *, *, #1495, .F. ) ;
#8664 = EDGE_CURVE ( 'NONE', #5707, #3486, #12356, .T. ) ;
#8665 = FACE_OUTER_BOUND ( 'NONE', #4386, .T. ) ;
#8667 = ORIENTED_EDGE ( 'NONE', *, *, #1810, .T. ) ;
#8666 = DIRECTION ( 'NONE',  ( 0.000000000000000000, 1.000000000000000000, 0.000000000000000000 ) ) ;
#8668 = AXIS2_PLACEMENT_3D ( 'NONE', #11585, #9658, #12423 ) ;
#8669 = EDGE_CURVE ( 'NONE', #12312, #9498, #9705, .T. ) ;
#8670 = DIRECTION ( 'NONE',  ( -0.1240347345892081898, 0.000000000000000000, -0.9922778767136676281 ) ) ;
#8671 = AXIS2_PLACEMENT_3D ( 'NONE', #8001, #11899, #7042 ) ;
#8672 = CIRCLE ( 'NONE', #5351, 0.5000000000000004441 ) ;
#8673 = ORIENTED_EDGE ( 'NONE', *, *, #5651, .F. ) ;
#8674 = DIRECTION ( 'NONE',  ( 0.000000000000000000, 1.000000000000000000, 0.000000000000000000 ) ) ;
#8675 = DIRECTION ( 'NONE',  ( 0.000000000000000000, 1.000000000000000000, 0.000000000000000000 ) ) ;
#8676 = EDGE_LOOP ( 'NONE', ( #11068, #9921, #9063, #6509 ) ) ;
#8677 = CARTESIAN_POINT ( 'NONE',  ( 23.67853845910784472, 10.00000000000000000, -39.32099234290816270 ) ) ;
#8678 = ADVANCED_FACE ( 'NONE', ( #6670 ), #8408, .T. ) ;
#8680 = ORIENTED_EDGE ( 'NONE', *, *, #1193, .F. ) ;
#8679 = LINE ( 'NONE', #10775, #4532 ) ;
#8681 = DIRECTION ( 'NONE',  ( -0.000000000000000000, 1.000000000000000000, -0.000000000000000000 ) ) ;
#8682 = ORIENTED_EDGE ( 'NONE', *, *, #639, .T. ) ;
#8683 = DIRECTION ( 'NONE',  ( 0.000000000000000000, 1.000000000000000000, 0.000000000000000000 ) ) ;
#8684 = VECTOR ( 'NONE', #2963, 1000.000000000000000 ) ;
#8685 = CIRCLE ( 'NONE', #10511, 0.4999999999999952816 ) ;
#8686 = LINE ( 'NONE', #12589, #10184 ) ;
#8687 = DIRECTION ( 'NONE',  ( 0.000000000000000000, 1.000000000000000000, 0.000000000000000000 ) ) ;
#8688 = DIRECTION ( 'NONE',  ( 0.000000000000000000, 0.000000000000000000, 1.000000000000000000 ) ) ;
#8689 = LINE ( 'NONE', #3788, #12188 ) ;
#8690 = VECTOR ( 'NONE', #5470, 999.9999999999998863 ) ;
#8691 = ORIENTED_EDGE ( 'NONE', *, *, #7776, .T. ) ;
#8692 = EDGE_LOOP ( 'NONE', ( #2318, #10887, #11648, #9763 ) ) ;
#8693 = EDGE_CURVE ( 'NONE', #8815, #5564, #5441, .T. ) ;
#8694 = AXIS2_PLACEMENT_3D ( 'NONE', #9451, #3797, #8697 ) ;
#8695 = FACE_OUTER_BOUND ( 'NONE', #9250, .T. ) ;
#8696 = FACE_OUTER_BOUND ( 'NONE', #9624, .T. ) ;
#8697 = DIRECTION ( 'NONE',  ( 0.000000000000000000, 0.000000000000000000, -1.000000000000000000 ) ) ;
#8698 = CIRCLE ( 'NONE', #3137, 5.000000000000000000 ) ;
#8699 = VERTEX_POINT ( 'NONE', #10585 ) ;
#8700 = CARTESIAN_POINT ( 'NONE',  ( 42.99252106000881923, -10.00000000000000000, -26.79583779944218236 ) ) ;
#8701 = DIRECTION ( 'NONE',  ( 0.000000000000000000, 0.000000000000000000, 1.000000000000000000 ) ) ;
#8702 = VECTOR ( 'NONE', #3753, 1000.000000000000227 ) ;
#8703 = CARTESIAN_POINT ( 'NONE',  ( 19.53911912941885021, 10.00000000000000000, 41.53355807099688235 ) ) ;
#8704 = EDGE_LOOP ( 'NONE', ( #12599, #649, #10051, #190 ) ) ;
#8705 = CARTESIAN_POINT ( 'NONE',  ( 38.99960370005713628, -10.00000000000000000, -22.45063275808699998 ) ) ;
#8706 = ORIENTED_EDGE ( 'NONE', *, *, #7981, .T. ) ;
#8707 = ADVANCED_FACE ( 'NONE', ( #11351 ), #10521, .T. ) ;
#8708 = DIRECTION ( 'NONE',  ( 0.000000000000000000, 1.000000000000000000, 0.000000000000000000 ) ) ;
#8709 = VECTOR ( 'NONE', #6311, 1000.000000000000227 ) ;
#8710 = CARTESIAN_POINT ( 'NONE',  ( -8.303600574123391809, -19.06525438257990857, 49.97423344059149741 ) ) ;
#8711 = FACE_OUTER_BOUND ( 'NONE', #11588, .T. ) ;
#8712 = ORIENTED_EDGE ( 'NONE', *, *, #5266, .T. ) ;
#8713 = VERTEX_POINT ( 'NONE', #4536 ) ;
#8714 = CARTESIAN_POINT ( 'NONE',  ( 0.000000000000000000, 10.00000000000000000, 0.000000000000000000 ) ) ;
#8715 = ADVANCED_FACE ( 'NONE', ( #6479 ), #9506, .T. ) ;
#8716 = EDGE_LOOP ( 'NONE', ( #6917, #2799, #2022, #7700 ) ) ;
#8717 = CARTESIAN_POINT ( 'NONE',  ( 0.000000000000000000, -10.00000000000000355, 0.000000000000000000 ) ) ;
#8718 = DIRECTION ( 'NONE',  ( 0.000000000000000000, 1.000000000000000000, 0.000000000000000000 ) ) ;
#8720 = VERTEX_POINT ( 'NONE', #8482 ) ;
#8719 = VECTOR ( 'NONE', #953, 1000.000000000000000 ) ;
#8721 = CIRCLE ( 'NONE', #1525, 44.99999999999999289 ) ;
#8722 = CARTESIAN_POINT ( 'NONE',  ( 0.000000000000000000, -10.00000000000000000, 0.000000000000000000 ) ) ;
#8723 = VERTEX_POINT ( 'NONE', #5495 ) ;
#8724 = ORIENTED_EDGE ( 'NONE', *, *, #3260, .F. ) ;
#8725 = CARTESIAN_POINT ( 'NONE',  ( 22.51666049839540307, -5.000000000000000000, -13.00000000000000533 ) ) ;
#8726 = CYLINDRICAL_SURFACE ( 'NONE', #6761, 44.99999999999999289 ) ;
#8727 = EDGE_LOOP ( 'NONE', ( #6093, #11977, #4480, #9084 ) ) ;
#8728 = AXIS2_PLACEMENT_3D ( 'NONE', #7008, #2127, #7855 ) ;
#8729 = VERTEX_POINT ( 'NONE', #5637 ) ;
#8730 = CARTESIAN_POINT ( 'NONE',  ( 34.90280549874193383, 10.00000000000000000, 36.49718027898853023 ) ) ;
#8732 = ORIENTED_EDGE ( 'NONE', *, *, #3461, .F. ) ;
#8731 = CARTESIAN_POINT ( 'NONE',  ( -43.45187890507033757, -10.00000000000000000, 11.70188957472689850 ) ) ;
#8733 = EDGE_CURVE ( 'NONE', #1694, #3044, #10117, .T. ) ;
#8734 = EDGE_LOOP ( 'NONE', ( #12476, #12093, #5948, #3576 ) ) ;
#8735 = PLANE ( 'NONE',  #5547 ) ;
#8736 = EDGE_CURVE ( 'NONE', #11160, #4454, #10318, .T. ) ;
#8737 = CARTESIAN_POINT ( 'NONE',  ( 44.89988864128731905, -18.55636363116342480, 2.999999999999530154 ) ) ;
#8738 = VECTOR ( 'NONE', #5518, 1000.000000000000000 ) ;
#8739 = DIRECTION ( 'NONE',  ( -1.776356839400250465E-15, 0.000000000000000000, 1.000000000000000000 ) ) ;
#8740 = EDGE_CURVE ( 'NONE', #3654, #9605, #760, .T. ) ;
#8742 = ORIENTED_EDGE ( 'NONE', *, *, #5266, .F. ) ;
#8741 = DIRECTION ( 'NONE',  ( 0.000000000000000000, 0.000000000000000000, 1.000000000000000000 ) ) ;
#8743 = CIRCLE ( 'NONE', #5031, 0.5000000000000009992 ) ;
#8744 = CARTESIAN_POINT ( 'NONE',  ( -50.63394466786608916, 10.00000000000000000, -1.605440076985605424 ) ) ;
#8746 = ORIENTED_EDGE ( 'NONE', *, *, #4077, .T. ) ;
#8745 = VECTOR ( 'NONE', #9011, 1000.000000000000000 ) ;
#8747 = DIRECTION ( 'NONE',  ( -0.000000000000000000, 1.000000000000000000, -0.000000000000000000 ) ) ;
#8748 = DIRECTION ( 'NONE',  ( 0.000000000000000000, 1.000000000000000000, 0.000000000000000000 ) ) ;
#8749 = CARTESIAN_POINT ( 'NONE',  ( -1.605440076985782172, -10.00000000000000000, -50.63394466786608206 ) ) ;
#8750 = PLANE ( 'NONE',  #1 ) ;
#8751 = CARTESIAN_POINT ( 'NONE',  ( 22.51666049839541017, 5.000000000000000000, 12.99999999999999645 ) ) ;
#8752 = EDGE_CURVE ( 'NONE', #9283, #2272, #9858, .T. ) ;
#8753 = DIRECTION ( 'NONE',  ( -0.3826834323650836756, 0.000000000000000000, 0.9238795325112892920 ) ) ;
#8754 = EDGE_CURVE ( 'NONE', #286, #3623, #4606, .T. ) ;
#8755 = AXIS2_PLACEMENT_3D ( 'NONE', #11039, #1408, #9133 ) ;
#8756 = EDGE_CURVE ( 'NONE', #12363, #5749, #4707, .T. ) ;
#8757 = VERTEX_POINT ( 'NONE', #60 ) ;
#8758 = ORIENTED_EDGE ( 'NONE', *, *, #11033, .T. ) ;
#8759 = CARTESIAN_POINT ( 'NONE',  ( -23.67853845910812183, -10.00000000000000000, 39.32099234290799927 ) ) ;
#8761 = ORIENTED_EDGE ( 'NONE', *, *, #1268, .F. ) ;
#8760 = CARTESIAN_POINT ( 'NONE',  ( -34.66838806764730663, 10.00000000000000000, -36.93882319809778636 ) ) ;
#8762 = FACE_OUTER_BOUND ( 'NONE', #4868, .T. ) ;
#8763 = VERTEX_POINT ( 'NONE', #10831 ) ;
#8764 = DIRECTION ( 'NONE',  ( 0.6139406135149220178, 0.000000000000000000, 0.7893522173763251049 ) ) ;
#8765 = CIRCLE ( 'NONE', #9373, 0.4999999999999982236 ) ;
#8766 = CARTESIAN_POINT ( 'NONE',  ( 20.86000496748291511, 10.00000000000000000, -46.16528980983336794 ) ) ;
#8767 = DIRECTION ( 'NONE',  ( 0.000000000000000000, 0.000000000000000000, -1.000000000000000000 ) ) ;
#8768 = ORIENTED_EDGE ( 'NONE', *, *, #12579, .F. ) ;
#8769 = PLANE ( 'NONE',  #5742 ) ;
#8770 = EDGE_CURVE ( 'NONE', #8266, #2635, #8865, .T. ) ;
#8771 = ORIENTED_EDGE ( 'NONE', *, *, #12410, .F. ) ;
#8772 = CARTESIAN_POINT ( 'NONE',  ( -42.99252106000900397, 10.00000000000000000, 26.79583779944188393 ) ) ;
#8773 = LINE ( 'NONE', #6896, #10670 ) ;
#8774 = DIRECTION ( 'NONE',  ( -0.9922778767136677391, 0.000000000000000000, 0.1240347345892082037 ) ) ;
#8775 = ORIENTED_EDGE ( 'NONE', *, *, #5352, .F. ) ;
#8776 = ORIENTED_EDGE ( 'NONE', *, *, #11332, .T. ) ;
#8777 = DIRECTION ( 'NONE',  ( 0.000000000000000000, 0.000000000000000000, -1.000000000000000000 ) ) ;
#8778 = EDGE_CURVE ( 'NONE', #4643, #2641, #12106, .T. ) ;
#8779 = CYLINDRICAL_SURFACE ( 'NONE', #6064, 44.99999999999999289 ) ;
#8780 = LINE ( 'NONE', #1824, #850 ) ;
#8781 = VERTEX_POINT ( 'NONE', #6932 ) ;
#8782 = FACE_OUTER_BOUND ( 'NONE', #6467, .T. ) ;
#8783 = ORIENTED_EDGE ( 'NONE', *, *, #4802, .T. ) ;
#8784 = CARTESIAN_POINT ( 'NONE',  ( 0.000000000000000000, -10.00000000000000000, 0.000000000000000000 ) ) ;
#8785 = ADVANCED_FACE ( 'NONE', ( #2039 ), #10903, .T. ) ;
#8786 = ORIENTED_EDGE ( 'NONE', *, *, #7488, .F. ) ;
#8787 = PLANE ( 'NONE',  #9466 ) ;
#8788 = LINE ( 'NONE', #7277, #12305 ) ;
#8789 = ORIENTED_EDGE ( 'NONE', *, *, #2834, .F. ) ;
#8790 = EDGE_LOOP ( 'NONE', ( #6531, #10857 ) ) ;
#8791 = CARTESIAN_POINT ( 'NONE',  ( 50.22970420108353551, -19.06525438257988725, 8.830448225976363474 ) ) ;
#8793 = ORIENTED_EDGE ( 'NONE', *, *, #9433, .T. ) ;
#8792 = FACE_OUTER_BOUND ( 'NONE', #9248, .T. ) ;
#8794 = VERTEX_POINT ( 'NONE', #8019 ) ;
#8795 = DIRECTION ( 'NONE',  ( 0.4943214563281757012, 0.000000000000000000, 0.8692791828944205212 ) ) ;
#8796 = DIRECTION ( 'NONE',  ( -0.000000000000000000, 1.000000000000000000, -0.000000000000000000 ) ) ;
#8797 = CARTESIAN_POINT ( 'NONE',  ( 49.97423344059152583, 10.00000000000000000, 8.303600574123217726 ) ) ;
#8798 = EDGE_CURVE ( 'NONE', #5572, #7836, #11668, .T. ) ;
#8800 = VERTEX_POINT ( 'NONE', #8744 ) ;
#8799 = DIRECTION ( 'NONE',  ( 0.000000000000000000, 1.000000000000000000, 0.000000000000000000 ) ) ;
#8801 = DIRECTION ( 'NONE',  ( -0.9238795325112917345, 0.000000000000000000, -0.3826834323650777359 ) ) ;
#8802 = VERTEX_POINT ( 'NONE', #9881 ) ;
#8803 = ORIENTED_EDGE ( 'NONE', *, *, #9987, .T. ) ;
#8804 = DIRECTION ( 'NONE',  ( -0.07193236855373308369, 0.000000000000000000, -0.9974095118627303025 ) ) ;
#8805 = CARTESIAN_POINT ( 'NONE',  ( -1.127393218865628155, -18.55636363116340704, 50.48741412005625051 ) ) ;
#8806 = DIRECTION ( 'NONE',  ( 0.000000000000000000, 1.000000000000000000, 0.000000000000000000 ) ) ;
#8807 = DIRECTION ( 'NONE',  ( 0.000000000000000000, 0.000000000000000000, 1.000000000000000000 ) ) ;
#8808 = FACE_OUTER_BOUND ( 'NONE', #10103, .T. ) ;
#8809 = DIRECTION ( 'NONE',  ( -0.000000000000000000, -1.000000000000000000, -0.000000000000000000 ) ) ;
#8810 = ADVANCED_FACE ( 'NONE', ( #3002 ), #6796, .T. ) ;
#8811 = ORIENTED_EDGE ( 'NONE', *, *, #3705, .T. ) ;
#8812 = ADVANCED_FACE ( 'NONE', ( #1012 ), #1924, .T. ) ;
#8813 = CARTESIAN_POINT ( 'NONE',  ( 30.87629374033914331, -10.00000000000000000, 34.84146812720820918 ) ) ;
#8815 = VERTEX_POINT ( 'NONE', #2941 ) ;
#8814 = DIRECTION ( 'NONE',  ( 0.000000000000000000, 1.000000000000000000, 0.000000000000000000 ) ) ;
#8816 = EDGE_CURVE ( 'NONE', #5363, #2829, #958, .T. ) ;
#8817 = PLANE ( 'NONE',  #6010 ) ;
#8818 = ORIENTED_EDGE ( 'NONE', *, *, #129, .F. ) ;
#8819 = EDGE_CURVE ( 'NONE', #9559, #5471, #3073, .T. ) ;
#8820 = DIRECTION ( 'NONE',  ( -6.245004513516500018E-15, 0.000000000000000000, 1.000000000000000000 ) ) ;
#8821 = EDGE_CURVE ( 'NONE', #5667, #1988, #4307, .T. ) ;
#8822 = DIRECTION ( 'NONE',  ( 0.000000000000000000, 0.000000000000000000, 1.000000000000000000 ) ) ;
#8823 = DIRECTION ( 'NONE',  ( 0.000000000000000000, 0.000000000000000000, 1.000000000000000000 ) ) ;
#8824 = CYLINDRICAL_SURFACE ( 'NONE', #6154, 5.000000000000004441 ) ;
#8825 = EDGE_LOOP ( 'NONE', ( #4953, #11891, #10014, #2307 ) ) ;
#8826 = DIRECTION ( 'NONE',  ( 0.000000000000000000, 0.000000000000000000, 1.000000000000000000 ) ) ;
#8827 = FACE_OUTER_BOUND ( 'NONE', #731, .T. ) ;
#8828 = ADVANCED_FACE ( 'NONE', ( #6030 ), #9953, .T. ) ;
#8829 = CARTESIAN_POINT ( 'NONE',  ( -40.19566517527171357, -20.23931917473912989, -23.48578117747887717 ) ) ;
#8830 = VERTEX_POINT ( 'NONE', #10641 ) ;
#8831 = CIRCLE ( 'NONE', #11062, 5.000000000000000888 ) ;
#8832 = ORIENTED_EDGE ( 'NONE', *, *, #10396, .F. ) ;
#8833 = DIRECTION ( 'NONE',  ( -0.000000000000000000, -1.000000000000000000, -0.000000000000000000 ) ) ;
#8834 = VECTOR ( 'NONE', #1777, 1000.000000000000000 ) ;
#8835 = CARTESIAN_POINT ( 'NONE',  ( 15.19272321494580247, 10.00000000000000000, -44.00516535263808038 ) ) ;
#8836 = DIRECTION ( 'NONE',  ( 0.000000000000000000, 1.000000000000000000, 0.000000000000000000 ) ) ;
#8837 = ORIENTED_EDGE ( 'NONE', *, *, #968, .T. ) ;
#8838 = FACE_OUTER_BOUND ( 'NONE', #5344, .T. ) ;
#8839 = VERTEX_POINT ( 'NONE', #1850 ) ;
#8840 = FACE_OUTER_BOUND ( 'NONE', #11440, .T. ) ;
#8841 = AXIS2_PLACEMENT_3D ( 'NONE', #10025, #1226, #9257 ) ;
#8842 = ADVANCED_FACE ( 'NONE', ( #10778 ), #7962, .F. ) ;
#8843 = CIRCLE ( 'NONE', #7386, 0.5000000000000004441 ) ;
#8844 = VECTOR ( 'NONE', #10135, 1000.000000000000114 ) ;
#8845 = ORIENTED_EDGE ( 'NONE', *, *, #7065, .T. ) ;
#8846 = VERTEX_POINT ( 'NONE', #5057 ) ;
#8847 = LINE ( 'NONE', #999, #10491 ) ;
#8848 = CARTESIAN_POINT ( 'NONE',  ( 49.73725612068076174, -10.00000000000000000, 8.743875204153058078 ) ) ;
#8849 = ORIENTED_EDGE ( 'NONE', *, *, #9042, .F. ) ;
#8850 = EDGE_LOOP ( 'NONE', ( #12616, #3868, #11845, #500 ) ) ;
#8851 = CARTESIAN_POINT ( 'NONE',  ( 49.29736910846597908, 10.00000000000000000, -10.95533655273374940 ) ) ;
#8853 = ORIENTED_EDGE ( 'NONE', *, *, #7515, .F. ) ;
#8852 = DIRECTION ( 'NONE',  ( 0.8692791828944222976, 0.000000000000000000, -0.4943214563281727592 ) ) ;
#8854 = ORIENTED_EDGE ( 'NONE', *, *, #8169, .T. ) ;
#8855 = CARTESIAN_POINT ( 'NONE',  ( -33.94599680791350949, 10.00000000000000000, -30.89470704032679649 ) ) ;
#8856 = CIRCLE ( 'NONE', #10064, 50.99999999999999289 ) ;
#8857 = CIRCLE ( 'NONE', #6169, 0.4999999999999971689 ) ;
#8858 = AXIS2_PLACEMENT_3D ( 'NONE', #12495, #6656, #8466 ) ;
#8859 = CARTESIAN_POINT ( 'NONE',  ( 44.00516535263770379, 10.00000000000000000, -15.19272321494687539 ) ) ;
#8860 = CARTESIAN_POINT ( 'NONE',  ( 0.000000000000000000, 10.00000000000000000, 0.000000000000000000 ) ) ;
#8861 = EDGE_CURVE ( 'NONE', #11467, #8723, #180, .T. ) ;
#8862 = VECTOR ( 'NONE', #8497, 1000.000000000000000 ) ;
#8864 = EDGE_LOOP ( 'NONE', ( #1231, #762 ) ) ;
#8863 = CARTESIAN_POINT ( 'NONE',  ( 49.73725612068076174, 10.00000000000000000, 8.743875204153058078 ) ) ;
#8865 = LINE ( 'NONE', #3838, #8225 ) ;
#8866 = ORIENTED_EDGE ( 'NONE', *, *, #4851, .F. ) ;
#8867 = CARTESIAN_POINT ( 'NONE',  ( 0.000000000000000000, 10.00000000000000000, 0.000000000000000000 ) ) ;
#8868 = CARTESIAN_POINT ( 'NONE',  ( 47.07572326156211773, -19.69863090235023861, 18.27912140669838337 ) ) ;
#8869 = DIRECTION ( 'NONE',  ( -0.9948960270893563163, 0.000000000000000000, 0.1009053778636932047 ) ) ;
#8870 = VECTOR ( 'NONE', #10193, 1000.000000000000000 ) ;
#8871 = DIRECTION ( 'NONE',  ( -0.000000000000000000, -1.000000000000000000, -0.000000000000000000 ) ) ;
#8872 = DIRECTION ( 'NONE',  ( -0.000000000000000000, 1.000000000000000000, -0.000000000000000000 ) ) ;
#8873 = CIRCLE ( 'NONE', #12540, 44.99999999999999289 ) ;
#8874 = AXIS2_PLACEMENT_3D ( 'NONE', #7174, #6092, #11084 ) ;
#8875 = ORIENTED_EDGE ( 'NONE', *, *, #4434, .T. ) ;
#8876 = DIRECTION ( 'NONE',  ( -0.4688348621887384327, 0.000000000000000000, 0.8832858382179954448 ) ) ;
#8877 = CIRCLE ( 'NONE', #8270, 50.99999999999999289 ) ;
#8879 = ORIENTED_EDGE ( 'NONE', *, *, #3482, .T. ) ;
#8878 = CARTESIAN_POINT ( 'NONE',  ( -6.315817419440802993, 10.00000000000000000, -46.12357170388325756 ) ) ;
#8880 = DIRECTION ( 'NONE',  ( 0.000000000000000000, 1.000000000000000000, 0.000000000000000000 ) ) ;
#8881 = AXIS2_PLACEMENT_3D ( 'NONE', #9396, #12073, #8248 ) ;
#8882 = EDGE_LOOP ( 'NONE', ( #7833, #10695, #5601, #2991 ) ) ;
#8883 = FACE_OUTER_BOUND ( 'NONE', #10304, .T. ) ;
#8884 = AXIS2_PLACEMENT_3D ( 'NONE', #3489, #9286, #11137 ) ;
#8885 = DIRECTION ( 'NONE',  ( 0.09512807697518251004, -0.000000000000000000, -0.9954650415614824110 ) ) ;
#8886 = LINE ( 'NONE', #8949, #8684 ) ;
#8887 = CARTESIAN_POINT ( 'NONE',  ( 46.46947506094544877, 10.00000000000000000, 2.803801697542247506 ) ) ;
#8888 = EDGE_CURVE ( 'NONE', #9538, #6104, #5767, .T. ) ;
#8889 = ORIENTED_EDGE ( 'NONE', *, *, #4329, .F. ) ;
#8890 = LINE ( 'NONE', #4891, #8533 ) ;
#8891 = VECTOR ( 'NONE', #3263, 1000.000000000000227 ) ;
#8892 = EDGE_CURVE ( 'NONE', #3332, #2665, #6563, .T. ) ;
#8893 = AXIS2_PLACEMENT_3D ( 'NONE', #6386, #1765, #5670 ) ;
#8894 = DIRECTION ( 'NONE',  ( -0.8832858382179856749, 0.000000000000000000, 0.4688348621887568624 ) ) ;
#8895 = DIRECTION ( 'NONE',  ( -0.6544111638669448672, 0.000000000000000000, 0.7561388950492566874 ) ) ;
#8896 = ORIENTED_EDGE ( 'NONE', *, *, #4567, .F. ) ;
#8897 = VECTOR ( 'NONE', #2535, 1000.000000000000000 ) ;
#8898 = ORIENTED_EDGE ( 'NONE', *, *, #12355, .T. ) ;
#8899 = DIRECTION ( 'NONE',  ( 0.000000000000000000, 1.000000000000000000, 0.000000000000000000 ) ) ;
#8900 = DIRECTION ( 'NONE',  ( 0.000000000000000000, 1.000000000000000000, 0.000000000000000000 ) ) ;
#8901 = DIRECTION ( 'NONE',  ( 0.000000000000000000, 1.000000000000000000, 0.000000000000000000 ) ) ;
#8902 = CARTESIAN_POINT ( 'NONE',  ( -28.14833299833716751, -10.00000000000000000, -37.08024765038248205 ) ) ;
#8903 = CARTESIAN_POINT ( 'NONE',  ( 47.39404044806805416, -10.00000000000000000, 17.89353851188204914 ) ) ;
#8904 = VECTOR ( 'NONE', #8804, 1000.000000000000114 ) ;
#8905 = ORIENTED_EDGE ( 'NONE', *, *, #8009, .T. ) ;
#8906 = ADVANCED_FACE ( 'NONE', ( #8346 ), #1457, .T. ) ;
#8907 = CARTESIAN_POINT ( 'NONE',  ( -43.18490419363082822, -10.00000000000000000, 15.55241692398382725 ) ) ;
#8908 = VERTEX_POINT ( 'NONE', #5175 ) ;
#8909 = DIRECTION ( 'NONE',  ( 0.000000000000000000, 0.000000000000000000, -1.000000000000000000 ) ) ;
#8910 = DIRECTION ( 'NONE',  ( -0.8692791828944294030, 0.000000000000000000, -0.4943214563281603247 ) ) ;
#8911 = DIRECTION ( 'NONE',  ( -0.000000000000000000, -1.000000000000000000, -0.000000000000000000 ) ) ;
#8912 = ORIENTED_EDGE ( 'NONE', *, *, #4270, .T. ) ;
#8913 = ORIENTED_EDGE ( 'NONE', *, *, #7970, .T. ) ;
#8914 = CARTESIAN_POINT ( 'NONE',  ( 0.000000000000000000, 10.00000000000000000, 0.000000000000000000 ) ) ;
#8916 = ORIENTED_EDGE ( 'NONE', *, *, #772, .F. ) ;
#8915 = LINE ( 'NONE', #46, #5579 ) ;
#8917 = VERTEX_POINT ( 'NONE', #8094 ) ;
#8918 = AXIS2_PLACEMENT_3D ( 'NONE', #2416, #4156, #9238 ) ;
#8919 = CIRCLE ( 'NONE', #10144, 8.000000000000001776 ) ;
#8920 = CARTESIAN_POINT ( 'NONE',  ( -6.315817419440802993, -10.00000000000000000, -46.12357170388325756 ) ) ;
#8921 = EDGE_CURVE ( 'NONE', #11586, #4438, #11886, .T. ) ;
#8922 = CARTESIAN_POINT ( 'NONE',  ( 42.63013842481674942, -10.00000000000000000, 14.41080490052383745 ) ) ;
#8923 = CARTESIAN_POINT ( 'NONE',  ( -46.12357170388327887, -19.06525438257992278, -6.315817419440639569 ) ) ;
#8924 = EDGE_CURVE ( 'NONE', #880, #5792, #1210, .T. ) ;
#8925 = VECTOR ( 'NONE', #12371, 1000.000000000000000 ) ;
#8927 = VERTEX_POINT ( 'NONE', #10007 ) ;
#8926 = DIRECTION ( 'NONE',  ( -0.7071067811865537900, 0.000000000000000000, -0.7071067811865413555 ) ) ;
#8928 = DIRECTION ( 'NONE',  ( 0.000000000000000000, 1.000000000000000000, 0.000000000000000000 ) ) ;
#8929 = VERTEX_POINT ( 'NONE', #5294 ) ;
#8930 = DIRECTION ( 'NONE',  ( -0.000000000000000000, -1.000000000000000000, -0.000000000000000000 ) ) ;
#8931 = CARTESIAN_POINT ( 'NONE',  ( -34.90280549874167804, -20.42202547882114061, -36.49718027898878603 ) ) ;
#8932 = EDGE_CURVE ( 'NONE', #3616, #7307, #4152, .T. ) ;
#8933 = CARTESIAN_POINT ( 'NONE',  ( -42.63013842481663573, -19.69863090235025993, -14.41080490052415541 ) ) ;
#8934 = AXIS2_PLACEMENT_3D ( 'NONE', #5015, #3018, #976 ) ;
#8935 = VECTOR ( 'NONE', #12232, 1000.000000000000114 ) ;
#8936 = CARTESIAN_POINT ( 'NONE',  ( 0.000000000000000000, 10.00000000000000000, 0.000000000000000000 ) ) ;
#8937 = CARTESIAN_POINT ( 'NONE',  ( -29.27369463607533362, 10.00000000000000000, 41.76183427908564738 ) ) ;
#8938 = VERTEX_POINT ( 'NONE', #7311 ) ;
#8939 = ORIENTED_EDGE ( 'NONE', *, *, #5332, .T. ) ;
#8940 = EDGE_CURVE ( 'NONE', #957, #10095, #11485, .T. ) ;
#8941 = VECTOR ( 'NONE', #9277, 1000.000000000000000 ) ;
#8942 = CARTESIAN_POINT ( 'NONE',  ( 3.000000000000005329, -10.00000000000000000, -44.89988864128729062 ) ) ;
#8944 = VERTEX_POINT ( 'NONE', #8158 ) ;
#8943 = CYLINDRICAL_SURFACE ( 'NONE', #12124, 5.000000000000000888 ) ;
#8945 = DIRECTION ( 'NONE',  ( 0.000000000000000000, 0.000000000000000000, 1.000000000000000000 ) ) ;
#8946 = VERTEX_POINT ( 'NONE', #1341 ) ;
#8947 = FACE_OUTER_BOUND ( 'NONE', #1527, .T. ) ;
#8948 = CARTESIAN_POINT ( 'NONE',  ( 0.000000000000000000, 10.00000000000000000, 0.000000000000000000 ) ) ;
#8949 = CARTESIAN_POINT ( 'NONE',  ( -8.830448225976541110, -19.06525438257990857, 50.22970420108351419 ) ) ;
#8950 = CIRCLE ( 'NONE', #4008, 5.000000000000004441 ) ;
#8951 = DIRECTION ( 'NONE',  ( -2.131628207280300558E-14, 0.000000000000000000, 1.000000000000000000 ) ) ;
#8952 = ORIENTED_EDGE ( 'NONE', *, *, #11393, .F. ) ;
#8953 = ORIENTED_EDGE ( 'NONE', *, *, #3804, .F. ) ;
#8954 = CARTESIAN_POINT ( 'NONE',  ( -34.84146812720832287, -10.00000000000000000, 30.87629374033901897 ) ) ;
#8955 = ADVANCED_FACE ( 'NONE', ( #9305 ), #9177, .T. ) ;
#8956 = CARTESIAN_POINT ( 'NONE',  ( -47.54181953147843842, -10.00000000000000000, -18.46010280676506454 ) ) ;
#8957 = AXIS2_PLACEMENT_3D ( 'NONE', #573, #6608, #9440 ) ;
#8958 = ADVANCED_FACE ( 'NONE', ( #8213 ), #6148, .T. ) ;
#8959 = CARTESIAN_POINT ( 'NONE',  ( 0.000000000000000000, 10.00000000000000000, 0.000000000000000000 ) ) ;
#8960 = VERTEX_POINT ( 'NONE', #3323 ) ;
#8961 = VERTEX_POINT ( 'NONE', #6280 ) ;
#8962 = LINE ( 'NONE', #9085, #1657 ) ;
#8963 = CARTESIAN_POINT ( 'NONE',  ( 42.70926380875471295, 10.00000000000000000, -20.52974213179150809 ) ) ;
#8964 = DIRECTION ( 'NONE',  ( 0.9238795325112849621, 0.000000000000000000, -0.3826834323650941672 ) ) ;
#8965 = DIRECTION ( 'NONE',  ( 0.000000000000000000, 0.000000000000000000, 1.000000000000000000 ) ) ;
#8966 = DIRECTION ( 'NONE',  ( -0.8692791828944311794, 0.000000000000000000, -0.4943214563281571605 ) ) ;
#8967 = ORIENTED_EDGE ( 'NONE', *, *, #3149, .T. ) ;
#8968 = VERTEX_POINT ( 'NONE', #247 ) ;
#8969 = LINE ( 'NONE', #5741, #311 ) ;
#8970 = ORIENTED_EDGE ( 'NONE', *, *, #7332, .T. ) ;
#8971 = DIRECTION ( 'NONE',  ( 0.000000000000000000, -1.000000000000000000, 0.000000000000000000 ) ) ;
#8972 = EDGE_CURVE ( 'NONE', #11558, #10621, #7599, .T. ) ;
#8973 = EDGE_CURVE ( 'NONE', #1573, #1138, #8013, .T. ) ;
#8974 = CYLINDRICAL_SURFACE ( 'NONE', #8671, 0.5000000000000004441 ) ;
#8975 = VERTEX_POINT ( 'NONE', #10966 ) ;
#8976 = ORIENTED_EDGE ( 'NONE', *, *, #8770, .F. ) ;
#8977 = CARTESIAN_POINT ( 'NONE',  ( -45.02958255179733271, -19.06525438257992278, -11.81567228767965005 ) ) ;
#8978 = DIRECTION ( 'NONE',  ( 0.000000000000000000, 1.000000000000000000, 0.000000000000000000 ) ) ;
#8979 = ADVANCED_FACE ( 'NONE', ( #3386 ), #6336, .T. ) ;
#8980 = ORIENTED_EDGE ( 'NONE', *, *, #1021, .F. ) ;
#8981 = EDGE_CURVE ( 'NONE', #7149, #7230, #11027, .T. ) ;
#8982 = LINE ( 'NONE', #1202, #841 ) ;
#8983 = EDGE_CURVE ( 'NONE', #7816, #8600, #7593, .T. ) ;
#8984 = DIRECTION ( 'NONE',  ( 0.000000000000000000, 1.000000000000000000, 0.000000000000000000 ) ) ;
#8985 = DIRECTION ( 'NONE',  ( -0.9560937162403091438, 0.000000000000000000, -0.2930610956196592065 ) ) ;
#8986 = VERTEX_POINT ( 'NONE', #315 ) ;
#8988 = VERTEX_POINT ( 'NONE', #12049 ) ;
#8987 = PLANE ( 'NONE',  #5992 ) ;
#8989 = EDGE_CURVE ( 'NONE', #5615, #2603, #11274, .T. ) ;
#8990 = DIRECTION ( 'NONE',  ( 0.9974095118627300804, 0.000000000000000000, -0.07193236855373658090 ) ) ;
#8991 = ORIENTED_EDGE ( 'NONE', *, *, #5010, .F. ) ;
#8992 = LINE ( 'NONE', #10137, #6847 ) ;
#8993 = DIRECTION ( 'NONE',  ( -0.7748486042760487358, 0.000000000000000000, -0.6321468503848289844 ) ) ;
#8994 = DIRECTION ( 'NONE',  ( 0.000000000000000000, 0.000000000000000000, 1.000000000000000000 ) ) ;
#8995 = ORIENTED_EDGE ( 'NONE', *, *, #980, .F. ) ;
#8996 = EDGE_CURVE ( 'NONE', #3719, #12426, #2292, .T. ) ;
#8997 = ORIENTED_EDGE ( 'NONE', *, *, #10162, .T. ) ;
#8998 = CARTESIAN_POINT ( 'NONE',  ( -49.78546187191620476, -19.06525438257993699, 11.06380523147334038 ) ) ;
#9000 = ORIENTED_EDGE ( 'NONE', *, *, #5663, .T. ) ;
#8999 = CARTESIAN_POINT ( 'NONE',  ( -2.622880895175927485, 10.00000000000000000, 47.31460686609772637 ) ) ;
#9001 = CARTESIAN_POINT ( 'NONE',  ( 0.000000000000000000, -20.23931917473912989, 0.000000000000000000 ) ) ;
#9002 = VERTEX_POINT ( 'NONE', #9558 ) ;
#9003 = CARTESIAN_POINT ( 'NONE',  ( 50.63394466786606785, -18.55636363116342480, -1.605440076986312636 ) ) ;
#9004 = CARTESIAN_POINT ( 'NONE',  ( 37.08024765038276627, -20.23931917473911923, 28.14833299833678382 ) ) ;
#9005 = DIRECTION ( 'NONE',  ( 8.970602038971264847E-14, 0.000000000000000000, 1.000000000000000000 ) ) ;
#9006 = ORIENTED_EDGE ( 'NONE', *, *, #12370, .F. ) ;
#9007 = CARTESIAN_POINT ( 'NONE',  ( -30.87629374033865659, -20.42202547882114061, 34.84146812720864261 ) ) ;
#9008 = EDGE_CURVE ( 'NONE', #5945, #9803, #9040, .T. ) ;
#9009 = VERTEX_POINT ( 'NONE', #10505 ) ;
#9010 = EDGE_LOOP ( 'NONE', ( #6060, #3221, #6719, #9748 ) ) ;
#9011 = DIRECTION ( 'NONE',  ( -0.000000000000000000, 1.000000000000000000, -0.000000000000000000 ) ) ;
#9012 = CARTESIAN_POINT ( 'NONE',  ( 0.000000000000000000, -5.999999999999993783, -40.00000000000000000 ) ) ;
#9013 = DIRECTION ( 'NONE',  ( 0.000000000000000000, 1.000000000000000000, 0.000000000000000000 ) ) ;
#9014 = ORIENTED_EDGE ( 'NONE', *, *, #9522, .T. ) ;
#9015 = ORIENTED_EDGE ( 'NONE', *, *, #9158, .T. ) ;
#9016 = DIRECTION ( 'NONE',  ( 0.000000000000000000, 1.000000000000000000, 0.000000000000000000 ) ) ;
#9017 = DIRECTION ( 'NONE',  ( 0.000000000000000000, 0.000000000000000000, 1.000000000000000000 ) ) ;
#9018 = LINE ( 'NONE', #4121, #9352 ) ;
#9019 = CARTESIAN_POINT ( 'NONE',  ( 34.84146812720810260, 10.00000000000000000, -30.87629374033926055 ) ) ;
#9020 = CARTESIAN_POINT ( 'NONE',  ( 14.41080490052368646, 10.00000000000000000, -42.63013842481680626 ) ) ;
#9021 = EDGE_CURVE ( 'NONE', #7005, #612, #1783, .T. ) ;
#9022 = ORIENTED_EDGE ( 'NONE', *, *, #10214, .T. ) ;
#9023 = ORIENTED_EDGE ( 'NONE', *, *, #7120, .T. ) ;
#9024 = LINE ( 'NONE', #4127, #6460 ) ;
#9025 = AXIS2_PLACEMENT_3D ( 'NONE', #10872, #9926, #6905 ) ;
#9026 = AXIS2_PLACEMENT_3D ( 'NONE', #2946, #6876, #10783 ) ;
#9027 = ORIENTED_EDGE ( 'NONE', *, *, #8366, .F. ) ;
#9028 = DIRECTION ( 'NONE',  ( -0.000000000000000000, -1.000000000000000000, -0.000000000000000000 ) ) ;
#9029 = ORIENTED_EDGE ( 'NONE', *, *, #8770, .T. ) ;
#9030 = EDGE_LOOP ( 'NONE', ( #1246, #11681, #3969, #9530 ) ) ;
#9031 = CARTESIAN_POINT ( 'NONE',  ( 0.000000000000000000, 10.00000000000000000, 0.000000000000000000 ) ) ;
#9032 = CARTESIAN_POINT ( 'NONE',  ( -45.38924439456593518, -19.06525438257993699, 11.82862472836631440 ) ) ;
#9033 = ORIENTED_EDGE ( 'NONE', *, *, #406, .T. ) ;
#9034 = DIRECTION ( 'NONE',  ( 0.000000000000000000, 1.000000000000000000, 0.000000000000000000 ) ) ;
#9035 = EDGE_CURVE ( 'NONE', #5150, #1887, #1528, .T. ) ;
#9036 = AXIS2_PLACEMENT_3D ( 'NONE', #4561, #12469, #9587 ) ;
#9037 = VECTOR ( 'NONE', #5222, 1000.000000000000227 ) ;
#9038 = EDGE_CURVE ( 'NONE', #6853, #9318, #8541, .T. ) ;
#9039 = CARTESIAN_POINT ( 'NONE',  ( 8.303600574123043643, -19.06525438257988725, -49.97423344059155426 ) ) ;
#9040 = CIRCLE ( 'NONE', #3485, 44.99999999999999289 ) ;
#9041 = CARTESIAN_POINT ( 'NONE',  ( -20.37347321810641176, -19.69863090235025282, 41.85922843806455518 ) ) ;
#9042 = EDGE_CURVE ( 'NONE', #1618, #8938, #6466, .T. ) ;
#9043 = EDGE_CURVE ( 'NONE', #476, #5667, #7557, .T. ) ;
#9044 = ORIENTED_EDGE ( 'NONE', *, *, #6927, .T. ) ;
#9045 = AXIS2_PLACEMENT_3D ( 'NONE', #8751, #9698, #11675 ) ;
#9047 = ORIENTED_EDGE ( 'NONE', *, *, #6208, .F. ) ;
#9046 = FACE_OUTER_BOUND ( 'NONE', #2123, .T. ) ;
#9048 = AXIS2_PLACEMENT_3D ( 'NONE', #5324, #469, #4555 ) ;
#9049 = DIRECTION ( 'NONE',  ( 0.000000000000000000, 0.000000000000000000, -1.000000000000000000 ) ) ;
#9050 = CIRCLE ( 'NONE', #5536, 0.4999999999999971689 ) ;
#9051 = AXIS2_PLACEMENT_3D ( 'NONE', #8851, #9745, #3884 ) ;
#9052 = ORIENTED_EDGE ( 'NONE', *, *, #5631, .F. ) ;
#9053 = FACE_OUTER_BOUND ( 'NONE', #8386, .T. ) ;
#9054 = CYLINDRICAL_SURFACE ( 'NONE', #3153, 8.000000000000000000 ) ;
#9055 = CARTESIAN_POINT ( 'NONE',  ( 20.56387910459030977, -19.69863090235023151, -46.67040685672017020 ) ) ;
#9056 = CIRCLE ( 'NONE', #6791, 0.4999999999999970024 ) ;
#9057 = EDGE_CURVE ( 'NONE', #10081, #7795, #5688, .T. ) ;
#9058 = AXIS2_PLACEMENT_3D ( 'NONE', #1217, #11398, #10381 ) ;
#9059 = VECTOR ( 'NONE', #4534, 1000.000000000000000 ) ;
#9060 = VERTEX_POINT ( 'NONE', #2658 ) ;
#9061 = DIRECTION ( 'NONE',  ( -0.9807852804032324290, 0.000000000000000000, -0.1950903220161182006 ) ) ;
#9063 = ORIENTED_EDGE ( 'NONE', *, *, #3645, .F. ) ;
#9062 = DIRECTION ( 'NONE',  ( 0.2930610956196725292, -0.000000000000000000, 0.9560937162403051470 ) ) ;
#9064 = DIRECTION ( 'NONE',  ( 0.000000000000000000, 1.000000000000000000, 0.000000000000000000 ) ) ;
#9065 = ORIENTED_EDGE ( 'NONE', *, *, #12577, .F. ) ;
#9066 = CARTESIAN_POINT ( 'NONE',  ( 6.828624728365510599, 10.00000000000000000, -45.38924439456606308 ) ) ;
#9067 = AXIS2_PLACEMENT_3D ( 'NONE', #10423, #7301, #599 ) ;
#9068 = CIRCLE ( 'NONE', #3107, 8.000000000000003553 ) ;
#9069 = AXIS2_PLACEMENT_3D ( 'NONE', #10322, #8285, #9232 ) ;
#9070 = CARTESIAN_POINT ( 'NONE',  ( 30.89470704032714821, 10.00000000000000000, 33.94599680791318264 ) ) ;
#9071 = ORIENTED_EDGE ( 'NONE', *, *, #11294, .T. ) ;
#9072 = CARTESIAN_POINT ( 'NONE',  ( -35.31113623141665414, 10.00000000000000000, 31.60182249696992685 ) ) ;
#9073 = CARTESIAN_POINT ( 'NONE',  ( 43.02692939903840141, -20.23931917473911923, 27.38034598923403706 ) ) ;
#9074 = VERTEX_POINT ( 'NONE', #8396 ) ;
#9075 = ORIENTED_EDGE ( 'NONE', *, *, #4634, .F. ) ;
#9076 = ADVANCED_FACE ( 'NONE', ( #560 ), #9423, .T. ) ;
#9077 = CARTESIAN_POINT ( 'NONE',  ( 0.000000000000000000, -10.00000000000000355, 8.000000000000000000 ) ) ;
#9078 = AXIS2_PLACEMENT_3D ( 'NONE', #1808, #5717, #8767 ) ;
#9079 = VECTOR ( 'NONE', #12262, 1000.000000000000000 ) ;
#9080 = AXIS2_PLACEMENT_3D ( 'NONE', #4455, #2542, #11402 ) ;
#9081 = FACE_OUTER_BOUND ( 'NONE', #752, .T. ) ;
#9082 = DIRECTION ( 'NONE',  ( 0.6139406135149220178, 0.000000000000000000, 0.7893522173763251049 ) ) ;
#9083 = ORIENTED_EDGE ( 'NONE', *, *, #661, .F. ) ;
#9084 = ORIENTED_EDGE ( 'NONE', *, *, #5731, .F. ) ;
#9085 = CARTESIAN_POINT ( 'NONE',  ( 29.62769538921572732, -20.42202547882114061, 33.87033607633446763 ) ) ;
#9086 = LINE ( 'NONE', #288, #7672 ) ;
#9087 = DIRECTION ( 'NONE',  ( 0.000000000000000000, 1.000000000000000000, 0.000000000000000000 ) ) ;
#9088 = DIRECTION ( 'NONE',  ( 0.000000000000000000, 1.000000000000000000, 0.000000000000000000 ) ) ;
#9089 = EDGE_CURVE ( 'NONE', #3615, #9570, #8422, .T. ) ;
#9090 = LINE ( 'NONE', #7218, #12283 ) ;
#9091 = ORIENTED_EDGE ( 'NONE', *, *, #2813, .F. ) ;
#9092 = DIRECTION ( 'NONE',  ( 0.000000000000000000, 1.000000000000000000, 0.000000000000000000 ) ) ;
#9093 = CIRCLE ( 'NONE', #7239, 0.5000000000000004441 ) ;
#9094 = PERSON_AND_ORGANIZATION ( #8145, #4988 ) ;
#9095 = VECTOR ( 'NONE', #428, 1000.000000000000000 ) ;
#9096 = ORIENTED_EDGE ( 'NONE', *, *, #11695, .T. ) ;
#9097 = PLANE ( 'NONE',  #2692 ) ;
#9098 = AXIS2_PLACEMENT_3D ( 'NONE', #9569, #3646, #4736 ) ;
#9099 = ORIENTED_EDGE ( 'NONE', *, *, #3016, .F. ) ;
#9100 = EDGE_CURVE ( 'NONE', #629, #9798, #4497, .T. ) ;
#9101 = VERTEX_POINT ( 'NONE', #4457 ) ;
#9102 = ORIENTED_EDGE ( 'NONE', *, *, #5067, .T. ) ;
#9103 = AXIS2_PLACEMENT_3D ( 'NONE', #1769, #12624, #12483 ) ;
#9104 = DIRECTION ( 'NONE',  ( 0.7893522173763208860, 0.000000000000000000, -0.6139406135149274579 ) ) ;
#9105 = AXIS2_PLACEMENT_3D ( 'NONE', #364, #1441, #8202 ) ;
#9106 = ORIENTED_EDGE ( 'NONE', *, *, #10315, .F. ) ;
#9107 = LINE ( 'NONE', #8920, #11710 ) ;
#9108 = PLANE ( 'NONE',  #2753 ) ;
#9109 = DIRECTION ( 'NONE',  ( -0.000000000000000000, -1.000000000000000000, -0.000000000000000000 ) ) ;
#9110 = VECTOR ( 'NONE', #7281, 1000.000000000000000 ) ;
#9111 = EDGE_CURVE ( 'NONE', #3675, #8988, #5548, .T. ) ;
#9112 = AXIS2_PLACEMENT_3D ( 'NONE', #7200, #338, #9329 ) ;
#9113 = ORIENTED_EDGE ( 'NONE', *, *, #8381, .T. ) ;
#9115 = ORIENTED_EDGE ( 'NONE', *, *, #1653, .F. ) ;
#9114 = DIRECTION ( 'NONE',  ( 0.000000000000000000, 1.000000000000000000, 0.000000000000000000 ) ) ;
#9116 = EDGE_CURVE ( 'NONE', #4454, #7051, #8604, .T. ) ;
#9117 = CARTESIAN_POINT ( 'NONE',  ( 0.000000000000000000, -10.00000000000000000, 0.000000000000000000 ) ) ;
#9118 = ORIENTED_EDGE ( 'NONE', *, *, #2992, .T. ) ;
#9119 = DIRECTION ( 'NONE',  ( 0.000000000000000000, 1.000000000000000000, 0.000000000000000000 ) ) ;
#9120 = LINE ( 'NONE', #3257, #296 ) ;
#9121 = DIRECTION ( 'NONE',  ( 0.1950903220161287477, 0.000000000000000000, 0.9807852804032304306 ) ) ;
#9122 = CIRCLE ( 'NONE', #11773, 40.00000000000000000 ) ;
#9123 = VECTOR ( 'NONE', #9564, 1000.000000000000000 ) ;
#9124 = EDGE_LOOP ( 'NONE', ( #1004, #1230, #6658, #10570 ) ) ;
#9126 = VERTEX_POINT ( 'NONE', #11267 ) ;
#9125 = CARTESIAN_POINT ( 'NONE',  ( 47.31460686609774768, 10.00000000000000000, 2.622880895175431881 ) ) ;
#9127 = DIRECTION ( 'NONE',  ( 0.000000000000000000, 1.000000000000000000, 0.000000000000000000 ) ) ;
#9128 = EDGE_LOOP ( 'NONE', ( #2058, #3843, #1687, #1672 ) ) ;
#9129 = AXIS2_PLACEMENT_3D ( 'NONE', #11038, #6537, #4670 ) ;
#9130 = CIRCLE ( 'NONE', #10547, 5.000000000000000888 ) ;
#9131 = DIRECTION ( 'NONE',  ( 0.5555702330195975147, 0.000000000000000000, -0.8314696123025485663 ) ) ;
#9132 = EDGE_CURVE ( 'NONE', #3387, #7860, #2065, .T. ) ;
#9133 = DIRECTION ( 'NONE',  ( -0.9238795325112905132, 0.000000000000000000, -0.3826834323650809555 ) ) ;
#9134 = ORIENTED_EDGE ( 'NONE', *, *, #1143, .T. ) ;
#9135 = DIRECTION ( 'NONE',  ( 0.000000000000000000, 0.000000000000000000, 1.000000000000000000 ) ) ;
#9136 = EDGE_CURVE ( 'NONE', #9185, #9463, #11532, .T. ) ;
#9137 = EDGE_CURVE ( 'NONE', #9009, #44, #7624, .T. ) ;
#9138 = CARTESIAN_POINT ( 'NONE',  ( 44.00516535263803064, 10.00000000000000000, 15.19272321494595879 ) ) ;
#9139 = DIRECTION ( 'NONE',  ( -0.6366343730118698696, 0.000000000000000000, 0.7711657896326724604 ) ) ;
#9140 = VERTEX_POINT ( 'NONE', #12364 ) ;
#9141 = CARTESIAN_POINT ( 'NONE',  ( -46.91716864078406957, 10.00000000000000000, 6.658138915334304464 ) ) ;
#9142 = AXIS2_PLACEMENT_3D ( 'NONE', #9957, #5844, #5903 ) ;
#9143 = VECTOR ( 'NONE', #3178, 1000.000000000000000 ) ;
#9144 = DIRECTION ( 'NONE',  ( -0.000000000000000000, -1.000000000000000000, -0.000000000000000000 ) ) ;
#9145 = DIRECTION ( 'NONE',  ( 0.000000000000000000, 1.000000000000000000, 0.000000000000000000 ) ) ;
#9146 = CARTESIAN_POINT ( 'NONE',  ( 14.41080490052460128, -19.69863090235029901, 42.63013842481648652 ) ) ;
#9147 = ORIENTED_EDGE ( 'NONE', *, *, #776, .T. ) ;
#9148 = ORIENTED_EDGE ( 'NONE', *, *, #1697, .T. ) ;
#9149 = LINE ( 'NONE', #7214, #8641 ) ;
#9150 = CARTESIAN_POINT ( 'NONE',  ( -19.53911912941826756, -10.00000000000000000, 41.53355807099715236 ) ) ;
#9151 = ADVANCED_FACE ( 'NONE', ( #6525 ), #12239, .T. ) ;
#9152 = DIRECTION ( 'NONE',  ( -0.000000000000000000, -1.000000000000000000, -0.000000000000000000 ) ) ;
#9153 = LINE ( 'NONE', #2509, #11115 ) ;
#9154 = DIRECTION ( 'NONE',  ( 0.8692791828944275156, -0.000000000000000000, 0.4943214563281635443 ) ) ;
#9155 = ORIENTED_EDGE ( 'NONE', *, *, #7566, .F. ) ;
#9156 = CARTESIAN_POINT ( 'NONE',  ( 0.000000000000000000, 10.00000000000000000, 0.000000000000000000 ) ) ;
#9157 = CARTESIAN_POINT ( 'NONE',  ( 0.000000000000000000, -10.00000000000000000, 0.000000000000000000 ) ) ;
#9158 = EDGE_CURVE ( 'NONE', #11902, #4445, #7499, .T. ) ;
#9159 = ORIENTED_EDGE ( 'NONE', *, *, #7607, .T. ) ;
#9160 = DIRECTION ( 'NONE',  ( -0.000000000000000000, -1.000000000000000000, -0.000000000000000000 ) ) ;
#9161 = ORIENTED_EDGE ( 'NONE', *, *, #2587, .T. ) ;
#9162 = ORIENTED_EDGE ( 'NONE', *, *, #8752, .T. ) ;
#9163 = ORIENTED_EDGE ( 'NONE', *, *, #371, .T. ) ;
#9164 = CYLINDRICAL_SURFACE ( 'NONE', #9105, 0.4999999999999970024 ) ;
#9165 = ORIENTED_EDGE ( 'NONE', *, *, #11159, .F. ) ;
#9166 = DIRECTION ( 'NONE',  ( 0.000000000000000000, 0.000000000000000000, 1.000000000000000000 ) ) ;
#9167 = AXIS2_PLACEMENT_3D ( 'NONE', #6419, #2560, #9386 ) ;
#9168 = DIRECTION ( 'NONE',  ( 0.9807852804032297644, 0.000000000000000000, -0.1950903220161316620 ) ) ;
#9169 = EDGE_LOOP ( 'NONE', ( #9165, #10804, #7309, #10873 ) ) ;
#9170 = FACE_OUTER_BOUND ( 'NONE', #10576, .T. ) ;
#9171 = EDGE_CURVE ( 'NONE', #8961, #6366, #1641, .T. ) ;
#9172 = DIRECTION ( 'NONE',  ( 0.000000000000000000, 0.000000000000000000, 1.000000000000000000 ) ) ;
#9173 = APPLICATION_CONTEXT ( 'configuration controlled 3d designs of mechanical parts and assemblies' ) ;
#9174 = ORIENTED_EDGE ( 'NONE', *, *, #5367, .F. ) ;
#9176 = ORIENTED_EDGE ( 'NONE', *, *, #2017, .T. ) ;
#9175 = DIRECTION ( 'NONE',  ( 0.000000000000000000, 1.000000000000000000, 0.000000000000000000 ) ) ;
#9177 = PLANE ( 'NONE',  #5960 ) ;
#9178 = VERTEX_POINT ( 'NONE', #7989 ) ;
#9179 = CYLINDRICAL_SURFACE ( 'NONE', #11551, 0.5000000000000004441 ) ;
#9180 = CARTESIAN_POINT ( 'NONE',  ( -6.658138915333799979, -10.00000000000000000, 46.91716864078413352 ) ) ;
#9181 = EDGE_CURVE ( 'NONE', #11442, #4664, #2879, .T. ) ;
#9182 = FACE_OUTER_BOUND ( 'NONE', #3610, .T. ) ;
#9183 = ORIENTED_EDGE ( 'NONE', *, *, #8568, .T. ) ;
#9185 = VERTEX_POINT ( 'NONE', #7150 ) ;
#9184 = DIRECTION ( 'NONE',  ( 0.000000000000000000, 0.000000000000000000, 1.000000000000000000 ) ) ;
#9186 = DIRECTION ( 'NONE',  ( 0.000000000000000000, 1.000000000000000000, 0.000000000000000000 ) ) ;
#9187 = ORIENTED_EDGE ( 'NONE', *, *, #12043, .T. ) ;
#9188 = CARTESIAN_POINT ( 'NONE',  ( 0.000000000000000000, -10.00000000000000000, 0.000000000000000000 ) ) ;
#9189 = CARTESIAN_POINT ( 'NONE',  ( -10.95533655273288609, -10.00000000000000000, 49.29736910846616382 ) ) ;
#9190 = EDGE_LOOP ( 'NONE', ( #1069, #1445, #11384, #4013 ) ) ;
#9191 = CARTESIAN_POINT ( 'NONE',  ( 18.27912140669922536, -19.69863090235029901, 47.07572326156178377 ) ) ;
#9192 = CARTESIAN_POINT ( 'NONE',  ( -22.51666049839539951, 5.000000000000000000, 13.00000000000001066 ) ) ;
#9193 = DIRECTION ( 'NONE',  ( 0.000000000000000000, 0.000000000000000000, 1.000000000000000000 ) ) ;
#9194 = ADVANCED_FACE ( 'NONE', ( #9844 ), #10865, .T. ) ;
#9195 = ORIENTED_EDGE ( 'NONE', *, *, #6131, .F. ) ;
#9196 = ORIENTED_EDGE ( 'NONE', *, *, #9756, .T. ) ;
#9197 = CARTESIAN_POINT ( 'NONE',  ( 0.000000000000000000, 10.00000000000000000, 0.000000000000000000 ) ) ;
#9198 = EDGE_CURVE ( 'NONE', #6933, #4062, #1861, .T. ) ;
#9199 = ORIENTED_EDGE ( 'NONE', *, *, #8195, .F. ) ;
#9200 = ADVANCED_FACE ( 'NONE', ( #10104 ), #2076, .T. ) ;
#9201 = DIRECTION ( 'NONE',  ( -0.000000000000000000, -1.000000000000000000, -0.000000000000000000 ) ) ;
#9202 = ADVANCED_FACE ( 'NONE', ( #2798 ), #12568, .T. ) ;
#9203 = DIRECTION ( 'NONE',  ( 2.131628207280300558E-14, 0.000000000000000000, 1.000000000000000000 ) ) ;
#9204 = EDGE_CURVE ( 'NONE', #11656, #7686, #5998, .T. ) ;
#9205 = CARTESIAN_POINT ( 'NONE',  ( -41.53355807099708130, -10.00000000000000000, -19.53911912941841322 ) ) ;
#9206 = ORIENTED_EDGE ( 'NONE', *, *, #3258, .F. ) ;
#9207 = CARTESIAN_POINT ( 'NONE',  ( -8.743875204153233938, 10.00000000000000000, 50.23725612068074753 ) ) ;
#9208 = CARTESIAN_POINT ( 'NONE',  ( -50.63394466786608916, -18.55636363116341414, -1.605440076985605424 ) ) ;
#9209 = DIRECTION ( 'NONE',  ( -0.5555702330196077288, 0.000000000000000000, -0.8314696123025416830 ) ) ;
#9210 = DIRECTION ( 'NONE',  ( 0.000000000000000000, 1.000000000000000000, 0.000000000000000000 ) ) ;
#9211 = DIRECTION ( 'NONE',  ( 0.6544111638669369846, 0.000000000000000000, -0.7561388950492633487 ) ) ;
#9212 = ORIENTED_EDGE ( 'NONE', *, *, #9536, .F. ) ;
#9213 = ORIENTED_EDGE ( 'NONE', *, *, #1420, .T. ) ;
#9214 = CARTESIAN_POINT ( 'NONE',  ( -42.63013842481663573, -10.00000000000000000, -14.41080490052415541 ) ) ;
#9215 = CALENDAR_DATE ( 2026, 8, 8 ) ;
#9216 = EDGE_CURVE ( 'NONE', #12510, #2923, #2672, .T. ) ;
#9217 = DIRECTION ( 'NONE',  ( 0.000000000000000000, 0.000000000000000000, 1.000000000000000000 ) ) ;
#9218 = CARTESIAN_POINT ( 'NONE',  ( 45.89377128388432681, 10.00000000000000000, -11.80310486381341128 ) ) ;
#9219 = ORIENTED_EDGE ( 'NONE', *, *, #8973, .T. ) ;
#9220 = ORIENTED_EDGE ( 'NONE', *, *, #1359, .F. ) ;
#9221 = ORIENTED_EDGE ( 'NONE', *, *, #6598, .F. ) ;
#9222 = CYLINDRICAL_SURFACE ( 'NONE', #12339, 0.5000000000000004441 ) ;
#9223 = ORIENTED_EDGE ( 'NONE', *, *, #8983, .T. ) ;
#9224 = CARTESIAN_POINT ( 'NONE',  ( -11.81567228767948130, -19.06525438257990857, 45.02958255179737534 ) ) ;
#9225 = DIRECTION ( 'NONE',  ( 0.000000000000000000, 1.000000000000000000, 0.000000000000000000 ) ) ;
#9226 = LINE ( 'NONE', #7358, #2552 ) ;
#9227 = CIRCLE ( 'NONE', #9842, 4.999999999999997335 ) ;
#9228 = CARTESIAN_POINT ( 'NONE',  ( 8.743875204153926717, -10.00000000000000000, 50.23725612068061963 ) ) ;
#9229 = AXIS2_PLACEMENT_3D ( 'NONE', #2430, #7382, #10160 ) ;
#9230 = CC_DESIGN_PERSON_AND_ORGANIZATION_ASSIGNMENT ( #9094, #1318, ( #10532 ) ) ;
#9231 = ORIENTED_EDGE ( 'NONE', *, *, #11511, .T. ) ;
#9233 = ORIENTED_EDGE ( 'NONE', *, *, #6407, .T. ) ;
#9232 = DIRECTION ( 'NONE',  ( 0.000000000000000000, 0.000000000000000000, 1.000000000000000000 ) ) ;
#9234 = CARTESIAN_POINT ( 'NONE',  ( 39.32099234290808454, -10.00000000000000000, 23.67853845910797972 ) ) ;
#9235 = EDGE_LOOP ( 'NONE', ( #3069, #5628, #3415, #7337 ) ) ;
#9236 = DIRECTION ( 'NONE',  ( 0.000000000000000000, 0.000000000000000000, 1.000000000000000000 ) ) ;
#9237 = AXIS2_PLACEMENT_3D ( 'NONE', #11360, #6610, #4743 ) ;
#9238 = DIRECTION ( 'NONE',  ( 0.000000000000000000, 0.000000000000000000, 1.000000000000000000 ) ) ;
#9239 = VECTOR ( 'NONE', #10417, 1000.000000000000000 ) ;
#9240 = AXIS2_PLACEMENT_3D ( 'NONE', #10255, #504, #4408 ) ;
#9241 = EDGE_CURVE ( 'NONE', #9950, #6907, #6786, .T. ) ;
#9242 = CARTESIAN_POINT ( 'NONE',  ( 34.84146812720810260, -10.00000000000000000, -30.87629374033926055 ) ) ;
#9243 = VECTOR ( 'NONE', #7496, 1000.000000000000114 ) ;
#9244 = AXIS2_PLACEMENT_3D ( 'NONE', #3223, #282, #9261 ) ;
#9245 = ORIENTED_EDGE ( 'NONE', *, *, #1162, .T. ) ;
#9246 = VECTOR ( 'NONE', #2602, 1000.000000000000000 ) ;
#9248 = EDGE_LOOP ( 'NONE', ( #9447, #7432, #6951, #8137 ) ) ;
#9247 = CARTESIAN_POINT ( 'NONE',  ( -44.89988864128730484, -10.00000000000000000, -2.999999999999845013 ) ) ;
#9249 = DIRECTION ( 'NONE',  ( 0.000000000000000000, 0.000000000000000000, 1.000000000000000000 ) ) ;
#9250 = EDGE_LOOP ( 'NONE', ( #8889, #12195, #6825, #4617 ) ) ;
#9251 = EDGE_CURVE ( 'NONE', #1775, #9659, #11494, .T. ) ;
#9252 = CARTESIAN_POINT ( 'NONE',  ( 30.87629374033841501, 10.00000000000000000, -34.84146812720885578 ) ) ;
#9253 = CARTESIAN_POINT ( 'NONE',  ( 3.198396408832238080E-15, -10.00000000000000178, 34.00000000000000000 ) ) ;
#9254 = ORIENTED_EDGE ( 'NONE', *, *, #4628, .T. ) ;
#9255 = CARTESIAN_POINT ( 'NONE',  ( 0.000000000000000000, -10.00000000000000178, -18.00000000000000000 ) ) ;
#9256 = AXIS2_PLACEMENT_3D ( 'NONE', #12571, #6858, #2661 ) ;
#9257 = DIRECTION ( 'NONE',  ( 0.000000000000000000, 0.000000000000000000, 1.000000000000000000 ) ) ;
#9258 = CARTESIAN_POINT ( 'NONE',  ( 41.76183427908576107, -20.23931917473911923, 29.27369463607518441 ) ) ;
#9259 = CIRCLE ( 'NONE', #11700, 40.00000000000000000 ) ;
#9260 = AXIS2_PLACEMENT_3D ( 'NONE', #5320, #7582, #10407 ) ;
#9261 = DIRECTION ( 'NONE',  ( 0.000000000000000000, 0.000000000000000000, 1.000000000000000000 ) ) ;
#9262 = CIRCLE ( 'NONE', #7623, 44.99999999999999289 ) ;
#9263 = CARTESIAN_POINT ( 'NONE',  ( -20.56387910459097412, -10.00000000000000000, -46.67040685671987887 ) ) ;
#9264 = CARTESIAN_POINT ( 'NONE',  ( 1.138555527963307501, 10.00000000000000000, -50.98728950738353660 ) ) ;
#9265 = CIRCLE ( 'NONE', #6792, 50.99999999999998579 ) ;
#9266 = AXIS2_PLACEMENT_3D ( 'NONE', #10016, #9062, #1218 ) ;
#9267 = ORIENTED_EDGE ( 'NONE', *, *, #12414, .T. ) ;
#9268 = CARTESIAN_POINT ( 'NONE',  ( 37.08024765038217652, -10.00000000000000000, -28.14833299833755831 ) ) ;
#9269 = DIRECTION ( 'NONE',  ( 0.000000000000000000, 1.000000000000000000, 0.000000000000000000 ) ) ;
#9270 = EDGE_CURVE ( 'NONE', #5635, #12097, #1053, .T. ) ;
#9271 = CARTESIAN_POINT ( 'NONE',  ( 11.81567228768011191, 10.00000000000000000, 45.02958255179721192 ) ) ;
#9272 = CARTESIAN_POINT ( 'NONE',  ( 20.86000496748389921, -10.00000000000000000, 46.16528980983291319 ) ) ;
#9273 = DIRECTION ( 'NONE',  ( -0.9490135592383439622, 0.000000000000000000, -0.3152352524413633006 ) ) ;
#9274 = CIRCLE ( 'NONE', #1080, 50.99999999999999289 ) ;
#9275 = EDGE_CURVE ( 'NONE', #3341, #7001, #9259, .T. ) ;
#9276 = ORIENTED_EDGE ( 'NONE', *, *, #7120, .F. ) ;
#9277 = DIRECTION ( 'NONE',  ( 0.000000000000000000, 1.000000000000000000, 0.000000000000000000 ) ) ;
#9278 = AXIS2_PLACEMENT_3D ( 'NONE', #4442, #9407, #8265 ) ;
#9279 = AXIS2_PLACEMENT_3D ( 'NONE', #6865, #7765, #11470 ) ;
#9280 = PERSON_AND_ORGANIZATION ( #8145, #4988 ) ;
#9281 = FACE_OUTER_BOUND ( 'NONE', #8825, .T. ) ;
#9282 = DIRECTION ( 'NONE',  ( -0.9948960270893563163, -0.000000000000000000, 0.1009053778636932186 ) ) ;
#9283 = VERTEX_POINT ( 'NONE', #11602 ) ;
#9284 = EDGE_LOOP ( 'NONE', ( #10738, #10354, #4474, #5009 ) ) ;
#9285 = VERTEX_POINT ( 'NONE', #3764 ) ;
#9286 = DIRECTION ( 'NONE',  ( 0.000000000000000000, 1.000000000000000000, 0.000000000000000000 ) ) ;
#9287 = AXIS2_PLACEMENT_3D ( 'NONE', #2190, #5127, #12668 ) ;
#9288 = AXIS2_PLACEMENT_3D ( 'NONE', #10934, #5025, #8057 ) ;
#9289 = ORIENTED_EDGE ( 'NONE', *, *, #6879, .F. ) ;
#9290 = DIRECTION ( 'NONE',  ( -0.000000000000000000, -1.000000000000000000, -0.000000000000000000 ) ) ;
#9291 = EDGE_CURVE ( 'NONE', #1402, #1154, #6172, .T. ) ;
#9292 = DIRECTION ( 'NONE',  ( 0.000000000000000000, 1.000000000000000000, 0.000000000000000000 ) ) ;
#9293 = VECTOR ( 'NONE', #12637, 1000.000000000000000 ) ;
#9294 = ORIENTED_EDGE ( 'NONE', *, *, #652, .T. ) ;
#9295 = EDGE_CURVE ( 'NONE', #7344, #4769, #8962, .T. ) ;
#9296 = DIRECTION ( 'NONE',  ( 0.000000000000000000, 0.000000000000000000, 1.000000000000000000 ) ) ;
#9297 = EDGE_CURVE ( 'NONE', #1102, #7143, #9050, .T. ) ;
#9298 = DIRECTION ( 'NONE',  ( 0.000000000000000000, 1.000000000000000000, 0.000000000000000000 ) ) ;
#9299 = CIRCLE ( 'NONE', #3743, 0.5000000000000003331 ) ;
#9300 = VECTOR ( 'NONE', #927, 1000.000000000000114 ) ;
#9301 = CARTESIAN_POINT ( 'NONE',  ( -27.43945043190184663, 10.00000000000000000, -35.66618230193974881 ) ) ;
#9302 = ORIENTED_EDGE ( 'NONE', *, *, #5336, .F. ) ;
#9304 = ORIENTED_EDGE ( 'NONE', *, *, #5201, .F. ) ;
#9303 = DIRECTION ( 'NONE',  ( 0.000000000000000000, 1.000000000000000000, 0.000000000000000000 ) ) ;
#9305 = FACE_OUTER_BOUND ( 'NONE', #12058, .T. ) ;
#9306 = ORIENTED_EDGE ( 'NONE', *, *, #2755, .F. ) ;
#9307 = ORIENTED_EDGE ( 'NONE', *, *, #11390, .T. ) ;
#9308 = VECTOR ( 'NONE', #7172, 1000.000000000000114 ) ;
#9309 = DIRECTION ( 'NONE',  ( 0.000000000000000000, 0.000000000000000000, 1.000000000000000000 ) ) ;
#9310 = DIRECTION ( 'NONE',  ( 0.000000000000000000, 1.000000000000000000, -0.000000000000000000 ) ) ;
#9311 = ADVANCED_FACE ( 'NONE', ( #3030 ), #155, .T. ) ;
#9312 = CARTESIAN_POINT ( 'NONE',  ( 27.38034598923479024, 10.00000000000000000, 43.02692939903792535 ) ) ;
#9313 = VECTOR ( 'NONE', #8505, 1000.000000000000000 ) ;
#9314 = EDGE_CURVE ( 'NONE', #354, #5887, #1238, .T. ) ;
#9315 = ORIENTED_EDGE ( 'NONE', *, *, #3427, .F. ) ;
#9316 = CIRCLE ( 'NONE', #6432, 0.4999999999999990563 ) ;
#9318 = VERTEX_POINT ( 'NONE', #2200 ) ;
#9317 = CARTESIAN_POINT ( 'NONE',  ( 17.89353851188289113, 10.00000000000000000, 47.39404044806772731 ) ) ;
#9319 = EDGE_CURVE ( 'NONE', #11467, #11678, #3295, .T. ) ;
#9320 = DIRECTION ( 'NONE',  ( 0.000000000000000000, 1.000000000000000000, 0.000000000000000000 ) ) ;
#9321 = ORIENTED_EDGE ( 'NONE', *, *, #5450, .T. ) ;
#9322 = DIRECTION ( 'NONE',  ( 0.000000000000000000, 1.000000000000000000, 0.000000000000000000 ) ) ;
#9323 = CARTESIAN_POINT ( 'NONE',  ( 50.63394466786609627, -10.00000000000000000, 1.605440076985251707 ) ) ;
#9324 = VECTOR ( 'NONE', #7453, 1000.000000000000000 ) ;
#9325 = VECTOR ( 'NONE', #3206, 1000.000000000000000 ) ;
#9326 = EDGE_LOOP ( 'NONE', ( #5912, #9147, #10858, #5038 ) ) ;
#9327 = FACE_OUTER_BOUND ( 'NONE', #3353, .T. ) ;
#9328 = CYLINDRICAL_SURFACE ( 'NONE', #2863, 4.999999999999997335 ) ;
#9329 = DIRECTION ( 'NONE',  ( 0.000000000000000000, 0.000000000000000000, -1.000000000000000000 ) ) ;
#9330 = ORIENTED_EDGE ( 'NONE', *, *, #3064, .T. ) ;
#9331 = ADVANCED_FACE ( 'NONE', ( #11184 ), #12263, .T. ) ;
#9332 = AXIS2_PLACEMENT_3D ( 'NONE', #6349, #6163, #1476 ) ;
#9333 = AXIS2_PLACEMENT_3D ( 'NONE', #8338, #10002, #11206 ) ;
#9334 = FACE_OUTER_BOUND ( 'NONE', #8449, .T. ) ;
#9335 = LINE ( 'NONE', #6684, #2073 ) ;
#9336 = CARTESIAN_POINT ( 'NONE',  ( 29.27369463607591626, -20.23931917473915831, 41.76183427908524948 ) ) ;
#9337 = ORIENTED_EDGE ( 'NONE', *, *, #7544, .T. ) ;
#9338 = LINE ( 'NONE', #5213, #7825 ) ;
#9339 = DIRECTION ( 'NONE',  ( -0.000000000000000000, -1.000000000000000000, -0.000000000000000000 ) ) ;
#9340 = CARTESIAN_POINT ( 'NONE',  ( 41.35240453125157956, 10.00000000000000000, 29.48669762983915277 ) ) ;
#9341 = DIRECTION ( 'NONE',  ( 0.000000000000000000, 0.000000000000000000, 1.000000000000000000 ) ) ;
#9342 = ORIENTED_EDGE ( 'NONE', *, *, #9314, .T. ) ;
#9343 = DIRECTION ( 'NONE',  ( -0.3152352524413731261, 0.000000000000000000, -0.9490135592383408536 ) ) ;
#9344 = CIRCLE ( 'NONE', #10971, 0.4999999999999933387 ) ;
#9346 = VERTEX_POINT ( 'NONE', #9207 ) ;
#9345 = CIRCLE ( 'NONE', #3589, 5.000000000000000000 ) ;
#9347 = VERTEX_POINT ( 'NONE', #8429 ) ;
#9348 = EDGE_CURVE ( 'NONE', #3517, #8975, #9338, .T. ) ;
#9349 = DIRECTION ( 'NONE',  ( 0.000000000000000000, 0.000000000000000000, 1.000000000000000000 ) ) ;
#9350 = ADVANCED_FACE ( 'NONE', ( #3540 ), #225, .F. ) ;
#9351 = CARTESIAN_POINT ( 'NONE',  ( 1.138555527963307501, -18.55636363116340704, -50.98728950738353660 ) ) ;
#9352 = VECTOR ( 'NONE', #11645, 1000.000000000000000 ) ;
#9353 = CARTESIAN_POINT ( 'NONE',  ( 11.45278456627722186, 10.00000000000000000, -49.34782179739809038 ) ) ;
#9354 = EDGE_LOOP ( 'NONE', ( #9425, #1642 ) ) ;
#9355 = ORIENTED_EDGE ( 'NONE', *, *, #10878, .F. ) ;
#9356 = VERTEX_POINT ( 'NONE', #531 ) ;
#9357 = DIRECTION ( 'NONE',  ( 0.000000000000000000, 1.000000000000000000, 0.000000000000000000 ) ) ;
#9358 = VERTEX_POINT ( 'NONE', #4484 ) ;
#9359 = DIRECTION ( 'NONE',  ( 0.000000000000000000, 1.000000000000000000, 0.000000000000000000 ) ) ;
#9360 = DIRECTION ( 'NONE',  ( 0.000000000000000000, 1.000000000000000000, 0.000000000000000000 ) ) ;
#9361 = ORIENTED_EDGE ( 'NONE', *, *, #5739, .T. ) ;
#9362 = VECTOR ( 'NONE', #1169, 1000.000000000000114 ) ;
#9363 = CARTESIAN_POINT ( 'NONE',  ( -30.87629374033890173, 10.00000000000000000, -34.84146812720842945 ) ) ;
#9364 = ADVANCED_FACE ( 'NONE', ( #6367 ), #7394, .T. ) ;
#9365 = DIRECTION ( 'NONE',  ( -0.6139406135149220178, 0.000000000000000000, -0.7893522173763251049 ) ) ;
#9366 = EDGE_CURVE ( 'NONE', #687, #6992, #1558, .T. ) ;
#9367 = EDGE_CURVE ( 'NONE', #4438, #4423, #10469, .T. ) ;
#9368 = CARTESIAN_POINT ( 'NONE',  ( 0.000000000000000000, -10.00000000000000000, 0.000000000000000000 ) ) ;
#9369 = ORIENTED_EDGE ( 'NONE', *, *, #2687, .F. ) ;
#9370 = EDGE_CURVE ( 'NONE', #9631, #9559, #8252, .T. ) ;
#9372 = ORIENTED_EDGE ( 'NONE', *, *, #6455, .T. ) ;
#9371 = CARTESIAN_POINT ( 'NONE',  ( 45.84930138799940380, -18.55636363116342480, 2.157587686025125961 ) ) ;
#9373 = AXIS2_PLACEMENT_3D ( 'NONE', #12100, #11204, #9168 ) ;
#9374 = EDGE_CURVE ( 'NONE', #6133, #9880, #9149, .T. ) ;
#9375 = DIRECTION ( 'NONE',  ( 0.000000000000000000, 0.000000000000000000, 1.000000000000000000 ) ) ;
#9376 = ORIENTED_EDGE ( 'NONE', *, *, #5922, .T. ) ;
#9377 = EDGE_LOOP ( 'NONE', ( #9662, #5701, #2703, #3177 ) ) ;
#9378 = DIRECTION ( 'NONE',  ( 1.000000000000000000, 0.000000000000000000, -1.040834085586083310E-14 ) ) ;
#9379 = CARTESIAN_POINT ( 'NONE',  ( 0.000000000000000000, 10.00000000000000000, 0.000000000000000000 ) ) ;
#9380 = CARTESIAN_POINT ( 'NONE',  ( 8.830448225977232113, 10.00000000000000000, 50.22970420108339340 ) ) ;
#9381 = EDGE_CURVE ( 'NONE', #9285, #2239, #832, .T. ) ;
#9383 = EDGE_LOOP ( 'NONE', ( #11406, #407, #7205, #9052 ) ) ;
#9382 = DIRECTION ( 'NONE',  ( 0.000000000000000000, 0.000000000000000000, 1.000000000000000000 ) ) ;
#9384 = DIRECTION ( 'NONE',  ( 0.000000000000000000, 1.000000000000000000, 0.000000000000000000 ) ) ;
#9385 = FACE_BOUND ( 'NONE', #8002, .T. ) ;
#9386 = DIRECTION ( 'NONE',  ( 0.000000000000000000, 0.000000000000000000, 1.000000000000000000 ) ) ;
#9387 = ORIENTED_EDGE ( 'NONE', *, *, #5766, .T. ) ;
#9388 = LINE ( 'NONE', #3525, #6968 ) ;
#9389 = FACE_OUTER_BOUND ( 'NONE', #12075, .T. ) ;
#9390 = CARTESIAN_POINT ( 'NONE',  ( 49.97423344059152583, -19.06525438257988725, 8.303600574123219502 ) ) ;
#9391 = ADVANCED_FACE ( 'NONE', ( #12148 ), #11123, .T. ) ;
#9392 = ORIENTED_EDGE ( 'NONE', *, *, #2519, .T. ) ;
#9393 = DIRECTION ( 'NONE',  ( -0.9577788927496243554, 0.000000000000000000, 0.2875058131643667414 ) ) ;
#9394 = ORIENTED_EDGE ( 'NONE', *, *, #9984, .T. ) ;
#9395 = LINE ( 'NONE', #5583, #1459 ) ;
#9396 = CARTESIAN_POINT ( 'NONE',  ( 45.84930138799936117, -10.00000000000000000, -2.157587686026086082 ) ) ;
#9397 = ORIENTED_EDGE ( 'NONE', *, *, #4906, .T. ) ;
#9398 = CARTESIAN_POINT ( 'NONE',  ( 0.000000000000000000, -5.999999999999993783, 0.000000000000000000 ) ) ;
#9399 = CARTESIAN_POINT ( 'NONE',  ( 46.46947506094539193, -10.00000000000000000, -2.803801697543220506 ) ) ;
#9400 = EDGE_CURVE ( 'NONE', #6523, #5471, #4432, .T. ) ;
#9401 = CARTESIAN_POINT ( 'NONE',  ( -49.97423344059146899, -10.00000000000000000, -8.303600574123578326 ) ) ;
#9402 = CARTESIAN_POINT ( 'NONE',  ( -23.67853845910812183, 10.00000000000000000, 39.32099234290799927 ) ) ;
#9403 = CARTESIAN_POINT ( 'NONE',  ( -46.67040685671981493, -19.69863090235029190, 20.56387910459114110 ) ) ;
#9404 = ORIENTED_EDGE ( 'NONE', *, *, #3965, .F. ) ;
#9405 = PLANE ( 'NONE',  #7090 ) ;
#9406 = CARTESIAN_POINT ( 'NONE',  ( 30.89470704032714821, -10.00000000000000000, 33.94599680791318264 ) ) ;
#9407 = DIRECTION ( 'NONE',  ( 0.000000000000000000, 1.000000000000000000, 0.000000000000000000 ) ) ;
#9408 = ORIENTED_EDGE ( 'NONE', *, *, #4123, .F. ) ;
#9409 = ORIENTED_EDGE ( 'NONE', *, *, #3536, .F. ) ;
#9410 = ORIENTED_EDGE ( 'NONE', *, *, #6685, .T. ) ;
#9411 = LINE ( 'NONE', #3431, #4766 ) ;
#9412 = EDGE_CURVE ( 'NONE', #1820, #4081, #11304, .T. ) ;
#9413 = EDGE_LOOP ( 'NONE', ( #8300, #12671, #11035, #1995 ) ) ;
#9414 = CARTESIAN_POINT ( 'NONE',  ( 1.469576158976824144E-15, -5.000000000000000000, 12.00000000000000178 ) ) ;
#9415 = CARTESIAN_POINT ( 'NONE',  ( 22.51666049839541017, -10.00000000000000178, 12.99999999999999645 ) ) ;
#9416 = CARTESIAN_POINT ( 'NONE',  ( 22.45063275808686498, -20.23931917473915831, 38.99960370005721444 ) ) ;
#9417 = CARTESIAN_POINT ( 'NONE',  ( 38.99960370005712917, -20.23931917473915831, -22.45063275808699643 ) ) ;
#9418 = DIRECTION ( 'NONE',  ( 0.000000000000000000, 0.000000000000000000, 1.000000000000000000 ) ) ;
#9419 = ORIENTED_EDGE ( 'NONE', *, *, #810, .T. ) ;
#9420 = CARTESIAN_POINT ( 'NONE',  ( -46.46947506094541325, -10.00000000000000000, 2.803801697542896321 ) ) ;
#9422 = ORIENTED_EDGE ( 'NONE', *, *, #1828, .F. ) ;
#9421 = DIRECTION ( 'NONE',  ( 0.000000000000000000, 1.000000000000000000, 0.000000000000000000 ) ) ;
#9423 = CYLINDRICAL_SURFACE ( 'NONE', #2869, 0.4999999999999970024 ) ;
#9424 = ORIENTED_EDGE ( 'NONE', *, *, #252, .T. ) ;
#9425 = ORIENTED_EDGE ( 'NONE', *, *, #7127, .F. ) ;
#9426 = CYLINDRICAL_SURFACE ( 'NONE', #7885, 5.000000000000000888 ) ;
#9427 = FACE_OUTER_BOUND ( 'NONE', #3490, .T. ) ;
#9428 = ADVANCED_FACE ( 'NONE', ( #11371 ), #2505, .T. ) ;
#9429 = DIRECTION ( 'NONE',  ( 0.9238795325112876267, 0.000000000000000000, 0.3826834323650875613 ) ) ;
#9430 = ORIENTED_EDGE ( 'NONE', *, *, #6155, .F. ) ;
#9431 = EDGE_CURVE ( 'NONE', #100, #3369, #4723, .T. ) ;
#9432 = DIRECTION ( 'NONE',  ( 0.9490135592383452945, -0.000000000000000000, 0.3152352524413598589 ) ) ;
#9433 = EDGE_CURVE ( 'NONE', #10172, #7137, #3283, .T. ) ;
#9434 = AXIS2_PLACEMENT_3D ( 'NONE', #3036, #6964, #1376 ) ;
#9436 = ORIENTED_EDGE ( 'NONE', *, *, #9021, .T. ) ;
#9435 = DIRECTION ( 'NONE',  ( 0.000000000000000000, 1.000000000000000000, 0.000000000000000000 ) ) ;
#9437 = VECTOR ( 'NONE', #6352, 1000.000000000000114 ) ;
#9438 = CARTESIAN_POINT ( 'NONE',  ( 44.71672993605658064, -10.00000000000000000, 15.68329018125474228 ) ) ;
#9439 = DIRECTION ( 'NONE',  ( 0.000000000000000000, 1.000000000000000000, 0.000000000000000000 ) ) ;
#9440 = DIRECTION ( 'NONE',  ( 0.000000000000000000, 0.000000000000000000, 1.000000000000000000 ) ) ;
#9441 = ORIENTED_EDGE ( 'NONE', *, *, #12324, .T. ) ;
#9442 = CARTESIAN_POINT ( 'NONE',  ( -49.34782179739789143, -19.06525438257993699, 11.45278456627809405 ) ) ;
#9443 = DIRECTION ( 'NONE',  ( -0.8692791828944257393, 0.000000000000000000, -0.4943214563281667084 ) ) ;
#9444 = ADVANCED_FACE ( 'NONE', ( #1423 ), #5269, .T. ) ;
#9445 = CARTESIAN_POINT ( 'NONE',  ( -8.303600574123754186, -19.06525438257992988, -49.97423344059144767 ) ) ;
#9446 = CIRCLE ( 'NONE', #6357, 44.99999999999999289 ) ;
#9447 = ORIENTED_EDGE ( 'NONE', *, *, #4468, .F. ) ;
#9448 = AXIS2_PLACEMENT_3D ( 'NONE', #3201, #4218, #7126 ) ;
#9449 = CARTESIAN_POINT ( 'NONE',  ( -17.89353851188223032, 10.00000000000000000, 47.39404044806797600 ) ) ;
#9450 = CARTESIAN_POINT ( 'NONE',  ( -2.622880895175929705, -10.00000000000000000, -47.31460686609772637 ) ) ;
#9451 = CARTESIAN_POINT ( 'NONE',  ( 0.000000000000000000, 10.00000000000000000, 0.000000000000000000 ) ) ;
#9452 = ORIENTED_EDGE ( 'NONE', *, *, #5428, .F. ) ;
#9453 = AXIS2_PLACEMENT_3D ( 'NONE', #7696, #11336, #803 ) ;
#9454 = CARTESIAN_POINT ( 'NONE',  ( 28.14833299833665237, 10.00000000000000000, -37.08024765038285864 ) ) ;
#9455 = CARTESIAN_POINT ( 'NONE',  ( -43.02692939903820957, -10.00000000000000000, -27.38034598923433194 ) ) ;
#9456 = AXIS2_PLACEMENT_3D ( 'NONE', #4367, #4183, #5264 ) ;
#9457 = VECTOR ( 'NONE', #10034, 1000.000000000000000 ) ;
#9458 = AXIS2_PLACEMENT_3D ( 'NONE', #5209, #9145, #8180 ) ;
#9459 = CARTESIAN_POINT ( 'NONE',  ( 42.63013842481644389, -19.69863090235031322, -14.41080490052472740 ) ) ;
#9460 = CYLINDRICAL_SURFACE ( 'NONE', #1891, 0.5000000000000004441 ) ;
#9461 = CARTESIAN_POINT ( 'NONE',  ( -27.26647565272504892, -20.23931917473912634, 36.92360935593707438 ) ) ;
#9462 = CC_DESIGN_PERSON_AND_ORGANIZATION_ASSIGNMENT ( #2153, #6074, ( #1065 ) ) ;
#9463 = VERTEX_POINT ( 'NONE', #775 ) ;
#9464 = DIRECTION ( 'NONE',  ( -0.000000000000000000, -1.000000000000000000, -0.000000000000000000 ) ) ;
#9465 = AXIS2_PLACEMENT_3D ( 'NONE', #5629, #11662, #8607 ) ;
#9466 = AXIS2_PLACEMENT_3D ( 'NONE', #3629, #9800, #12561 ) ;
#9467 = AXIS2_PLACEMENT_3D ( 'NONE', #696, #12377, #3452 ) ;
#9468 = CARTESIAN_POINT ( 'NONE',  ( 0.000000000000000000, -8.999999999999992895, 0.000000000000000000 ) ) ;
#9469 = CARTESIAN_POINT ( 'NONE',  ( 4.898587196589413026E-15, -5.000000000000000000, 40.00000000000000000 ) ) ;
#9470 = VERTEX_POINT ( 'NONE', #2766 ) ;
#9471 = ORIENTED_EDGE ( 'NONE', *, *, #3961, .T. ) ;
#9472 = DIRECTION ( 'NONE',  ( 0.000000000000000000, 1.000000000000000000, 0.000000000000000000 ) ) ;
#9473 = EDGE_CURVE ( 'NONE', #10976, #9692, #2626, .T. ) ;
#9474 = VERTEX_POINT ( 'NONE', #6549 ) ;
#9475 = LINE ( 'NONE', #12680, #8257 ) ;
#9476 = ORIENTED_EDGE ( 'NONE', *, *, #8340, .F. ) ;
#9477 = AXIS2_PLACEMENT_3D ( 'NONE', #4573, #10557, #12480 ) ;
#9478 = DIRECTION ( 'NONE',  ( 0.000000000000000000, -0.000000000000000000, 1.000000000000000000 ) ) ;
#9479 = CIRCLE ( 'NONE', #11914, 0.5000000000000004441 ) ;
#9480 = ORIENTED_EDGE ( 'NONE', *, *, #8821, .T. ) ;
#9481 = CARTESIAN_POINT ( 'NONE',  ( 43.02692939903782587, -10.00000000000000000, -27.38034598923493590 ) ) ;
#9482 = LINE ( 'NONE', #9417, #3138 ) ;
#9483 = ORIENTED_EDGE ( 'NONE', *, *, #9137, .T. ) ;
#9484 = VECTOR ( 'NONE', #3860, 1000.000000000000000 ) ;
#9485 = CARTESIAN_POINT ( 'NONE',  ( -15.19272321494612932, -19.69863090235025282, 44.00516535263795959 ) ) ;
#9486 = VECTOR ( 'NONE', #11182, 1000.000000000000000 ) ;
#9487 = CARTESIAN_POINT ( 'NONE',  ( 42.99252106000881923, 10.00000000000000000, -26.79583779944218236 ) ) ;
#9488 = VERTEX_POINT ( 'NONE', #9523 ) ;
#9489 = DIRECTION ( 'NONE',  ( 0.000000000000000000, 0.000000000000000000, 1.000000000000000000 ) ) ;
#9491 = VERTEX_POINT ( 'NONE', #6819 ) ;
#9490 = CYLINDRICAL_SURFACE ( 'NONE', #10924, 0.4999999999999970024 ) ;
#9492 = CARTESIAN_POINT ( 'NONE',  ( 35.31113623141643387, -20.42202547882114416, -31.60182249697016843 ) ) ;
#9493 = ORIENTED_EDGE ( 'NONE', *, *, #3965, .T. ) ;
#9494 = EDGE_LOOP ( 'NONE', ( #6005, #7601, #2779, #6309 ) ) ;
#9495 = CARTESIAN_POINT ( 'NONE',  ( 41.76183427908575396, -10.00000000000000000, 29.27369463607518085 ) ) ;
#9496 = DIRECTION ( 'NONE',  ( -0.3826834323650836756, 0.000000000000000000, 0.9238795325112892920 ) ) ;
#9497 = CARTESIAN_POINT ( 'NONE',  ( -43.18490419363092769, 10.00000000000000000, -15.55241692398351994 ) ) ;
#9498 = VERTEX_POINT ( 'NONE', #8571 ) ;
#9499 = DIRECTION ( 'NONE',  ( 0.000000000000000000, -1.000000000000000000, 0.000000000000000000 ) ) ;
#9500 = ADVANCED_FACE ( 'NONE', ( #12466 ), #3603, .T. ) ;
#9501 = CIRCLE ( 'NONE', #3957, 5.000000000000004441 ) ;
#9502 = EDGE_CURVE ( 'NONE', #11235, #8147, #4623, .T. ) ;
#9503 = AXIS2_PLACEMENT_3D ( 'NONE', #11412, #1654, #10443 ) ;
#9505 = ORIENTED_EDGE ( 'NONE', *, *, #7468, .T. ) ;
#9504 = DIRECTION ( 'NONE',  ( -0.8939589078457564897, 0.000000000000000000, 0.4481489385050716479 ) ) ;
#9506 = CYLINDRICAL_SURFACE ( 'NONE', #8483, 5.000000000000000000 ) ;
#9507 = CARTESIAN_POINT ( 'NONE',  ( -44.89988864128728352, 10.00000000000000000, 3.000000000000158984 ) ) ;
#9508 = AXIS2_PLACEMENT_3D ( 'NONE', #11092, #9119, #2294 ) ;
#9509 = CARTESIAN_POINT ( 'NONE',  ( -46.21285384832059862, -19.69863090235029190, 20.36227244670300252 ) ) ;
#9510 = ORIENTED_EDGE ( 'NONE', *, *, #1450, .F. ) ;
#9511 = DIRECTION ( 'NONE',  ( 0.000000000000000000, 1.000000000000000000, 0.000000000000000000 ) ) ;
#9512 = LINE ( 'NONE', #2563, #12301 ) ;
#9513 = DIRECTION ( 'NONE',  ( 0.000000000000000000, 1.000000000000000000, 0.000000000000000000 ) ) ;
#9514 = ORIENTED_EDGE ( 'NONE', *, *, #10840, .T. ) ;
#9515 = CIRCLE ( 'NONE', #3973, 5.000000000000000888 ) ;
#9516 = FACE_OUTER_BOUND ( 'NONE', #6234, .T. ) ;
#9517 = DIRECTION ( 'NONE',  ( 0.000000000000000000, 0.000000000000000000, -1.000000000000000000 ) ) ;
#9518 = EDGE_CURVE ( 'NONE', #5615, #3663, #9712, .T. ) ;
#9519 = CARTESIAN_POINT ( 'NONE',  ( -20.37347321810671019, 10.00000000000000000, -41.85922843806442017 ) ) ;
#9520 = VERTEX_POINT ( 'NONE', #11631 ) ;
#9521 = CIRCLE ( 'NONE', #10333, 0.4999999999999970024 ) ;
#9522 = EDGE_CURVE ( 'NONE', #11341, #3798, #5509, .T. ) ;
#9523 = CARTESIAN_POINT ( 'NONE',  ( -34.90280549874141514, 10.00000000000000000, 36.99718027898902051 ) ) ;
#9524 = LINE ( 'NONE', #718, #1301 ) ;
#9525 = EDGE_CURVE ( 'NONE', #2565, #12036, #2350, .T. ) ;
#9526 = FACE_OUTER_BOUND ( 'NONE', #2744, .T. ) ;
#9527 = CARTESIAN_POINT ( 'NONE',  ( -19.53911912941856599, -19.69863090235027414, -41.53355807099702446 ) ) ;
#9528 = EDGE_LOOP ( 'NONE', ( #5546, #4409, #10508, #5673 ) ) ;
#9529 = CARTESIAN_POINT ( 'NONE',  ( -15.68329018125524321, 10.00000000000000000, -44.71672993605642432 ) ) ;
#9530 = ORIENTED_EDGE ( 'NONE', *, *, #482, .F. ) ;
#9531 = FACE_OUTER_BOUND ( 'NONE', #7511, .T. ) ;
#9532 = VECTOR ( 'NONE', #10142, 1000.000000000000000 ) ;
#9533 = AXIS2_PLACEMENT_3D ( 'NONE', #7632, #620, #4526 ) ;
#9534 = ADVANCED_FACE ( 'NONE', ( #11492 ), #12529, .T. ) ;
#9535 = DIRECTION ( 'NONE',  ( 0.7071067811865441310, 0.000000000000000000, -0.7071067811865510144 ) ) ;
#9536 = EDGE_CURVE ( 'NONE', #4737, #10172, #7287, .T. ) ;
#9537 = FACE_OUTER_BOUND ( 'NONE', #7813, .T. ) ;
#9538 = VERTEX_POINT ( 'NONE', #10602 ) ;
#9539 = ORIENTED_EDGE ( 'NONE', *, *, #12258, .T. ) ;
#9540 = DIRECTION ( 'NONE',  ( 0.000000000000000000, 0.000000000000000000, 1.000000000000000000 ) ) ;
#9541 = ORIENTED_EDGE ( 'NONE', *, *, #6358, .T. ) ;
#9542 = CIRCLE ( 'NONE', #12611, 5.000000000000004441 ) ;
#9543 = VECTOR ( 'NONE', #8207, 1000.000000000000000 ) ;
#9544 = CARTESIAN_POINT ( 'NONE',  ( 1.102182119232618700E-15, 10.00000000000000000, -9.000000000000007105 ) ) ;
#9545 = VERTEX_POINT ( 'NONE', #10540 ) ;
#9546 = CARTESIAN_POINT ( 'NONE',  ( 0.000000000000000000, -10.00000000000000000, 0.000000000000000000 ) ) ;
#9547 = ORIENTED_EDGE ( 'NONE', *, *, #12512, .F. ) ;
#9548 = DIRECTION ( 'NONE',  ( 0.9577788927496221350, 0.000000000000000000, -0.2875058131643737358 ) ) ;
#9549 = CARTESIAN_POINT ( 'NONE',  ( 49.78546187191614081, 10.00000000000000000, -11.06380523147367967 ) ) ;
#9550 = EDGE_CURVE ( 'NONE', #11199, #4553, #5714, .T. ) ;
#9551 = ORIENTED_EDGE ( 'NONE', *, *, #11622, .F. ) ;
#9552 = CARTESIAN_POINT ( 'NONE',  ( -50.98728950738354371, 10.00000000000000000, -1.138555527963129421 ) ) ;
#9553 = PLANE ( 'NONE',  #1023 ) ;
#9554 = VERTEX_POINT ( 'NONE', #2824 ) ;
#9555 = CARTESIAN_POINT ( 'NONE',  ( 47.39404044806767047, -19.69863090235031322, -17.89353851188303679 ) ) ;
#9557 = EDGE_LOOP ( 'NONE', ( #4311, #5074, #8789, #11450 ) ) ;
#9556 = DIRECTION ( 'NONE',  ( 0.000000000000000000, 1.000000000000000000, 0.000000000000000000 ) ) ;
#9558 = CARTESIAN_POINT ( 'NONE',  ( -46.16528980983313346, 10.00000000000000000, -20.86000496748341604 ) ) ;
#9559 = VERTEX_POINT ( 'NONE', #4683 ) ;
#9560 = EDGE_LOOP ( 'NONE', ( #2052, #9342, #2965, #2973 ) ) ;
#9561 = CARTESIAN_POINT ( 'NONE',  ( 37.08024765038217652, 10.00000000000000000, -28.14833299833755831 ) ) ;
#9562 = VECTOR ( 'NONE', #6108, 1000.000000000000000 ) ;
#9563 = EDGE_CURVE ( 'NONE', #1099, #8383, #5654, .T. ) ;
#9564 = DIRECTION ( 'NONE',  ( 0.000000000000000000, 1.000000000000000000, 0.000000000000000000 ) ) ;
#9565 = ORIENTED_EDGE ( 'NONE', *, *, #10473, .T. ) ;
#9566 = FACE_OUTER_BOUND ( 'NONE', #12434, .T. ) ;
#9568 = ORIENTED_EDGE ( 'NONE', *, *, #5895, .F. ) ;
#9567 = DIRECTION ( 'NONE',  ( 0.000000000000000000, 1.000000000000000000, 0.000000000000000000 ) ) ;
#9569 = CARTESIAN_POINT ( 'NONE',  ( 0.000000000000000000, 10.00000000000000000, 0.000000000000000000 ) ) ;
#9570 = VERTEX_POINT ( 'NONE', #4826 ) ;
#9571 = DIRECTION ( 'NONE',  ( -0.9974095118627303025, 0.000000000000000000, 0.07193236855373308369 ) ) ;
#9572 = EDGE_CURVE ( 'NONE', #2786, #9488, #6742, .T. ) ;
#9573 = CARTESIAN_POINT ( 'NONE',  ( -22.45063275808632497, -20.23931917473912634, 38.99960370005751997 ) ) ;
#9574 = LINE ( 'NONE', #2680, #4285 ) ;
#9575 = CARTESIAN_POINT ( 'NONE',  ( -45.38924439456593518, -19.06525438257993699, 6.828624728366314400 ) ) ;
#9576 = CARTESIAN_POINT ( 'NONE',  ( 33.87033607633497212, -20.42202547882114061, 29.62769538921514112 ) ) ;
#9577 = ORIENTED_EDGE ( 'NONE', *, *, #11061, .T. ) ;
#9578 = EDGE_LOOP ( 'NONE', ( #3398, #260, #3554, #8525 ) ) ;
#9579 = CARTESIAN_POINT ( 'NONE',  ( -11.81567228767980993, -10.00000000000000000, -45.02958255179730429 ) ) ;
#9580 = LINE ( 'NONE', #6617, #4332 ) ;
#9581 = CARTESIAN_POINT ( 'NONE',  ( -36.92360935593698201, 10.00000000000000000, -27.26647565272516616 ) ) ;
#9582 = ORIENTED_EDGE ( 'NONE', *, *, #2402, .T. ) ;
#9583 = CARTESIAN_POINT ( 'NONE',  ( -34.90280549874141514, -20.42202547882114061, 36.99718027898902051 ) ) ;
#9584 = CARTESIAN_POINT ( 'NONE',  ( 49.34782179739782038, -10.00000000000000000, -11.45278456627842623 ) ) ;
#9585 = LINE ( 'NONE', #4828, #6813 ) ;
#9586 = EDGE_CURVE ( 'NONE', #10419, #957, #12603, .T. ) ;
#9587 = DIRECTION ( 'NONE',  ( 0.3826834323650896152, 0.000000000000000000, 0.9238795325112868495 ) ) ;
#9588 = ADVANCED_FACE ( 'NONE', ( #10659 ), #12398, .T. ) ;
#9589 = EDGE_CURVE ( 'NONE', #7588, #3299, #1334, .T. ) ;
#9590 = DIRECTION ( 'NONE',  ( 0.6366343730118806388, 0.000000000000000000, 0.7711657896326636896 ) ) ;
#9591 = EDGE_CURVE ( 'NONE', #8266, #5829, #11985, .T. ) ;
#9592 = FACE_OUTER_BOUND ( 'NONE', #925, .T. ) ;
#9593 = DIRECTION ( 'NONE',  ( -0.000000000000000000, -1.000000000000000000, -0.000000000000000000 ) ) ;
#9594 = ORIENTED_EDGE ( 'NONE', *, *, #12015, .F. ) ;
#9595 = ORIENTED_EDGE ( 'NONE', *, *, #4312, .T. ) ;
#9596 = DIRECTION ( 'NONE',  ( 0.000000000000000000, 1.000000000000000000, 0.000000000000000000 ) ) ;
#9597 = ORIENTED_EDGE ( 'NONE', *, *, #3530, .T. ) ;
#9598 = DIRECTION ( 'NONE',  ( 0.000000000000000000, 1.000000000000000000, 0.000000000000000000 ) ) ;
#9599 = ORIENTED_EDGE ( 'NONE', *, *, #5982, .T. ) ;
#9600 = DIRECTION ( 'NONE',  ( 0.000000000000000000, 0.000000000000000000, 1.000000000000000000 ) ) ;
#9601 = ORIENTED_EDGE ( 'NONE', *, *, #9572, .T. ) ;
#9602 = EDGE_CURVE ( 'NONE', #12441, #7558, #6874, .T. ) ;
#9603 = CARTESIAN_POINT ( 'NONE',  ( -46.91716864078411220, -10.00000000000000000, -6.658138915333978503 ) ) ;
#9604 = DIRECTION ( 'NONE',  ( 0.000000000000000000, 1.000000000000000000, 0.000000000000000000 ) ) ;
#9605 = VERTEX_POINT ( 'NONE', #2187 ) ;
#9606 = DIRECTION ( 'NONE',  ( 0.000000000000000000, 0.000000000000000000, -1.000000000000000000 ) ) ;
#9607 = DIRECTION ( 'NONE',  ( 0.000000000000000000, 1.000000000000000000, 0.000000000000000000 ) ) ;
#9608 = ORIENTED_EDGE ( 'NONE', *, *, #3442, .T. ) ;
#9609 = ORIENTED_EDGE ( 'NONE', *, *, #12215, .T. ) ;
#9610 = DIRECTION ( 'NONE',  ( 0.7711657896326616912, 0.000000000000000000, -0.6366343730118829702 ) ) ;
#9612 = VERTEX_POINT ( 'NONE', #10732 ) ;
#9611 = DIRECTION ( 'NONE',  ( 0.4739546398215275236, -0.000000000000000000, 0.8805492600596777075 ) ) ;
#9613 = CARTESIAN_POINT ( 'NONE',  ( -27.38034598923448115, -20.23931917473913700, -43.02692939903812430 ) ) ;
#9614 = EDGE_LOOP ( 'NONE', ( #2719, #6700, #1852, #9221 ) ) ;
#9615 = EDGE_LOOP ( 'NONE', ( #6637, #9023, #11512, #1014 ) ) ;
#9616 = DIRECTION ( 'NONE',  ( -0.3826834323650777359, 0.000000000000000000, 0.9238795325112917345 ) ) ;
#9617 = EDGE_CURVE ( 'NONE', #4514, #10458, #2961, .T. ) ;
#9618 = CARTESIAN_POINT ( 'NONE',  ( 22.51666049839540307, 5.000000000000000000, -13.00000000000000533 ) ) ;
#9619 = ORIENTED_EDGE ( 'NONE', *, *, #1948, .T. ) ;
#9620 = CARTESIAN_POINT ( 'NONE',  ( -6.315817419440468150, -19.06525438257990857, 46.12357170388329308 ) ) ;
#9622 = ORIENTED_EDGE ( 'NONE', *, *, #1148, .T. ) ;
#9621 = DIRECTION ( 'NONE',  ( 0.5555702330195980698, 0.000000000000000000, -0.8314696123025480112 ) ) ;
#9623 = DIRECTION ( 'NONE',  ( -0.4943214563281635443, 0.000000000000000000, 0.8692791828944275156 ) ) ;
#9624 = EDGE_LOOP ( 'NONE', ( #704, #8438, #2927, #9027 ) ) ;
#9625 = DIRECTION ( 'NONE',  ( 0.000000000000000000, 1.000000000000000000, 0.000000000000000000 ) ) ;
#9626 = EDGE_CURVE ( 'NONE', #2272, #9283, #2760, .T. ) ;
#9627 = LINE ( 'NONE', #12653, #2787 ) ;
#9628 = DIRECTION ( 'NONE',  ( 0.000000000000000000, 1.000000000000000000, 0.000000000000000000 ) ) ;
#9629 = DIRECTION ( 'NONE',  ( -0.000000000000000000, 1.000000000000000000, -0.000000000000000000 ) ) ;
#9630 = DIRECTION ( 'NONE',  ( 0.000000000000000000, 0.000000000000000000, 1.000000000000000000 ) ) ;
#9631 = VERTEX_POINT ( 'NONE', #1944 ) ;
#9632 = VECTOR ( 'NONE', #9273, 1000.000000000000114 ) ;
#9633 = CIRCLE ( 'NONE', #201, 40.00000000000000000 ) ;
#9634 = ORIENTED_EDGE ( 'NONE', *, *, #12415, .T. ) ;
#9635 = ADVANCED_FACE ( 'NONE', ( #8947 ), #9968, .T. ) ;
#9636 = CARTESIAN_POINT ( 'NONE',  ( -42.99252106000900397, -20.23931917473914410, 26.79583779944188393 ) ) ;
#9637 = DIRECTION ( 'NONE',  ( 0.000000000000000000, 1.000000000000000000, 0.000000000000000000 ) ) ;
#9638 = CYLINDRICAL_SURFACE ( 'NONE', #12153, 4.999999999999997335 ) ;
#9639 = ORIENTED_EDGE ( 'NONE', *, *, #10911, .T. ) ;
#9640 = DIRECTION ( 'NONE',  ( 8.659560562354932858E-17, 0.7071067811865474617, -0.7071067811865474617 ) ) ;
#9641 = DIRECTION ( 'NONE',  ( 0.000000000000000000, 0.000000000000000000, 1.000000000000000000 ) ) ;
#9642 = CARTESIAN_POINT ( 'NONE',  ( -11.06088521563251881, -10.00000000000000000, -44.54739544167643572 ) ) ;
#9643 = VECTOR ( 'NONE', #8047, 1000.000000000000000 ) ;
#9644 = CARTESIAN_POINT ( 'NONE',  ( 46.67040685671967992, 10.00000000000000000, -20.56387910459143953 ) ) ;
#9645 = ORIENTED_EDGE ( 'NONE', *, *, #10524, .F. ) ;
#9646 = CARTESIAN_POINT ( 'NONE',  ( 47.07572326156173403, -19.69863090235031322, -18.27912140669936392 ) ) ;
#9647 = EDGE_CURVE ( 'NONE', #5884, #3839, #9948, .T. ) ;
#9648 = CARTESIAN_POINT ( 'NONE',  ( 20.52974213179138019, 10.00000000000000000, 42.70926380875477690 ) ) ;
#9649 = CIRCLE ( 'NONE', #222, 5.000000000000003553 ) ;
#9650 = CIRCLE ( 'NONE', #3909, 5.000000000000005329 ) ;
#9651 = ADVANCED_FACE ( 'NONE', ( #4884 ), #4946, .T. ) ;
#9652 = FACE_OUTER_BOUND ( 'NONE', #2803, .T. ) ;
#9653 = AXIS2_PLACEMENT_3D ( 'NONE', #6901, #11052, #10806 ) ;
#9654 = EDGE_LOOP ( 'NONE', ( #335, #12634, #6671, #11867 ) ) ;
#9655 = VERTEX_POINT ( 'NONE', #5980 ) ;
#9656 = FACE_OUTER_BOUND ( 'NONE', #5142, .T. ) ;
#9657 = ORIENTED_EDGE ( 'NONE', *, *, #8752, .F. ) ;
#9658 = DIRECTION ( 'NONE',  ( 0.000000000000000000, 1.000000000000000000, 0.000000000000000000 ) ) ;
#9659 = VERTEX_POINT ( 'NONE', #9779 ) ;
#9660 = ADVANCED_FACE ( 'NONE', ( #8883 ), #1033, .T. ) ;
#9661 = CARTESIAN_POINT ( 'NONE',  ( -28.98669762983958620, 10.00000000000000000, -41.35240453125129534 ) ) ;
#9662 = ORIENTED_EDGE ( 'NONE', *, *, #7110, .F. ) ;
#9663 = DIRECTION ( 'NONE',  ( 0.000000000000000000, 0.000000000000000000, 1.000000000000000000 ) ) ;
#9664 = AXIS2_PLACEMENT_3D ( 'NONE', #9895, #7971, #10653 ) ;
#9665 = CARTESIAN_POINT ( 'NONE',  ( -8.743875204153233938, -19.06525438257990857, 49.73725612068074042 ) ) ;
#9666 = ORIENTED_EDGE ( 'NONE', *, *, #4270, .F. ) ;
#9667 = LINE ( 'NONE', #2651, #7420 ) ;
#9668 = DIRECTION ( 'NONE',  ( 0.07193236855373309757, 0.000000000000000000, 0.9974095118627303025 ) ) ;
#9669 = VERTEX_POINT ( 'NONE', #6107 ) ;
#9670 = ORIENTED_EDGE ( 'NONE', *, *, #11834, .T. ) ;
#9671 = DIRECTION ( 'NONE',  ( 0.000000000000000000, 0.000000000000000000, 1.000000000000000000 ) ) ;
#9673 = ORIENTED_EDGE ( 'NONE', *, *, #1912, .T. ) ;
#9672 = DIRECTION ( 'NONE',  ( 0.000000000000000000, 0.000000000000000000, 1.000000000000000000 ) ) ;
#9674 = CIRCLE ( 'NONE', #9876, 0.4999999999999976130 ) ;
#9675 = EDGE_CURVE ( 'NONE', #746, #3428, #1222, .T. ) ;
#9676 = EDGE_CURVE ( 'NONE', #10963, #2611, #921, .T. ) ;
#9677 = VECTOR ( 'NONE', #4804, 1000.000000000000000 ) ;
#9678 = ORIENTED_EDGE ( 'NONE', *, *, #4690, .F. ) ;
#9679 = EDGE_CURVE ( 'NONE', #2019, #181, #9542, .T. ) ;
#9680 = FACE_OUTER_BOUND ( 'NONE', #10522, .T. ) ;
#9681 = EDGE_CURVE ( 'NONE', #794, #8794, #3379, .T. ) ;
#9682 = CARTESIAN_POINT ( 'NONE',  ( 15.19272321494674571, -10.00000000000000000, 44.00516535263775353 ) ) ;
#9683 = CARTESIAN_POINT ( 'NONE',  ( 1.605440076985782172, -10.00000000000000000, -50.63394466786608206 ) ) ;
#9684 = VECTOR ( 'NONE', #654, 1000.000000000000114 ) ;
#9685 = VECTOR ( 'NONE', #1819, 1000.000000000000000 ) ;
#9686 = VECTOR ( 'NONE', #9303, 1000.000000000000000 ) ;
#9688 = ORIENTED_EDGE ( 'NONE', *, *, #4936, .F. ) ;
#9687 = CARTESIAN_POINT ( 'NONE',  ( 8.303600574124089917, 10.00000000000000000, 49.97423344059139083 ) ) ;
#9689 = EDGE_CURVE ( 'NONE', #3675, #2143, #3918, .T. ) ;
#9690 = CARTESIAN_POINT ( 'NONE',  ( 45.38924439456603466, 10.00000000000000000, 6.828624728365669583 ) ) ;
#9691 = PRODUCT_RELATED_PRODUCT_CATEGORY ( 'detail', '', ( #8186 ) ) ;
#9692 = VERTEX_POINT ( 'NONE', #11817 ) ;
#9693 = CARTESIAN_POINT ( 'NONE',  ( 0.000000000000000000, 10.00000000000000000, 0.000000000000000000 ) ) ;
#9694 = CIRCLE ( 'NONE', #5369, 50.99999999999998579 ) ;
#9695 = EDGE_CURVE ( 'NONE', #11816, #4847, #4399, .T. ) ;
#9696 = CARTESIAN_POINT ( 'NONE',  ( -49.78546187191627581, 10.00000000000000000, -11.06380523147299932 ) ) ;
#9697 = FACE_BOUND ( 'NONE', #10033, .T. ) ;
#9698 = DIRECTION ( 'NONE',  ( 0.000000000000000000, 1.000000000000000000, 0.000000000000000000 ) ) ;
#9699 = CARTESIAN_POINT ( 'NONE',  ( -8.743875204153592762, -10.00000000000000000, -49.73725612068069069 ) ) ;
#9700 = VECTOR ( 'NONE', #3692, 1000.000000000000114 ) ;
#9701 = VERTEX_POINT ( 'NONE', #10983 ) ;
#9702 = AXIS2_PLACEMENT_3D ( 'NONE', #1414, #6723, #5489 ) ;
#9703 = EDGE_CURVE ( 'NONE', #8908, #7836, #3991, .T. ) ;
#9704 = ORIENTED_EDGE ( 'NONE', *, *, #7476, .T. ) ;
#9705 = CIRCLE ( 'NONE', #2513, 0.5000000000000004441 ) ;
#9706 = DIRECTION ( 'NONE',  ( -0.000000000000000000, -1.000000000000000000, -0.000000000000000000 ) ) ;
#9708 = ORIENTED_EDGE ( 'NONE', *, *, #2436, .T. ) ;
#9707 = DIRECTION ( 'NONE',  ( 0.000000000000000000, 1.000000000000000000, 0.000000000000000000 ) ) ;
#9709 = DIRECTION ( 'NONE',  ( 0.000000000000000000, 1.000000000000000000, 0.000000000000000000 ) ) ;
#9710 = AXIS2_PLACEMENT_3D ( 'NONE', #7029, #1957, #211 ) ;
#9711 = VERTEX_POINT ( 'NONE', #10850 ) ;
#9712 = LINE ( 'NONE', #10466, #8111 ) ;
#9713 = FACE_OUTER_BOUND ( 'NONE', #7633, .T. ) ;
#9714 = CIRCLE ( 'NONE', #11342, 51.00000000000000711 ) ;
#9715 = DIRECTION ( 'NONE',  ( -0.8805492600596745989, 0.000000000000000000, 0.4739546398215334633 ) ) ;
#9716 = VERTEX_POINT ( 'NONE', #4167 ) ;
#9717 = FACE_OUTER_BOUND ( 'NONE', #6604, .T. ) ;
#9718 = ADVANCED_FACE ( 'NONE', ( #11868 ), #8114, .T. ) ;
#9719 = ORIENTED_EDGE ( 'NONE', *, *, #4839, .T. ) ;
#9720 = CARTESIAN_POINT ( 'NONE',  ( 27.26647565272556761, 10.00000000000000000, 36.92360935593670490 ) ) ;
#9721 = AXIS2_PLACEMENT_3D ( 'NONE', #3527, #11234, #7384 ) ;
#9722 = CARTESIAN_POINT ( 'NONE',  ( -27.11191122463385739, 10.00000000000000000, 42.60509675787125872 ) ) ;
#9723 = DIRECTION ( 'NONE',  ( -0.1240347345892081898, 0.000000000000000000, 0.9922778767136676281 ) ) ;
#9724 = ORIENTED_EDGE ( 'NONE', *, *, #12032, .F. ) ;
#9725 = ORIENTED_EDGE ( 'NONE', *, *, #9136, .F. ) ;
#9726 = CARTESIAN_POINT ( 'NONE',  ( 0.000000000000000000, 10.00000000000000000, 0.000000000000000000 ) ) ;
#9727 = CARTESIAN_POINT ( 'NONE',  ( -47.54181953147831052, 10.00000000000000000, 18.46010280676539139 ) ) ;
#9728 = CARTESIAN_POINT ( 'NONE',  ( -27.11191122463414516, -20.23931917473913700, -42.60509675787108819 ) ) ;
#9729 = ORIENTED_EDGE ( 'NONE', *, *, #7715, .F. ) ;
#9730 = CARTESIAN_POINT ( 'NONE',  ( -22.51666049839541373, -10.00000000000000178, -4.999999999999980460 ) ) ;
#9731 = ADVANCED_FACE ( 'NONE', ( #1105 ), #11103, .T. ) ;
#9732 = CIRCLE ( 'NONE', #1327, 5.000000000000003553 ) ;
#9734 = VERTEX_POINT ( 'NONE', #9252 ) ;
#9733 = VECTOR ( 'NONE', #4663, 1000.000000000000227 ) ;
#9735 = CIRCLE ( 'NONE', #9702, 8.000000000000000000 ) ;
#9736 = DIRECTION ( 'NONE',  ( 0.000000000000000000, 0.000000000000000000, 1.000000000000000000 ) ) ;
#9737 = PERSON_AND_ORGANIZATION ( #8145, #4988 ) ;
#9738 = EDGE_LOOP ( 'NONE', ( #8129, #8481, #2631, #12007 ) ) ;
#9739 = CYLINDRICAL_SURFACE ( 'NONE', #2278, 5.000000000000004441 ) ;
#9740 = DIRECTION ( 'NONE',  ( -0.7748486042760462933, -0.000000000000000000, -0.6321468503848318710 ) ) ;
#9741 = ORIENTED_EDGE ( 'NONE', *, *, #11983, .T. ) ;
#9742 = AXIS2_PLACEMENT_3D ( 'NONE', #1870, #5789, #8764 ) ;
#9743 = CIRCLE ( 'NONE', #2969, 44.99999999999999289 ) ;
#9744 = ORIENTED_EDGE ( 'NONE', *, *, #2992, .F. ) ;
#9745 = DIRECTION ( 'NONE',  ( 0.000000000000000000, 1.000000000000000000, 0.000000000000000000 ) ) ;
#9747 = VERTEX_POINT ( 'NONE', #12198 ) ;
#9746 = DIRECTION ( 'NONE',  ( 0.000000000000000000, 0.000000000000000000, 1.000000000000000000 ) ) ;
#9748 = ORIENTED_EDGE ( 'NONE', *, *, #785, .F. ) ;
#9749 = CARTESIAN_POINT ( 'NONE',  ( -45.38924439456593518, -10.00000000000000000, 6.828624728366314400 ) ) ;
#9750 = EDGE_CURVE ( 'NONE', #4997, #8729, #11165, .T. ) ;
#9751 = EDGE_CURVE ( 'NONE', #7097, #9101, #5378, .T. ) ;
#9752 = CARTESIAN_POINT ( 'NONE',  ( 43.45187890507051520, -10.00000000000000000, 11.70188957472628744 ) ) ;
#9753 = VECTOR ( 'NONE', #7738, 1000.000000000000000 ) ;
#9754 = CARTESIAN_POINT ( 'NONE',  ( 1.138555527963307501, -10.00000000000000000, -50.98728950738353660 ) ) ;
#9755 = EDGE_CURVE ( 'NONE', #5058, #1887, #384, .T. ) ;
#9756 = EDGE_CURVE ( 'NONE', #1253, #4083, #4390, .T. ) ;
#9757 = ADVANCED_FACE ( 'NONE', ( #12309, #11167, #11226, #5442, #8301, #9385, #519, #12062 ), #10084, .T. ) ;
#9759 = ORIENTED_EDGE ( 'NONE', *, *, #9703, .T. ) ;
#9758 = CARTESIAN_POINT ( 'NONE',  ( -41.85922843806435623, -19.69863090235029190, 20.37347321810685585 ) ) ;
#9760 = VECTOR ( 'NONE', #11125, 1000.000000000000000 ) ;
#9761 = DIRECTION ( 'NONE',  ( 0.000000000000000000, 0.000000000000000000, 1.000000000000000000 ) ) ;
#9762 = ORIENTED_EDGE ( 'NONE', *, *, #9783, .F. ) ;
#9763 = ORIENTED_EDGE ( 'NONE', *, *, #10933, .F. ) ;
#9764 = LINE ( 'NONE', #4869, #8904 ) ;
#9765 = CARTESIAN_POINT ( 'NONE',  ( 41.76183427908514290, 10.00000000000000000, -29.27369463607605127 ) ) ;
#9766 = CARTESIAN_POINT ( 'NONE',  ( -46.16528980983300556, -19.69863090235029190, 20.86000496748373934 ) ) ;
#9767 = FACE_BOUND ( 'NONE', #5485, .T. ) ;
#9768 = DIRECTION ( 'NONE',  ( -1.000000000000000000, 0.000000000000000000, 1.047444401652940007E-14 ) ) ;
#9769 = DIRECTION ( 'NONE',  ( -0.000000000000000000, -1.000000000000000000, -0.000000000000000000 ) ) ;
#9770 = AXIS2_PLACEMENT_3D ( 'NONE', #3266, #4289, #386 ) ;
#9771 = EDGE_CURVE ( 'NONE', #4601, #7300, #4231, .T. ) ;
#9772 = ORIENTED_EDGE ( 'NONE', *, *, #2358, .F. ) ;
#9773 = ORIENTED_EDGE ( 'NONE', *, *, #11087, .F. ) ;
#9774 = LINE ( 'NONE', #10789, #7625 ) ;
#9776 = VERTEX_POINT ( 'NONE', #10338 ) ;
#9775 = FACE_OUTER_BOUND ( 'NONE', #9124, .T. ) ;
#9777 = FACE_OUTER_BOUND ( 'NONE', #6197, .T. ) ;
#9778 = EDGE_LOOP ( 'NONE', ( #6007, #5725, #2028, #6782 ) ) ;
#9779 = CARTESIAN_POINT ( 'NONE',  ( 11.06380523147350203, -10.00000000000000000, 49.78546187191616923 ) ) ;
#9780 = AXIS2_PLACEMENT_3D ( 'NONE', #11076, #10377, #3434 ) ;
#9781 = LINE ( 'NONE', #915, #729 ) ;
#9782 = FACE_OUTER_BOUND ( 'NONE', #4669, .T. ) ;
#9783 = EDGE_CURVE ( 'NONE', #3395, #7756, #1543, .T. ) ;
#9784 = DIRECTION ( 'NONE',  ( 0.000000000000000000, 1.000000000000000000, 0.000000000000000000 ) ) ;
#9785 = DIRECTION ( 'NONE',  ( 0.000000000000000000, 1.000000000000000000, 0.000000000000000000 ) ) ;
#9786 = CYLINDRICAL_SURFACE ( 'NONE', #8431, 40.00000000000000000 ) ;
#9787 = DIRECTION ( 'NONE',  ( -0.2651351511132913341, 0.000000000000000000, -0.9642112588246063432 ) ) ;
#9788 = ORIENTED_EDGE ( 'NONE', *, *, #9874, .T. ) ;
#9789 = ORIENTED_EDGE ( 'NONE', *, *, #5976, .F. ) ;
#9790 = FACE_OUTER_BOUND ( 'NONE', #10658, .T. ) ;
#9791 = DIRECTION ( 'NONE',  ( 0.000000000000000000, 1.000000000000000000, 0.000000000000000000 ) ) ;
#9792 = CYLINDRICAL_SURFACE ( 'NONE', #241, 0.4999999999999970024 ) ;
#9793 = ORIENTED_EDGE ( 'NONE', *, *, #10624, .F. ) ;
#9794 = ADVANCED_FACE ( 'NONE', ( #8168 ), #1407, .T. ) ;
#9795 = DIRECTION ( 'NONE',  ( 0.000000000000000000, 0.000000000000000000, -1.000000000000000000 ) ) ;
#9796 = EDGE_LOOP ( 'NONE', ( #5809, #11082, #3508, #12168 ) ) ;
#9797 = DIRECTION ( 'NONE',  ( -0.000000000000000000, -1.000000000000000000, -0.000000000000000000 ) ) ;
#9798 = VERTEX_POINT ( 'NONE', #3265 ) ;
#9799 = EDGE_CURVE ( 'NONE', #10736, #4172, #6417, .T. ) ;
#9800 = DIRECTION ( 'NONE',  ( 0.1240347345892185843, -0.000000000000000000, 0.9922778767136664069 ) ) ;
#9801 = DIRECTION ( 'NONE',  ( -0.000000000000000000, -1.000000000000000000, -0.000000000000000000 ) ) ;
#9802 = VERTEX_POINT ( 'NONE', #7327 ) ;
#9803 = VERTEX_POINT ( 'NONE', #4288 ) ;
#9804 = DIRECTION ( 'NONE',  ( 0.6321468503848369780, -0.000000000000000000, 0.7748486042760420744 ) ) ;
#9806 = VERTEX_POINT ( 'NONE', #10270 ) ;
#9805 = CYLINDRICAL_SURFACE ( 'NONE', #269, 50.99999999999999289 ) ;
#9807 = EDGE_LOOP ( 'NONE', ( #5080, #4043, #2354, #346 ) ) ;
#9808 = CARTESIAN_POINT ( 'NONE',  ( 0.000000000000000000, -10.00000000000000000, 0.000000000000000000 ) ) ;
#9809 = DIRECTION ( 'NONE',  ( 0.000000000000000000, 1.000000000000000000, 0.000000000000000000 ) ) ;
#9810 = LINE ( 'NONE', #4075, #276 ) ;
#9812 = ORIENTED_EDGE ( 'NONE', *, *, #7468, .F. ) ;
#9811 = DIRECTION ( 'NONE',  ( -0.9954650415614813008, -0.000000000000000000, -0.09512807697519340411 ) ) ;
#9813 = ADVANCED_FACE ( 'NONE', ( #8230 ), #4472, .T. ) ;
#9814 = CARTESIAN_POINT ( 'NONE',  ( -27.11191122463385739, 10.00000000000000000, 42.60509675787125872 ) ) ;
#9815 = ORIENTED_EDGE ( 'NONE', *, *, #9586, .T. ) ;
#9816 = EDGE_LOOP ( 'NONE', ( #10475, #6293, #5608, #8554 ) ) ;
#9817 = DIRECTION ( 'NONE',  ( -0.000000000000000000, -1.000000000000000000, -0.000000000000000000 ) ) ;
#9818 = DIRECTION ( 'NONE',  ( -0.000000000000000000, -1.000000000000000000, -0.000000000000000000 ) ) ;
#9819 = DIRECTION ( 'NONE',  ( -0.7711657896326657990, -0.000000000000000000, 0.6366343730118781963 ) ) ;
#9820 = EDGE_CURVE ( 'NONE', #7285, #9520, #2308, .T. ) ;
#9821 = ADVANCED_FACE ( 'NONE', ( #10157 ), #7264, .T. ) ;
#9822 = CARTESIAN_POINT ( 'NONE',  ( 22.51666049839540307, -10.00000000000000178, -5.000000000000002665 ) ) ;
#9823 = CARTESIAN_POINT ( 'NONE',  ( 0.000000000000000000, -19.69863090235027414, 0.000000000000000000 ) ) ;
#9824 = EDGE_LOOP ( 'NONE', ( #444, #6317 ) ) ;
#9825 = ORIENTED_EDGE ( 'NONE', *, *, #3065, .F. ) ;
#9826 = FACE_OUTER_BOUND ( 'NONE', #11613, .T. ) ;
#9828 = VERTEX_POINT ( 'NONE', #7138 ) ;
#9827 = DIRECTION ( 'NONE',  ( 0.000000000000000000, 1.000000000000000000, 0.000000000000000000 ) ) ;
#9829 = CARTESIAN_POINT ( 'NONE',  ( 41.85922843806464044, -19.69863090235023861, 20.37347321810624834 ) ) ;
#9830 = ORIENTED_EDGE ( 'NONE', *, *, #3451, .T. ) ;
#9831 = CARTESIAN_POINT ( 'NONE',  ( -28.98669762983930553, -10.00000000000000000, 41.35240453125148008 ) ) ;
#9832 = EDGE_CURVE ( 'NONE', #10551, #389, #10348, .T. ) ;
#9833 = CARTESIAN_POINT ( 'NONE',  ( 27.11191122463355185, -20.23931917473911923, -42.60509675787145056 ) ) ;
#9834 = DIRECTION ( 'NONE',  ( 0.7748486042760508452, 0.000000000000000000, 0.6321468503848262088 ) ) ;
#9835 = DIRECTION ( 'NONE',  ( 0.000000000000000000, 1.000000000000000000, 0.000000000000000000 ) ) ;
#9836 = VECTOR ( 'NONE', #11420, 1000.000000000000000 ) ;
#9837 = ORIENTED_EDGE ( 'NONE', *, *, #709, .T. ) ;
#9838 = CARTESIAN_POINT ( 'NONE',  ( 45.02958255179741798, -19.06525438257988725, 11.81567228767932320 ) ) ;
#9839 = DIRECTION ( 'NONE',  ( -0.000000000000000000, -1.000000000000000000, -0.000000000000000000 ) ) ;
#9840 = DIRECTION ( 'NONE',  ( 0.7561388950492565764, 0.000000000000000000, 0.6544111638669447562 ) ) ;
#9841 = ORIENTED_EDGE ( 'NONE', *, *, #7792, .F. ) ;
#9842 = AXIS2_PLACEMENT_3D ( 'NONE', #32, #5878, #9795 ) ;
#9843 = ORIENTED_EDGE ( 'NONE', *, *, #10296, .T. ) ;
#9844 = FACE_OUTER_BOUND ( 'NONE', #4420, .T. ) ;
#9845 = CARTESIAN_POINT ( 'NONE',  ( -36.93882319809789294, -10.00000000000000000, -34.66838806764717873 ) ) ;
#9846 = VECTOR ( 'NONE', #11576, 1000.000000000000000 ) ;
#9847 = ADVANCED_FACE ( 'NONE', ( #2678 ), #763, .T. ) ;
#9848 = DIRECTION ( 'NONE',  ( -0.2651351511132981065, 0.000000000000000000, -0.9642112588246045668 ) ) ;
#9849 = FACE_OUTER_BOUND ( 'NONE', #3677, .T. ) ;
#9850 = CARTESIAN_POINT ( 'NONE',  ( -46.67040685671981493, 10.00000000000000000, 20.56387910459114110 ) ) ;
#9851 = ADVANCED_FACE ( 'NONE', ( #5639 ), #4738, .T. ) ;
#9852 = ORIENTED_EDGE ( 'NONE', *, *, #7868, .F. ) ;
#9853 = CARTESIAN_POINT ( 'NONE',  ( 1.138555527963298841, 10.00000000000000000, 50.98728950738353660 ) ) ;
#9854 = ORIENTED_EDGE ( 'NONE', *, *, #6141, .T. ) ;
#9855 = AXIS2_PLACEMENT_3D ( 'NONE', #6237, #7142, #8174 ) ;
#9856 = CARTESIAN_POINT ( 'NONE',  ( 37.88346327708632799, 10.00000000000000000, 28.46743292285612270 ) ) ;
#9857 = AXIS2_PLACEMENT_3D ( 'NONE', #8423, #10535, #1745 ) ;
#9858 = CIRCLE ( 'NONE', #8635, 12.00000000000000178 ) ;
#9859 = EDGE_CURVE ( 'NONE', #7786, #5399, #517, .T. ) ;
#9860 = ORIENTED_EDGE ( 'NONE', *, *, #7874, .F. ) ;
#9861 = CARTESIAN_POINT ( 'NONE',  ( 8.830448225977232113, -10.00000000000000000, 50.22970420108339340 ) ) ;
#9862 = DIRECTION ( 'NONE',  ( -0.7071067811865475727, 0.000000000000000000, -0.7071067811865475727 ) ) ;
#9863 = EDGE_LOOP ( 'NONE', ( #4360, #7351, #3076, #8818 ) ) ;
#9864 = ORIENTED_EDGE ( 'NONE', *, *, #4511, .T. ) ;
#9865 = DIRECTION ( 'NONE',  ( 0.000000000000000000, -0.7071067811865525687, -0.7071067811865425767 ) ) ;
#9867 = EDGE_LOOP ( 'NONE', ( #10323, #6535, #2731, #7413 ) ) ;
#9866 = CARTESIAN_POINT ( 'NONE',  ( 29.46558707621382922, -20.23931917473911923, -41.20865162466949982 ) ) ;
#9868 = ORIENTED_EDGE ( 'NONE', *, *, #1311, .F. ) ;
#9869 = DIRECTION ( 'NONE',  ( -0.000000000000000000, -1.000000000000000000, -0.000000000000000000 ) ) ;
#9870 = AXIS2_PLACEMENT_3D ( 'NONE', #12709, #10719, #8688 ) ;
#9871 = AXIS2_PLACEMENT_3D ( 'NONE', #5950, #52, #11980 ) ;
#9872 = AXIS2_PLACEMENT_3D ( 'NONE', #9982, #7098, #2013 ) ;
#9873 = CARTESIAN_POINT ( 'NONE',  ( 33.94599680791306895, 10.00000000000000000, -30.89470704032726545 ) ) ;
#9874 = EDGE_CURVE ( 'NONE', #7678, #9178, #11378, .T. ) ;
#9875 = DIRECTION ( 'NONE',  ( -0.000000000000000000, -1.000000000000000000, -0.000000000000000000 ) ) ;
#9876 = AXIS2_PLACEMENT_3D ( 'NONE', #8587, #3676, #1767 ) ;
#9877 = VECTOR ( 'NONE', #7778, 1000.000000000000000 ) ;
#9878 = AXIS2_PLACEMENT_3D ( 'NONE', #3796, #907, #1803 ) ;
#9880 = VERTEX_POINT ( 'NONE', #10523 ) ;
#9879 = LINE ( 'NONE', #7900, #6195 ) ;
#9881 = CARTESIAN_POINT ( 'NONE',  ( 43.45187890507051520, 10.00000000000000000, 11.70188957472628744 ) ) ;
#9882 = VERTEX_POINT ( 'NONE', #4609 ) ;
#9883 = FACE_OUTER_BOUND ( 'NONE', #3441, .T. ) ;
#9884 = FACE_OUTER_BOUND ( 'NONE', #167, .T. ) ;
#9885 = LINE ( 'NONE', #7716, #2579 ) ;
#9886 = CIRCLE ( 'NONE', #12322, 0.4999999999999970024 ) ;
#9887 = DIRECTION ( 'NONE',  ( 0.000000000000000000, 1.000000000000000000, 0.000000000000000000 ) ) ;
#9888 = ADVANCED_FACE ( 'NONE', ( #7446 ), #5567, .T. ) ;
#9889 = LINE ( 'NONE', #185, #3161 ) ;
#9890 = VECTOR ( 'NONE', #7112, 1000.000000000000000 ) ;
#9891 = CIRCLE ( 'NONE', #10909, 5.000000000000003553 ) ;
#9892 = EDGE_CURVE ( 'NONE', #4445, #459, #7703, .T. ) ;
#9893 = EDGE_LOOP ( 'NONE', ( #12686, #4219, #12164, #4342 ) ) ;
#9894 = ORIENTED_EDGE ( 'NONE', *, *, #5779, .T. ) ;
#9895 = CARTESIAN_POINT ( 'NONE',  ( 3.198396408832238080E-15, 5.000000000000000000, 26.00000000000000000 ) ) ;
#9896 = VECTOR ( 'NONE', #4375, 1000.000000000000227 ) ;
#9898 = VERTEX_POINT ( 'NONE', #9507 ) ;
#9897 = LINE ( 'NONE', #10846, #10899 ) ;
#9899 = PLANE ( 'NONE',  #2713 ) ;
#9900 = VECTOR ( 'NONE', #5455, 1000.000000000000114 ) ;
#9901 = ORIENTED_EDGE ( 'NONE', *, *, #6340, .F. ) ;
#9902 = DIRECTION ( 'NONE',  ( 0.000000000000000000, 0.000000000000000000, 1.000000000000000000 ) ) ;
#9903 = AXIS2_PLACEMENT_3D ( 'NONE', #4790, #4857, #11530 ) ;
#9904 = CARTESIAN_POINT ( 'NONE',  ( -46.46947506094542746, 10.00000000000000000, -2.803801697542571691 ) ) ;
#9905 = FACE_OUTER_BOUND ( 'NONE', #138, .T. ) ;
#9906 = CARTESIAN_POINT ( 'NONE',  ( 0.000000000000000000, -10.00000000000000000, 0.000000000000000000 ) ) ;
#9907 = ADVANCED_FACE ( 'NONE', ( #12453 ), #8616, .T. ) ;
#9908 = ORIENTED_EDGE ( 'NONE', *, *, #1209, .F. ) ;
#9909 = ORIENTED_EDGE ( 'NONE', *, *, #5284, .T. ) ;
#9910 = DIRECTION ( 'NONE',  ( 0.000000000000000000, 1.000000000000000000, 0.000000000000000000 ) ) ;
#9911 = ADVANCED_FACE ( 'NONE', ( #11417 ), #12511, .T. ) ;
#9912 = CIRCLE ( 'NONE', #65, 0.4999999999999991118 ) ;
#9913 = EDGE_CURVE ( 'NONE', #6527, #8147, #9344, .T. ) ;
#9914 = CIRCLE ( 'NONE', #10319, 0.4999999999999970024 ) ;
#9915 = CARTESIAN_POINT ( 'NONE',  ( -11.06380523147316808, -19.06525438257992988, -49.78546187191624739 ) ) ;
#9916 = ADVANCED_FACE ( 'NONE', ( #6728 ), #7570, .T. ) ;
#9917 = EDGE_CURVE ( 'NONE', #3798, #9992, #5422, .T. ) ;
#9918 = DIRECTION ( 'NONE',  ( -0.9954650415614799686, 0.000000000000000000, 0.09512807697520681005 ) ) ;
#9919 = ORIENTED_EDGE ( 'NONE', *, *, #6034, .T. ) ;
#9920 = VECTOR ( 'NONE', #7422, 1000.000000000000000 ) ;
#9921 = ORIENTED_EDGE ( 'NONE', *, *, #8407, .T. ) ;
#9922 = CARTESIAN_POINT ( 'NONE',  ( 10.95533655273357532, -10.00000000000000000, 49.29736910846601461 ) ) ;
#9923 = CARTESIAN_POINT ( 'NONE',  ( 47.39404044806805416, -10.00000000000000000, 17.89353851188204558 ) ) ;
#9924 = DIRECTION ( 'NONE',  ( 0.000000000000000000, 1.000000000000000000, 0.000000000000000000 ) ) ;
#9925 = DIRECTION ( 'NONE',  ( 0.000000000000000000, 1.000000000000000000, 0.000000000000000000 ) ) ;
#9926 = DIRECTION ( 'NONE',  ( -0.9954650415614816339, 0.000000000000000000, -0.09512807697518987915 ) ) ;
#9927 = AXIS2_PLACEMENT_3D ( 'NONE', #8215, #377, #7129 ) ;
#9928 = VERTEX_POINT ( 'NONE', #7714 ) ;
#9929 = DIRECTION ( 'NONE',  ( -8.881784197001252323E-16, 0.000000000000000000, 1.000000000000000000 ) ) ;
#9930 = AXIS2_PLACEMENT_3D ( 'NONE', #11217, #9310, #6339 ) ;
#9931 = APPROVAL_STATUS ( 'not_yet_approved' ) ;
#9932 = EDGE_CURVE ( 'NONE', #9828, #273, #2614, .T. ) ;
#9933 = ORIENTED_EDGE ( 'NONE', *, *, #7474, .F. ) ;
#9934 = DIRECTION ( 'NONE',  ( 0.000000000000000000, 1.000000000000000000, 0.000000000000000000 ) ) ;
#9935 = DIRECTION ( 'NONE',  ( -0.000000000000000000, -1.000000000000000000, -0.000000000000000000 ) ) ;
#9936 = ORIENTED_EDGE ( 'NONE', *, *, #2358, .T. ) ;
#9937 = ORIENTED_EDGE ( 'NONE', *, *, #2453, .F. ) ;
#9938 = CARTESIAN_POINT ( 'NONE',  ( 45.84930138799940380, -10.00000000000000000, 2.157587686025125961 ) ) ;
#9940 = ORIENTED_EDGE ( 'NONE', *, *, #10001, .T. ) ;
#9939 = FACE_OUTER_BOUND ( 'NONE', #12219, .T. ) ;
#9941 = VERTEX_POINT ( 'NONE', #2809 ) ;
#9942 = CIRCLE ( 'NONE', #2752, 0.4999999999999990563 ) ;
#9943 = VECTOR ( 'NONE', #5952, 1000.000000000000000 ) ;
#9944 = FACE_OUTER_BOUND ( 'NONE', #4788, .T. ) ;
#9945 = EDGE_CURVE ( 'NONE', #7416, #51, #11476, .T. ) ;
#9946 = LINE ( 'NONE', #3833, #8719 ) ;
#9947 = DIRECTION ( 'NONE',  ( 0.000000000000000000, 1.000000000000000000, 0.000000000000000000 ) ) ;
#9948 = CIRCLE ( 'NONE', #8728, 44.99999999999999289 ) ;
#9949 = VECTOR ( 'NONE', #1389, 1000.000000000000000 ) ;
#9950 = VERTEX_POINT ( 'NONE', #10644 ) ;
#9952 = EDGE_LOOP ( 'NONE', ( #557, #3644, #2049, #681 ) ) ;
#9951 = DIRECTION ( 'NONE',  ( -0.07193236855374332550, 0.000000000000000000, -0.9974095118627296364 ) ) ;
#9953 = CYLINDRICAL_SURFACE ( 'NONE', #1649, 0.5000000000000004441 ) ;
#9954 = ADVANCED_FACE ( 'NONE', ( #3590 ), #1853, .T. ) ;
#9955 = ORIENTED_EDGE ( 'NONE', *, *, #10687, .F. ) ;
#9956 = CARTESIAN_POINT ( 'NONE',  ( -37.08024765038257442, -10.00000000000000000, -28.14833299833703606 ) ) ;
#9957 = CARTESIAN_POINT ( 'NONE',  ( 34.84146812720810260, -20.42202547882114416, -30.87629374033926055 ) ) ;
#9958 = VECTOR ( 'NONE', #1806, 1000.000000000000000 ) ;
#9959 = CARTESIAN_POINT ( 'NONE',  ( -45.38924439456593518, 10.00000000000000000, 6.828624728366314400 ) ) ;
#9960 = AXIS2_PLACEMENT_3D ( 'NONE', #6313, #2203, #3286 ) ;
#9961 = ORIENTED_EDGE ( 'NONE', *, *, #1566, .F. ) ;
#9962 = DIRECTION ( 'NONE',  ( 0.000000000000000000, 0.000000000000000000, 1.000000000000000000 ) ) ;
#9964 = ORIENTED_EDGE ( 'NONE', *, *, #7372, .T. ) ;
#9963 = DIRECTION ( 'NONE',  ( 0.5555702330196031768, 0.000000000000000000, 0.8314696123025445695 ) ) ;
#9965 = EDGE_CURVE ( 'NONE', #910, #3711, #7089, .T. ) ;
#9966 = LINE ( 'NONE', #4944, #475 ) ;
#9967 = ORIENTED_EDGE ( 'NONE', *, *, #8495, .F. ) ;
#9968 = PLANE ( 'NONE',  #7910 ) ;
#9969 = CARTESIAN_POINT ( 'NONE',  ( 4.837354856632047030E-15, -5.000000000000000000, 39.00000000000002132 ) ) ;
#9970 = CARTESIAN_POINT ( 'NONE',  ( -27.43945043190161570, -10.00000000000000000, 35.66618230193993355 ) ) ;
#9971 = AXIS2_PLACEMENT_3D ( 'NONE', #6743, #1874, #5790 ) ;
#9972 = CARTESIAN_POINT ( 'NONE',  ( -11.80310486381294055, -19.06525438257992988, -45.89377128388444760 ) ) ;
#9973 = ORIENTED_EDGE ( 'NONE', *, *, #324, .F. ) ;
#9974 = ORIENTED_EDGE ( 'NONE', *, *, #2724, .T. ) ;
#9975 = FACE_OUTER_BOUND ( 'NONE', #11578, .T. ) ;
#9976 = DIRECTION ( 'NONE',  ( -0.000000000000000000, -1.000000000000000000, -0.000000000000000000 ) ) ;
#9977 = CIRCLE ( 'NONE', #7932, 0.5000000000000009992 ) ;
#9978 = CARTESIAN_POINT ( 'NONE',  ( 2.157587686025606022, -18.55636363116340704, -45.84930138799938248 ) ) ;
#9979 = ORIENTED_EDGE ( 'NONE', *, *, #11822, .F. ) ;
#9980 = EDGE_CURVE ( 'NONE', #3188, #11442, #6994, .T. ) ;
#9981 = EDGE_LOOP ( 'NONE', ( #2215, #4890, #7062, #5159 ) ) ;
#9982 = CARTESIAN_POINT ( 'NONE',  ( -49.73725612068071200, 10.00000000000000000, -8.743875204153418679 ) ) ;
#9983 = CARTESIAN_POINT ( 'NONE',  ( 49.34782179739804775, 10.00000000000000000, 11.45278456627739239 ) ) ;
#9984 = EDGE_CURVE ( 'NONE', #5502, #3049, #12651, .T. ) ;
#9985 = DIRECTION ( 'NONE',  ( 0.9642112588246045668, 0.000000000000000000, -0.2651351511132981065 ) ) ;
#9986 = LINE ( 'NONE', #11888, #12539 ) ;
#9987 = EDGE_CURVE ( 'NONE', #11678, #8839, #11583, .T. ) ;
#9988 = CARTESIAN_POINT ( 'NONE',  ( 27.11191122463355185, -10.00000000000000000, -42.60509675787145056 ) ) ;
#9989 = ORIENTED_EDGE ( 'NONE', *, *, #9859, .F. ) ;
#9990 = ADVANCED_FACE ( 'NONE', ( #7770 ), #10715, .T. ) ;
#9991 = ADVANCED_FACE ( 'NONE', ( #2872 ), #11671, .T. ) ;
#9992 = VERTEX_POINT ( 'NONE', #9765 ) ;
#9993 = FACE_BOUND ( 'NONE', #6795, .T. ) ;
#9994 = ORIENTED_EDGE ( 'NONE', *, *, #3733, .T. ) ;
#9995 = DIRECTION ( 'NONE',  ( -0.9238795325112906243, 0.000000000000000000, -0.3826834323650806224 ) ) ;
#9996 = ORIENTED_EDGE ( 'NONE', *, *, #2868, .T. ) ;
#9997 = CARTESIAN_POINT ( 'NONE',  ( -26.79583779944143629, -20.23931917473912634, 42.99252106000928109 ) ) ;
#9998 = DIRECTION ( 'NONE',  ( 0.7893522173763315442, -0.000000000000000000, 0.6139406135149138022 ) ) ;
#9999 = ORIENTED_EDGE ( 'NONE', *, *, #6893, .F. ) ;
#10000 = FACE_OUTER_BOUND ( 'NONE', #1315, .T. ) ;
#10001 = EDGE_CURVE ( 'NONE', #7558, #7724, #962, .T. ) ;
#10002 = DIRECTION ( 'NONE',  ( 0.000000000000000000, 1.000000000000000000, 0.000000000000000000 ) ) ;
#10003 = DIRECTION ( 'NONE',  ( -0.000000000000000000, -1.000000000000000000, -0.000000000000000000 ) ) ;
#10004 = ORIENTED_EDGE ( 'NONE', *, *, #11042, .T. ) ;
#10006 = VERTEX_POINT ( 'NONE', #1016 ) ;
#10005 = CARTESIAN_POINT ( 'NONE',  ( 28.98669762983901421, -10.00000000000000000, -41.35240453125168614 ) ) ;
#10007 = CARTESIAN_POINT ( 'NONE',  ( -43.02692939903801772, 10.00000000000000000, 27.38034598923463392 ) ) ;
#10008 = ORIENTED_EDGE ( 'NONE', *, *, #8407, .F. ) ;
#10009 = DIRECTION ( 'NONE',  ( -0.000000000000000000, -1.000000000000000000, -0.000000000000000000 ) ) ;
#10010 = PLANE ( 'NONE',  #1115 ) ;
#10011 = EDGE_CURVE ( 'NONE', #11255, #4659, #6097, .T. ) ;
#10012 = DIRECTION ( 'NONE',  ( 0.000000000000000000, 0.000000000000000000, 1.000000000000000000 ) ) ;
#10013 = ORIENTED_EDGE ( 'NONE', *, *, #3427, .T. ) ;
#10014 = ORIENTED_EDGE ( 'NONE', *, *, #9297, .F. ) ;
#10015 = FACE_OUTER_BOUND ( 'NONE', #4340, .T. ) ;
#10017 = VERTEX_POINT ( 'NONE', #3902 ) ;
#10016 = CARTESIAN_POINT ( 'NONE',  ( 50.63394466786609627, -18.55636363116342480, 1.605440076985251707 ) ) ;
#10018 = ADVANCED_FACE ( 'NONE', ( #11738 ), #2944, .T. ) ;
#10019 = DIRECTION ( 'NONE',  ( 0.000000000000000000, 0.000000000000000000, 1.000000000000000000 ) ) ;
#10020 = ORIENTED_EDGE ( 'NONE', *, *, #8636, .F. ) ;
#10021 = DIRECTION ( 'NONE',  ( 0.000000000000000000, 1.000000000000000000, 0.000000000000000000 ) ) ;
#10022 = DIRECTION ( 'NONE',  ( 0.000000000000000000, 1.000000000000000000, 0.000000000000000000 ) ) ;
#10023 = ORIENTED_EDGE ( 'NONE', *, *, #4329, .T. ) ;
#10024 = DIRECTION ( 'NONE',  ( 0.000000000000000000, 1.000000000000000000, 0.000000000000000000 ) ) ;
#10025 = CARTESIAN_POINT ( 'NONE',  ( -43.18490419363082822, -19.69863090235029190, 15.55241692398382725 ) ) ;
#10026 = ORIENTED_EDGE ( 'NONE', *, *, #11031, .T. ) ;
#10027 = ORIENTED_EDGE ( 'NONE', *, *, #3141, .T. ) ;
#10028 = DIRECTION ( 'NONE',  ( 0.000000000000000000, 1.000000000000000000, 0.000000000000000000 ) ) ;
#10029 = EDGE_CURVE ( 'NONE', #3663, #5156, #4204, .T. ) ;
#10030 = LINE ( 'NONE', #11236, #6573 ) ;
#10031 = LINE ( 'NONE', #4114, #7022 ) ;
#10032 = EDGE_LOOP ( 'NONE', ( #9302, #3487, #5750, #6402 ) ) ;
#10033 = EDGE_LOOP ( 'NONE', ( #11942, #11439 ) ) ;
#10034 = DIRECTION ( 'NONE',  ( 0.000000000000000000, 1.000000000000000000, 0.000000000000000000 ) ) ;
#10035 = CARTESIAN_POINT ( 'NONE',  ( 46.12357170388332150, -19.06525438257988725, 6.315817419440305613 ) ) ;
#10036 = DIRECTION ( 'NONE',  ( 0.000000000000000000, 0.000000000000000000, 1.000000000000000000 ) ) ;
#10037 = LINE ( 'NONE', #4122, #11503 ) ;
#10038 = FACE_OUTER_BOUND ( 'NONE', #7402, .T. ) ;
#10039 = EDGE_LOOP ( 'NONE', ( #11900, #4594, #4019, #4905 ) ) ;
#10040 = VERTEX_POINT ( 'NONE', #10781 ) ;
#10041 = EDGE_CURVE ( 'NONE', #9009, #5606, #12407, .T. ) ;
#10042 = CYLINDRICAL_SURFACE ( 'NONE', #12621, 50.99999999999999289 ) ;
#10043 = DATE_AND_TIME ( #9215, #6630 ) ;
#10044 = ADVANCED_FACE ( 'NONE', ( #4930 ), #2113, .T. ) ;
#10045 = AXIS2_PLACEMENT_3D ( 'NONE', #12152, #11056, #6189 ) ;
#10046 = VECTOR ( 'NONE', #5573, 1000.000000000000000 ) ;
#10047 = ORIENTED_EDGE ( 'NONE', *, *, #5290, .F. ) ;
#10048 = LINE ( 'NONE', #6132, #8042 ) ;
#10049 = ORIENTED_EDGE ( 'NONE', *, *, #7523, .F. ) ;
#10050 = ORIENTED_EDGE ( 'NONE', *, *, #2847, .T. ) ;
#10051 = ORIENTED_EDGE ( 'NONE', *, *, #10372, .F. ) ;
#10052 = CARTESIAN_POINT ( 'NONE',  ( -14.41080490052430285, 10.00000000000000000, -42.63013842481659310 ) ) ;
#10053 = EDGE_CURVE ( 'NONE', #8968, #8961, #695, .T. ) ;
#10054 = ORIENTED_EDGE ( 'NONE', *, *, #12552, .F. ) ;
#10055 = LINE ( 'NONE', #4210, #4317 ) ;
#10056 = CIRCLE ( 'NONE', #6356, 0.4999999999999972244 ) ;
#10057 = CIRCLE ( 'NONE', #618, 5.000000000000000000 ) ;
#10058 = CYLINDRICAL_SURFACE ( 'NONE', #9333, 50.99999999999999289 ) ;
#10059 = AXIS2_PLACEMENT_3D ( 'NONE', #5626, #11339, #4658 ) ;
#10060 = DIRECTION ( 'NONE',  ( 0.000000000000000000, 0.000000000000000000, 1.000000000000000000 ) ) ;
#10061 = ADVANCED_FACE ( 'NONE', ( #9884 ), #10010, .T. ) ;
#10062 = ORIENTED_EDGE ( 'NONE', *, *, #503, .F. ) ;
#10063 = ADVANCED_FACE ( 'NONE', ( #11805 ), #184, .T. ) ;
#10064 = AXIS2_PLACEMENT_3D ( 'NONE', #11619, #6733, #9768 ) ;
#10066 = ORIENTED_EDGE ( 'NONE', *, *, #11573, .T. ) ;
#10065 = DIRECTION ( 'NONE',  ( 0.000000000000000000, 1.000000000000000000, 0.000000000000000000 ) ) ;
#10067 = VECTOR ( 'NONE', #3277, 1000.000000000000000 ) ;
#10068 = EDGE_CURVE ( 'NONE', #9941, #3848, #8024, .T. ) ;
#10069 = DIRECTION ( 'NONE',  ( 0.3152352524413598589, 0.000000000000000000, -0.9490135592383452945 ) ) ;
#10070 = VECTOR ( 'NONE', #11001, 1000.000000000000000 ) ;
#10071 = VECTOR ( 'NONE', #11718, 1000.000000000000000 ) ;
#10072 = VERTEX_POINT ( 'NONE', #5366 ) ;
#10073 = DIRECTION ( 'NONE',  ( 0.4739546398215150891, 0.000000000000000000, -0.8805492600596845909 ) ) ;
#10074 = CARTESIAN_POINT ( 'NONE',  ( 0.000000000000000000, 10.00000000000000000, 0.000000000000000000 ) ) ;
#10075 = DIRECTION ( 'NONE',  ( 0.000000000000000000, 1.000000000000000000, 0.000000000000000000 ) ) ;
#10076 = VECTOR ( 'NONE', #10509, 1000.000000000000227 ) ;
#10077 = CIRCLE ( 'NONE', #863, 0.5000000000000003331 ) ;
#10078 = ORIENTED_EDGE ( 'NONE', *, *, #4795, .T. ) ;
#10079 = EDGE_CURVE ( 'NONE', #970, #7219, #3561, .T. ) ;
#10081 = VERTEX_POINT ( 'NONE', #8350 ) ;
#10080 = DIRECTION ( 'NONE',  ( 0.000000000000000000, 1.000000000000000000, 0.000000000000000000 ) ) ;
#10082 = CARTESIAN_POINT ( 'NONE',  ( 39.32099234290758005, 10.00000000000000000, -23.67853845910880040 ) ) ;
#10083 = ORIENTED_EDGE ( 'NONE', *, *, #1566, .T. ) ;
#10084 = PLANE ( 'NONE',  #3783 ) ;
#10085 = AXIS2_PLACEMENT_3D ( 'NONE', #10567, #800, #1776 ) ;
#10086 = AXIS2_PLACEMENT_3D ( 'NONE', #2289, #6145, #4923 ) ;
#10087 = CYLINDRICAL_SURFACE ( 'NONE', #4217, 0.5000000000000004441 ) ;
#10088 = VERTEX_POINT ( 'NONE', #1398 ) ;
#10089 = CARTESIAN_POINT ( 'NONE',  ( -45.38924439456599202, 10.00000000000000000, -6.828624728365998209 ) ) ;
#10090 = EDGE_LOOP ( 'NONE', ( #8328, #10993, #12013, #1167 ) ) ;
#10091 = DIRECTION ( 'NONE',  ( 0.000000000000000000, 1.000000000000000000, 0.000000000000000000 ) ) ;
#10092 = CARTESIAN_POINT ( 'NONE',  ( 11.45278456627825392, -10.00000000000000000, 49.34782179739785590 ) ) ;
#10093 = EDGE_CURVE ( 'NONE', #4163, #12659, #9120, .T. ) ;
#10094 = ORIENTED_EDGE ( 'NONE', *, *, #10826, .T. ) ;
#10095 = VERTEX_POINT ( 'NONE', #11155 ) ;
#10096 = LINE ( 'NONE', #7020, #10977 ) ;
#10097 = VECTOR ( 'NONE', #82, 1000.000000000000000 ) ;
#10098 = CIRCLE ( 'NONE', #8881, 5.000000000000000888 ) ;
#10099 = LINE ( 'NONE', #4429, #6561 ) ;
#10100 = CYLINDRICAL_SURFACE ( 'NONE', #5164, 0.5000000000000004441 ) ;
#10101 = VECTOR ( 'NONE', #2096, 1000.000000000000000 ) ;
#10102 = VERTEX_POINT ( 'NONE', #8291 ) ;
#10103 = EDGE_LOOP ( 'NONE', ( #1351, #1196, #1710, #7076 ) ) ;
#10104 = FACE_OUTER_BOUND ( 'NONE', #2011, .T. ) ;
#10105 = LINE ( 'NONE', #2388, #8709 ) ;
#10106 = EDGE_CURVE ( 'NONE', #784, #227, #6641, .T. ) ;
#10107 = CARTESIAN_POINT ( 'NONE',  ( -41.20865162466899534, -20.23931917473914410, 29.46558707621454687 ) ) ;
#10108 = DIRECTION ( 'NONE',  ( -0.000000000000000000, 1.000000000000000000, -0.000000000000000000 ) ) ;
#10109 = DIRECTION ( 'NONE',  ( 0.000000000000000000, 1.000000000000000000, 0.000000000000000000 ) ) ;
#10110 = ORIENTED_EDGE ( 'NONE', *, *, #6274, .T. ) ;
#10111 = LINE ( 'NONE', #6071, #8124 ) ;
#10112 = CIRCLE ( 'NONE', #281, 8.000000000000000000 ) ;
#10113 = VECTOR ( 'NONE', #8985, 1000.000000000000227 ) ;
#10114 = LINE ( 'NONE', #7292, #2254 ) ;
#10115 = ORIENTED_EDGE ( 'NONE', *, *, #7410, .F. ) ;
#10116 = LINE ( 'NONE', #6262, #3514 ) ;
#10117 = CIRCLE ( 'NONE', #1917, 5.000000000000004441 ) ;
#10118 = ORIENTED_EDGE ( 'NONE', *, *, #12179, .T. ) ;
#10119 = VERTEX_POINT ( 'NONE', #3326 ) ;
#10120 = EDGE_LOOP ( 'NONE', ( #4117, #11775, #5020, #6741 ) ) ;
#10121 = DIRECTION ( 'NONE',  ( 0.3826834323650843417, 0.000000000000000000, -0.9238795325112889589 ) ) ;
#10122 = EDGE_CURVE ( 'NONE', #1973, #7724, #1727, .T. ) ;
#10123 = ORIENTED_EDGE ( 'NONE', *, *, #5994, .T. ) ;
#10124 = LINE ( 'NONE', #2275, #4730 ) ;
#10125 = CARTESIAN_POINT ( 'NONE',  ( -30.87629374033890173, -20.42202547882114061, -34.84146812720842945 ) ) ;
#10127 = ORIENTED_EDGE ( 'NONE', *, *, #7715, .T. ) ;
#10126 = VECTOR ( 'NONE', #11521, 1000.000000000000227 ) ;
#10128 = LINE ( 'NONE', #2466, #9949 ) ;
#10129 = DIRECTION ( 'NONE',  ( 0.000000000000000000, 1.000000000000000000, 0.000000000000000000 ) ) ;
#10130 = AXIS2_PLACEMENT_3D ( 'NONE', #10439, #3578, #9309 ) ;
#10131 = AXIS2_PLACEMENT_3D ( 'NONE', #437, #12052, #10205 ) ;
#10132 = ORIENTED_EDGE ( 'NONE', *, *, #12482, .T. ) ;
#10134 = ORIENTED_EDGE ( 'NONE', *, *, #7474, .T. ) ;
#10133 = CYLINDRICAL_SURFACE ( 'NONE', #7653, 5.000000000000002665 ) ;
#10135 = DIRECTION ( 'NONE',  ( -0.9642112588246073424, -0.000000000000000000, -0.2651351511132880034 ) ) ;
#10136 = ORIENTED_EDGE ( 'NONE', *, *, #12656, .T. ) ;
#10137 = CARTESIAN_POINT ( 'NONE',  ( -30.87629374033865659, -20.42202547882114061, 34.84146812720864261 ) ) ;
#10138 = EDGE_CURVE ( 'NONE', #789, #103, #11968, .T. ) ;
#10139 = CARTESIAN_POINT ( 'NONE',  ( 18.27912140669922536, 10.00000000000000000, 47.07572326156178377 ) ) ;
#10140 = EDGE_CURVE ( 'NONE', #746, #11045, #2949, .T. ) ;
#10141 = EDGE_CURVE ( 'NONE', #12046, #5713, #7057, .T. ) ;
#10142 = DIRECTION ( 'NONE',  ( 0.000000000000000000, 1.000000000000000000, 0.000000000000000000 ) ) ;
#10143 = VECTOR ( 'NONE', #7968, 1000.000000000000000 ) ;
#10144 = AXIS2_PLACEMENT_3D ( 'NONE', #9618, #11606, #5488 ) ;
#10145 = EDGE_CURVE ( 'NONE', #8946, #9285, #1277, .T. ) ;
#10146 = ORIENTED_EDGE ( 'NONE', *, *, #6691, .F. ) ;
#10147 = EDGE_CURVE ( 'NONE', #8095, #12510, #11272, .T. ) ;
#10148 = AXIS2_PLACEMENT_3D ( 'NONE', #2104, #9947, #2997 ) ;
#10149 = EDGE_CURVE ( 'NONE', #8183, #8212, #5197, .T. ) ;
#10150 = ORIENTED_EDGE ( 'NONE', *, *, #4960, .F. ) ;
#10152 = ORIENTED_EDGE ( 'NONE', *, *, #6893, .T. ) ;
#10151 = DIRECTION ( 'NONE',  ( 0.000000000000000000, 0.000000000000000000, -1.000000000000000000 ) ) ;
#10153 = DIRECTION ( 'NONE',  ( 0.000000000000000000, 0.000000000000000000, 1.000000000000000000 ) ) ;
#10154 = VERTEX_POINT ( 'NONE', #5297 ) ;
#10155 = AXIS2_PLACEMENT_3D ( 'NONE', #142, #5860, #3985 ) ;
#10156 = CIRCLE ( 'NONE', #8112, 8.000000000000001776 ) ;
#10157 = FACE_OUTER_BOUND ( 'NONE', #7603, .T. ) ;
#10158 = DIRECTION ( 'NONE',  ( 0.000000000000000000, 1.000000000000000000, 0.000000000000000000 ) ) ;
#10159 = ORIENTED_EDGE ( 'NONE', *, *, #8585, .T. ) ;
#10160 = DIRECTION ( 'NONE',  ( 0.000000000000000000, 0.000000000000000000, 1.000000000000000000 ) ) ;
#10161 = FACE_OUTER_BOUND ( 'NONE', #8882, .T. ) ;
#10162 = EDGE_CURVE ( 'NONE', #5627, #11423, #2335, .T. ) ;
#10163 = DIRECTION ( 'NONE',  ( 0.000000000000000000, 0.000000000000000000, 1.000000000000000000 ) ) ;
#10164 = VECTOR ( 'NONE', #3939, 1000.000000000000114 ) ;
#10165 = ORIENTED_EDGE ( 'NONE', *, *, #12020, .T. ) ;
#10166 = ORIENTED_EDGE ( 'NONE', *, *, #2361, .F. ) ;
#10167 = DIRECTION ( 'NONE',  ( -0.000000000000000000, 1.000000000000000000, -0.000000000000000000 ) ) ;
#10168 = VECTOR ( 'NONE', #2068, 999.9999999999998863 ) ;
#10169 = DIRECTION ( 'NONE',  ( 0.000000000000000000, 1.000000000000000000, 0.000000000000000000 ) ) ;
#10170 = CARTESIAN_POINT ( 'NONE',  ( 20.86000496748291511, -10.00000000000000000, -46.16528980983336794 ) ) ;
#10171 = CARTESIAN_POINT ( 'NONE',  ( -45.89377128388439786, 10.00000000000000000, 11.80310486381309865 ) ) ;
#10172 = VERTEX_POINT ( 'NONE', #9180 ) ;
#10173 = VERTEX_POINT ( 'NONE', #378 ) ;
#10174 = DIRECTION ( 'NONE',  ( -0.4739546398215211953, 0.000000000000000000, 0.8805492600596811492 ) ) ;
#10175 = LINE ( 'NONE', #9208, #3964 ) ;
#10176 = EDGE_CURVE ( 'NONE', #8781, #4574, #3362, .T. ) ;
#10177 = CARTESIAN_POINT ( 'NONE',  ( 20.86000496748291511, -19.69863090235023151, -46.16528980983336794 ) ) ;
#10178 = CARTESIAN_POINT ( 'NONE',  ( -46.91716864078411220, 10.00000000000000000, -6.658138915333974062 ) ) ;
#10179 = DIRECTION ( 'NONE',  ( 0.000000000000000000, 1.000000000000000000, 0.000000000000000000 ) ) ;
#10180 = ADVANCED_FACE ( 'NONE', ( #4279 ), #3389, .T. ) ;
#10181 = ORIENTED_EDGE ( 'NONE', *, *, #3471, .F. ) ;
#10182 = VERTEX_POINT ( 'NONE', #7315 ) ;
#10183 = DIRECTION ( 'NONE',  ( -0.9948960270893570934, 0.000000000000000000, -0.1009053778636862658 ) ) ;
#10184 = VECTOR ( 'NONE', #6730, 1000.000000000000000 ) ;
#10185 = LINE ( 'NONE', #3238, #2866 ) ;
#10186 = LINE ( 'NONE', #8198, #242 ) ;
#10187 = ORIENTED_EDGE ( 'NONE', *, *, #7470, .T. ) ;
#10188 = VERTEX_POINT ( 'NONE', #12244 ) ;
#10189 = ORIENTED_EDGE ( 'NONE', *, *, #796, .F. ) ;
#10190 = DIRECTION ( 'NONE',  ( 0.000000000000000000, 1.000000000000000000, 0.000000000000000000 ) ) ;
#10191 = EDGE_CURVE ( 'NONE', #687, #6832, #11763, .T. ) ;
#10192 = ORIENTED_EDGE ( 'NONE', *, *, #5616, .F. ) ;
#10193 = DIRECTION ( 'NONE',  ( 0.000000000000000000, 1.000000000000000000, 0.000000000000000000 ) ) ;
#10194 = AXIS2_PLACEMENT_3D ( 'NONE', #6937, #10717, #4810 ) ;
#10195 = DIRECTION ( 'NONE',  ( -1.387778780781454037E-14, 0.000000000000000000, 1.000000000000000000 ) ) ;
#10196 = CARTESIAN_POINT ( 'NONE',  ( 35.24837783041262895, -10.00000000000000000, 36.85853849957258177 ) ) ;
#10197 = CARTESIAN_POINT ( 'NONE',  ( 23.48578117747931060, -20.23931917473915831, 40.19566517527146488 ) ) ;
#10198 = EDGE_CURVE ( 'NONE', #5564, #10767, #12593, .T. ) ;
#10199 = ORIENTED_EDGE ( 'NONE', *, *, #3067, .F. ) ;
#10201 = ORIENTED_EDGE ( 'NONE', *, *, #11410, .T. ) ;
#10200 = DIRECTION ( 'NONE',  ( 0.000000000000000000, 1.000000000000000000, 0.000000000000000000 ) ) ;
#10202 = DIRECTION ( 'NONE',  ( 0.000000000000000000, 1.000000000000000000, 0.000000000000000000 ) ) ;
#10203 = VERTEX_POINT ( 'NONE', #6283 ) ;
#10204 = FACE_OUTER_BOUND ( 'NONE', #3072, .T. ) ;
#10205 = DIRECTION ( 'NONE',  ( 3.469446951953611033E-15, 0.000000000000000000, 1.000000000000000000 ) ) ;
#10206 = CARTESIAN_POINT ( 'NONE',  ( -40.33403783062611581, -19.69863090235025993, -19.95408209559187895 ) ) ;
#10207 = EDGE_LOOP ( 'NONE', ( #9789, #10210, #10988, #8576 ) ) ;
#10208 = ADVANCED_FACE ( 'NONE', ( #7369 ), #9054, .F. ) ;
#10210 = ORIENTED_EDGE ( 'NONE', *, *, #11711, .T. ) ;
#10209 = FACE_OUTER_BOUND ( 'NONE', #9169, .T. ) ;
#10211 = CYLINDRICAL_SURFACE ( 'NONE', #10724, 0.4999999999999976130 ) ;
#10212 = VERTEX_POINT ( 'NONE', #4525 ) ;
#10213 = DIRECTION ( 'NONE',  ( 0.000000000000000000, 1.000000000000000000, 0.000000000000000000 ) ) ;
#10214 = EDGE_CURVE ( 'NONE', #11341, #11199, #9521, .T. ) ;
#10215 = FACE_OUTER_BOUND ( 'NONE', #3762, .T. ) ;
#10216 = ORIENTED_EDGE ( 'NONE', *, *, #2885, .T. ) ;
#10217 = DIRECTION ( 'NONE',  ( -0.4943214563281697060, -0.000000000000000000, -0.8692791828944240740 ) ) ;
#10218 = EDGE_LOOP ( 'NONE', ( #6323, #10390, #11828, #6578 ) ) ;
#10219 = DIRECTION ( 'NONE',  ( 0.000000000000000000, 1.000000000000000000, 0.000000000000000000 ) ) ;
#10220 = CARTESIAN_POINT ( 'NONE',  ( 33.87033607633498633, 10.00000000000000000, 29.62769538921514823 ) ) ;
#10221 = ORIENTED_EDGE ( 'NONE', *, *, #10843, .T. ) ;
#10222 = DIRECTION ( 'NONE',  ( 0.000000000000000000, 0.000000000000000000, 1.000000000000000000 ) ) ;
#10223 = DIRECTION ( 'NONE',  ( -0.000000000000000000, -1.000000000000000000, -0.000000000000000000 ) ) ;
#10224 = LINE ( 'NONE', #1419, #6576 ) ;
#10225 = EDGE_CURVE ( 'NONE', #3816, #9803, #2548, .T. ) ;
#10226 = EDGE_CURVE ( 'NONE', #3387, #3383, #4462, .T. ) ;
#10227 = DIRECTION ( 'NONE',  ( -0.2875058131643769554, 0.000000000000000000, -0.9577788927496212468 ) ) ;
#10228 = VERTEX_POINT ( 'NONE', #6529 ) ;
#10229 = DIRECTION ( 'NONE',  ( 0.000000000000000000, 1.000000000000000000, 0.000000000000000000 ) ) ;
#10230 = CARTESIAN_POINT ( 'NONE',  ( 46.21285384832088283, -10.00000000000000000, 20.36227244670233105 ) ) ;
#10231 = CARTESIAN_POINT ( 'NONE',  ( 3.000000000000000000, -10.00000000000000000, 44.89988864128728352 ) ) ;
#10232 = DIRECTION ( 'NONE',  ( -0.9954650415614805237, 0.000000000000000000, 0.09512807697520032912 ) ) ;
#10233 = DIRECTION ( 'NONE',  ( -0.8939589078457516047, 0.000000000000000000, 0.4481489385050810847 ) ) ;
#10234 = VERTEX_POINT ( 'NONE', #5487 ) ;
#10235 = DIRECTION ( 'NONE',  ( -0.4481489385050655971, -0.000000000000000000, 0.8939589078457593763 ) ) ;
#10236 = CARTESIAN_POINT ( 'NONE',  ( 27.43945043190211308, 10.00000000000000000, 35.66618230193956407 ) ) ;
#10237 = EDGE_CURVE ( 'NONE', #5087, #10433, #1107, .T. ) ;
#10238 = CARTESIAN_POINT ( 'NONE',  ( -35.66618230193965644, 10.00000000000000000, 27.43945043190198874 ) ) ;
#10239 = ORIENTED_EDGE ( 'NONE', *, *, #5892, .F. ) ;
#10240 = VERTEX_POINT ( 'NONE', #7435 ) ;
#10241 = ORIENTED_EDGE ( 'NONE', *, *, #1048, .T. ) ;
#10242 = DIRECTION ( 'NONE',  ( 0.8314696123025421270, 0.000000000000000000, -0.5555702330196069516 ) ) ;
#10243 = EDGE_CURVE ( 'NONE', #4423, #8117, #9316, .T. ) ;
#10244 = ORIENTED_EDGE ( 'NONE', *, *, #2914, .T. ) ;
#10245 = DIRECTION ( 'NONE',  ( 0.000000000000000000, 1.000000000000000000, 0.000000000000000000 ) ) ;
#10246 = FACE_OUTER_BOUND ( 'NONE', #11026, .T. ) ;
#10247 = DIRECTION ( 'NONE',  ( -3.469446951953611033E-15, 0.000000000000000000, 1.000000000000000000 ) ) ;
#10248 = LINE ( 'NONE', #496, #5597 ) ;
#10249 = ADVANCED_FACE ( 'NONE', ( #9427 ), #12443, .T. ) ;
#10250 = CIRCLE ( 'NONE', #2044, 50.99999999999999289 ) ;
#10251 = DIRECTION ( 'NONE',  ( 0.000000000000000000, 0.000000000000000000, 1.000000000000000000 ) ) ;
#10252 = ORIENTED_EDGE ( 'NONE', *, *, #3961, .F. ) ;
#10254 = VERTEX_POINT ( 'NONE', #7503 ) ;
#10253 = CARTESIAN_POINT ( 'NONE',  ( 37.88346327708572403, -10.00000000000000000, -28.46743292285691851 ) ) ;
#10255 = CARTESIAN_POINT ( 'NONE',  ( 0.000000000000000000, -19.69863090235025282, 0.000000000000000000 ) ) ;
#10256 = ORIENTED_EDGE ( 'NONE', *, *, #4174, .F. ) ;
#10257 = CARTESIAN_POINT ( 'NONE',  ( -2.157587686025606022, -10.00000000000000000, 45.84930138799938248 ) ) ;
#10258 = CARTESIAN_POINT ( 'NONE',  ( -18.27912140669856456, -10.00000000000000000, 47.07572326156203957 ) ) ;
#10259 = AXIS2_PLACEMENT_3D ( 'NONE', #9468, #660, #10668 ) ;
#10260 = AXIS2_PLACEMENT_3D ( 'NONE', #9690, #8928, #125 ) ;
#10261 = LINE ( 'NONE', #10206, #9532 ) ;
#10262 = VECTOR ( 'NONE', #8538, 1000.000000000000000 ) ;
#10263 = AXIS2_PLACEMENT_3D ( 'NONE', #7931, #11825, #923 ) ;
#10264 = ORIENTED_EDGE ( 'NONE', *, *, #10294, .F. ) ;
#10265 = VECTOR ( 'NONE', #9740, 1000.000000000000114 ) ;
#10267 = VERTEX_POINT ( 'NONE', #6470 ) ;
#10266 = CARTESIAN_POINT ( 'NONE',  ( -41.20865162466920140, -10.00000000000000000, -29.46558707621425199 ) ) ;
#10268 = CARTESIAN_POINT ( 'NONE',  ( 0.000000000000000000, -20.42202547882114061, 0.000000000000000000 ) ) ;
#10269 = ORIENTED_EDGE ( 'NONE', *, *, #1892, .F. ) ;
#10270 = CARTESIAN_POINT ( 'NONE',  ( 2.622880895175929705, -10.00000000000000000, 47.31460686609772637 ) ) ;
#10271 = EDGE_CURVE ( 'NONE', #3044, #9318, #2606, .T. ) ;
#10272 = DIRECTION ( 'NONE',  ( 0.000000000000000000, 1.000000000000000000, 0.000000000000000000 ) ) ;
#10273 = ORIENTED_EDGE ( 'NONE', *, *, #8613, .T. ) ;
#10274 = FACE_OUTER_BOUND ( 'NONE', #4807, .T. ) ;
#10275 = CIRCLE ( 'NONE', #5537, 50.99999999999998579 ) ;
#10276 = CIRCLE ( 'NONE', #6998, 0.5000000000000004441 ) ;
#10277 = FACE_OUTER_BOUND ( 'NONE', #7189, .T. ) ;
#10278 = EDGE_CURVE ( 'NONE', #5323, #5444, #617, .T. ) ;
#10279 = DIRECTION ( 'NONE',  ( 0.000000000000000000, 1.000000000000000000, 0.000000000000000000 ) ) ;
#10280 = CIRCLE ( 'NONE', #6173, 8.000000000000000000 ) ;
#10281 = CARTESIAN_POINT ( 'NONE',  ( 1.127393218865628155, -10.00000000000000000, -50.48741412005625051 ) ) ;
#10282 = AXIS2_PLACEMENT_3D ( 'NONE', #9728, #6568, #10618 ) ;
#10283 = FACE_OUTER_BOUND ( 'NONE', #10039, .T. ) ;
#10284 = CARTESIAN_POINT ( 'NONE',  ( -3.000000000000005329, 10.00000000000000000, 44.89988864128729062 ) ) ;
#10285 = VECTOR ( 'NONE', #9282, 1000.000000000000227 ) ;
#10286 = AXIS2_PLACEMENT_3D ( 'NONE', #189, #3013, #4096 ) ;
#10287 = ORIENTED_EDGE ( 'NONE', *, *, #4511, .F. ) ;
#10288 = CARTESIAN_POINT ( 'NONE',  ( 0.000000000000000000, 10.00000000000000000, 0.000000000000000000 ) ) ;
#10289 = FACE_OUTER_BOUND ( 'NONE', #7002, .T. ) ;
#10290 = DIRECTION ( 'NONE',  ( -0.07193236855373981442, 0.000000000000000000, -0.9974095118627297474 ) ) ;
#10291 = FACE_OUTER_BOUND ( 'NONE', #12365, .T. ) ;
#10292 = EDGE_CURVE ( 'NONE', #7455, #12312, #2735, .T. ) ;
#10293 = LINE ( 'NONE', #7286, #2859 ) ;
#10294 = EDGE_CURVE ( 'NONE', #9178, #8201, #5448, .T. ) ;
#10295 = AXIS2_PLACEMENT_3D ( 'NONE', #3172, #11771, #8064 ) ;
#10296 = EDGE_CURVE ( 'NONE', #1028, #5228, #392, .T. ) ;
#10297 = CARTESIAN_POINT ( 'NONE',  ( -11.45278456627792352, 10.00000000000000000, -49.34782179739794117 ) ) ;
#10298 = VECTOR ( 'NONE', #9013, 1000.000000000000000 ) ;
#10299 = CIRCLE ( 'NONE', #50, 0.4999999999999971689 ) ;
#10300 = ADVANCED_FACE ( 'NONE', ( #5314 ), #2379, .F. ) ;
#10301 = EDGE_CURVE ( 'NONE', #5431, #5439, #4363, .T. ) ;
#10302 = DIRECTION ( 'NONE',  ( 0.4688348621887414858, 0.000000000000000000, -0.8832858382179936685 ) ) ;
#10303 = DIRECTION ( 'NONE',  ( 0.000000000000000000, 1.000000000000000000, 0.000000000000000000 ) ) ;
#10304 = EDGE_LOOP ( 'NONE', ( #4578, #1863, #2473, #8577 ) ) ;
#10305 = VERTEX_POINT ( 'NONE', #577 ) ;
#10306 = ORIENTED_EDGE ( 'NONE', *, *, #9755, .T. ) ;
#10307 = CYLINDRICAL_SURFACE ( 'NONE', #8884, 5.000000000000000888 ) ;
#10308 = AXIS2_PLACEMENT_3D ( 'NONE', #4951, #10987, #9005 ) ;
#10309 = VECTOR ( 'NONE', #11036, 999.9999999999998863 ) ;
#10310 = ORIENTED_EDGE ( 'NONE', *, *, #8973, .F. ) ;
#10311 = CARTESIAN_POINT ( 'NONE',  ( 46.12357170388319361, -19.06525438257995830, -6.315817419441274616 ) ) ;
#10312 = CARTESIAN_POINT ( 'NONE',  ( -45.84930138799937538, -18.55636363116341414, 2.157587686025765894 ) ) ;
#10313 = CIRCLE ( 'NONE', #2300, 40.00000000000000000 ) ;
#10314 = ORIENTED_EDGE ( 'NONE', *, *, #1648, .T. ) ;
#10315 = EDGE_CURVE ( 'NONE', #1431, #11201, #902, .T. ) ;
#10316 = DIRECTION ( 'NONE',  ( 0.000000000000000000, 1.000000000000000000, 0.000000000000000000 ) ) ;
#10317 = DIRECTION ( 'NONE',  ( 0.1240347345892081898, -0.000000000000000000, 0.9922778767136676281 ) ) ;
#10318 = CIRCLE ( 'NONE', #9098, 44.99999999999999289 ) ;
#10319 = AXIS2_PLACEMENT_3D ( 'NONE', #7602, #10677, #11510 ) ;
#10320 = LINE ( 'NONE', #5478, #1458 ) ;
#10321 = ORIENTED_EDGE ( 'NONE', *, *, #10149, .F. ) ;
#10323 = ORIENTED_EDGE ( 'NONE', *, *, #175, .F. ) ;
#10322 = CARTESIAN_POINT ( 'NONE',  ( 0.000000000000000000, -10.00000000000000178, -26.00000000000000000 ) ) ;
#10324 = DIRECTION ( 'NONE',  ( 0.000000000000000000, 1.000000000000000000, 0.000000000000000000 ) ) ;
#10325 = ORIENTED_EDGE ( 'NONE', *, *, #4245, .F. ) ;
#10326 = VERTEX_POINT ( 'NONE', #10220 ) ;
#10327 = CYLINDRICAL_SURFACE ( 'NONE', #3093, 44.99999999999999289 ) ;
#10328 = DIRECTION ( 'NONE',  ( -0.000000000000000000, 1.000000000000000000, -0.000000000000000000 ) ) ;
#10329 = EDGE_CURVE ( 'NONE', #3998, #7619, #2532, .T. ) ;
#10330 = CARTESIAN_POINT ( 'NONE',  ( 20.37347321810609913, 10.00000000000000000, -41.85922843806471150 ) ) ;
#10331 = AXIS2_PLACEMENT_3D ( 'NONE', #4373, #8316, #3417 ) ;
#10332 = VERTEX_POINT ( 'NONE', #3271 ) ;
#10333 = AXIS2_PLACEMENT_3D ( 'NONE', #3639, #5433, #1594 ) ;
#10334 = EDGE_CURVE ( 'NONE', #7487, #9356, #4478, .T. ) ;
#10336 = ORIENTED_EDGE ( 'NONE', *, *, #9319, .T. ) ;
#10335 = DIRECTION ( 'NONE',  ( 0.000000000000000000, 1.000000000000000000, 0.000000000000000000 ) ) ;
#10337 = DIRECTION ( 'NONE',  ( -0.9922778767136681832, 0.000000000000000000, -0.1240347345892047204 ) ) ;
#10338 = CARTESIAN_POINT ( 'NONE',  ( 46.12357170388319361, -10.00000000000000000, -6.315817419441274616 ) ) ;
#10339 = FACE_OUTER_BOUND ( 'NONE', #4041, .T. ) ;
#10340 = AXIS2_PLACEMENT_3D ( 'NONE', #11361, #2432, #6354 ) ;
#10341 = AXIS2_PLACEMENT_3D ( 'NONE', #3328, #7256, #11156 ) ;
#10342 = ORIENTED_EDGE ( 'NONE', *, *, #1114, .F. ) ;
#10343 = LINE ( 'NONE', #6421, #10651 ) ;
#10344 = AXIS2_PLACEMENT_3D ( 'NONE', #11541, #12503, #8739 ) ;
#10345 = CARTESIAN_POINT ( 'NONE',  ( 22.51666049839540307, -10.00000000000000178, -13.00000000000000533 ) ) ;
#10346 = DIRECTION ( 'NONE',  ( -0.000000000000000000, -1.000000000000000000, -0.000000000000000000 ) ) ;
#10347 = EDGE_CURVE ( 'NONE', #10173, #4908, #8418, .T. ) ;
#10348 = CIRCLE ( 'NONE', #9129, 0.5000000000000004441 ) ;
#10349 = VECTOR ( 'NONE', #3876, 1000.000000000000000 ) ;
#10350 = CARTESIAN_POINT ( 'NONE',  ( 34.84146812720874919, 10.00000000000000000, 30.87629374033853225 ) ) ;
#10351 = ORIENTED_EDGE ( 'NONE', *, *, #6811, .T. ) ;
#10352 = LINE ( 'NONE', #7335, #8654 ) ;
#10353 = CARTESIAN_POINT ( 'NONE',  ( 0.000000000000000000, -10.00000000000000000, 0.000000000000000000 ) ) ;
#10354 = ORIENTED_EDGE ( 'NONE', *, *, #996, .T. ) ;
#10355 = CARTESIAN_POINT ( 'NONE',  ( 1.605440076985782172, -18.55636363116340704, -50.63394466786608206 ) ) ;
#10356 = DIRECTION ( 'NONE',  ( 0.000000000000000000, 1.000000000000000000, 0.000000000000000000 ) ) ;
#10357 = LINE ( 'NONE', #9459, #12214 ) ;
#10358 = CARTESIAN_POINT ( 'NONE',  ( 0.000000000000000000, 10.00000000000000000, 0.000000000000000000 ) ) ;
#10359 = DIRECTION ( 'NONE',  ( 0.000000000000000000, 1.000000000000000000, 0.000000000000000000 ) ) ;
#10360 = AXIS2_PLACEMENT_3D ( 'NONE', #2749, #9571, #700 ) ;
#10361 = EDGE_LOOP ( 'NONE', ( #5381, #4749, #10763, #2980 ) ) ;
#10362 = CARTESIAN_POINT ( 'NONE',  ( 11.81567228768011191, -10.00000000000000000, 45.02958255179721192 ) ) ;
#10363 = LINE ( 'NONE', #4689, #9846 ) ;
#10364 = ADVANCED_FACE ( 'NONE', ( #12316 ), #2498, .T. ) ;
#10365 = EDGE_CURVE ( 'NONE', #8107, #8033, #1933, .T. ) ;
#10366 = CARTESIAN_POINT ( 'NONE',  ( 50.22970420108337208, 10.00000000000000000, -8.830448225977411525 ) ) ;
#10367 = ORIENTED_EDGE ( 'NONE', *, *, #223, .T. ) ;
#10368 = AXIS2_PLACEMENT_3D ( 'NONE', #3275, #149, #12140 ) ;
#10369 = ORIENTED_EDGE ( 'NONE', *, *, #8924, .T. ) ;
#10370 = ORIENTED_EDGE ( 'NONE', *, *, #11457, .T. ) ;
#10371 = CARTESIAN_POINT ( 'NONE',  ( 45.02958255179718350, -10.00000000000000000, -11.81567228768027178 ) ) ;
#10372 = EDGE_CURVE ( 'NONE', #7883, #51, #2137, .T. ) ;
#10373 = ORIENTED_EDGE ( 'NONE', *, *, #4477, .F. ) ;
#10374 = EDGE_CURVE ( 'NONE', #12402, #3395, #8512, .T. ) ;
#10375 = CARTESIAN_POINT ( 'NONE',  ( -49.73725612068064805, -19.06525438257993699, 8.743875204153765068 ) ) ;
#10376 = EDGE_CURVE ( 'NONE', #7236, #7344, #524, .T. ) ;
#10377 = DIRECTION ( 'NONE',  ( -0.9948960270893559832, 0.000000000000000000, 0.1009053778636969517 ) ) ;
#10378 = CIRCLE ( 'NONE', #4837, 50.99999999999999289 ) ;
#10379 = CARTESIAN_POINT ( 'NONE',  ( 42.70926380875515349, -10.00000000000000000, 20.52974213179061636 ) ) ;
#10380 = CARTESIAN_POINT ( 'NONE',  ( 0.000000000000000000, 10.00000000000000000, 0.000000000000000000 ) ) ;
#10381 = DIRECTION ( 'NONE',  ( -5.551115123125785858E-15, 0.000000000000000000, 1.000000000000000000 ) ) ;
#10382 = ORIENTED_EDGE ( 'NONE', *, *, #462, .F. ) ;
#10383 = LINE ( 'NONE', #6716, #11083 ) ;
#10385 = ORIENTED_EDGE ( 'NONE', *, *, #8733, .F. ) ;
#10384 = CARTESIAN_POINT ( 'NONE',  ( -26.79583779944143629, 10.00000000000000000, 42.99252106000928109 ) ) ;
#10386 = VECTOR ( 'NONE', #4450, 1000.000000000000000 ) ;
#10387 = EDGE_CURVE ( 'NONE', #4719, #11875, #5261, .T. ) ;
#10388 = DIRECTION ( 'NONE',  ( 0.000000000000000000, 0.000000000000000000, -1.000000000000000000 ) ) ;
#10389 = ORIENTED_EDGE ( 'NONE', *, *, #2931, .F. ) ;
#10390 = ORIENTED_EDGE ( 'NONE', *, *, #2687, .T. ) ;
#10391 = CYLINDRICAL_SURFACE ( 'NONE', #1666, 0.5000000000000004441 ) ;
#10392 = DIRECTION ( 'NONE',  ( 0.9560937162403051470, -0.000000000000000000, -0.2930610956196725292 ) ) ;
#10393 = LINE ( 'NONE', #2607, #11979 ) ;
#10395 = ORIENTED_EDGE ( 'NONE', *, *, #6288, .T. ) ;
#10394 = DIRECTION ( 'NONE',  ( -0.000000000000000000, -1.000000000000000000, -0.000000000000000000 ) ) ;
#10396 = EDGE_CURVE ( 'NONE', #7788, #1775, #8308, .T. ) ;
#10397 = DIRECTION ( 'NONE',  ( 0.000000000000000000, 0.000000000000000000, 1.000000000000000000 ) ) ;
#10398 = DIRECTION ( 'NONE',  ( 0.000000000000000000, 1.000000000000000000, 0.000000000000000000 ) ) ;
#10399 = CARTESIAN_POINT ( 'NONE',  ( 34.66838806764755532, -10.00000000000000000, 36.93882319809753056 ) ) ;
#10400 = VERTEX_POINT ( 'NONE', #7333 ) ;
#10401 = CARTESIAN_POINT ( 'NONE',  ( 45.02958255179718350, 10.00000000000000000, -11.81567228768027178 ) ) ;
#10402 = DIRECTION ( 'NONE',  ( -0.9490135592383418528, -0.000000000000000000, 0.3152352524413700174 ) ) ;
#10403 = CARTESIAN_POINT ( 'NONE',  ( -14.41080490052400798, -10.00000000000000000, 42.63013842481669258 ) ) ;
#10404 = ORIENTED_EDGE ( 'NONE', *, *, #5330, .T. ) ;
#10405 = EDGE_CURVE ( 'NONE', #10182, #2410, #5013, .T. ) ;
#10406 = DIRECTION ( 'NONE',  ( 0.000000000000000000, 0.000000000000000000, 1.000000000000000000 ) ) ;
#10407 = DIRECTION ( 'NONE',  ( 0.000000000000000000, 0.000000000000000000, 1.000000000000000000 ) ) ;
#10408 = CARTESIAN_POINT ( 'NONE',  ( 45.02958255179718350, 10.00000000000000000, -11.81567228768027178 ) ) ;
#10409 = VERTEX_POINT ( 'NONE', #8365 ) ;
#10410 = DIRECTION ( 'NONE',  ( 0.000000000000000000, 1.000000000000000000, 0.000000000000000000 ) ) ;
#10411 = FACE_OUTER_BOUND ( 'NONE', #9578, .T. ) ;
#10412 = DIRECTION ( 'NONE',  ( 0.000000000000000000, 0.000000000000000000, 1.000000000000000000 ) ) ;
#10413 = DIRECTION ( 'NONE',  ( -0.7748486042760462933, 0.000000000000000000, -0.6321468503848318710 ) ) ;
#10414 = CARTESIAN_POINT ( 'NONE',  ( 41.85922843806421412, -19.69863090235031322, -20.37347321810711875 ) ) ;
#10415 = VERTEX_POINT ( 'NONE', #3465 ) ;
#10416 = CYLINDRICAL_SURFACE ( 'NONE', #1542, 0.5000000000000004441 ) ;
#10417 = DIRECTION ( 'NONE',  ( 0.000000000000000000, 1.000000000000000000, 0.000000000000000000 ) ) ;
#10418 = CARTESIAN_POINT ( 'NONE',  ( 0.000000000000000000, 5.000000000000000000, 0.000000000000000000 ) ) ;
#10419 = VERTEX_POINT ( 'NONE', #11290 ) ;
#10420 = ORIENTED_EDGE ( 'NONE', *, *, #1741, .T. ) ;
#10421 = CARTESIAN_POINT ( 'NONE',  ( -41.20865162466920140, 10.00000000000000000, -29.46558707621425199 ) ) ;
#10422 = VERTEX_POINT ( 'NONE', #6423 ) ;
#10423 = CARTESIAN_POINT ( 'NONE',  ( 0.000000000000000000, 9.000000000000007105, 0.000000000000000000 ) ) ;
#10424 = ORIENTED_EDGE ( 'NONE', *, *, #6859, .T. ) ;
#10425 = DIRECTION ( 'NONE',  ( -0.8314696123025387964, 0.000000000000000000, 0.5555702330196120586 ) ) ;
#10426 = ADVANCED_FACE ( 'NONE', ( #6171 ), #1294, .T. ) ;
#10427 = ORIENTED_EDGE ( 'NONE', *, *, #3235, .T. ) ;
#10428 = EDGE_CURVE ( 'NONE', #11321, #2236, #11481, .T. ) ;
#10429 = CARTESIAN_POINT ( 'NONE',  ( -1.605440076985781728, -10.00000000000000000, 50.63394466786608206 ) ) ;
#10430 = LINE ( 'NONE', #1580, #8702 ) ;
#10431 = CARTESIAN_POINT ( 'NONE',  ( 3.198396408832238080E-15, -5.000000000000000000, 26.00000000000000000 ) ) ;
#10432 = FACE_OUTER_BOUND ( 'NONE', #3450, .T. ) ;
#10433 = VERTEX_POINT ( 'NONE', #11556 ) ;
#10434 = DIRECTION ( 'NONE',  ( 0.000000000000000000, 1.000000000000000000, 0.000000000000000000 ) ) ;
#10435 = CARTESIAN_POINT ( 'NONE',  ( 27.38034598923388785, 10.00000000000000000, -43.02692939903848668 ) ) ;
#10436 = CARTESIAN_POINT ( 'NONE',  ( 35.31113623141710178, -20.42202547882114061, 31.60182249696943302 ) ) ;
#10437 = ORIENTED_EDGE ( 'NONE', *, *, #5907, .F. ) ;
#10438 = EDGE_LOOP ( 'NONE', ( #12050, #9091 ) ) ;
#10439 = CARTESIAN_POINT ( 'NONE',  ( 0.000000000000000000, -10.00000000000000000, 0.000000000000000000 ) ) ;
#10440 = CARTESIAN_POINT ( 'NONE',  ( 50.63394466786609627, 10.00000000000000000, 1.605440076985251707 ) ) ;
#10441 = CARTESIAN_POINT ( 'NONE',  ( 0.000000000000000000, 10.00000000000000000, 0.000000000000000000 ) ) ;
#10442 = VERTEX_POINT ( 'NONE', #767 ) ;
#10443 = DIRECTION ( 'NONE',  ( 0.000000000000000000, 0.000000000000000000, 1.000000000000000000 ) ) ;
#10444 = ADVANCED_FACE ( 'NONE', ( #12517 ), #2757, .T. ) ;
#10445 = ADVANCED_FACE ( 'NONE', ( #3595 ), #3716, .T. ) ;
#10446 = ADVANCED_FACE ( 'NONE', ( #3846 ), #5578, .T. ) ;
#10448 = VERTEX_POINT ( 'NONE', #6542 ) ;
#10447 = FACE_OUTER_BOUND ( 'NONE', #11840, .T. ) ;
#10449 = VECTOR ( 'NONE', #5199, 999.9999999999998863 ) ;
#10450 = CARTESIAN_POINT ( 'NONE',  ( 0.000000000000000000, -5.000000000000000000, 0.000000000000000000 ) ) ;
#10451 = DIRECTION ( 'NONE',  ( 0.000000000000000000, 1.000000000000000000, 0.000000000000000000 ) ) ;
#10452 = CARTESIAN_POINT ( 'NONE',  ( -46.12357170388322913, -19.06525438257993699, 6.315817419440961089 ) ) ;
#10453 = ORIENTED_EDGE ( 'NONE', *, *, #1978, .T. ) ;
#10454 = DIRECTION ( 'NONE',  ( 0.9948960270893570934, 0.000000000000000000, 0.1009053778636862658 ) ) ;
#10455 = CYLINDRICAL_SURFACE ( 'NONE', #3703, 44.99999999999999289 ) ;
#10456 = DIRECTION ( 'NONE',  ( 0.000000000000000000, 1.000000000000000000, 0.000000000000000000 ) ) ;
#10457 = AXIS2_PLACEMENT_3D ( 'NONE', #12542, #5078, #6829 ) ;
#10458 = VERTEX_POINT ( 'NONE', #7521 ) ;
#10459 = EDGE_CURVE ( 'NONE', #9488, #8451, #10546, .T. ) ;
#10460 = AXIS2_PLACEMENT_3D ( 'NONE', #7251, #5243, #8288 ) ;
#10461 = CARTESIAN_POINT ( 'NONE',  ( 0.000000000000000000, -19.06525438257990857, 0.000000000000000000 ) ) ;
#10462 = DIRECTION ( 'NONE',  ( 0.000000000000000000, 0.000000000000000000, 1.000000000000000000 ) ) ;
#10463 = LINE ( 'NONE', #9519, #7438 ) ;
#10464 = VERTEX_POINT ( 'NONE', #1799 ) ;
#10465 = CIRCLE ( 'NONE', #12109, 50.99999999999999289 ) ;
#10466 = CARTESIAN_POINT ( 'NONE',  ( 1.469576158976824144E-15, -8.999999999999982236, -12.00000000000000178 ) ) ;
#10467 = CARTESIAN_POINT ( 'NONE',  ( -45.89377128388439786, -10.00000000000000000, 11.80310486381310042 ) ) ;
#10468 = VECTOR ( 'NONE', #6178, 1000.000000000000114 ) ;
#10469 = CIRCLE ( 'NONE', #2265, 50.99999999999998579 ) ;
#10470 = CIRCLE ( 'NONE', #7202, 0.4999999999999982236 ) ;
#10471 = CARTESIAN_POINT ( 'NONE',  ( 0.000000000000000000, 10.00000000000000000, 0.000000000000000000 ) ) ;
#10472 = DIRECTION ( 'NONE',  ( 0.000000000000000000, 1.000000000000000000, 0.000000000000000000 ) ) ;
#10473 = EDGE_CURVE ( 'NONE', #10419, #7263, #8689, .T. ) ;
#10474 = LINE ( 'NONE', #10414, #12499 ) ;
#10475 = ORIENTED_EDGE ( 'NONE', *, *, #12573, .F. ) ;
#10476 = ORIENTED_EDGE ( 'NONE', *, *, #12512, .T. ) ;
#10477 = CYLINDRICAL_SURFACE ( 'NONE', #10564, 0.5000000000000004441 ) ;
#10478 = AXIS2_PLACEMENT_3D ( 'NONE', #10257, #12294, #1462 ) ;
#10479 = VECTOR ( 'NONE', #1865, 1000.000000000000000 ) ;
#10480 = AXIS2_PLACEMENT_3D ( 'NONE', #7073, #5190, #2303 ) ;
#10481 = CARTESIAN_POINT ( 'NONE',  ( -30.89470704032667570, 10.00000000000000000, 33.94599680791360896 ) ) ;
#10482 = CARTESIAN_POINT ( 'NONE',  ( -2.803801697542733784, -18.55636363116340704, -46.46947506094542035 ) ) ;
#10483 = ADVANCED_FACE ( 'NONE', ( #4615 ), #8620, .T. ) ;
#10484 = ORIENTED_EDGE ( 'NONE', *, *, #8472, .F. ) ;
#10485 = ORIENTED_EDGE ( 'NONE', *, *, #2860, .T. ) ;
#10486 = DIRECTION ( 'NONE',  ( -0.9560937162403072564, 0.000000000000000000, 0.2930610956196658679 ) ) ;
#10487 = ORIENTED_EDGE ( 'NONE', *, *, #8154, .F. ) ;
#10488 = CARTESIAN_POINT ( 'NONE',  ( 8.743875204152887548, 10.00000000000000000, -49.73725612068079727 ) ) ;
#10489 = ORIENTED_EDGE ( 'NONE', *, *, #7790, .F. ) ;
#10490 = LINE ( 'NONE', #7803, #3474 ) ;
#10491 = VECTOR ( 'NONE', #7162, 1000.000000000000000 ) ;
#10492 = VECTOR ( 'NONE', #2743, 999.9999999999998863 ) ;
#10493 = ORIENTED_EDGE ( 'NONE', *, *, #5574, .F. ) ;
#10494 = DIRECTION ( 'NONE',  ( -0.4688348621887415413, 0.000000000000000000, 0.8832858382179937795 ) ) ;
#10495 = CARTESIAN_POINT ( 'NONE',  ( 0.000000000000000000, -10.00000000000000000, 0.000000000000000000 ) ) ;
#10496 = VERTEX_POINT ( 'NONE', #4544 ) ;
#10497 = VECTOR ( 'NONE', #4192, 1000.000000000000000 ) ;
#10498 = EDGE_CURVE ( 'NONE', #11661, #3043, #5706, .T. ) ;
#10499 = CARTESIAN_POINT ( 'NONE',  ( -20.36227244670284264, -10.00000000000000000, -46.21285384832067678 ) ) ;
#10500 = CARTESIAN_POINT ( 'NONE',  ( -29.46558707621411699, -20.23931917473912634, 41.20865162466930087 ) ) ;
#10501 = EDGE_LOOP ( 'NONE', ( #3634, #2539, #3620, #5409 ) ) ;
#10502 = CARTESIAN_POINT ( 'NONE',  ( -36.85853849957294415, -20.42202547882114061, -35.24837783041226658 ) ) ;
#10504 = ORIENTED_EDGE ( 'NONE', *, *, #776, .F. ) ;
#10503 = CARTESIAN_POINT ( 'NONE',  ( 40.19566517527186278, -10.00000000000000000, 23.48578117747860361 ) ) ;
#10505 = CARTESIAN_POINT ( 'NONE',  ( -27.38034598923448115, -10.00000000000000000, -43.02692939903812430 ) ) ;
#10506 = VECTOR ( 'NONE', #2341, 1000.000000000000000 ) ;
#10507 = ORIENTED_EDGE ( 'NONE', *, *, #6729, .T. ) ;
#10508 = ORIENTED_EDGE ( 'NONE', *, *, #12522, .T. ) ;
#10509 = DIRECTION ( 'NONE',  ( -0.1009053778637038490, -0.000000000000000000, -0.9948960270893552060 ) ) ;
#10510 = CARTESIAN_POINT ( 'NONE',  ( 46.21285384832046361, 10.00000000000000000, -20.36227244670330094 ) ) ;
#10511 = AXIS2_PLACEMENT_3D ( 'NONE', #7191, #5376, #11224 ) ;
#10512 = EDGE_LOOP ( 'NONE', ( #2271, #8939, #8267, #12487 ) ) ;
#10513 = CIRCLE ( 'NONE', #12101, 50.99999999999999289 ) ;
#10514 = CARTESIAN_POINT ( 'NONE',  ( 1.127393218865628155, -18.55636363116340704, -50.48741412005625051 ) ) ;
#10515 = AXIS2_PLACEMENT_3D ( 'NONE', #7540, #4571, #1696 ) ;
#10516 = LOCAL_TIME ( 21, 9, 55.00000000000000000, #1899 ) ;
#10517 = EDGE_CURVE ( 'NONE', #8117, #10710, #9942, .T. ) ;
#10519 = ORIENTED_EDGE ( 'NONE', *, *, #6299, .T. ) ;
#10518 = DIRECTION ( 'NONE',  ( 0.000000000000000000, 1.000000000000000000, 0.000000000000000000 ) ) ;
#10520 = ADVANCED_FACE ( 'NONE', ( #707 ), #12459, .T. ) ;
#10521 = PLANE ( 'NONE',  #6836 ) ;
#10522 = EDGE_LOOP ( 'NONE', ( #3367, #10306, #7627, #5 ) ) ;
#10523 = CARTESIAN_POINT ( 'NONE',  ( -38.99960370005729970, -10.00000000000000000, 22.45063275808672998 ) ) ;
#10524 = EDGE_CURVE ( 'NONE', #5502, #2778, #3984, .T. ) ;
#10525 = AXIS2_PLACEMENT_3D ( 'NONE', #6935, #3256, #7178 ) ;
#10526 = DIRECTION ( 'NONE',  ( 0.000000000000000000, 1.000000000000000000, 0.000000000000000000 ) ) ;
#10527 = DIRECTION ( 'NONE',  ( -0.1009053778636862658, 0.000000000000000000, 0.9948960270893570934 ) ) ;
#10528 = EDGE_CURVE ( 'NONE', #7007, #3719, #1735, .T. ) ;
#10529 = EDGE_CURVE ( 'NONE', #2600, #10326, #5644, .T. ) ;
#10530 = CARTESIAN_POINT ( 'NONE',  ( 23.48578117747846150, -10.00000000000000000, -40.19566517527194094 ) ) ;
#10531 = DIRECTION ( 'NONE',  ( -0.4739546398215275236, 0.000000000000000000, -0.8805492600596777075 ) ) ;
#10532 = SECURITY_CLASSIFICATION ( '', '', #3236 ) ;
#10533 = VERTEX_POINT ( 'NONE', #1858 ) ;
#10534 = ORIENTED_EDGE ( 'NONE', *, *, #9751, .F. ) ;
#10535 = DIRECTION ( 'NONE',  ( -0.000000000000000000, -1.000000000000000000, -0.000000000000000000 ) ) ;
#10536 = DIRECTION ( 'NONE',  ( -0.000000000000000000, -1.000000000000000000, -0.000000000000000000 ) ) ;
#10537 = DIRECTION ( 'NONE',  ( 0.9490135592383429630, 0.000000000000000000, -0.3152352524413667423 ) ) ;
#10538 = VERTEX_POINT ( 'NONE', #901 ) ;
#10539 = VECTOR ( 'NONE', #5052, 999.9999999999998863 ) ;
#10540 = CARTESIAN_POINT ( 'NONE',  ( -44.62242083716717644, 10.00000000000000000, -5.817177892307206832 ) ) ;
#10541 = EDGE_CURVE ( 'NONE', #7742, #6175, #9732, .T. ) ;
#10542 = DIRECTION ( 'NONE',  ( 0.000000000000000000, 0.000000000000000000, 1.000000000000000000 ) ) ;
#10543 = LINE ( 'NONE', #7665, #9684 ) ;
#10544 = DIRECTION ( 'NONE',  ( 0.000000000000000000, 0.000000000000000000, 1.000000000000000000 ) ) ;
#10545 = FACE_OUTER_BOUND ( 'NONE', #10847, .T. ) ;
#10546 = CIRCLE ( 'NONE', #5620, 0.4999999999999982236 ) ;
#10547 = AXIS2_PLACEMENT_3D ( 'NONE', #8907, #9797, #4007 ) ;
#10548 = DIRECTION ( 'NONE',  ( 0.000000000000000000, 1.000000000000000000, 0.000000000000000000 ) ) ;
#10549 = CARTESIAN_POINT ( 'NONE',  ( 0.000000000000000000, -10.00000000000000000, 0.000000000000000000 ) ) ;
#10550 = VERTEX_POINT ( 'NONE', #10403 ) ;
#10551 = VERTEX_POINT ( 'NONE', #1020 ) ;
#10552 = DIRECTION ( 'NONE',  ( 0.000000000000000000, 1.000000000000000000, 0.000000000000000000 ) ) ;
#10553 = EDGE_CURVE ( 'NONE', #2066, #12440, #1126, .T. ) ;
#10554 = ORIENTED_EDGE ( 'NONE', *, *, #4078, .F. ) ;
#10555 = VECTOR ( 'NONE', #572, 1000.000000000000000 ) ;
#10556 = VECTOR ( 'NONE', #1706, 1000.000000000000000 ) ;
#10557 = DIRECTION ( 'NONE',  ( 0.000000000000000000, 1.000000000000000000, 0.000000000000000000 ) ) ;
#10558 = ORIENTED_EDGE ( 'NONE', *, *, #6973, .T. ) ;
#10559 = CARTESIAN_POINT ( 'NONE',  ( -50.98728950738354371, -18.55636363116341414, -1.138555527963129421 ) ) ;
#10560 = VERTEX_POINT ( 'NONE', #8937 ) ;
#10561 = DIRECTION ( 'NONE',  ( 0.000000000000000000, 1.000000000000000000, 0.000000000000000000 ) ) ;
#10562 = LINE ( 'NONE', #798, #3551 ) ;
#10563 = VECTOR ( 'NONE', #6903, 1000.000000000000000 ) ;
#10564 = AXIS2_PLACEMENT_3D ( 'NONE', #12337, #1619, #11380 ) ;
#10565 = EDGE_LOOP ( 'NONE', ( #1219, #8347, #2773, #1038 ) ) ;
#10566 = EDGE_CURVE ( 'NONE', #6113, #5091, #10720, .T. ) ;
#10567 = CARTESIAN_POINT ( 'NONE',  ( -36.49718027898889972, -10.00000000000000000, -34.90280549874155014 ) ) ;
#10568 = CARTESIAN_POINT ( 'NONE',  ( 0.000000000000000000, 10.00000000000000000, 0.000000000000000000 ) ) ;
#10569 = ORIENTED_EDGE ( 'NONE', *, *, #1589, .T. ) ;
#10570 = ORIENTED_EDGE ( 'NONE', *, *, #7391, .F. ) ;
#10571 = DIRECTION ( 'NONE',  ( 0.9954650415614805237, 0.000000000000000000, -0.09512807697520032912 ) ) ;
#10573 = EDGE_LOOP ( 'NONE', ( #2094, #9187, #2516, #12662 ) ) ;
#10572 = CARTESIAN_POINT ( 'NONE',  ( 20.37347321810699441, -10.00000000000000000, 41.85922843806427807 ) ) ;
#10574 = CARTESIAN_POINT ( 'NONE',  ( -34.66838806764704373, -10.00000000000000000, 36.93882319809801373 ) ) ;
#10575 = ORIENTED_EDGE ( 'NONE', *, *, #630, .T. ) ;
#10576 = EDGE_LOOP ( 'NONE', ( #8896, #5116, #6324, #7573 ) ) ;
#10577 = CARTESIAN_POINT ( 'NONE',  ( 11.45278456627722186, 10.00000000000000000, -49.34782179739809038 ) ) ;
#10578 = AXIS2_PLACEMENT_3D ( 'NONE', #7400, #653, #10542 ) ;
#10579 = LINE ( 'NONE', #7561, #9123 ) ;
#10580 = EDGE_CURVE ( 'NONE', #1821, #11546, #10751, .T. ) ;
#10581 = ORIENTED_EDGE ( 'NONE', *, *, #6543, .T. ) ;
#10582 = DIRECTION ( 'NONE',  ( 0.000000000000000000, 0.000000000000000000, 1.000000000000000000 ) ) ;
#10584 = ORIENTED_EDGE ( 'NONE', *, *, #2802, .T. ) ;
#10583 = DIRECTION ( 'NONE',  ( 0.000000000000000000, 1.000000000000000000, 0.000000000000000000 ) ) ;
#10585 = CARTESIAN_POINT ( 'NONE',  ( -34.66838806764730663, -10.00000000000000000, -36.93882319809778636 ) ) ;
#10586 = ORIENTED_EDGE ( 'NONE', *, *, #8556, .F. ) ;
#10587 = CARTESIAN_POINT ( 'NONE',  ( 11.06088521563281901, 10.00000000000000000, 44.54739544167635046 ) ) ;
#10588 = PLANE ( 'NONE',  #2998 ) ;
#10589 = ORIENTED_EDGE ( 'NONE', *, *, #5492, .T. ) ;
#10590 = LINE ( 'NONE', #12514, #404 ) ;
#10591 = CARTESIAN_POINT ( 'NONE',  ( 50.48741412005623630, -18.55636363116342480, -1.127393218866156843 ) ) ;
#10592 = EDGE_CURVE ( 'NONE', #5087, #9346, #4876, .T. ) ;
#10593 = CARTESIAN_POINT ( 'NONE',  ( -34.90280549874141514, 10.00000000000000000, 36.49718027898902051 ) ) ;
#10594 = ORIENTED_EDGE ( 'NONE', *, *, #6929, .F. ) ;
#10595 = EDGE_CURVE ( 'NONE', #8600, #8944, #1522, .T. ) ;
#10596 = VERTEX_POINT ( 'NONE', #11676 ) ;
#10597 = DIRECTION ( 'NONE',  ( -0.07193236855372590888, -0.000000000000000000, 0.9974095118627308576 ) ) ;
#10598 = DIRECTION ( 'NONE',  ( 6.938893903907222067E-15, 0.000000000000000000, 1.000000000000000000 ) ) ;
#10599 = EDGE_CURVE ( 'NONE', #12402, #9655, #12711, .T. ) ;
#10600 = CARTESIAN_POINT ( 'NONE',  ( 19.95408209559230528, -19.69863090235029901, 40.33403783062590264 ) ) ;
#10601 = VERTEX_POINT ( 'NONE', #7843 ) ;
#10602 = CARTESIAN_POINT ( 'NONE',  ( 40.19566517527137250, -10.00000000000000355, -23.48578117747944916 ) ) ;
#10603 = DIRECTION ( 'NONE',  ( 0.000000000000000000, 1.000000000000000000, 0.000000000000000000 ) ) ;
#10604 = DIRECTION ( 'NONE',  ( 0.000000000000000000, 1.000000000000000000, 0.000000000000000000 ) ) ;
#10605 = VERTEX_POINT ( 'NONE', #6806 ) ;
#10606 = DIRECTION ( 'NONE',  ( 0.000000000000000000, 1.000000000000000000, 0.000000000000000000 ) ) ;
#10607 = VERTEX_POINT ( 'NONE', #1993 ) ;
#10608 = CARTESIAN_POINT ( 'NONE',  ( 6.658138915333473129, -19.06525438257988725, -46.91716864078417615 ) ) ;
#10609 = EDGE_CURVE ( 'NONE', #5697, #1573, #6035, .T. ) ;
#10610 = DIRECTION ( 'NONE',  ( -0.9954650415614799686, 0.000000000000000000, 0.09512807697520682393 ) ) ;
#10611 = ADVANCED_FACE ( 'NONE', ( #2876 ), #3976, .T. ) ;
#10612 = CARTESIAN_POINT ( 'NONE',  ( -44.89988864128729773, -18.55636363116341414, -2.999999999999843681 ) ) ;
#10613 = VERTEX_POINT ( 'NONE', #11860 ) ;
#10614 = EDGE_CURVE ( 'NONE', #9358, #12549, #9122, .T. ) ;
#10615 = ORIENTED_EDGE ( 'NONE', *, *, #8515, .F. ) ;
#10616 = PLANE ( 'NONE',  #2928 ) ;
#10617 = VERTEX_POINT ( 'NONE', #6996 ) ;
#10618 = DIRECTION ( 'NONE',  ( 0.000000000000000000, 0.000000000000000000, 1.000000000000000000 ) ) ;
#10619 = ORIENTED_EDGE ( 'NONE', *, *, #6087, .T. ) ;
#10620 = CARTESIAN_POINT ( 'NONE',  ( -49.78546187191620476, -10.00000000000000000, 11.06380523147334038 ) ) ;
#10621 = VERTEX_POINT ( 'NONE', #5062 ) ;
#10622 = CARTESIAN_POINT ( 'NONE',  ( 8.303600574123047195, -10.00000000000000000, -49.97423344059155426 ) ) ;
#10623 = CARTESIAN_POINT ( 'NONE',  ( 44.00516535263803064, -10.00000000000000000, 15.19272321494595879 ) ) ;
#10624 = EDGE_CURVE ( 'NONE', #374, #10538, #7684, .T. ) ;
#10625 = ORIENTED_EDGE ( 'NONE', *, *, #1668, .F. ) ;
#10626 = CYLINDRICAL_SURFACE ( 'NONE', #3920, 40.00000000000000000 ) ;
#10627 = LINE ( 'NONE', #1713, #4925 ) ;
#10628 = ADVANCED_FACE ( 'NONE', ( #6878 ), #10785, .T. ) ;
#10629 = VERTEX_POINT ( 'NONE', #6939 ) ;
#10630 = EDGE_LOOP ( 'NONE', ( #9599, #5334, #299, #10864 ) ) ;
#10631 = CARTESIAN_POINT ( 'NONE',  ( 0.000000000000000000, -10.00000000000000000, 0.000000000000000000 ) ) ;
#10633 = ORIENTED_EDGE ( 'NONE', *, *, #7630, .T. ) ;
#10632 = CARTESIAN_POINT ( 'NONE',  ( 0.000000000000000000, -8.999999999999982236, -12.00000000000000178 ) ) ;
#10634 = ORIENTED_EDGE ( 'NONE', *, *, #7272, .T. ) ;
#10635 = CARTESIAN_POINT ( 'NONE',  ( -18.27912140669889851, -19.69863090235027414, -47.07572326156192588 ) ) ;
#10636 = EDGE_CURVE ( 'NONE', #10095, #11656, #2048, .T. ) ;
#10637 = DIRECTION ( 'NONE',  ( -0.000000000000000000, -1.000000000000000000, -0.000000000000000000 ) ) ;
#10638 = CARTESIAN_POINT ( 'NONE',  ( 22.45063275808686143, 10.00000000000000000, 38.99960370005722865 ) ) ;
#10640 = ORIENTED_EDGE ( 'NONE', *, *, #2491, .F. ) ;
#10639 = DIRECTION ( 'NONE',  ( -0.000000000000000000, -1.000000000000000000, -0.000000000000000000 ) ) ;
#10641 = CARTESIAN_POINT ( 'NONE',  ( 22.51666049839541017, -5.000000000000000000, 4.999999999999993783 ) ) ;
#10642 = EDGE_CURVE ( 'NONE', #489, #4984, #9889, .T. ) ;
#10643 = ORIENTED_EDGE ( 'NONE', *, *, #6685, .F. ) ;
#10644 = CARTESIAN_POINT ( 'NONE',  ( -50.22970420108348577, 10.00000000000000000, -8.830448225976725851 ) ) ;
#10645 = CARTESIAN_POINT ( 'NONE',  ( 10.95533655273254325, -10.00000000000000000, -49.29736910846623488 ) ) ;
#10646 = CARTESIAN_POINT ( 'NONE',  ( 40.19566517527137250, 10.00000000000000000, -23.48578117747944916 ) ) ;
#10647 = CARTESIAN_POINT ( 'NONE',  ( -45.38924439456593518, -10.00000000000000000, 6.828624728366314400 ) ) ;
#10648 = DIRECTION ( 'NONE',  ( 0.000000000000000000, 1.000000000000000000, 0.000000000000000000 ) ) ;
#10649 = ORIENTED_EDGE ( 'NONE', *, *, #5976, .T. ) ;
#10650 = AXIS2_PLACEMENT_3D ( 'NONE', #6840, #7034, #10750 ) ;
#10651 = VECTOR ( 'NONE', #10217, 1000.000000000000000 ) ;
#10652 = VERTEX_POINT ( 'NONE', #6099 ) ;
#10653 = DIRECTION ( 'NONE',  ( 0.000000000000000000, 0.000000000000000000, 1.000000000000000000 ) ) ;
#10655 = ORIENTED_EDGE ( 'NONE', *, *, #6753, .T. ) ;
#10654 = CARTESIAN_POINT ( 'NONE',  ( -40.79785237731722702, 10.00000000000000000, -24.10574140080101202 ) ) ;
#10656 = EDGE_CURVE ( 'NONE', #9538, #1545, #1095, .T. ) ;
#10657 = LINE ( 'NONE', #12464, #6409 ) ;
#10658 = EDGE_LOOP ( 'NONE', ( #663, #4038, #12094, #6777 ) ) ;
#10659 = FACE_OUTER_BOUND ( 'NONE', #1160, .T. ) ;
#10660 = CYLINDRICAL_SURFACE ( 'NONE', #3394, 0.5000000000000004441 ) ;
#10661 = FACE_OUTER_BOUND ( 'NONE', #11403, .T. ) ;
#10662 = ORIENTED_EDGE ( 'NONE', *, *, #6430, .F. ) ;
#10663 = CIRCLE ( 'NONE', #3070, 0.5000000000000004441 ) ;
#10664 = DIRECTION ( 'NONE',  ( 0.000000000000000000, 0.000000000000000000, 1.000000000000000000 ) ) ;
#10665 = VECTOR ( 'NONE', #2544, 1000.000000000000114 ) ;
#10666 = VERTEX_POINT ( 'NONE', #7066 ) ;
#10667 = LINE ( 'NONE', #10608, #11584 ) ;
#10668 = DIRECTION ( 'NONE',  ( 0.000000000000000000, 0.000000000000000000, 1.000000000000000000 ) ) ;
#10669 = VECTOR ( 'NONE', #1716, 1000.000000000000000 ) ;
#10670 = VECTOR ( 'NONE', #10742, 1000.000000000000000 ) ;
#10671 = LINE ( 'NONE', #10612, #9685 ) ;
#10672 = AXIS2_PLACEMENT_3D ( 'NONE', #10288, #10229, #12330 ) ;
#10673 = AXIS2_PLACEMENT_3D ( 'NONE', #6849, #1968, #1000 ) ;
#10674 = ORIENTED_EDGE ( 'NONE', *, *, #4398, .T. ) ;
#10675 = ADVANCED_FACE ( 'NONE', ( #4088 ), #8027, .F. ) ;
#10676 = EDGE_LOOP ( 'NONE', ( #6345, #4622, #6217, #1834 ) ) ;
#10677 = DIRECTION ( 'NONE',  ( -0.000000000000000000, -1.000000000000000000, -0.000000000000000000 ) ) ;
#10678 = EDGE_CURVE ( 'NONE', #11918, #9692, #5114, .T. ) ;
#10679 = CARTESIAN_POINT ( 'NONE',  ( -15.55241692398336895, -19.69863090235025282, 43.18490419363098454 ) ) ;
#10680 = DIRECTION ( 'NONE',  ( 0.000000000000000000, 1.000000000000000000, 0.000000000000000000 ) ) ;
#10681 = ORIENTED_EDGE ( 'NONE', *, *, #8458, .F. ) ;
#10682 = ADVANCED_FACE ( 'NONE', ( #9182 ), #6285, .T. ) ;
#10683 = DIRECTION ( 'NONE',  ( 0.000000000000000000, 1.000000000000000000, 0.000000000000000000 ) ) ;
#10684 = ORIENTED_EDGE ( 'NONE', *, *, #2621, .T. ) ;
#10685 = EDGE_CURVE ( 'NONE', #3049, #4135, #8099, .T. ) ;
#10686 = AXIS2_PLACEMENT_3D ( 'NONE', #10956, #1329, #6205 ) ;
#10687 = EDGE_CURVE ( 'NONE', #1192, #3616, #10261, .T. ) ;
#10688 = LINE ( 'NONE', #6006, #3380 ) ;
#10689 = CIRCLE ( 'NONE', #9664, 8.000000000000003553 ) ;
#10690 = AXIS2_PLACEMENT_3D ( 'NONE', #6534, #3516, #2422 ) ;
#10691 = APPLICATION_PROTOCOL_DEFINITION ( 'international standard', 'config_control_design', 1994, #9173 ) ;
#10692 = VERTEX_POINT ( 'NONE', #2297 ) ;
#10693 = CARTESIAN_POINT ( 'NONE',  ( 0.000000000000000000, -20.23931917473915831, 0.000000000000000000 ) ) ;
#10694 = DIRECTION ( 'NONE',  ( -1.387778780781445478E-15, 0.000000000000000000, 1.000000000000000000 ) ) ;
#10695 = ORIENTED_EDGE ( 'NONE', *, *, #3308, .T. ) ;
#10696 = CARTESIAN_POINT ( 'NONE',  ( 0.000000000000000000, 5.999999999999980460, 40.00000000000000000 ) ) ;
#10698 = EDGE_LOOP ( 'NONE', ( #3088, #4864, #10437, #805 ) ) ;
#10697 = LINE ( 'NONE', #12436, #6207 ) ;
#10699 = AXIS2_PLACEMENT_3D ( 'NONE', #5085, #3940, #1124 ) ;
#10700 = AXIS2_PLACEMENT_3D ( 'NONE', #12223, #8327, #6445 ) ;
#10701 = AXIS2_PLACEMENT_3D ( 'NONE', #11853, #10065, #313 ) ;
#10702 = ORIENTED_EDGE ( 'NONE', *, *, #93, .T. ) ;
#10703 = CARTESIAN_POINT ( 'NONE',  ( -37.88346327708612904, 10.00000000000000000, -28.46743292285638205 ) ) ;
#10704 = EDGE_CURVE ( 'NONE', #9734, #10088, #12248, .T. ) ;
#10705 = LINE ( 'NONE', #7762, #12384 ) ;
#10706 = DIRECTION ( 'NONE',  ( 0.000000000000000000, 1.000000000000000000, 0.000000000000000000 ) ) ;
#10707 = CIRCLE ( 'NONE', #1689, 5.000000000000003553 ) ;
#10708 = AXIS2_PLACEMENT_3D ( 'NONE', #2411, #611, #6334 ) ;
#10710 = VERTEX_POINT ( 'NONE', #2481 ) ;
#10709 = DIRECTION ( 'NONE',  ( -0.7893522173763294347, 0.000000000000000000, -0.6139406135149163557 ) ) ;
#10711 = ADVANCED_FACE ( 'NONE', ( #1534 ), #11276, .T. ) ;
#10712 = DIRECTION ( 'NONE',  ( 0.000000000000000000, 1.000000000000000000, 0.000000000000000000 ) ) ;
#10713 = ORIENTED_EDGE ( 'NONE', *, *, #9035, .T. ) ;
#10714 = CARTESIAN_POINT ( 'NONE',  ( -22.51666049839539951, -10.00000000000000178, 13.00000000000001066 ) ) ;
#10715 = CYLINDRICAL_SURFACE ( 'NONE', #8123, 0.5000000000000004441 ) ;
#10716 = AXIS2_PLACEMENT_3D ( 'NONE', #2488, #1220, #10153 ) ;
#10717 = DIRECTION ( 'NONE',  ( 0.1009053778636795490, 0.000000000000000000, -0.9948960270893577595 ) ) ;
#10718 = FACE_BOUND ( 'NONE', #600, .T. ) ;
#10719 = DIRECTION ( 'NONE',  ( 0.000000000000000000, 1.000000000000000000, 0.000000000000000000 ) ) ;
#10720 = LINE ( 'NONE', #10973, #4800 ) ;
#10721 = AXIS2_PLACEMENT_3D ( 'NONE', #113, #8081, #1140 ) ;
#10722 = AXIS2_PLACEMENT_3D ( 'NONE', #2609, #1789, #6596 ) ;
#10723 = VERTEX_POINT ( 'NONE', #9242 ) ;
#10724 = AXIS2_PLACEMENT_3D ( 'NONE', #11282, #4355, #515 ) ;
#10725 = CARTESIAN_POINT ( 'NONE',  ( -19.95408209559202461, -19.69863090235027414, -40.33403783062605896 ) ) ;
#10727 = VERTEX_POINT ( 'NONE', #9380 ) ;
#10726 = DIRECTION ( 'NONE',  ( 0.7561388950492565764, 0.000000000000000000, 0.6544111638669449782 ) ) ;
#10728 = ADVANCED_FACE ( 'NONE', ( #5247 ), #2364, .T. ) ;
#10729 = DIRECTION ( 'NONE',  ( -0.4943214563281667084, 0.000000000000000000, 0.8692791828944257393 ) ) ;
#10730 = CIRCLE ( 'NONE', #2117, 44.99999999999999289 ) ;
#10731 = ORIENTED_EDGE ( 'NONE', *, *, #11537, .T. ) ;
#10732 = CARTESIAN_POINT ( 'NONE',  ( 20.37347321810609913, 10.00000000000000000, -41.85922843806471150 ) ) ;
#10733 = CARTESIAN_POINT ( 'NONE',  ( 5.817177892306731657, 10.00000000000000000, -44.62242083716724039 ) ) ;
#10734 = CIRCLE ( 'NONE', #81, 8.000000000000001776 ) ;
#10735 = DIRECTION ( 'NONE',  ( -0.000000000000000000, -1.000000000000000000, -0.000000000000000000 ) ) ;
#10736 = VERTEX_POINT ( 'NONE', #3259 ) ;
#10737 = CARTESIAN_POINT ( 'NONE',  ( 0.000000000000000000, -10.00000000000000000, 0.000000000000000000 ) ) ;
#10738 = ORIENTED_EDGE ( 'NONE', *, *, #6254, .F. ) ;
#10739 = ADVANCED_FACE ( 'NONE', ( #5370 ), #2417, .T. ) ;
#10740 = LINE ( 'NONE', #11824, #6056 ) ;
#10741 = AXIS2_PLACEMENT_3D ( 'NONE', #6222, #11993, #7180 ) ;
#10742 = DIRECTION ( 'NONE',  ( 0.000000000000000000, 1.000000000000000000, 0.000000000000000000 ) ) ;
#10743 = CARTESIAN_POINT ( 'NONE',  ( 19.53911912941885021, -10.00000000000000000, 41.53355807099688235 ) ) ;
#10744 = ORIENTED_EDGE ( 'NONE', *, *, #12182, .T. ) ;
#10745 = ORIENTED_EDGE ( 'NONE', *, *, #1817, .F. ) ;
#10746 = CARTESIAN_POINT ( 'NONE',  ( -40.33403783062597370, 10.00000000000000000, 19.95408209559216317 ) ) ;
#10747 = DIRECTION ( 'NONE',  ( 0.000000000000000000, 1.000000000000000000, 0.000000000000000000 ) ) ;
#10748 = LINE ( 'NONE', #5876, #56 ) ;
#10749 = ORIENTED_EDGE ( 'NONE', *, *, #12577, .T. ) ;
#10750 = DIRECTION ( 'NONE',  ( 0.000000000000000000, 0.000000000000000000, 1.000000000000000000 ) ) ;
#10751 = CIRCLE ( 'NONE', #911, 0.4999999999999970024 ) ;
#10753 = VERTEX_POINT ( 'NONE', #9312 ) ;
#10752 = AXIS2_PLACEMENT_3D ( 'NONE', #6789, #6860, #7828 ) ;
#10754 = AXIS2_PLACEMENT_3D ( 'NONE', #3702, #12576, #3834 ) ;
#10755 = DIRECTION ( 'NONE',  ( -0.1240347345892081898, 0.000000000000000000, 0.9922778767136676281 ) ) ;
#10756 = EDGE_CURVE ( 'NONE', #11862, #1396, #3448, .T. ) ;
#10757 = EDGE_LOOP ( 'NONE', ( #6215, #4418, #2586, #11210 ) ) ;
#10758 = CARTESIAN_POINT ( 'NONE',  ( 47.07572326156173403, -10.00000000000000000, -18.27912140669936392 ) ) ;
#10759 = DIRECTION ( 'NONE',  ( -0.000000000000000000, -1.000000000000000000, -0.000000000000000000 ) ) ;
#10760 = ORIENTED_EDGE ( 'NONE', *, *, #3139, .F. ) ;
#10761 = VECTOR ( 'NONE', #11566, 1000.000000000000000 ) ;
#10762 = VECTOR ( 'NONE', #1829, 1000.000000000000114 ) ;
#10763 = ORIENTED_EDGE ( 'NONE', *, *, #537, .F. ) ;
#10764 = EDGE_CURVE ( 'NONE', #5653, #2865, #4347, .T. ) ;
#10765 = DIRECTION ( 'NONE',  ( 0.000000000000000000, 0.000000000000000000, 1.000000000000000000 ) ) ;
#10767 = VERTEX_POINT ( 'NONE', #8292 ) ;
#10766 = DIRECTION ( 'NONE',  ( 0.000000000000000000, 1.000000000000000000, 0.000000000000000000 ) ) ;
#10768 = EDGE_CURVE ( 'NONE', #8033, #9612, #6223, .T. ) ;
#10769 = VERTEX_POINT ( 'NONE', #6341 ) ;
#10770 = CARTESIAN_POINT ( 'NONE',  ( 18.46010280676454229, -10.00000000000000000, -47.54181953147863027 ) ) ;
#10771 = DIRECTION ( 'NONE',  ( -1.387778780781445478E-15, 0.000000000000000000, 1.000000000000000000 ) ) ;
#10772 = CIRCLE ( 'NONE', #5227, 5.000000000000000000 ) ;
#10773 = DIRECTION ( 'NONE',  ( 0.000000000000000000, 0.000000000000000000, 1.000000000000000000 ) ) ;
#10774 = EDGE_CURVE ( 'NONE', #7955, #3369, #509, .T. ) ;
#10776 = ORIENTED_EDGE ( 'NONE', *, *, #12381, .T. ) ;
#10775 = CARTESIAN_POINT ( 'NONE',  ( 20.37347321810699441, -19.69863090235029901, 41.85922843806427807 ) ) ;
#10777 = AXIS2_PLACEMENT_3D ( 'NONE', #3229, #1242, #290 ) ;
#10778 = FACE_OUTER_BOUND ( 'NONE', #1224, .T. ) ;
#10779 = ORIENTED_EDGE ( 'NONE', *, *, #2436, .F. ) ;
#10780 = CARTESIAN_POINT ( 'NONE',  ( -18.46010280676489401, 10.00000000000000000, 47.54181953147849526 ) ) ;
#10781 = CARTESIAN_POINT ( 'NONE',  ( -42.99252106000900397, 10.00000000000000000, 26.79583779944188393 ) ) ;
#10782 = DIRECTION ( 'NONE',  ( -0.000000000000000000, 1.000000000000000000, -0.000000000000000000 ) ) ;
#10783 = DIRECTION ( 'NONE',  ( 0.000000000000000000, 0.000000000000000000, 1.000000000000000000 ) ) ;
#10784 = DIRECTION ( 'NONE',  ( 0.000000000000000000, 1.000000000000000000, 0.000000000000000000 ) ) ;
#10785 = CYLINDRICAL_SURFACE ( 'NONE', #3773, 50.99999999999999289 ) ;
#10786 = AXIS2_PLACEMENT_3D ( 'NONE', #12667, #3859, #11685 ) ;
#10787 = ORIENTED_EDGE ( 'NONE', *, *, #5386, .T. ) ;
#10788 = EDGE_CURVE ( 'NONE', #6519, #7097, #2959, .T. ) ;
#10789 = CARTESIAN_POINT ( 'NONE',  ( 2.622880895175927485, -18.55636363116340704, -47.31460686609772637 ) ) ;
#10791 = EDGE_LOOP ( 'NONE', ( #5361, #8537, #7081, #1886 ) ) ;
#10790 = CYLINDRICAL_SURFACE ( 'NONE', #226, 44.99999999999999289 ) ;
#10792 = DIRECTION ( 'NONE',  ( 0.000000000000000000, 1.000000000000000000, 0.000000000000000000 ) ) ;
#10793 = ORIENTED_EDGE ( 'NONE', *, *, #7088, .F. ) ;
#10794 = DIRECTION ( 'NONE',  ( -0.000000000000000000, -1.000000000000000000, -0.000000000000000000 ) ) ;
#10795 = VECTOR ( 'NONE', #8617, 1000.000000000000000 ) ;
#10796 = LINE ( 'NONE', #8766, #5242 ) ;
#10797 = DIRECTION ( 'NONE',  ( 0.9948960270893555391, 0.000000000000000000, -0.1009053778637003518 ) ) ;
#10798 = CARTESIAN_POINT ( 'NONE',  ( -20.86000496748325617, 10.00000000000000000, 46.16528980983320452 ) ) ;
#10799 = EDGE_CURVE ( 'NONE', #12240, #333, #5436, .T. ) ;
#10800 = VERTEX_POINT ( 'NONE', #7131 ) ;
#10801 = CARTESIAN_POINT ( 'NONE',  ( -29.27369463607533717, -10.00000000000000000, 41.76183427908565449 ) ) ;
#10802 = CARTESIAN_POINT ( 'NONE',  ( -28.46743292285626126, -10.00000000000000000, 37.88346327708622141 ) ) ;
#10803 = DIRECTION ( 'NONE',  ( 0.2930610956196625372, 0.000000000000000000, -0.9560937162403081446 ) ) ;
#10804 = ORIENTED_EDGE ( 'NONE', *, *, #11461, .T. ) ;
#10805 = VERTEX_POINT ( 'NONE', #6153 ) ;
#10806 = DIRECTION ( 'NONE',  ( 0.000000000000000000, 0.000000000000000000, 1.000000000000000000 ) ) ;
#10807 = DIRECTION ( 'NONE',  ( 0.000000000000000000, 0.000000000000000000, 1.000000000000000000 ) ) ;
#10808 = DIRECTION ( 'NONE',  ( 0.000000000000000000, 0.000000000000000000, 1.000000000000000000 ) ) ;
#10809 = CARTESIAN_POINT ( 'NONE',  ( 4.898587196589413026E-15, 10.00000000000000000, -40.00000000000000000 ) ) ;
#10810 = DIRECTION ( 'NONE',  ( 0.000000000000000000, 1.000000000000000000, 0.000000000000000000 ) ) ;
#10811 = ORIENTED_EDGE ( 'NONE', *, *, #75, .F. ) ;
#10812 = LINE ( 'NONE', #6768, #11365 ) ;
#10813 = ORIENTED_EDGE ( 'NONE', *, *, #6953, .F. ) ;
#10814 = CARTESIAN_POINT ( 'NONE',  ( 0.000000000000000000, 10.00000000000000000, 0.000000000000000000 ) ) ;
#10815 = EDGE_LOOP ( 'NONE', ( #4867, #11703 ) ) ;
#10816 = CARTESIAN_POINT ( 'NONE',  ( -36.93882319809790005, 10.00000000000000000, -34.66838806764717162 ) ) ;
#10817 = CARTESIAN_POINT ( 'NONE',  ( -22.51666049839541373, -5.000000000000000000, -20.99999999999998224 ) ) ;
#10818 = ORIENTED_EDGE ( 'NONE', *, *, #1741, .F. ) ;
#10819 = ORIENTED_EDGE ( 'NONE', *, *, #7070, .T. ) ;
#10820 = DIRECTION ( 'NONE',  ( 0.000000000000000000, 0.000000000000000000, -1.000000000000000000 ) ) ;
#10822 = EDGE_LOOP ( 'NONE', ( #6912, #2258, #3740, #11122 ) ) ;
#10821 = LINE ( 'NONE', #11018, #7856 ) ;
#10823 = ADVANCED_FACE ( 'NONE', ( #7183 ), #12120, .T. ) ;
#10824 = EDGE_LOOP ( 'NONE', ( #6745, #5671, #435, #1508 ) ) ;
#10825 = DIRECTION ( 'NONE',  ( 0.000000000000000000, 1.000000000000000000, 0.000000000000000000 ) ) ;
#10826 = EDGE_CURVE ( 'NONE', #526, #6823, #12501, .T. ) ;
#10827 = DIRECTION ( 'NONE',  ( 0.000000000000000000, 0.000000000000000000, 1.000000000000000000 ) ) ;
#10828 = CARTESIAN_POINT ( 'NONE',  ( 34.90280549874193383, -10.00000000000000000, 36.49718027898853023 ) ) ;
#10830 = EDGE_LOOP ( 'NONE', ( #207, #1571, #3304, #7817 ) ) ;
#10829 = DIRECTION ( 'NONE',  ( 0.7893522173763315442, 0.000000000000000000, 0.6139406135149138022 ) ) ;
#10831 = CARTESIAN_POINT ( 'NONE',  ( -8.303600574123395361, 10.00000000000000000, 49.97423344059149741 ) ) ;
#10832 = ORIENTED_EDGE ( 'NONE', *, *, #5067, .F. ) ;
#10833 = ORIENTED_EDGE ( 'NONE', *, *, #1380, .F. ) ;
#10834 = CARTESIAN_POINT ( 'NONE',  ( -8.303600574123754186, 10.00000000000000000, -49.97423344059144767 ) ) ;
#10835 = EDGE_CURVE ( 'NONE', #1970, #2677, #1651, .T. ) ;
#10836 = DIRECTION ( 'NONE',  ( 0.000000000000000000, 0.000000000000000000, 1.000000000000000000 ) ) ;
#10837 = EDGE_CURVE ( 'NONE', #44, #11475, #4801, .T. ) ;
#10838 = DIRECTION ( 'NONE',  ( 0.000000000000000000, 1.000000000000000000, 0.000000000000000000 ) ) ;
#10839 = LINE ( 'NONE', #2047, #1656 ) ;
#10840 = EDGE_CURVE ( 'NONE', #5026, #8986, #10393, .T. ) ;
#10841 = CARTESIAN_POINT ( 'NONE',  ( -8.743875204153233938, -19.06525438257990857, 50.23725612068074753 ) ) ;
#10842 = EDGE_CURVE ( 'NONE', #10652, #10727, #8304, .T. ) ;
#10843 = EDGE_CURVE ( 'NONE', #11936, #4454, #1723, .T. ) ;
#10844 = VERTEX_POINT ( 'NONE', #5555 ) ;
#10845 = CARTESIAN_POINT ( 'NONE',  ( 27.11191122463445069, 10.00000000000000000, 43.10509675787089634 ) ) ;
#10847 = EDGE_LOOP ( 'NONE', ( #3697, #6846, #2660, #1370 ) ) ;
#10846 = CARTESIAN_POINT ( 'NONE',  ( -43.02692939903801772, -20.23931917473914410, 27.38034598923463392 ) ) ;
#10848 = LINE ( 'NONE', #2235, #4356 ) ;
#10849 = ORIENTED_EDGE ( 'NONE', *, *, #8888, .T. ) ;
#10850 = CARTESIAN_POINT ( 'NONE',  ( 0.000000000000000000, -10.00000000000000000, 50.99999999999999289 ) ) ;
#10851 = CARTESIAN_POINT ( 'NONE',  ( -8.743875204153233938, 10.00000000000000000, 49.73725612068074042 ) ) ;
#10852 = CARTESIAN_POINT ( 'NONE',  ( 17.89353851188187861, -10.00000000000000000, -47.39404044806811100 ) ) ;
#10853 = DIRECTION ( 'NONE',  ( 0.6139406135149249044, -0.000000000000000000, 0.7893522173763229954 ) ) ;
#10854 = EDGE_CURVE ( 'NONE', #12397, #3879, #813, .T. ) ;
#10855 = AXIS2_PLACEMENT_3D ( 'NONE', #11772, #5037, #1057 ) ;
#10856 = AXIS2_PLACEMENT_3D ( 'NONE', #9191, #4291, #1482 ) ;
#10857 = ORIENTED_EDGE ( 'NONE', *, *, #12182, .F. ) ;
#10858 = ORIENTED_EDGE ( 'NONE', *, *, #7959, .F. ) ;
#10859 = DIRECTION ( 'NONE',  ( -0.9560937162403071454, -0.000000000000000000, 0.2930610956196658679 ) ) ;
#10860 = DIRECTION ( 'NONE',  ( 0.000000000000000000, 0.000000000000000000, -1.000000000000000000 ) ) ;
#10861 = CARTESIAN_POINT ( 'NONE',  ( -29.62769538921549994, -20.42202547882114061, -33.87033607633467369 ) ) ;
#10862 = ORIENTED_EDGE ( 'NONE', *, *, #2284, .T. ) ;
#10863 = VECTOR ( 'NONE', #5383, 1000.000000000000000 ) ;
#10864 = ORIENTED_EDGE ( 'NONE', *, *, #17, .F. ) ;
#10865 = CYLINDRICAL_SURFACE ( 'NONE', #10879, 5.000000000000000888 ) ;
#10866 = CARTESIAN_POINT ( 'NONE',  ( 20.86000496748389921, 10.00000000000000000, 46.16528980983291319 ) ) ;
#10867 = ADVANCED_FACE ( 'NONE', ( #6722 ), #2550, .T. ) ;
#10868 = AXIS2_PLACEMENT_3D ( 'NONE', #5277, #2522, #6444 ) ;
#10869 = AXIS2_PLACEMENT_3D ( 'NONE', #3254, #7176, #11088 ) ;
#10870 = DIRECTION ( 'NONE',  ( 0.000000000000000000, 1.000000000000000000, 0.000000000000000000 ) ) ;
#10871 = CYLINDRICAL_SURFACE ( 'NONE', #5981, 4.999999999999997335 ) ;
#10872 = CARTESIAN_POINT ( 'NONE',  ( -20.86000496748325617, -19.69863090235025282, 46.16528980983320452 ) ) ;
#10873 = ORIENTED_EDGE ( 'NONE', *, *, #1690, .F. ) ;
#10874 = CARTESIAN_POINT ( 'NONE',  ( 37.08024765038217652, 10.00000000000000000, -28.14833299833755831 ) ) ;
#10875 = CIRCLE ( 'NONE', #9045, 8.000000000000001776 ) ;
#10876 = DIRECTION ( 'NONE',  ( 0.000000000000000000, 0.000000000000000000, 1.000000000000000000 ) ) ;
#10877 = CIRCLE ( 'NONE', #7597, 5.000000000000004441 ) ;
#10878 = EDGE_CURVE ( 'NONE', #5887, #9474, #8919, .T. ) ;
#10879 = AXIS2_PLACEMENT_3D ( 'NONE', #1182, #6185, #5082 ) ;
#10880 = ORIENTED_EDGE ( 'NONE', *, *, #9751, .T. ) ;
#10881 = DIRECTION ( 'NONE',  ( 0.000000000000000000, 0.000000000000000000, -1.000000000000000000 ) ) ;
#10882 = DIRECTION ( 'NONE',  ( 0.6321468503848398646, -0.000000000000000000, 0.7748486042760398540 ) ) ;
#10883 = ORIENTED_EDGE ( 'NONE', *, *, #4407, .T. ) ;
#10884 = EDGE_LOOP ( 'NONE', ( #4387, #6988, #9206, #8079 ) ) ;
#10885 = CARTESIAN_POINT ( 'NONE',  ( 0.000000000000000000, 10.00000000000000000, 0.000000000000000000 ) ) ;
#10887 = ORIENTED_EDGE ( 'NONE', *, *, #8589, .T. ) ;
#10886 = CARTESIAN_POINT ( 'NONE',  ( -1.605440076985782172, -18.55636363116340704, 50.63394466786608206 ) ) ;
#10888 = ORIENTED_EDGE ( 'NONE', *, *, #10315, .T. ) ;
#10889 = DIRECTION ( 'NONE',  ( 0.000000000000000000, 1.000000000000000000, 0.000000000000000000 ) ) ;
#10890 = AXIS2_PLACEMENT_3D ( 'NONE', #9997, #9804, #7951 ) ;
#10891 = CIRCLE ( 'NONE', #11095, 0.4999999999999970024 ) ;
#10892 = AXIS2_PLACEMENT_3D ( 'NONE', #1635, #8105, #2470 ) ;
#10893 = VECTOR ( 'NONE', #4481, 1000.000000000000114 ) ;
#10894 = CARTESIAN_POINT ( 'NONE',  ( 44.71672993605658064, -19.69863090235023861, 15.68329018125474938 ) ) ;
#10895 = DIRECTION ( 'NONE',  ( -0.8832858382179904488, 0.000000000000000000, 0.4688348621887476475 ) ) ;
#10896 = EDGE_CURVE ( 'NONE', #10560, #3332, #5402, .T. ) ;
#10897 = AXIS2_PLACEMENT_3D ( 'NONE', #8524, #2715, #790 ) ;
#10898 = CIRCLE ( 'NONE', #1872, 8.000000000000000000 ) ;
#10899 = VECTOR ( 'NONE', #4162, 1000.000000000000000 ) ;
#10900 = ORIENTED_EDGE ( 'NONE', *, *, #2469, .F. ) ;
#10902 = ORIENTED_EDGE ( 'NONE', *, *, #11295, .F. ) ;
#10901 = CARTESIAN_POINT ( 'NONE',  ( 0.000000000000000000, -5.999999999999993783, -40.00000000000000000 ) ) ;
#10903 = PLANE ( 'NONE',  #5745 ) ;
#10904 = ORIENTED_EDGE ( 'NONE', *, *, #4076, .T. ) ;
#10905 = LINE ( 'NONE', #8022, #11347 ) ;
#10906 = CARTESIAN_POINT ( 'NONE',  ( -41.20865162466920140, -10.00000000000000000, -29.46558707621425199 ) ) ;
#10907 = AXIS2_PLACEMENT_3D ( 'NONE', #12605, #5512, #11568 ) ;
#10908 = DIRECTION ( 'NONE',  ( 0.9807852804032297644, 0.000000000000000000, -0.1950903220161320506 ) ) ;
#10909 = AXIS2_PLACEMENT_3D ( 'NONE', #3440, #7363, #11150 ) ;
#10910 = ORIENTED_EDGE ( 'NONE', *, *, #11651, .T. ) ;
#10911 = EDGE_CURVE ( 'NONE', #7307, #8167, #912, .T. ) ;
#10912 = ORIENTED_EDGE ( 'NONE', *, *, #4280, .F. ) ;
#10913 = EDGE_CURVE ( 'NONE', #6946, #5174, #1942, .T. ) ;
#10914 = DIRECTION ( 'NONE',  ( 0.000000000000000000, 1.000000000000000000, 0.000000000000000000 ) ) ;
#10915 = AXIS2_PLACEMENT_3D ( 'NONE', #5920, #4046, #2892 ) ;
#10917 = ORIENTED_EDGE ( 'NONE', *, *, #12536, .F. ) ;
#10916 = DIRECTION ( 'NONE',  ( 0.000000000000000000, 0.000000000000000000, 1.000000000000000000 ) ) ;
#10918 = EDGE_CURVE ( 'NONE', #9806, #10551, #7702, .T. ) ;
#10919 = PLANE ( 'NONE',  #8474 ) ;
#10920 = CIRCLE ( 'NONE', #9288, 5.000000000000003553 ) ;
#10921 = VERTEX_POINT ( 'NONE', #3769 ) ;
#10922 = DIRECTION ( 'NONE',  ( 0.6321468503848346465, 0.000000000000000000, 0.7748486042760439618 ) ) ;
#10923 = EDGE_CURVE ( 'NONE', #2577, #2429, #12601, .T. ) ;
#10924 = AXIS2_PLACEMENT_3D ( 'NONE', #804, #12566, #9672 ) ;
#10925 = CYLINDRICAL_SURFACE ( 'NONE', #2982, 4.999999999999997335 ) ;
#10926 = DIRECTION ( 'NONE',  ( -0.000000000000000000, -1.000000000000000000, -0.000000000000000000 ) ) ;
#10927 = CYLINDRICAL_SURFACE ( 'NONE', #2662, 0.4999999999999976130 ) ;
#10928 = ORIENTED_EDGE ( 'NONE', *, *, #11913, .T. ) ;
#10929 = ORIENTED_EDGE ( 'NONE', *, *, #11789, .T. ) ;
#10930 = LINE ( 'NONE', #8954, #12628 ) ;
#10931 = AXIS2_PLACEMENT_3D ( 'NONE', #1822, #11580, #1888 ) ;
#10932 = CYLINDRICAL_SURFACE ( 'NONE', #21, 50.99999999999999289 ) ;
#10933 = EDGE_CURVE ( 'NONE', #6870, #10844, #4598, .T. ) ;
#10934 = CARTESIAN_POINT ( 'NONE',  ( 43.18490419363072874, 10.00000000000000000, -15.55241692398410436 ) ) ;
#10935 = ORIENTED_EDGE ( 'NONE', *, *, #9783, .T. ) ;
#10936 = AXIS2_PLACEMENT_3D ( 'NONE', #1830, #6577, #6458 ) ;
#10937 = ORIENTED_EDGE ( 'NONE', *, *, #1489, .T. ) ;
#10938 = CARTESIAN_POINT ( 'NONE',  ( -45.84930138799937538, 10.00000000000000000, 2.157587686025765894 ) ) ;
#10939 = CARTESIAN_POINT ( 'NONE',  ( 0.000000000000000000, 10.00000000000000000, 0.000000000000000000 ) ) ;
#10940 = DIRECTION ( 'NONE',  ( -0.8939589078457578220, -0.000000000000000000, -0.4481489385050685392 ) ) ;
#10941 = DIRECTION ( 'NONE',  ( 0.000000000000000000, 0.000000000000000000, 1.000000000000000000 ) ) ;
#10942 = LINE ( 'NONE', #1125, #4085 ) ;
#10943 = AXIS2_PLACEMENT_3D ( 'NONE', #7837, #1015, #1989 ) ;
#10944 = VERTEX_POINT ( 'NONE', #7437 ) ;
#10945 = DIRECTION ( 'NONE',  ( 0.000000000000000000, 1.000000000000000000, 0.000000000000000000 ) ) ;
#10946 = AXIS2_PLACEMENT_3D ( 'NONE', #2314, #12139, #10163 ) ;
#10947 =( LENGTH_UNIT ( ) NAMED_UNIT ( * ) SI_UNIT ( .MILLI., .METRE. ) );
#10948 = EDGE_CURVE ( 'NONE', #2272, #3663, #5761, .T. ) ;
#10949 = CARTESIAN_POINT ( 'NONE',  ( -3.000000000000000000, -18.55636363116340704, 44.89988864128728352 ) ) ;
#10950 = ORIENTED_EDGE ( 'NONE', *, *, #6101, .F. ) ;
#10951 = ORIENTED_EDGE ( 'NONE', *, *, #652, .F. ) ;
#10952 = DIRECTION ( 'NONE',  ( 0.000000000000000000, -1.000000000000000000, 0.000000000000000000 ) ) ;
#10953 = CARTESIAN_POINT ( 'NONE',  ( -49.97423344059146899, 10.00000000000000000, -8.303600574123578326 ) ) ;
#10954 = ORIENTED_EDGE ( 'NONE', *, *, #11983, .F. ) ;
#10955 = VECTOR ( 'NONE', #8675, 1000.000000000000000 ) ;
#10956 = CARTESIAN_POINT ( 'NONE',  ( 33.94599680791371554, -10.00000000000000000, 30.89470704032655846 ) ) ;
#10957 = VECTOR ( 'NONE', #11207, 1000.000000000000000 ) ;
#10958 = CARTESIAN_POINT ( 'NONE',  ( 46.16528980983329689, -19.69863090235023861, 20.86000496748307498 ) ) ;
#10959 = LINE ( 'NONE', #1079, #12387 ) ;
#10960 = EDGE_CURVE ( 'NONE', #5058, #3524, #3641, .T. ) ;
#10961 = VECTOR ( 'NONE', #10213, 1000.000000000000000 ) ;
#10962 = VECTOR ( 'NONE', #11712, 1000.000000000000114 ) ;
#10963 = VERTEX_POINT ( 'NONE', #3512 ) ;
#10965 = VERTEX_POINT ( 'NONE', #2737 ) ;
#10964 = CARTESIAN_POINT ( 'NONE',  ( -46.16528980983300556, -10.00000000000000000, 20.86000496748373934 ) ) ;
#10966 = CARTESIAN_POINT ( 'NONE',  ( -18.46010280676522441, 10.00000000000000000, -47.54181953147837447 ) ) ;
#10967 = ORIENTED_EDGE ( 'NONE', *, *, #714, .F. ) ;
#10968 = CARTESIAN_POINT ( 'NONE',  ( -37.88346327708592298, -10.00000000000000000, 28.46743292285665561 ) ) ;
#10969 = DIRECTION ( 'NONE',  ( 0.000000000000000000, 1.000000000000000000, 0.000000000000000000 ) ) ;
#10970 = EDGE_CURVE ( 'NONE', #2657, #11000, #10579, .T. ) ;
#10971 = AXIS2_PLACEMENT_3D ( 'NONE', #6672, #9625, #1662 ) ;
#10972 = CIRCLE ( 'NONE', #2362, 0.5000000000000003331 ) ;
#10973 = CARTESIAN_POINT ( 'NONE',  ( 2.803801697542733784, 10.00000000000000000, 46.46947506094542035 ) ) ;
#10974 = ORIENTED_EDGE ( 'NONE', *, *, #10854, .T. ) ;
#10975 = AXIS2_PLACEMENT_3D ( 'NONE', #2015, #9791, #10036 ) ;
#10976 = VERTEX_POINT ( 'NONE', #6594 ) ;
#10977 = VECTOR ( 'NONE', #2194, 1000.000000000000114 ) ;
#10978 = DIRECTION ( 'NONE',  ( 0.000000000000000000, 1.000000000000000000, 0.000000000000000000 ) ) ;
#10980 = ORIENTED_EDGE ( 'NONE', *, *, #12258, .F. ) ;
#10979 = CARTESIAN_POINT ( 'NONE',  ( 11.81567228768011191, -10.00000000000000000, 45.02958255179721192 ) ) ;
#10981 = FACE_OUTER_BOUND ( 'NONE', #2597, .T. ) ;
#10982 = ORIENTED_EDGE ( 'NONE', *, *, #1433, .F. ) ;
#10983 = CARTESIAN_POINT ( 'NONE',  ( 44.89988864128731905, 10.00000000000000000, 2.999999999999532374 ) ) ;
#10984 = EDGE_CURVE ( 'NONE', #1598, #2180, #3569, .T. ) ;
#10985 = LINE ( 'NONE', #5196, #12641 ) ;
#10986 = ORIENTED_EDGE ( 'NONE', *, *, #12278, .F. ) ;
#10987 = DIRECTION ( 'NONE',  ( -0.000000000000000000, -1.000000000000000000, -0.000000000000000000 ) ) ;
#10988 = ORIENTED_EDGE ( 'NONE', *, *, #8108, .F. ) ;
#10989 = CIRCLE ( 'NONE', #10578, 0.4999999999999970024 ) ;
#10990 = LINE ( 'NONE', #1483, #1846 ) ;
#10991 = EDGE_CURVE ( 'NONE', #5005, #11936, #4074, .T. ) ;
#10992 = ORIENTED_EDGE ( 'NONE', *, *, #8175, .T. ) ;
#10993 = ORIENTED_EDGE ( 'NONE', *, *, #11071, .T. ) ;
#10994 = CYLINDRICAL_SURFACE ( 'NONE', #2167, 44.99999999999999289 ) ;
#10995 = EDGE_CURVE ( 'NONE', #10805, #8961, #9946, .T. ) ;
#10996 = DIRECTION ( 'NONE',  ( -6.938893903907222067E-15, 0.000000000000000000, 1.000000000000000000 ) ) ;
#10997 = AXIS2_PLACEMENT_3D ( 'NONE', #10312, #9292, #1577 ) ;
#10998 = DIRECTION ( 'NONE',  ( 0.000000000000000000, 1.000000000000000000, 0.000000000000000000 ) ) ;
#10999 = ORIENTED_EDGE ( 'NONE', *, *, #11611, .F. ) ;
#11000 = VERTEX_POINT ( 'NONE', #3123 ) ;
#11001 = DIRECTION ( 'NONE',  ( -0.000000000000000000, 1.000000000000000000, -0.000000000000000000 ) ) ;
#11002 = DIRECTION ( 'NONE',  ( -0.9490135592383464047, 0.000000000000000000, -0.3152352524413565282 ) ) ;
#11003 = CARTESIAN_POINT ( 'NONE',  ( -50.98728950738352950, -18.55636363116341414, 1.138555527963476921 ) ) ;
#11004 = FACE_OUTER_BOUND ( 'NONE', #11790, .T. ) ;
#11005 = PLANE ( 'NONE',  #11872 ) ;
#11006 = ORIENTED_EDGE ( 'NONE', *, *, #12454, .F. ) ;
#11007 = EDGE_CURVE ( 'NONE', #5707, #5107, #10705, .T. ) ;
#11008 = EDGE_LOOP ( 'NONE', ( #244, #4282, #7058, #8976 ) ) ;
#11009 = CARTESIAN_POINT ( 'NONE',  ( 44.00516535263803064, 10.00000000000000000, 15.19272321494595879 ) ) ;
#11010 = EDGE_CURVE ( 'NONE', #10800, #7007, #173, .T. ) ;
#11011 = PERSON_AND_ORGANIZATION_ROLE ( 'creator' ) ;
#11012 = EDGE_CURVE ( 'NONE', #10551, #8542, #11664, .T. ) ;
#11013 = ORIENTED_EDGE ( 'NONE', *, *, #12594, .T. ) ;
#11014 = LINE ( 'NONE', #3949, #4531 ) ;
#11015 = ORIENTED_EDGE ( 'NONE', *, *, #5406, .F. ) ;
#11016 = ORIENTED_EDGE ( 'NONE', *, *, #3849, .F. ) ;
#11017 = ORIENTED_EDGE ( 'NONE', *, *, #10580, .T. ) ;
#11018 = CARTESIAN_POINT ( 'NONE',  ( 11.81567228768011191, -19.06525438257995120, 45.02958255179721192 ) ) ;
#11019 = ORIENTED_EDGE ( 'NONE', *, *, #275, .T. ) ;
#11020 = DIRECTION ( 'NONE',  ( 0.8692791828944190780, 0.000000000000000000, -0.4943214563281784213 ) ) ;
#11021 = ADVANCED_FACE ( 'NONE', ( #1979 ), #7957, .T. ) ;
#11022 = CARTESIAN_POINT ( 'NONE',  ( 20.36227244670217118, -19.69863090235023151, -46.21285384832096099 ) ) ;
#11023 = CARTESIAN_POINT ( 'NONE',  ( -44.00516535263790274, 10.00000000000000000, -15.19272321494628386 ) ) ;
#11024 = ORIENTED_EDGE ( 'NONE', *, *, #10517, .T. ) ;
#11026 = EDGE_LOOP ( 'NONE', ( #6507, #4850, #4470, #4322 ) ) ;
#11025 = CARTESIAN_POINT ( 'NONE',  ( -20.37347321810641176, -19.69863090235025282, 41.85922843806455518 ) ) ;
#11027 = LINE ( 'NONE', #2226, #4094 ) ;
#11028 = ORIENTED_EDGE ( 'NONE', *, *, #12053, .T. ) ;
#11029 = CARTESIAN_POINT ( 'NONE',  ( 0.000000000000000000, -10.00000000000000000, 0.000000000000000000 ) ) ;
#11030 = DIRECTION ( 'NONE',  ( 0.000000000000000000, 0.000000000000000000, 1.000000000000000000 ) ) ;
#11031 = EDGE_CURVE ( 'NONE', #8632, #4984, #2034, .T. ) ;
#11032 = DIRECTION ( 'NONE',  ( 0.000000000000000000, 1.000000000000000000, 0.000000000000000000 ) ) ;
#11033 = EDGE_CURVE ( 'NONE', #7860, #9701, #2996, .T. ) ;
#11035 = ORIENTED_EDGE ( 'NONE', *, *, #17, .T. ) ;
#11034 = FACE_OUTER_BOUND ( 'NONE', #8493, .T. ) ;
#11036 = DIRECTION ( 'NONE',  ( -0.6544111638669475317, -0.000000000000000000, -0.7561388950492542449 ) ) ;
#11037 = VERTEX_POINT ( 'NONE', #2861 ) ;
#11038 = CARTESIAN_POINT ( 'NONE',  ( 1.127393218865628155, -10.00000000000000000, 50.48741412005625051 ) ) ;
#11039 = CARTESIAN_POINT ( 'NONE',  ( 41.53355807099723052, 10.00000000000000000, 19.53911912941810769 ) ) ;
#11040 = ORIENTED_EDGE ( 'NONE', *, *, #7227, .T. ) ;
#11041 = CARTESIAN_POINT ( 'NONE',  ( 46.46947506094539193, -18.55636363116342480, -2.803801697543220950 ) ) ;
#11042 = EDGE_CURVE ( 'NONE', #1382, #4108, #11774, .T. ) ;
#11043 = CARTESIAN_POINT ( 'NONE',  ( 1.605440076985781728, -10.00000000000000000, -50.63394466786608206 ) ) ;
#11044 = ORIENTED_EDGE ( 'NONE', *, *, #2136, .T. ) ;
#11045 = VERTEX_POINT ( 'NONE', #1916 ) ;
#11046 = LINE ( 'NONE', #5263, #4414 ) ;
#11047 = EDGE_CURVE ( 'NONE', #8543, #5653, #703, .T. ) ;
#11048 = CARTESIAN_POINT ( 'NONE',  ( 24.10574140080059280, 10.00000000000000000, -40.79785237731746861 ) ) ;
#11049 = CARTESIAN_POINT ( 'NONE',  ( -18.27912140669856456, -10.00000000000000000, 47.57572326156204667 ) ) ;
#11050 = ORIENTED_EDGE ( 'NONE', *, *, #10913, .F. ) ;
#11051 = ORIENTED_EDGE ( 'NONE', *, *, #6665, .F. ) ;
#11052 = DIRECTION ( 'NONE',  ( 0.000000000000000000, 1.000000000000000000, 0.000000000000000000 ) ) ;
#11053 = FACE_OUTER_BOUND ( 'NONE', #814, .T. ) ;
#11054 = CARTESIAN_POINT ( 'NONE',  ( 44.00516535263803064, -19.69863090235023861, 15.19272321494595879 ) ) ;
#11055 = CARTESIAN_POINT ( 'NONE',  ( -14.41080490052400798, 10.00000000000000000, 42.63013842481669258 ) ) ;
#11056 = DIRECTION ( 'NONE',  ( 0.7711657896326725714, -0.000000000000000000, 0.6366343730118699806 ) ) ;
#11057 = ORIENTED_EDGE ( 'NONE', *, *, #1433, .T. ) ;
#11058 = ORIENTED_EDGE ( 'NONE', *, *, #1176, .F. ) ;
#11059 = FACE_OUTER_BOUND ( 'NONE', #4498, .T. ) ;
#11060 = DIRECTION ( 'NONE',  ( 0.000000000000000000, 1.000000000000000000, 0.000000000000000000 ) ) ;
#11061 = EDGE_CURVE ( 'NONE', #2126, #9734, #1736, .T. ) ;
#11062 = AXIS2_PLACEMENT_3D ( 'NONE', #292, #3476, #5331 ) ;
#11063 = VECTOR ( 'NONE', #7650, 1000.000000000000227 ) ;
#11064 = ORIENTED_EDGE ( 'NONE', *, *, #7157, .F. ) ;
#11065 = EDGE_CURVE ( 'NONE', #8815, #1545, #6863, .T. ) ;
#11066 = CARTESIAN_POINT ( 'NONE',  ( 33.94599680791306895, -10.00000000000000000, -30.89470704032726545 ) ) ;
#11067 = EDGE_LOOP ( 'NONE', ( #10269, #8284, #6739, #10150 ) ) ;
#11068 = ORIENTED_EDGE ( 'NONE', *, *, #4238, .F. ) ;
#11069 = VERTEX_POINT ( 'NONE', #8922 ) ;
#11070 = CARTESIAN_POINT ( 'NONE',  ( 0.000000000000000000, 10.00000000000000000, 0.000000000000000000 ) ) ;
#11071 = EDGE_CURVE ( 'NONE', #6315, #6944, #6925, .T. ) ;
#11072 = ORIENTED_EDGE ( 'NONE', *, *, #1812, .T. ) ;
#11073 = ADVANCED_FACE ( 'NONE', ( #1007 ), #1144, .F. ) ;
#11074 = PLANE ( 'NONE',  #3503 ) ;
#11075 = EDGE_CURVE ( 'NONE', #10017, #8643, #11158, .T. ) ;
#11076 = CARTESIAN_POINT ( 'NONE',  ( -11.45278456627756647, -19.06525438257990857, 49.34782179739801222 ) ) ;
#11077 = CIRCLE ( 'NONE', #11688, 44.99999999999999289 ) ;
#11078 = AXIS2_PLACEMENT_3D ( 'NONE', #11506, #10548, #7674 ) ;
#11079 = CARTESIAN_POINT ( 'NONE',  ( 49.97423344059152583, -10.00000000000000000, 8.303600574123217726 ) ) ;
#11080 = VECTOR ( 'NONE', #1590, 1000.000000000000000 ) ;
#11081 = DIRECTION ( 'NONE',  ( 0.000000000000000000, 1.000000000000000000, 0.000000000000000000 ) ) ;
#11082 = ORIENTED_EDGE ( 'NONE', *, *, #259, .T. ) ;
#11083 = VECTOR ( 'NONE', #10434, 1000.000000000000000 ) ;
#11085 = VERTEX_POINT ( 'NONE', #9752 ) ;
#11084 = DIRECTION ( 'NONE',  ( 0.09512807697519687355, 0.000000000000000000, 0.9954650415614810788 ) ) ;
#11086 = AXIS2_PLACEMENT_3D ( 'NONE', #1953, #9976, #3934 ) ;
#11087 = EDGE_CURVE ( 'NONE', #328, #8167, #12698, .T. ) ;
#11088 = DIRECTION ( 'NONE',  ( 0.000000000000000000, 0.000000000000000000, 1.000000000000000000 ) ) ;
#11089 = VECTOR ( 'NONE', #3169, 1000.000000000000114 ) ;
#11090 = AXIS2_PLACEMENT_3D ( 'NONE', #3278, #1367, #7208 ) ;
#11091 = ORIENTED_EDGE ( 'NONE', *, *, #4349, .T. ) ;
#11092 = CARTESIAN_POINT ( 'NONE',  ( 0.000000000000000000, -20.42202547882114416, 0.000000000000000000 ) ) ;
#11093 = DIRECTION ( 'NONE',  ( 0.000000000000000000, 1.000000000000000000, 0.000000000000000000 ) ) ;
#11094 = DIRECTION ( 'NONE',  ( -0.3826834323650972758, 0.000000000000000000, -0.9238795325112837409 ) ) ;
#11095 = AXIS2_PLACEMENT_3D ( 'NONE', #1840, #12498, #950 ) ;
#11096 = VECTOR ( 'NONE', #2567, 999.9999999999998863 ) ;
#11097 = CIRCLE ( 'NONE', #5141, 50.99999999999999289 ) ;
#11098 = ADVANCED_FACE ( 'NONE', ( #11911 ), #11795, .T. ) ;
#11100 = ORIENTED_EDGE ( 'NONE', *, *, #6155, .T. ) ;
#11099 = CARTESIAN_POINT ( 'NONE',  ( -36.93882319809765136, 10.00000000000000000, 34.66838806764742742 ) ) ;
#11101 = LINE ( 'NONE', #12194, #8891 ) ;
#11102 = ORIENTED_EDGE ( 'NONE', *, *, #2444, .F. ) ;
#11103 = PLANE ( 'NONE',  #9332 ) ;
#11104 = AXIS2_PLACEMENT_3D ( 'NONE', #12169, #549, #5417 ) ;
#11105 = AXIS2_PLACEMENT_3D ( 'NONE', #8380, #2454, #6382 ) ;
#11106 = VECTOR ( 'NONE', #9811, 1000.000000000000114 ) ;
#11107 = DIRECTION ( 'NONE',  ( -0.8692791828944221866, 0.000000000000000000, 0.4943214563281727036 ) ) ;
#11108 = ORIENTED_EDGE ( 'NONE', *, *, #9270, .F. ) ;
#11109 = DIRECTION ( 'NONE',  ( -0.9577788927496232452, 0.000000000000000000, 0.2875058131643703496 ) ) ;
#11110 = CARTESIAN_POINT ( 'NONE',  ( -33.94599680791328211, -20.42202547882114061, 30.89470704032703452 ) ) ;
#11111 = DIRECTION ( 'NONE',  ( 2.636779683484746468E-14, 0.000000000000000000, 1.000000000000000000 ) ) ;
#11112 = ORIENTED_EDGE ( 'NONE', *, *, #8932, .T. ) ;
#11113 = ORIENTED_EDGE ( 'NONE', *, *, #8340, .T. ) ;
#11114 = DIRECTION ( 'NONE',  ( 0.000000000000000000, 1.000000000000000000, 0.000000000000000000 ) ) ;
#11115 = VECTOR ( 'NONE', #3357, 1000.000000000000000 ) ;
#11116 = EDGE_CURVE ( 'NONE', #2786, #8052, #6037, .T. ) ;
#11117 = CARTESIAN_POINT ( 'NONE',  ( -43.18490419363082822, 10.00000000000000000, 15.55241692398382725 ) ) ;
#11118 = LINE ( 'NONE', #4246, #2880 ) ;
#11119 = CARTESIAN_POINT ( 'NONE',  ( -15.19272321494612932, 10.00000000000000000, 44.00516535263795959 ) ) ;
#11120 = CIRCLE ( 'NONE', #1281, 0.4999999999999985567 ) ;
#11121 = ORIENTED_EDGE ( 'NONE', *, *, #1360, .T. ) ;
#11122 = ORIENTED_EDGE ( 'NONE', *, *, #6177, .F. ) ;
#11123 = CYLINDRICAL_SURFACE ( 'NONE', #4937, 50.99999999999999289 ) ;
#11124 = DIRECTION ( 'NONE',  ( 0.000000000000000000, 0.000000000000000000, 1.000000000000000000 ) ) ;
#11125 = DIRECTION ( 'NONE',  ( 0.000000000000000000, 1.000000000000000000, 0.000000000000000000 ) ) ;
#11126 = CARTESIAN_POINT ( 'NONE',  ( 1.408343819019455387E-15, -10.00000000000000000, -10.99999999999998401 ) ) ;
#11127 = LINE ( 'NONE', #7342, #5301 ) ;
#11128 = ORIENTED_EDGE ( 'NONE', *, *, #5313, .F. ) ;
#11129 = ORIENTED_EDGE ( 'NONE', *, *, #10636, .F. ) ;
#11130 = DIRECTION ( 'NONE',  ( 0.000000000000000000, -0.000000000000000000, 1.000000000000000000 ) ) ;
#11131 = CIRCLE ( 'NONE', #1096, 0.5000000000000004441 ) ;
#11132 = CARTESIAN_POINT ( 'NONE',  ( 49.29736910846619935, -10.00000000000000000, 10.95533655273271556 ) ) ;
#11133 = FACE_OUTER_BOUND ( 'NONE', #1896, .T. ) ;
#11134 = ORIENTED_EDGE ( 'NONE', *, *, #8983, .F. ) ;
#11135 = ORIENTED_EDGE ( 'NONE', *, *, #10837, .F. ) ;
#11136 = ORIENTED_EDGE ( 'NONE', *, *, #11065, .T. ) ;
#11137 = DIRECTION ( 'NONE',  ( 0.000000000000000000, 0.000000000000000000, 1.000000000000000000 ) ) ;
#11138 = CIRCLE ( 'NONE', #2125, 50.99999999999999289 ) ;
#11139 = ORIENTED_EDGE ( 'NONE', *, *, #10271, .T. ) ;
#11140 = DIRECTION ( 'NONE',  ( -0.9642112588246064542, 0.000000000000000000, 0.2651351511132913896 ) ) ;
#11141 = DIRECTION ( 'NONE',  ( 0.000000000000000000, 1.000000000000000000, 0.000000000000000000 ) ) ;
#11142 =( GEOMETRIC_REPRESENTATION_CONTEXT ( 3 ) GLOBAL_UNCERTAINTY_ASSIGNED_CONTEXT ( ( #352 ) ) GLOBAL_UNIT_ASSIGNED_CONTEXT ( ( #10947, #3947, #11778 ) ) REPRESENTATION_CONTEXT ( 'NONE', 'WORKASPACE' ) );
#11143 = EDGE_CURVE ( 'NONE', #4859, #10419, #1127, .T. ) ;
#11144 = CARTESIAN_POINT ( 'NONE',  ( 6.658138915333473129, 10.00000000000000000, -46.91716864078417615 ) ) ;
#11145 = CYLINDRICAL_SURFACE ( 'NONE', #1920, 0.4999999999999976130 ) ;
#11146 = CIRCLE ( 'NONE', #5605, 5.000000000000000888 ) ;
#11147 = EDGE_CURVE ( 'NONE', #9880, #521, #3249, .T. ) ;
#11148 = AXIS2_PLACEMENT_3D ( 'NONE', #12186, #318, #6152 ) ;
#11149 = ORIENTED_EDGE ( 'NONE', *, *, #3903, .F. ) ;
#11151 = ORIENTED_EDGE ( 'NONE', *, *, #4839, .F. ) ;
#11150 = DIRECTION ( 'NONE',  ( 0.9807852804032297644, 0.000000000000000000, -0.1950903220161320506 ) ) ;
#11152 = DIRECTION ( 'NONE',  ( -0.7711657896326750139, 0.000000000000000000, -0.6366343730118668720 ) ) ;
#11153 = ORIENTED_EDGE ( 'NONE', *, *, #12016, .T. ) ;
#11154 = DIRECTION ( 'NONE',  ( 0.000000000000000000, 0.000000000000000000, 1.000000000000000000 ) ) ;
#11155 = CARTESIAN_POINT ( 'NONE',  ( 37.08024765038276627, -10.00000000000000000, 28.14833299833678382 ) ) ;
#11156 = DIRECTION ( 'NONE',  ( 0.6544111638669423137, 0.000000000000000000, -0.7561388950492586858 ) ) ;
#11157 = VECTOR ( 'NONE', #7913, 1000.000000000000000 ) ;
#11158 = CIRCLE ( 'NONE', #7275, 5.000000000000000888 ) ;
#11159 = EDGE_CURVE ( 'NONE', #7026, #9554, #3784, .T. ) ;
#11160 = VERTEX_POINT ( 'NONE', #5102 ) ;
#11162 = ORIENTED_EDGE ( 'NONE', *, *, #6087, .F. ) ;
#11161 = CARTESIAN_POINT ( 'NONE',  ( 0.000000000000000000, -10.00000000000000000, 0.000000000000000000 ) ) ;
#11163 = LINE ( 'NONE', #8228, #11324 ) ;
#11164 = VERTEX_POINT ( 'NONE', #4143 ) ;
#11165 = CIRCLE ( 'NONE', #310, 5.000000000000001776 ) ;
#11166 = AXIS2_PLACEMENT_3D ( 'NONE', #8594, #12282, #8455 ) ;
#11167 = FACE_BOUND ( 'NONE', #3831, .T. ) ;
#11168 = PLANE ( 'NONE',  #6475 ) ;
#11169 = VERTEX_POINT ( 'NONE', #11144 ) ;
#11170 = DIRECTION ( 'NONE',  ( 0.000000000000000000, 0.000000000000000000, 1.000000000000000000 ) ) ;
#11171 = ORIENTED_EDGE ( 'NONE', *, *, #848, .T. ) ;
#11172 = DIRECTION ( 'NONE',  ( 0.000000000000000000, 1.000000000000000000, 0.000000000000000000 ) ) ;
#11173 = CARTESIAN_POINT ( 'NONE',  ( -44.00516535263781037, 10.00000000000000000, 15.19272321494659472 ) ) ;
#11174 = AXIS2_PLACEMENT_3D ( 'NONE', #10679, #3033, #10808 ) ;
#11175 = VERTEX_POINT ( 'NONE', #3193 ) ;
#11176 = ADVANCED_FACE ( 'NONE', ( #8086 ), #1263, .T. ) ;
#11177 = CARTESIAN_POINT ( 'NONE',  ( -33.87033607633457422, -20.42202547882114061, 29.62769538921561718 ) ) ;
#11178 = AXIS2_PLACEMENT_3D ( 'NONE', #1502, #3548, #9349 ) ;
#11179 = EDGE_CURVE ( 'NONE', #7973, #10538, #10128, .T. ) ;
#11180 = CARTESIAN_POINT ( 'NONE',  ( 34.84146812720874919, 10.00000000000000000, 30.87629374033853225 ) ) ;
#11181 = DIRECTION ( 'NONE',  ( 0.4739546398215365719, -0.000000000000000000, 0.8805492600596729336 ) ) ;
#11182 = DIRECTION ( 'NONE',  ( 0.000000000000000000, 1.000000000000000000, 0.000000000000000000 ) ) ;
#11183 = EDGE_LOOP ( 'NONE', ( #9645, #9394, #9908, #7713 ) ) ;
#11184 = FACE_OUTER_BOUND ( 'NONE', #4050, .T. ) ;
#11185 = DIRECTION ( 'NONE',  ( 0.3826834323650901704, 0.000000000000000000, 0.9238795325112865164 ) ) ;
#11186 = AXIS2_PLACEMENT_3D ( 'NONE', #10851, #7857, #11869 ) ;
#11187 = DIRECTION ( 'NONE',  ( 0.000000000000000000, 0.000000000000000000, 1.000000000000000000 ) ) ;
#11188 = CARTESIAN_POINT ( 'NONE',  ( -26.79583779944172761, -10.00000000000000000, -42.99252106000911766 ) ) ;
#11189 = EDGE_CURVE ( 'NONE', #12307, #3615, #495, .T. ) ;
#11190 = DIRECTION ( 'NONE',  ( 0.4739546398215211953, 0.000000000000000000, -0.8805492600596811492 ) ) ;
#11191 = ORIENTED_EDGE ( 'NONE', *, *, #10960, .T. ) ;
#11192 = DIRECTION ( 'NONE',  ( 0.1950903220161215867, 0.000000000000000000, -0.9807852804032318739 ) ) ;
#11193 = VECTOR ( 'NONE', #1331, 1000.000000000000000 ) ;
#11194 = DIRECTION ( 'NONE',  ( -0.000000000000000000, -1.000000000000000000, -0.000000000000000000 ) ) ;
#11195 = DIRECTION ( 'NONE',  ( 0.000000000000000000, 1.000000000000000000, 0.000000000000000000 ) ) ;
#11196 = EDGE_CURVE ( 'NONE', #3212, #5431, #7121, .T. ) ;
#11197 = ORIENTED_EDGE ( 'NONE', *, *, #139, .T. ) ;
#11198 = ORIENTED_EDGE ( 'NONE', *, *, #5104, .F. ) ;
#11199 = VERTEX_POINT ( 'NONE', #5168 ) ;
#11200 = DIRECTION ( 'NONE',  ( 0.000000000000000000, 1.000000000000000000, 0.000000000000000000 ) ) ;
#11201 = VERTEX_POINT ( 'NONE', #5288 ) ;
#11202 = CARTESIAN_POINT ( 'NONE',  ( 0.000000000000000000, -10.00000000000000000, 0.000000000000000000 ) ) ;
#11203 = AXIS2_PLACEMENT_3D ( 'NONE', #422, #2717, #4777 ) ;
#11204 = DIRECTION ( 'NONE',  ( 0.000000000000000000, 1.000000000000000000, 0.000000000000000000 ) ) ;
#11205 = ORIENTED_EDGE ( 'NONE', *, *, #19, .T. ) ;
#11206 = DIRECTION ( 'NONE',  ( 0.000000000000000000, 0.000000000000000000, 1.000000000000000000 ) ) ;
#11207 = DIRECTION ( 'NONE',  ( 0.000000000000000000, 1.000000000000000000, 0.000000000000000000 ) ) ;
#11208 = EDGE_CURVE ( 'NONE', #3387, #6823, #11982, .T. ) ;
#11209 = PLANE ( 'NONE',  #5340 ) ;
#11210 = ORIENTED_EDGE ( 'NONE', *, *, #745, .F. ) ;
#11212 = ORIENTED_EDGE ( 'NONE', *, *, #1034, .T. ) ;
#11211 = CYLINDRICAL_SURFACE ( 'NONE', #3522, 5.000000000000000888 ) ;
#11213 = ADVANCED_FACE ( 'NONE', ( #6142 ), #10058, .T. ) ;
#11214 = CARTESIAN_POINT ( 'NONE',  ( 0.000000000000000000, 10.00000000000000000, 0.000000000000000000 ) ) ;
#11215 = EDGE_LOOP ( 'NONE', ( #4275, #10849, #1363, #4265 ) ) ;
#11216 = DIRECTION ( 'NONE',  ( -0.000000000000000000, -1.000000000000000000, -0.000000000000000000 ) ) ;
#11217 = CARTESIAN_POINT ( 'NONE',  ( -1.127393218865628155, 10.00000000000000000, -50.48741412005625051 ) ) ;
#11218 = DIRECTION ( 'NONE',  ( 0.2651351511132775118, -0.000000000000000000, -0.9642112588246102289 ) ) ;
#11219 = VERTEX_POINT ( 'NONE', #1448 ) ;
#11220 = ADVANCED_FACE ( 'NONE', ( #2348 ), #12171, .T. ) ;
#11222 = ORIENTED_EDGE ( 'NONE', *, *, #8104, .F. ) ;
#11221 = CARTESIAN_POINT ( 'NONE',  ( 49.97423344059136952, -10.00000000000000000, -8.303600574124267553 ) ) ;
#11223 = EDGE_CURVE ( 'NONE', #3770, #3734, #9226, .T. ) ;
#11224 = DIRECTION ( 'NONE',  ( 0.8314696123025373531, 0.000000000000000000, -0.5555702330196140570 ) ) ;
#11225 = ORIENTED_EDGE ( 'NONE', *, *, #1774, .F. ) ;
#11226 = FACE_BOUND ( 'NONE', #8790, .T. ) ;
#11227 = EDGE_CURVE ( 'NONE', #11442, #4902, #6272, .T. ) ;
#11228 = CARTESIAN_POINT ( 'NONE',  ( -46.46947506094541325, 10.00000000000000000, 2.803801697542896321 ) ) ;
#11229 = ORIENTED_EDGE ( 'NONE', *, *, #3705, .F. ) ;
#11230 = DIRECTION ( 'NONE',  ( 0.9807852804032312077, 0.000000000000000000, 0.1950903220161251117 ) ) ;
#11231 = ADVANCED_FACE ( 'NONE', ( #11258 ), #9108, .T. ) ;
#11232 = ADVANCED_FACE ( 'NONE', ( #9170 ), #2406, .T. ) ;
#11233 = DIRECTION ( 'NONE',  ( 0.000000000000000000, 1.000000000000000000, 0.000000000000000000 ) ) ;
#11234 = DIRECTION ( 'NONE',  ( 0.000000000000000000, 1.000000000000000000, 0.000000000000000000 ) ) ;
#11235 = VERTEX_POINT ( 'NONE', #10196 ) ;
#11236 = CARTESIAN_POINT ( 'NONE',  ( 11.81567228767916866, -10.00000000000000000, -45.02958255179745350 ) ) ;
#11237 = CARTESIAN_POINT ( 'NONE',  ( 0.000000000000000000, -10.00000000000000000, 0.000000000000000000 ) ) ;
#11238 = DIRECTION ( 'NONE',  ( -0.9807852804032325400, 0.000000000000000000, -0.1950903220161180063 ) ) ;
#11239 = ORIENTED_EDGE ( 'NONE', *, *, #11047, .T. ) ;
#11240 = DIRECTION ( 'NONE',  ( 0.000000000000000000, 1.000000000000000000, 0.000000000000000000 ) ) ;
#11241 = CARTESIAN_POINT ( 'NONE',  ( 50.98728950738352239, -10.00000000000000000, -1.138555527963832859 ) ) ;
#11242 = EDGE_CURVE ( 'NONE', #1028, #7753, #1204, .T. ) ;
#11243 = CARTESIAN_POINT ( 'NONE',  ( -27.11191122463385739, -20.23931917473912634, 42.60509675787125872 ) ) ;
#11244 = DIRECTION ( 'NONE',  ( 0.6544111638669424247, 0.000000000000000000, -0.7561388950492586858 ) ) ;
#11245 = LINE ( 'NONE', #405, #6758 ) ;
#11246 = ORIENTED_EDGE ( 'NONE', *, *, #8206, .F. ) ;
#11247 = DIRECTION ( 'NONE',  ( -0.1009053778636897075, 0.000000000000000000, 0.9948960270893567603 ) ) ;
#11248 = CARTESIAN_POINT ( 'NONE',  ( 34.66838806764678793, -20.42202547882114416, -36.93882319809825532 ) ) ;
#11249 = EDGE_CURVE ( 'NONE', #5091, #5873, #6257, .T. ) ;
#11250 = CARTESIAN_POINT ( 'NONE',  ( 35.66618230194004013, 10.00000000000000000, 27.43945043190149136 ) ) ;
#11251 = VERTEX_POINT ( 'NONE', #603 ) ;
#11252 = ORIENTED_EDGE ( 'NONE', *, *, #881, .F. ) ;
#11253 = ORIENTED_EDGE ( 'NONE', *, *, #7317, .T. ) ;
#11254 = CARTESIAN_POINT ( 'NONE',  ( 45.02958255179741798, -10.00000000000000000, 11.81567228767932320 ) ) ;
#11255 = VERTEX_POINT ( 'NONE', #8652 ) ;
#11256 = CARTESIAN_POINT ( 'NONE',  ( 30.87629374033841501, -10.00000000000000000, -34.84146812720885578 ) ) ;
#11257 = CYLINDRICAL_SURFACE ( 'NONE', #5655, 5.000000000000000888 ) ;
#11258 = FACE_OUTER_BOUND ( 'NONE', #11707, .T. ) ;
#11259 = ADVANCED_FACE ( 'NONE', ( #4649 ), #553, .T. ) ;
#11260 = VECTOR ( 'NONE', #11309, 1000.000000000000000 ) ;
#11261 = FACE_OUTER_BOUND ( 'NONE', #4963, .T. ) ;
#11262 = AXIS2_PLACEMENT_3D ( 'NONE', #1903, #4653, #11526 ) ;
#11263 = LINE ( 'NONE', #9485, #7407 ) ;
#11264 = ORIENTED_EDGE ( 'NONE', *, *, #2868, .F. ) ;
#11266 = ORIENTED_EDGE ( 'NONE', *, *, #10029, .T. ) ;
#11265 = DIRECTION ( 'NONE',  ( -0.9807852804032285432, 0.000000000000000000, 0.1950903220161383511 ) ) ;
#11267 = CARTESIAN_POINT ( 'NONE',  ( -22.51666049839541373, 5.000000000000000000, -20.99999999999998224 ) ) ;
#11268 = ORIENTED_EDGE ( 'NONE', *, *, #10984, .F. ) ;
#11269 = VERTEX_POINT ( 'NONE', #12352 ) ;
#11270 = LINE ( 'NONE', #8290, #6377 ) ;
#11271 = CIRCLE ( 'NONE', #3481, 0.5000000000000009992 ) ;
#11272 = LINE ( 'NONE', #2295, #4576 ) ;
#11273 = AXIS2_PLACEMENT_3D ( 'NONE', #7739, #11381, #8516 ) ;
#11274 = CIRCLE ( 'NONE', #10869, 10.99999999999998401 ) ;
#11275 = EDGE_CURVE ( 'NONE', #1442, #12240, #7489, .T. ) ;
#11276 = CYLINDRICAL_SURFACE ( 'NONE', #8513, 0.4999999999999970024 ) ;
#11277 = AXIS2_PLACEMENT_3D ( 'NONE', #8936, #131, #6805 ) ;
#11278 = AXIS2_PLACEMENT_3D ( 'NONE', #11883, #1307, #7699 ) ;
#11279 = VECTOR ( 'NONE', #12323, 1000.000000000000000 ) ;
#11281 = EDGE_LOOP ( 'NONE', ( #7045, #11954, #2223, #581 ) ) ;
#11280 = CARTESIAN_POINT ( 'NONE',  ( -42.99252106000919582, -10.00000000000000000, -26.79583779944157484 ) ) ;
#11282 = CARTESIAN_POINT ( 'NONE',  ( -50.48741412005624341, -18.55636363116341414, 1.127393218865804458 ) ) ;
#11283 = ORIENTED_EDGE ( 'NONE', *, *, #4241, .T. ) ;
#11284 = DIRECTION ( 'NONE',  ( -0.4481489385050780871, 0.000000000000000000, -0.8939589078457530480 ) ) ;
#11285 = CYLINDRICAL_SURFACE ( 'NONE', #9167, 5.000000000000000888 ) ;
#11286 = ORIENTED_EDGE ( 'NONE', *, *, #491, .F. ) ;
#11287 = CARTESIAN_POINT ( 'NONE',  ( 36.85853849957245387, -10.00000000000000000, -35.24837783041276396 ) ) ;
#11288 = AXIS2_PLACEMENT_3D ( 'NONE', #5691, #6592, #9616 ) ;
#11289 = FACE_OUTER_BOUND ( 'NONE', #3097, .T. ) ;
#11290 = CARTESIAN_POINT ( 'NONE',  ( 41.20865162466940035, -10.00000000000000000, 29.46558707621397133 ) ) ;
#11291 = AXIS2_PLACEMENT_3D ( 'NONE', #10461, #11561, #580 ) ;
#11292 = AXIS2_PLACEMENT_3D ( 'NONE', #1101, #5251, #9184 ) ;
#11293 = ADVANCED_FACE ( 'NONE', ( #11396 ), #6457, .T. ) ;
#11294 = EDGE_CURVE ( 'NONE', #8723, #11169, #5535, .T. ) ;
#11295 = EDGE_CURVE ( 'NONE', #9928, #11798, #3495, .T. ) ;
#11296 = LINE ( 'NONE', #1487, #10067 ) ;
#11297 = ADVANCED_FACE ( 'NONE', ( #4507 ), #3626, .T. ) ;
#11298 = ORIENTED_EDGE ( 'NONE', *, *, #4477, .T. ) ;
#11299 = VECTOR ( 'NONE', #4268, 1000.000000000000114 ) ;
#11300 = DIRECTION ( 'NONE',  ( 0.000000000000000000, 1.000000000000000000, 0.000000000000000000 ) ) ;
#11301 = EDGE_CURVE ( 'NONE', #2040, #9802, #6512, .T. ) ;
#11302 = CARTESIAN_POINT ( 'NONE',  ( -22.51666049839541373, -10.00000000000000178, -20.99999999999998224 ) ) ;
#11303 = CIRCLE ( 'NONE', #5155, 50.99999999999999289 ) ;
#11304 = LINE ( 'NONE', #10355, #6575 ) ;
#11305 = LINE ( 'NONE', #6434, #3147 ) ;
#11306 = CARTESIAN_POINT ( 'NONE',  ( 26.79583779944113431, -10.00000000000000000, -42.99252106000946583 ) ) ;
#11307 = DIRECTION ( 'NONE',  ( 0.8692791828944240740, 0.000000000000000000, -0.4943214563281697060 ) ) ;
#11308 = ORIENTED_EDGE ( 'NONE', *, *, #8892, .T. ) ;
#11309 = DIRECTION ( 'NONE',  ( 0.000000000000000000, 1.000000000000000000, 0.000000000000000000 ) ) ;
#11310 = ORIENTED_EDGE ( 'NONE', *, *, #2361, .T. ) ;
#11311 = VECTOR ( 'NONE', #8507, 1000.000000000000000 ) ;
#11312 = EDGE_LOOP ( 'NONE', ( #8599, #12269, #10020, #8295 ) ) ;
#11313 = CARTESIAN_POINT ( 'NONE',  ( 2.803801697542733784, -10.00000000000000355, -46.46947506094542035 ) ) ;
#11314 = AXIS2_PLACEMENT_3D ( 'NONE', #10482, #1885, #9723 ) ;
#11315 = CIRCLE ( 'NONE', #8055, 0.4999999999999988898 ) ;
#11316 = EDGE_CURVE ( 'NONE', #5891, #944, #11520, .T. ) ;
#11317 = DIRECTION ( 'NONE',  ( 0.000000000000000000, 0.000000000000000000, 1.000000000000000000 ) ) ;
#11318 = LINE ( 'NONE', #7293, #7844 ) ;
#11319 = VERTEX_POINT ( 'NONE', #10429 ) ;
#11320 = ORIENTED_EDGE ( 'NONE', *, *, #8996, .T. ) ;
#11321 = VERTEX_POINT ( 'NONE', #10379 ) ;
#11322 = PLANE ( 'NONE',  #5167 ) ;
#11323 = CIRCLE ( 'NONE', #10308, 50.99999999999999289 ) ;
#11324 = VECTOR ( 'NONE', #2305, 1000.000000000000000 ) ;
#11325 = ORIENTED_EDGE ( 'NONE', *, *, #12666, .T. ) ;
#11326 = DIRECTION ( 'NONE',  ( 0.000000000000000000, 1.000000000000000000, 0.000000000000000000 ) ) ;
#11327 = DIRECTION ( 'NONE',  ( 0.000000000000000000, 1.000000000000000000, 0.000000000000000000 ) ) ;
#11328 = VECTOR ( 'NONE', #9611, 1000.000000000000114 ) ;
#11329 = DIRECTION ( 'NONE',  ( -0.8832858382179937795, 0.000000000000000000, -0.4688348621887415413 ) ) ;
#11330 = AXIS2_PLACEMENT_3D ( 'NONE', #10514, #2666, #10222 ) ;
#11331 = DIRECTION ( 'NONE',  ( 0.000000000000000000, 1.000000000000000000, 0.000000000000000000 ) ) ;
#11332 = EDGE_CURVE ( 'NONE', #6133, #7450, #3680, .T. ) ;
#11333 = AXIS2_PLACEMENT_3D ( 'NONE', #2807, #3518, #2555 ) ;
#11334 = DIRECTION ( 'NONE',  ( 0.000000000000000000, 1.000000000000000000, 0.000000000000000000 ) ) ;
#11335 = ORIENTED_EDGE ( 'NONE', *, *, #170, .F. ) ;
#11336 = DIRECTION ( 'NONE',  ( 0.000000000000000000, 1.000000000000000000, 0.000000000000000000 ) ) ;
#11338 = ORIENTED_EDGE ( 'NONE', *, *, #1193, .T. ) ;
#11337 = CARTESIAN_POINT ( 'NONE',  ( 0.000000000000000000, 10.00000000000000000, 9.000000000000007105 ) ) ;
#11339 = DIRECTION ( 'NONE',  ( 0.000000000000000000, 1.000000000000000000, 0.000000000000000000 ) ) ;
#11340 = VERTEX_POINT ( 'NONE', #9603 ) ;
#11341 = VERTEX_POINT ( 'NONE', #9481 ) ;
#11342 = AXIS2_PLACEMENT_3D ( 'NONE', #163, #937, #1190 ) ;
#11343 = FACE_OUTER_BOUND ( 'NONE', #10884, .T. ) ;
#11344 = CARTESIAN_POINT ( 'NONE',  ( -50.63394466786607495, -18.55636363116341414, 1.605440076985958919 ) ) ;
#11345 = ADVANCED_FACE ( 'NONE', ( #11589 ), #5613, .T. ) ;
#11346 = DIRECTION ( 'NONE',  ( 0.000000000000000000, 1.000000000000000000, 0.000000000000000000 ) ) ;
#11347 = VECTOR ( 'NONE', #3203, 999.9999999999998863 ) ;
#11348 = ORIENTED_EDGE ( 'NONE', *, *, #7070, .F. ) ;
#11350 = EDGE_LOOP ( 'NONE', ( #6268, #11835, #10586, #3243 ) ) ;
#11349 = LINE ( 'NONE', #5302, #7638 ) ;
#11351 = FACE_OUTER_BOUND ( 'NONE', #716, .T. ) ;
#11352 = ADVANCED_FACE ( 'NONE', ( #6644 ), #1772, .T. ) ;
#11353 = CARTESIAN_POINT ( 'NONE',  ( -30.87629374033890173, -20.42202547882114061, -34.84146812720842945 ) ) ;
#11354 = DIRECTION ( 'NONE',  ( 0.000000000000000000, 1.000000000000000000, 0.000000000000000000 ) ) ;
#11355 = VECTOR ( 'NONE', #2116, 1000.000000000000114 ) ;
#11356 = AXIS2_PLACEMENT_3D ( 'NONE', #5832, #2933, #10771 ) ;
#11357 = VERTEX_POINT ( 'NONE', #5476 ) ;
#11358 = CARTESIAN_POINT ( 'NONE',  ( 30.87629374033914331, -20.42202547882114061, 34.84146812720820918 ) ) ;
#11359 = CIRCLE ( 'NONE', #8514, 5.000000000000000000 ) ;
#11360 = CARTESIAN_POINT ( 'NONE',  ( 36.49718027898840944, 10.00000000000000000, -34.90280549874205462 ) ) ;
#11361 = CARTESIAN_POINT ( 'NONE',  ( 19.53911912941796203, 10.00000000000000000, -41.53355807099729446 ) ) ;
#11362 = ORIENTED_EDGE ( 'NONE', *, *, #7954, .T. ) ;
#11363 = ORIENTED_EDGE ( 'NONE', *, *, #10529, .F. ) ;
#11364 = AXIS2_PLACEMENT_3D ( 'NONE', #4044, #6046, #7923 ) ;
#11365 = VECTOR ( 'NONE', #2845, 1000.000000000000000 ) ;
#11366 = DIRECTION ( 'NONE',  ( -0.6139406135149274579, 0.000000000000000000, -0.7893522173763208860 ) ) ;
#11367 = DIRECTION ( 'NONE',  ( 0.000000000000000000, 1.000000000000000000, 0.000000000000000000 ) ) ;
#11368 = EDGE_CURVE ( 'NONE', #11549, #2635, #797, .T. ) ;
#11369 = LINE ( 'NONE', #4551, #3950 ) ;
#11370 = ORIENTED_EDGE ( 'NONE', *, *, #9859, .T. ) ;
#11371 = FACE_OUTER_BOUND ( 'NONE', #3024, .T. ) ;
#11372 = DIRECTION ( 'NONE',  ( 0.000000000000000000, 0.000000000000000000, 1.000000000000000000 ) ) ;
#11373 = EDGE_CURVE ( 'NONE', #2611, #10963, #10156, .T. ) ;
#11374 = DIRECTION ( 'NONE',  ( 0.8832858382179953338, -0.000000000000000000, 0.4688348621887383771 ) ) ;
#11375 = LINE ( 'NONE', #7858, #10097 ) ;
#11376 = ORIENTED_EDGE ( 'NONE', *, *, #6801, .F. ) ;
#11377 = FACE_OUTER_BOUND ( 'NONE', #9807, .T. ) ;
#11378 = CIRCLE ( 'NONE', #3793, 44.99999999999999289 ) ;
#11379 = AXIS2_PLACEMENT_3D ( 'NONE', #12610, #7929, #11638 ) ;
#11380 = DIRECTION ( 'NONE',  ( 0.000000000000000000, 0.000000000000000000, 1.000000000000000000 ) ) ;
#11381 = DIRECTION ( 'NONE',  ( 0.000000000000000000, 1.000000000000000000, 0.000000000000000000 ) ) ;
#11382 = CIRCLE ( 'NONE', #4001, 8.000000000000003553 ) ;
#11383 = CYLINDRICAL_SURFACE ( 'NONE', #1269, 44.99999999999999289 ) ;
#11384 = ORIENTED_EDGE ( 'NONE', *, *, #8088, .F. ) ;
#11385 = ORIENTED_EDGE ( 'NONE', *, *, #12341, .F. ) ;
#11386 = CARTESIAN_POINT ( 'NONE',  ( 47.31460686609769795, -10.00000000000000000, -2.622880895176426197 ) ) ;
#11387 = EDGE_LOOP ( 'NONE', ( #1342, #10127, #12527, #9688 ) ) ;
#11388 = CARTESIAN_POINT ( 'NONE',  ( -29.46558707621411699, -20.23931917473912634, 41.20865162466930087 ) ) ;
#11389 = ORIENTED_EDGE ( 'NONE', *, *, #2520, .F. ) ;
#11390 = EDGE_CURVE ( 'NONE', #1438, #6933, #5420, .T. ) ;
#11391 = DIRECTION ( 'NONE',  ( 0.000000000000000000, 1.000000000000000000, 0.000000000000000000 ) ) ;
#11392 = EDGE_LOOP ( 'NONE', ( #672, #3130, #12696, #584 ) ) ;
#11393 = EDGE_CURVE ( 'NONE', #7137, #8763, #8969, .T. ) ;
#11394 = VECTOR ( 'NONE', #3661, 1000.000000000000000 ) ;
#11395 = ADVANCED_FACE ( 'NONE', ( #865 ), #5813, .T. ) ;
#11396 = FACE_OUTER_BOUND ( 'NONE', #9377, .T. ) ;
#11397 = CARTESIAN_POINT ( 'NONE',  ( 11.80310486381324786, 10.00000000000000000, 45.89377128388436233 ) ) ;
#11398 = DIRECTION ( 'NONE',  ( -0.000000000000000000, -1.000000000000000000, -0.000000000000000000 ) ) ;
#11399 = CARTESIAN_POINT ( 'NONE',  ( 42.99252106000937346, -20.23931917473911923, 26.79583779944128352 ) ) ;
#11400 = EDGE_LOOP ( 'NONE', ( #4030, #3422, #8229, #4326 ) ) ;
#11401 = CARTESIAN_POINT ( 'NONE',  ( 46.16528980983285635, 10.00000000000000000, -20.86000496748403776 ) ) ;
#11403 = EDGE_LOOP ( 'NONE', ( #11455, #3628, #2583, #1353 ) ) ;
#11402 = DIRECTION ( 'NONE',  ( 1.387778780781446464E-15, 0.000000000000000000, 1.000000000000000000 ) ) ;
#11404 = VECTOR ( 'NONE', #8806, 1000.000000000000000 ) ;
#11405 = CARTESIAN_POINT ( 'NONE',  ( 6.315817419441112079, -19.06525438257995120, 46.12357170388320782 ) ) ;
#11406 = ORIENTED_EDGE ( 'NONE', *, *, #2302, .F. ) ;
#11407 = ORIENTED_EDGE ( 'NONE', *, *, #5238, .T. ) ;
#11408 = CARTESIAN_POINT ( 'NONE',  ( -44.54739544167647125, -10.00000000000000000, -11.06088521563236249 ) ) ;
#11409 = DIRECTION ( 'NONE',  ( 0.9490135592383464047, -0.000000000000000000, 0.3152352524413565282 ) ) ;
#11410 = EDGE_CURVE ( 'NONE', #2759, #6687, #3945, .T. ) ;
#11411 = DIRECTION ( 'NONE',  ( -0.000000000000000000, 1.000000000000000000, -0.000000000000000000 ) ) ;
#11412 = CARTESIAN_POINT ( 'NONE',  ( -50.48741412005625762, -10.00000000000000000, -1.127393218865451852 ) ) ;
#11414 = VERTEX_POINT ( 'NONE', #9853 ) ;
#11413 = CARTESIAN_POINT ( 'NONE',  ( -20.36227244670284264, 10.00000000000000000, -46.21285384832067678 ) ) ;
#11415 = EDGE_CURVE ( 'NONE', #10921, #5502, #7911, .T. ) ;
#11416 = DIRECTION ( 'NONE',  ( 0.4943214563281697060, -0.000000000000000000, 0.8692791828944239629 ) ) ;
#11417 = FACE_OUTER_BOUND ( 'NONE', #5368, .T. ) ;
#11418 = DIRECTION ( 'NONE',  ( -0.9560937162403051470, 0.000000000000000000, 0.2930610956196725292 ) ) ;
#11419 = ORIENTED_EDGE ( 'NONE', *, *, #344, .T. ) ;
#11420 = DIRECTION ( 'NONE',  ( 0.000000000000000000, 1.000000000000000000, 0.000000000000000000 ) ) ;
#11421 = LINE ( 'NONE', #2618, #12518 ) ;
#11422 = DIRECTION ( 'NONE',  ( 0.000000000000000000, 1.000000000000000000, 0.000000000000000000 ) ) ;
#11423 = VERTEX_POINT ( 'NONE', #35 ) ;
#11424 = ADVANCED_FACE ( 'NONE', ( #8840 ), #7750, .T. ) ;
#11425 = DIRECTION ( 'NONE',  ( 0.6366343730118698696, 0.000000000000000000, -0.7711657896326724604 ) ) ;
#11426 = CARTESIAN_POINT ( 'NONE',  ( -27.11191122463385739, -20.23931917473912634, 42.60509675787125872 ) ) ;
#11427 = DIRECTION ( 'NONE',  ( 0.5555702330196029548, 0.000000000000000000, 0.8314696123025447916 ) ) ;
#11428 = EDGE_LOOP ( 'NONE', ( #3104, #3408, #9083, #8849 ) ) ;
#11429 = DIRECTION ( 'NONE',  ( 0.000000000000000000, 0.000000000000000000, 1.000000000000000000 ) ) ;
#11430 = DIRECTION ( 'NONE',  ( 0.000000000000000000, 1.000000000000000000, 0.000000000000000000 ) ) ;
#11431 = CARTESIAN_POINT ( 'NONE',  ( -42.70926380875499007, -10.00000000000000000, -20.52974213179092899 ) ) ;
#11432 = LINE ( 'NONE', #6693, #1686 ) ;
#11433 = CARTESIAN_POINT ( 'NONE',  ( 35.31113623141710178, -10.00000000000000000, 31.60182249696943302 ) ) ;
#11434 = VERTEX_POINT ( 'NONE', #6966 ) ;
#11435 = EDGE_CURVE ( 'NONE', #9882, #9491, #7880, .T. ) ;
#11436 = CARTESIAN_POINT ( 'NONE',  ( -42.99252106000919582, 10.00000000000000000, -26.79583779944157484 ) ) ;
#11437 = CYLINDRICAL_SURFACE ( 'NONE', #8420, 12.00000000000000178 ) ;
#11438 = DIRECTION ( 'NONE',  ( -2.309263891220325289E-14, 0.000000000000000000, 1.000000000000000000 ) ) ;
#11439 = ORIENTED_EDGE ( 'NONE', *, *, #8659, .F. ) ;
#11440 = EDGE_LOOP ( 'NONE', ( #9212, #830, #9852, #7950 ) ) ;
#11441 = CARTESIAN_POINT ( 'NONE',  ( -50.63394466786608916, -18.55636363116341414, -1.605440076985605424 ) ) ;
#11442 = VERTEX_POINT ( 'NONE', #5881 ) ;
#11443 = CARTESIAN_POINT ( 'NONE',  ( -20.56387910459097768, -19.69863090235027414, -46.67040685671988598 ) ) ;
#11444 = DIRECTION ( 'NONE',  ( 0.000000000000000000, 0.000000000000000000, 1.000000000000000000 ) ) ;
#11445 = ORIENTED_EDGE ( 'NONE', *, *, #9171, .F. ) ;
#11446 = CARTESIAN_POINT ( 'NONE',  ( 26.79583779944113431, 10.00000000000000000, -42.99252106000946583 ) ) ;
#11447 = EDGE_CURVE ( 'NONE', #3711, #11816, #4812, .T. ) ;
#11448 = CARTESIAN_POINT ( 'NONE',  ( -2.803801697542734228, 10.00000000000000000, -46.46947506094542035 ) ) ;
#11449 = EDGE_CURVE ( 'NONE', #10095, #8540, #11777, .T. ) ;
#11450 = ORIENTED_EDGE ( 'NONE', *, *, #7152, .F. ) ;
#11451 = EDGE_CURVE ( 'NONE', #5262, #10692, #9743, .T. ) ;
#11452 = DIRECTION ( 'NONE',  ( 0.000000000000000000, 1.000000000000000000, 0.000000000000000000 ) ) ;
#11453 = DIRECTION ( 'NONE',  ( -0.9922778767136664069, 0.000000000000000000, 0.1240347345892185843 ) ) ;
#11454 = VERTEX_POINT ( 'NONE', #6909 ) ;
#11455 = ORIENTED_EDGE ( 'NONE', *, *, #1475, .F. ) ;
#11456 = EDGE_CURVE ( 'NONE', #11816, #10560, #2916, .T. ) ;
#11457 = EDGE_CURVE ( 'NONE', #4825, #1138, #10812, .T. ) ;
#11458 = CYLINDRICAL_SURFACE ( 'NONE', #4721, 0.4999999999999970024 ) ;
#11460 = ORIENTED_EDGE ( 'NONE', *, *, #6680, .F. ) ;
#11459 = LINE ( 'NONE', #10503, #9293 ) ;
#11461 = EDGE_CURVE ( 'NONE', #7026, #10102, #10688, .T. ) ;
#11462 = DIRECTION ( 'NONE',  ( 0.7711657896326615802, -0.000000000000000000, -0.6366343730118830813 ) ) ;
#11463 = ORIENTED_EDGE ( 'NONE', *, *, #9270, .T. ) ;
#11464 = ORIENTED_EDGE ( 'NONE', *, *, #9965, .T. ) ;
#11465 = FACE_OUTER_BOUND ( 'NONE', #5602, .T. ) ;
#11466 = DIRECTION ( 'NONE',  ( 0.000000000000000000, 1.000000000000000000, 0.000000000000000000 ) ) ;
#11467 = VERTEX_POINT ( 'NONE', #10622 ) ;
#11468 = DIRECTION ( 'NONE',  ( -0.5555702330195924077, 0.000000000000000000, 0.8314696123025518970 ) ) ;
#11469 = EDGE_CURVE ( 'NONE', #153, #11667, #1898, .T. ) ;
#11471 = ORIENTED_EDGE ( 'NONE', *, *, #6141, .F. ) ;
#11470 = DIRECTION ( 'NONE',  ( 0.000000000000000000, 0.000000000000000000, 1.000000000000000000 ) ) ;
#11472 = VECTOR ( 'NONE', #4320, 1000.000000000000000 ) ;
#11473 = CARTESIAN_POINT ( 'NONE',  ( 44.00516535263770379, -10.00000000000000000, -15.19272321494687539 ) ) ;
#11474 = VERTEX_POINT ( 'NONE', #2020 ) ;
#11475 = VERTEX_POINT ( 'NONE', #1964 ) ;
#11476 = LINE ( 'NONE', #3712, #11994 ) ;
#11477 = CARTESIAN_POINT ( 'NONE',  ( 18.27912140669922536, -10.00000000000000000, 47.07572326156178377 ) ) ;
#11478 = VERTEX_POINT ( 'NONE', #102 ) ;
#11479 = LINE ( 'NONE', #1797, #11063 ) ;
#11480 = DIRECTION ( 'NONE',  ( 0.000000000000000000, 1.000000000000000000, 0.000000000000000000 ) ) ;
#11481 = LINE ( 'NONE', #7652, #2537 ) ;
#11482 = CIRCLE ( 'NONE', #7596, 40.00000000000000000 ) ;
#11483 = VECTOR ( 'NONE', #10169, 1000.000000000000000 ) ;
#11484 = ORIENTED_EDGE ( 'NONE', *, *, #6288, .F. ) ;
#11485 = CIRCLE ( 'NONE', #214, 5.000000000000000888 ) ;
#11486 = CC_DESIGN_PERSON_AND_ORGANIZATION_ASSIGNMENT ( #9280, #4316, ( #479 ) ) ;
#11487 = LINE ( 'NONE', #7457, #11096 ) ;
#11488 = CARTESIAN_POINT ( 'NONE',  ( 46.46947506094539193, 10.00000000000000000, -2.803801697543220950 ) ) ;
#11489 = CARTESIAN_POINT ( 'NONE',  ( -36.49718027898889972, -20.42202547882114061, -34.90280549874155014 ) ) ;
#11490 = EDGE_LOOP ( 'NONE', ( #4727, #5484, #4651, #27 ) ) ;
#11491 = AXIS2_PLACEMENT_3D ( 'NONE', #682, #11599, #610 ) ;
#11492 = FACE_OUTER_BOUND ( 'NONE', #9128, .T. ) ;
#11493 = AXIS2_PLACEMENT_3D ( 'NONE', #5365, #8399, #11154 ) ;
#11494 = CIRCLE ( 'NONE', #7201, 0.5000000000000004441 ) ;
#11495 = VECTOR ( 'NONE', #9865, 999.9999999999998863 ) ;
#11496 = CARTESIAN_POINT ( 'NONE',  ( -11.06088521563251881, -19.06525438257992988, -44.54739544167643572 ) ) ;
#11497 = FACE_OUTER_BOUND ( 'NONE', #2340, .T. ) ;
#11498 = ORIENTED_EDGE ( 'NONE', *, *, #7959, .T. ) ;
#11499 = DIRECTION ( 'NONE',  ( 0.000000000000000000, 1.000000000000000000, 0.000000000000000000 ) ) ;
#11500 = EDGE_CURVE ( 'NONE', #6778, #6585, #9130, .T. ) ;
#11501 = EDGE_LOOP ( 'NONE', ( #11460, #11283, #8549, #1643 ) ) ;
#11502 = DIRECTION ( 'NONE',  ( -0.1950903220161352980, 0.000000000000000000, -0.9807852804032289873 ) ) ;
#11503 = VECTOR ( 'NONE', #6066, 1000.000000000000114 ) ;
#11504 = AXIS2_PLACEMENT_3D ( 'NONE', #9368, #1583, #10251 ) ;
#11505 = VECTOR ( 'NONE', #9637, 1000.000000000000000 ) ;
#11506 = CARTESIAN_POINT ( 'NONE',  ( 22.51666049839540307, 5.000000000000000000, -13.00000000000000533 ) ) ;
#11507 = DIRECTION ( 'NONE',  ( 0.1950903220161215867, 0.000000000000000000, -0.9807852804032318739 ) ) ;
#11508 = ORIENTED_EDGE ( 'NONE', *, *, #9756, .F. ) ;
#11509 = ORIENTED_EDGE ( 'NONE', *, *, #4885, .F. ) ;
#11510 = DIRECTION ( 'NONE',  ( 0.000000000000000000, 0.000000000000000000, 1.000000000000000000 ) ) ;
#11511 = EDGE_CURVE ( 'NONE', #4894, #7471, #994, .T. ) ;
#11512 = ORIENTED_EDGE ( 'NONE', *, *, #8352, .F. ) ;
#11513 = CARTESIAN_POINT ( 'NONE',  ( 11.06380523147246819, 10.00000000000000000, -49.78546187191639660 ) ) ;
#11514 = VERTEX_POINT ( 'NONE', #2085 ) ;
#11515 = VECTOR ( 'NONE', #8188, 1000.000000000000000 ) ;
#11516 = CARTESIAN_POINT ( 'NONE',  ( -47.31460686609773347, 10.00000000000000000, -2.622880895175762284 ) ) ;
#11517 = AXIS2_PLACEMENT_3D ( 'NONE', #1901, #1712, #743 ) ;
#11518 = AXIS2_PLACEMENT_3D ( 'NONE', #6289, #9504, #7323 ) ;
#11519 = ORIENTED_EDGE ( 'NONE', *, *, #1810, .F. ) ;
#11520 = LINE ( 'NONE', #2534, #3582 ) ;
#11521 = DIRECTION ( 'NONE',  ( 0.9577788927496271310, -0.000000000000000000, 0.2875058131643568604 ) ) ;
#11522 = EDGE_LOOP ( 'NONE', ( #6634, #4916, #9989, #8377 ) ) ;
#11523 = AXIS2_PLACEMENT_3D ( 'NONE', #7103, #2204, #10941 ) ;
#11524 = FACE_OUTER_BOUND ( 'NONE', #3529, .T. ) ;
#11525 = CIRCLE ( 'NONE', #1486, 38.99999999999999289 ) ;
#11526 = DIRECTION ( 'NONE',  ( 0.000000000000000000, 0.000000000000000000, 1.000000000000000000 ) ) ;
#11527 = ORIENTED_EDGE ( 'NONE', *, *, #1399, .T. ) ;
#11528 = ORIENTED_EDGE ( 'NONE', *, *, #10541, .F. ) ;
#11529 = LINE ( 'NONE', #5623, #2464 ) ;
#11531 = VERTEX_POINT ( 'NONE', #1130 ) ;
#11530 = DIRECTION ( 'NONE',  ( 0.000000000000000000, 0.000000000000000000, 1.000000000000000000 ) ) ;
#11532 = LINE ( 'NONE', #10574, #4107 ) ;
#11533 = VECTOR ( 'NONE', #232, 1000.000000000000114 ) ;
#11534 = ORIENTED_EDGE ( 'NONE', *, *, #11822, .T. ) ;
#11535 = VERTEX_POINT ( 'NONE', #162 ) ;
#11536 = CARTESIAN_POINT ( 'NONE',  ( 42.60509675787135819, -10.00000000000000000, 27.11191122463370107 ) ) ;
#11537 = EDGE_CURVE ( 'NONE', #4389, #7285, #5219, .T. ) ;
#11538 = CARTESIAN_POINT ( 'NONE',  ( 34.90280549874115934, -20.42202547882114416, -36.49718027898926920 ) ) ;
#11539 = VECTOR ( 'NONE', #715, 1000.000000000000000 ) ;
#11540 = ORIENTED_EDGE ( 'NONE', *, *, #2259, .T. ) ;
#11541 = CARTESIAN_POINT ( 'NONE',  ( 0.000000000000000000, -10.00000000000000000, 0.000000000000000000 ) ) ;
#11542 = EDGE_CURVE ( 'NONE', #8393, #5873, #8069, .T. ) ;
#11543 = AXIS2_PLACEMENT_3D ( 'NONE', #5030, #11830, #11769 ) ;
#11544 = AXIS2_PLACEMENT_3D ( 'NONE', #10380, #11331, #4510 ) ;
#11546 = VERTEX_POINT ( 'NONE', #1189 ) ;
#11545 = CARTESIAN_POINT ( 'NONE',  ( 11.81567228767916866, -10.00000000000000355, -45.02958255179745350 ) ) ;
#11547 = LINE ( 'NONE', #11473, #6415 ) ;
#11548 = ORIENTED_EDGE ( 'NONE', *, *, #6748, .F. ) ;
#11549 = VERTEX_POINT ( 'NONE', #220 ) ;
#11550 = CARTESIAN_POINT ( 'NONE',  ( 0.000000000000000000, -18.55636363116341414, 0.000000000000000000 ) ) ;
#11551 = AXIS2_PLACEMENT_3D ( 'NONE', #6993, #7063, #7966 ) ;
#11552 = DIRECTION ( 'NONE',  ( -0.000000000000000000, -1.000000000000000000, -0.000000000000000000 ) ) ;
#11553 = CYLINDRICAL_SURFACE ( 'NONE', #7999, 4.999999999999997335 ) ;
#11554 = DIRECTION ( 'NONE',  ( -0.6366343730118726452, 0.000000000000000000, 0.7711657896326702399 ) ) ;
#11555 = ADVANCED_FACE ( 'NONE', ( #5276 ), #2152, .T. ) ;
#11556 = CARTESIAN_POINT ( 'NONE',  ( -8.830448225976541110, -10.00000000000000000, 50.22970420108351419 ) ) ;
#11557 = AXIS2_PLACEMENT_3D ( 'NONE', #10074, #2359, #3447 ) ;
#11558 = VERTEX_POINT ( 'NONE', #9214 ) ;
#11559 = ADVANCED_FACE ( 'NONE', ( #2260 ), #3234, .T. ) ;
#11560 = ORIENTED_EDGE ( 'NONE', *, *, #61, .F. ) ;
#11561 = DIRECTION ( 'NONE',  ( 0.000000000000000000, 1.000000000000000000, 0.000000000000000000 ) ) ;
#11562 = CARTESIAN_POINT ( 'NONE',  ( 1.469576158976824144E-15, 8.999999999999992895, -12.00000000000000178 ) ) ;
#11563 = CARTESIAN_POINT ( 'NONE',  ( 46.16528980983285635, -10.00000000000000000, -20.86000496748403776 ) ) ;
#11564 = ORIENTED_EDGE ( 'NONE', *, *, #8271, .F. ) ;
#11565 = AXIS2_PLACEMENT_3D ( 'NONE', #10958, #2166, #6088 ) ;
#11566 = DIRECTION ( 'NONE',  ( 0.000000000000000000, 1.000000000000000000, 0.000000000000000000 ) ) ;
#11567 = CARTESIAN_POINT ( 'NONE',  ( -33.87033607633458132, 10.00000000000000000, 29.62769538921561718 ) ) ;
#11568 = DIRECTION ( 'NONE',  ( -0.6544111638669369846, 0.000000000000000000, 0.7561388950492633487 ) ) ;
#11569 = ORIENTED_EDGE ( 'NONE', *, *, #6923, .F. ) ;
#11570 = CARTESIAN_POINT ( 'NONE',  ( -41.35240453125138771, -10.00000000000000000, -28.98669762983944054 ) ) ;
#11571 = EDGE_CURVE ( 'NONE', #6869, #8846, #9024, .T. ) ;
#11572 = CARTESIAN_POINT ( 'NONE',  ( -35.31113623141665414, -20.42202547882114061, 31.60182249696992685 ) ) ;
#11573 = EDGE_CURVE ( 'NONE', #2951, #12288, #9345, .T. ) ;
#11574 = VECTOR ( 'NONE', #10021, 1000.000000000000000 ) ;
#11575 = AXIS2_PLACEMENT_3D ( 'NONE', #3819, #11649, #9929 ) ;
#11576 = DIRECTION ( 'NONE',  ( 0.000000000000000000, 1.000000000000000000, 0.000000000000000000 ) ) ;
#11577 = PLANE ( 'NONE',  #5559 ) ;
#11578 = EDGE_LOOP ( 'NONE', ( #7666, #4160, #8149, #8991 ) ) ;
#11579 = ORIENTED_EDGE ( 'NONE', *, *, #324, .T. ) ;
#11580 = DIRECTION ( 'NONE',  ( -0.000000000000000000, -1.000000000000000000, -0.000000000000000000 ) ) ;
#11581 = ADVANCED_FACE ( 'NONE', ( #2395 ), #320, .T. ) ;
#11582 = ORIENTED_EDGE ( 'NONE', *, *, #7391, .T. ) ;
#11583 = CIRCLE ( 'NONE', #2556, 50.99999999999999289 ) ;
#11584 = VECTOR ( 'NONE', #3928, 1000.000000000000000 ) ;
#11585 = CARTESIAN_POINT ( 'NONE',  ( 0.000000000000000000, 10.00000000000000000, 0.000000000000000000 ) ) ;
#11586 = VERTEX_POINT ( 'NONE', #7038 ) ;
#11587 = DIRECTION ( 'NONE',  ( 0.000000000000000000, 1.000000000000000000, 0.000000000000000000 ) ) ;
#11588 = EDGE_LOOP ( 'NONE', ( #6652, #1024, #9075, #6736 ) ) ;
#11589 = FACE_OUTER_BOUND ( 'NONE', #539, .T. ) ;
#11590 = CARTESIAN_POINT ( 'NONE',  ( 0.000000000000000000, -10.00000000000000000, -40.00000000000000000 ) ) ;
#11591 = VECTOR ( 'NONE', #401, 1000.000000000000000 ) ;
#11592 = EDGE_CURVE ( 'NONE', #7935, #11535, #11967, .T. ) ;
#11593 = CIRCLE ( 'NONE', #4833, 0.5000000000000004441 ) ;
#11594 = VERTEX_POINT ( 'NONE', #11009 ) ;
#11595 = CARTESIAN_POINT ( 'NONE',  ( 40.19566517527186278, -10.00000000000000000, 23.48578117747860361 ) ) ;
#11596 = LINE ( 'NONE', #1833, #605 ) ;
#11597 = ORIENTED_EDGE ( 'NONE', *, *, #11852, .F. ) ;
#11598 = EDGE_LOOP ( 'NONE', ( #11947, #6144, #135, #7074 ) ) ;
#11599 = DIRECTION ( 'NONE',  ( 0.000000000000000000, 1.000000000000000000, 0.000000000000000000 ) ) ;
#11601 = ORIENTED_EDGE ( 'NONE', *, *, #10524, .T. ) ;
#11600 = CARTESIAN_POINT ( 'NONE',  ( 40.79785237731739045, 10.00000000000000000, 24.10574140080073136 ) ) ;
#11602 = CARTESIAN_POINT ( 'NONE',  ( 1.469576158976824144E-15, -5.000000000000000000, 12.00000000000000178 ) ) ;
#11603 = ORIENTED_EDGE ( 'NONE', *, *, #7169, .T. ) ;
#11604 = DIRECTION ( 'NONE',  ( 0.000000000000000000, 1.000000000000000000, 0.000000000000000000 ) ) ;
#11605 = AXIS2_PLACEMENT_3D ( 'NONE', #8373, #12400, #9641 ) ;
#11606 = DIRECTION ( 'NONE',  ( 0.000000000000000000, 1.000000000000000000, 0.000000000000000000 ) ) ;
#11607 = VERTEX_POINT ( 'NONE', #3106 ) ;
#11608 = CARTESIAN_POINT ( 'NONE',  ( 11.81567228767916866, 10.00000000000000000, -45.02958255179745350 ) ) ;
#11609 = ADVANCED_FACE ( 'NONE', ( #2211 ), #3291, .T. ) ;
#11610 = CIRCLE ( 'NONE', #8957, 0.4999999999999970024 ) ;
#11611 = EDGE_CURVE ( 'NONE', #10267, #6012, #10972, .T. ) ;
#11613 = EDGE_LOOP ( 'NONE', ( #4410, #7192, #11973, #12450 ) ) ;
#11612 = DIRECTION ( 'NONE',  ( 0.000000000000000000, 1.000000000000000000, 0.000000000000000000 ) ) ;
#11614 = CARTESIAN_POINT ( 'NONE',  ( -44.00516535263781037, -10.00000000000000355, 15.19272321494659472 ) ) ;
#11615 = ORIENTED_EDGE ( 'NONE', *, *, #9945, .F. ) ;
#11616 = DIRECTION ( 'NONE',  ( 0.9948960270893577595, -0.000000000000000000, 0.1009053778636795490 ) ) ;
#11617 = DIRECTION ( 'NONE',  ( -1.249000902703301739E-14, 0.000000000000000000, 1.000000000000000000 ) ) ;
#11618 = CARTESIAN_POINT ( 'NONE',  ( 18.27912140669922536, -19.69863090235029901, 47.07572326156178377 ) ) ;
#11619 = CARTESIAN_POINT ( 'NONE',  ( 0.000000000000000000, 10.00000000000000000, 0.000000000000000000 ) ) ;
#11620 = CARTESIAN_POINT ( 'NONE',  ( 17.89353851188187861, -19.69863090235023151, -47.39404044806811100 ) ) ;
#11621 = ORIENTED_EDGE ( 'NONE', *, *, #6924, .T. ) ;
#11622 = EDGE_CURVE ( 'NONE', #5749, #562, #10111, .T. ) ;
#11623 = ORIENTED_EDGE ( 'NONE', *, *, #3878, .T. ) ;
#11624 = EDGE_CURVE ( 'NONE', #2778, #4659, #4314, .T. ) ;
#11625 = CARTESIAN_POINT ( 'NONE',  ( 4.837354856632045452E-15, 5.000000000000000000, -38.99999999999999289 ) ) ;
#11626 = FACE_OUTER_BOUND ( 'NONE', #12523, .T. ) ;
#11627 = ADVANCED_FACE ( 'NONE', ( #6128 ), #10042, .T. ) ;
#11628 = LINE ( 'NONE', #10600, #7657 ) ;
#11629 = ORIENTED_EDGE ( 'NONE', *, *, #10995, .F. ) ;
#11630 = EDGE_CURVE ( 'NONE', #3324, #8605, #4205, .T. ) ;
#11631 = CARTESIAN_POINT ( 'NONE',  ( 50.98728950738355081, 10.00000000000000000, 1.138555527962773484 ) ) ;
#11632 = ADVANCED_FACE ( 'NONE', ( #9993, #11059 ), #4198, .F. ) ;
#11633 = PLANE ( 'NONE',  #9971 ) ;
#11634 = DIRECTION ( 'NONE',  ( -0.000000000000000000, -1.000000000000000000, -0.000000000000000000 ) ) ;
#11635 = ORIENTED_EDGE ( 'NONE', *, *, #1655, .F. ) ;
#11636 = CYLINDRICAL_SURFACE ( 'NONE', #811, 5.000000000000000888 ) ;
#11637 = ORIENTED_EDGE ( 'NONE', *, *, #4365, .T. ) ;
#11638 = DIRECTION ( 'NONE',  ( 0.000000000000000000, 0.000000000000000000, 1.000000000000000000 ) ) ;
#11639 = CARTESIAN_POINT ( 'NONE',  ( 45.38924439456603466, -10.00000000000000000, 11.82862472836567136 ) ) ;
#11640 = EDGE_CURVE ( 'NONE', #4459, #7709, #2334, .T. ) ;
#11641 = CARTESIAN_POINT ( 'NONE',  ( 49.73725612068059831, -19.06525438257995830, -8.743875204154102576 ) ) ;
#11642 = ORIENTED_EDGE ( 'NONE', *, *, #10624, .T. ) ;
#11643 = ORIENTED_EDGE ( 'NONE', *, *, #4803, .T. ) ;
#11644 = CARTESIAN_POINT ( 'NONE',  ( 44.89988864128724799, 10.00000000000000000, -3.000000000000468514 ) ) ;
#11645 = DIRECTION ( 'NONE',  ( 0.000000000000000000, 1.000000000000000000, 0.000000000000000000 ) ) ;
#11646 = CARTESIAN_POINT ( 'NONE',  ( -24.10574140080088057, -10.00000000000000000, 40.79785237731729808 ) ) ;
#11647 = DIRECTION ( 'NONE',  ( 0.000000000000000000, 0.000000000000000000, 1.000000000000000000 ) ) ;
#11648 = ORIENTED_EDGE ( 'NONE', *, *, #8444, .F. ) ;
#11649 = DIRECTION ( 'NONE',  ( -0.000000000000000000, -1.000000000000000000, -0.000000000000000000 ) ) ;
#11650 = CARTESIAN_POINT ( 'NONE',  ( 0.000000000000000000, 9.000000000000007105, 0.000000000000000000 ) ) ;
#11651 = EDGE_CURVE ( 'NONE', #4081, #8121, #120, .T. ) ;
#11652 = ORIENTED_EDGE ( 'NONE', *, *, #5133, .T. ) ;
#11653 = ORIENTED_EDGE ( 'NONE', *, *, #5715, .T. ) ;
#11654 = CARTESIAN_POINT ( 'NONE',  ( 28.14833299833665237, -10.00000000000000000, -37.08024765038285864 ) ) ;
#11655 = CARTESIAN_POINT ( 'NONE',  ( 11.45278456627722186, -10.00000000000000000, -49.34782179739809038 ) ) ;
#11656 = VERTEX_POINT ( 'NONE', #3611 ) ;
#11657 = EDGE_LOOP ( 'NONE', ( #2644, #9619, #5941, #822 ) ) ;
#11658 = DIRECTION ( 'NONE',  ( 0.000000000000000000, 0.000000000000000000, 1.000000000000000000 ) ) ;
#11660 = VERTEX_POINT ( 'NONE', #5401 ) ;
#11659 = CARTESIAN_POINT ( 'NONE',  ( -15.19272321494644196, -10.00000000000000000, -44.00516535263786722 ) ) ;
#11661 = VERTEX_POINT ( 'NONE', #11313 ) ;
#11662 = DIRECTION ( 'NONE',  ( -0.000000000000000000, -1.000000000000000000, -0.000000000000000000 ) ) ;
#11663 = ADVANCED_FACE ( 'NONE', ( #9531 ), #9405, .T. ) ;
#11664 = LINE ( 'NONE', #119, #1328 ) ;
#11665 = CARTESIAN_POINT ( 'NONE',  ( -6.828624728366156305, 10.00000000000000000, -45.38924439456597071 ) ) ;
#11667 = VERTEX_POINT ( 'NONE', #8325 ) ;
#11666 = LINE ( 'NONE', #3643, #10492 ) ;
#11668 = LINE ( 'NONE', #3898, #2455 ) ;
#11669 = ORIENTED_EDGE ( 'NONE', *, *, #2549, .T. ) ;
#11670 = FACE_OUTER_BOUND ( 'NONE', #8234, .T. ) ;
#11671 = PLANE ( 'NONE',  #9142 ) ;
#11672 = EDGE_CURVE ( 'NONE', #3023, #11357, #7345, .T. ) ;
#11673 = CARTESIAN_POINT ( 'NONE',  ( -22.51666049839539951, -5.000000000000000000, 5.000000000000009770 ) ) ;
#11674 = FACE_BOUND ( 'NONE', #1922, .T. ) ;
#11675 = DIRECTION ( 'NONE',  ( 0.000000000000000000, 0.000000000000000000, 1.000000000000000000 ) ) ;
#11676 = CARTESIAN_POINT ( 'NONE',  ( 46.12357170388319361, 10.00000000000000000, -6.315817419441274616 ) ) ;
#11677 = CIRCLE ( 'NONE', #3061, 0.4999999999999970024 ) ;
#11678 = VERTEX_POINT ( 'NONE', #7534 ) ;
#11679 = DIRECTION ( 'NONE',  ( -0.000000000000000000, -1.000000000000000000, -0.000000000000000000 ) ) ;
#11681 = ORIENTED_EDGE ( 'NONE', *, *, #6301, .F. ) ;
#11680 = CARTESIAN_POINT ( 'NONE',  ( 49.34782179739804775, 10.00000000000000000, 11.45278456627739239 ) ) ;
#11682 = LINE ( 'NONE', #4098, #1091 ) ;
#11683 = ORIENTED_EDGE ( 'NONE', *, *, #7592, .T. ) ;
#11684 = DIRECTION ( 'NONE',  ( 0.000000000000000000, 0.000000000000000000, 1.000000000000000000 ) ) ;
#11685 = DIRECTION ( 'NONE',  ( 0.000000000000000000, 0.000000000000000000, -1.000000000000000000 ) ) ;
#11686 = PLANE ( 'NONE',  #7033 ) ;
#11687 = VERTEX_POINT ( 'NONE', #11436 ) ;
#11688 = AXIS2_PLACEMENT_3D ( 'NONE', #5793, #9784, #2894 ) ;
#11689 = CARTESIAN_POINT ( 'NONE',  ( 0.000000000000000000, 5.000000000000000000, 0.000000000000000000 ) ) ;
#11690 = ADVANCED_FACE ( 'NONE', ( #2632 ), #6376, .T. ) ;
#11691 = VECTOR ( 'NONE', #2413, 1000.000000000000000 ) ;
#11692 = ADVANCED_FACE ( 'NONE', ( #1688 ), #10416, .T. ) ;
#11693 = VERTEX_POINT ( 'NONE', #8439 ) ;
#11694 = DIRECTION ( 'NONE',  ( -0.1009053778636897075, 0.000000000000000000, 0.9948960270893567603 ) ) ;
#11695 = EDGE_CURVE ( 'NONE', #10753, #8502, #7916, .T. ) ;
#11696 = DIRECTION ( 'NONE',  ( 0.000000000000000000, 1.000000000000000000, 0.000000000000000000 ) ) ;
#11697 = AXIS2_PLACEMENT_3D ( 'NONE', #7452, #12315, #4674 ) ;
#11698 = VECTOR ( 'NONE', #7276, 1000.000000000000000 ) ;
#11699 = LINE ( 'NONE', #5871, #2705 ) ;
#11700 = AXIS2_PLACEMENT_3D ( 'NONE', #5029, #9016, #5144 ) ;
#11701 = CIRCLE ( 'NONE', #1050, 50.99999999999997868 ) ;
#11702 = ORIENTED_EDGE ( 'NONE', *, *, #6729, .F. ) ;
#11703 = ORIENTED_EDGE ( 'NONE', *, *, #11876, .F. ) ;
#11704 = CARTESIAN_POINT ( 'NONE',  ( -11.06088521563251881, 10.00000000000000000, -44.54739544167643572 ) ) ;
#11705 = DIRECTION ( 'NONE',  ( -0.07193236855372590888, 0.000000000000000000, 0.9974095118627308576 ) ) ;
#11706 = CARTESIAN_POINT ( 'NONE',  ( 35.24837783041187578, -10.00000000000000000, -36.85853849957329942 ) ) ;
#11707 = EDGE_LOOP ( 'NONE', ( #10594, #9595, #1809, #10181 ) ) ;
#11708 = DIRECTION ( 'NONE',  ( -0.4943214563281571050, 0.000000000000000000, 0.8692791828944310684 ) ) ;
#11709 = ORIENTED_EDGE ( 'NONE', *, *, #1709, .T. ) ;
#11710 = VECTOR ( 'NONE', #12041, 999.9999999999998863 ) ;
#11711 = EDGE_CURVE ( 'NONE', #3383, #526, #7405, .T. ) ;
#11712 = DIRECTION ( 'NONE',  ( -0.2875058131643603021, -0.000000000000000000, 0.9577788927496261318 ) ) ;
#11713 = VECTOR ( 'NONE', #3824, 1000.000000000000114 ) ;
#11714 = CIRCLE ( 'NONE', #1062, 0.4999999999999976130 ) ;
#11715 = APPROVAL_ROLE ( '' ) ;
#11716 = ORIENTED_EDGE ( 'NONE', *, *, #8029, .F. ) ;
#11717 = CARTESIAN_POINT ( 'NONE',  ( 0.000000000000000000, -5.000000000000000000, -26.00000000000000000 ) ) ;
#11718 = DIRECTION ( 'NONE',  ( 0.000000000000000000, 1.000000000000000000, 0.000000000000000000 ) ) ;
#11719 = ORIENTED_EDGE ( 'NONE', *, *, #10528, .T. ) ;
#11720 = ORIENTED_EDGE ( 'NONE', *, *, #3322, .T. ) ;
#11721 = CARTESIAN_POINT ( 'NONE',  ( 0.000000000000000000, 8.999999999999992895, 0.000000000000000000 ) ) ;
#11723 = ORIENTED_EDGE ( 'NONE', *, *, #11592, .F. ) ;
#11722 = LINE ( 'NONE', #5624, #1083 ) ;
#11724 = CIRCLE ( 'NONE', #5558, 50.99999999999999289 ) ;
#11725 = VERTEX_POINT ( 'NONE', #2517 ) ;
#11726 = CARTESIAN_POINT ( 'NONE',  ( -45.84930138799937538, -10.00000000000000000, 2.157587686025765894 ) ) ;
#11727 = EDGE_CURVE ( 'NONE', #12619, #10769, #10772, .T. ) ;
#11728 = DIRECTION ( 'NONE',  ( -0.8939589078457594873, 0.000000000000000000, -0.4481489385050656526 ) ) ;
#11729 = CARTESIAN_POINT ( 'NONE',  ( 11.06380523147350381, -19.06525438257995120, 49.78546187191617634 ) ) ;
#11730 = AXIS2_PLACEMENT_3D ( 'NONE', #3923, #10926, #8046 ) ;
#11731 = AXIS2_PLACEMENT_3D ( 'NONE', #6898, #11826, #87 ) ;
#11732 = CIRCLE ( 'NONE', #3538, 0.4999999999999978906 ) ;
#11734 = ORIENTED_EDGE ( 'NONE', *, *, #391, .T. ) ;
#11733 = CARTESIAN_POINT ( 'NONE',  ( 46.91716864078415483, -10.00000000000000000, 6.658138915333635666 ) ) ;
#11735 = CARTESIAN_POINT ( 'NONE',  ( -8.743875204153592762, -19.06525438257992988, -49.73725612068069069 ) ) ;
#11736 = ORIENTED_EDGE ( 'NONE', *, *, #5631, .T. ) ;
#11737 = DIRECTION ( 'NONE',  ( -0.000000000000000000, -1.000000000000000000, -0.000000000000000000 ) ) ;
#11738 = FACE_OUTER_BOUND ( 'NONE', #6100, .T. ) ;
#11739 = EDGE_CURVE ( 'NONE', #12321, #6523, #2557, .T. ) ;
#11740 = AXIS2_PLACEMENT_3D ( 'NONE', #1352, #382, #1405 ) ;
#11741 = DIRECTION ( 'NONE',  ( -0.1009053778636932186, 0.000000000000000000, -0.9948960270893564273 ) ) ;
#11742 = CARTESIAN_POINT ( 'NONE',  ( 43.45187890507050810, -19.06525438257988725, 11.70188957472628033 ) ) ;
#11743 = CYLINDRICAL_SURFACE ( 'NONE', #3292, 50.99999999999999289 ) ;
#11744 = DIRECTION ( 'NONE',  ( 0.1240347345892081898, 0.000000000000000000, -0.9922778767136676281 ) ) ;
#11745 = CIRCLE ( 'NONE', #11543, 0.4999999999999976130 ) ;
#11746 = ORIENTED_EDGE ( 'NONE', *, *, #12522, .F. ) ;
#11747 = ORIENTED_EDGE ( 'NONE', *, *, #9297, .T. ) ;
#11748 = DIRECTION ( 'NONE',  ( -0.000000000000000000, -1.000000000000000000, -0.000000000000000000 ) ) ;
#11750 = VERTEX_POINT ( 'NONE', #6441 ) ;
#11749 = DIRECTION ( 'NONE',  ( 0.000000000000000000, 0.000000000000000000, -1.000000000000000000 ) ) ;
#11751 = DIRECTION ( 'NONE',  ( -0.1009053778637038490, 0.000000000000000000, -0.9948960270893552060 ) ) ;
#11752 = VECTOR ( 'NONE', #6550, 1000.000000000000114 ) ;
#11753 = EDGE_LOOP ( 'NONE', ( #4313, #8120, #8658, #10256 ) ) ;
#11754 = CARTESIAN_POINT ( 'NONE',  ( -43.02692939903820957, -20.23931917473912989, -27.38034598923433194 ) ) ;
#11755 = DIRECTION ( 'NONE',  ( 0.000000000000000000, 1.000000000000000000, 0.000000000000000000 ) ) ;
#11756 = AXIS2_PLACEMENT_3D ( 'NONE', #7359, #3250, #10060 ) ;
#11757 = CARTESIAN_POINT ( 'NONE',  ( 29.46558707621469608, 10.00000000000000000, 41.20865162466889586 ) ) ;
#11758 = DIRECTION ( 'NONE',  ( -0.000000000000000000, -1.000000000000000000, -0.000000000000000000 ) ) ;
#11759 = EDGE_LOOP ( 'NONE', ( #8953, #9233, #10264, #2842 ) ) ;
#11760 = DIRECTION ( 'NONE',  ( 0.6139406135149274579, -0.000000000000000000, 0.7893522173763207750 ) ) ;
#11761 = AXIS2_PLACEMENT_3D ( 'NONE', #5553, #5486, #6528 ) ;
#11762 = EDGE_CURVE ( 'NONE', #8551, #2929, #781, .T. ) ;
#11763 = CIRCLE ( 'NONE', #8503, 44.99999999999999289 ) ;
#11764 = DIRECTION ( 'NONE',  ( 0.000000000000000000, 0.000000000000000000, 1.000000000000000000 ) ) ;
#11765 = ADVANCED_FACE ( 'NONE', ( #4492 ), #10477, .T. ) ;
#11766 = CARTESIAN_POINT ( 'NONE',  ( -45.02958255179724745, -10.00000000000000000, 11.81567228767996625 ) ) ;
#11767 = ORIENTED_EDGE ( 'NONE', *, *, #11047, .F. ) ;
#11768 = EDGE_LOOP ( 'NONE', ( #11252, #5622, #3685, #6647 ) ) ;
#11769 = DIRECTION ( 'NONE',  ( 0.000000000000000000, 0.000000000000000000, 1.000000000000000000 ) ) ;
#11770 = CARTESIAN_POINT ( 'NONE',  ( 0.000000000000000000, 10.00000000000000000, 0.000000000000000000 ) ) ;
#11771 = DIRECTION ( 'NONE',  ( 0.000000000000000000, 1.000000000000000000, 0.000000000000000000 ) ) ;
#11772 = CARTESIAN_POINT ( 'NONE',  ( 42.60509675787079686, -20.23931917473915831, -27.11191122463459635 ) ) ;
#11773 = AXIS2_PLACEMENT_3D ( 'NONE', #2948, #8872, #11808 ) ;
#11775 = ORIENTED_EDGE ( 'NONE', *, *, #9675, .T. ) ;
#11774 = CIRCLE ( 'NONE', #10752, 0.4999999999999982236 ) ;
#11776 = CIRCLE ( 'NONE', #10344, 50.99999999999999289 ) ;
#11777 = LINE ( 'NONE', #2981, #2351 ) ;
#11778 =( NAMED_UNIT ( * ) SI_UNIT ( $, .STERADIAN. ) SOLID_ANGLE_UNIT ( ) );
#11779 = ORIENTED_EDGE ( 'NONE', *, *, #10079, .F. ) ;
#11780 = ORIENTED_EDGE ( 'NONE', *, *, #11179, .F. ) ;
#11781 = DIRECTION ( 'NONE',  ( 0.2651351511132947203, -0.000000000000000000, 0.9642112588246054550 ) ) ;
#11782 = CARTESIAN_POINT ( 'NONE',  ( -44.71672993605646695, 10.00000000000000000, -15.68329018125507979 ) ) ;
#11783 = EDGE_LOOP ( 'NONE', ( #11823, #11072, #12061, #4031 ) ) ;
#11784 = VECTOR ( 'NONE', #7611, 1000.000000000000000 ) ;
#11785 = ORIENTED_EDGE ( 'NONE', *, *, #10149, .T. ) ;
#11786 = DIRECTION ( 'NONE',  ( -0.8314696123025373531, 0.000000000000000000, 0.5555702330196140570 ) ) ;
#11788 = VERTEX_POINT ( 'NONE', #2578 ) ;
#11787 = FACE_OUTER_BOUND ( 'NONE', #8676, .T. ) ;
#11789 = EDGE_CURVE ( 'NONE', #3109, #11687, #5661, .T. ) ;
#11790 = EDGE_LOOP ( 'NONE', ( #1200, #8875, #3852, #11064 ) ) ;
#11791 = APPLICATION_CONTEXT ( 'configuration controlled 3d designs of mechanical parts and assemblies' ) ;
#11792 = ADVANCED_FACE ( 'NONE', ( #4563 ), #6626, .T. ) ;
#11793 = CARTESIAN_POINT ( 'NONE',  ( 3.000000000000005329, 10.00000000000000000, 44.89988864128729062 ) ) ;
#11794 = ADVANCED_FACE ( 'NONE', ( #10545 ), #1758, .T. ) ;
#11795 = PLANE ( 'NONE',  #11565 ) ;
#11796 = CARTESIAN_POINT ( 'NONE',  ( -50.63394466786607495, -10.00000000000000000, 1.605440076985958919 ) ) ;
#11798 = VERTEX_POINT ( 'NONE', #12220 ) ;
#11797 = CARTESIAN_POINT ( 'NONE',  ( 30.87629374033914331, -20.42202547882114061, 34.84146812720820918 ) ) ;
#11799 = VECTOR ( 'NONE', #6692, 1000.000000000000114 ) ;
#11800 = EDGE_CURVE ( 'NONE', #4829, #11169, #10667, .T. ) ;
#11801 = DIRECTION ( 'NONE',  ( 0.000000000000000000, 1.000000000000000000, 0.000000000000000000 ) ) ;
#11802 = ORIENTED_EDGE ( 'NONE', *, *, #4885, .T. ) ;
#11803 = ORIENTED_EDGE ( 'NONE', *, *, #9367, .F. ) ;
#11804 = DIRECTION ( 'NONE',  ( 0.000000000000000000, 0.000000000000000000, -1.000000000000000000 ) ) ;
#11805 = FACE_OUTER_BOUND ( 'NONE', #8333, .T. ) ;
#11806 = DIRECTION ( 'NONE',  ( -0.000000000000000000, 1.000000000000000000, -0.000000000000000000 ) ) ;
#11807 = CARTESIAN_POINT ( 'NONE',  ( -47.31460686609771926, -10.00000000000000000, 2.622880895176094018 ) ) ;
#11808 = DIRECTION ( 'NONE',  ( 0.000000000000000000, 0.000000000000000000, 1.000000000000000000 ) ) ;
#11809 = VECTOR ( 'NONE', #5640, 1000.000000000000000 ) ;
#11810 = EDGE_CURVE ( 'NONE', #2600, #7941, #8890, .T. ) ;
#11811 = ORIENTED_EDGE ( 'NONE', *, *, #527, .T. ) ;
#11812 = LINE ( 'NONE', #5007, #5763 ) ;
#11814 = EDGE_LOOP ( 'NONE', ( #6881, #1384, #2448, #9793 ) ) ;
#11813 = FACE_OUTER_BOUND ( 'NONE', #9796, .T. ) ;
#11815 = DIRECTION ( 'NONE',  ( -0.8314696123025447916, 0.000000000000000000, 0.5555702330196029548 ) ) ;
#11816 = VERTEX_POINT ( 'NONE', #10801 ) ;
#11817 = CARTESIAN_POINT ( 'NONE',  ( -20.52974213179108531, 10.00000000000000000, -42.70926380875493322 ) ) ;
#11818 = VECTOR ( 'NONE', #11327, 1000.000000000000000 ) ;
#11819 = DIRECTION ( 'NONE',  ( 0.8805492600596760422, 0.000000000000000000, -0.4739546398215306877 ) ) ;
#11820 = CARTESIAN_POINT ( 'NONE',  ( 20.86000496748389565, 10.00000000000000000, 46.16528980983291319 ) ) ;
#11821 = DIRECTION ( 'NONE',  ( 0.000000000000000000, 0.000000000000000000, -1.000000000000000000 ) ) ;
#11822 = EDGE_CURVE ( 'NONE', #277, #11975, #10740, .T. ) ;
#11823 = ORIENTED_EDGE ( 'NONE', *, *, #7835, .T. ) ;
#11824 = CARTESIAN_POINT ( 'NONE',  ( -46.12357170388322913, -19.06525438257993699, 6.315817419440961089 ) ) ;
#11825 = DIRECTION ( 'NONE',  ( 0.4481489385050685947, 0.000000000000000000, -0.8939589078457579330 ) ) ;
#11826 = DIRECTION ( 'NONE',  ( 0.000000000000000000, 1.000000000000000000, 0.000000000000000000 ) ) ;
#11827 = ORIENTED_EDGE ( 'NONE', *, *, #10609, .T. ) ;
#11828 = ORIENTED_EDGE ( 'NONE', *, *, #12644, .F. ) ;
#11829 = DIRECTION ( 'NONE',  ( 0.8314696123025480112, 0.000000000000000000, 0.5555702330195980698 ) ) ;
#11830 = DIRECTION ( 'NONE',  ( -0.000000000000000000, -1.000000000000000000, -0.000000000000000000 ) ) ;
#11831 = CYLINDRICAL_SURFACE ( 'NONE', #11174, 5.000000000000004441 ) ;
#11832 = CARTESIAN_POINT ( 'NONE',  ( 0.000000000000000000, -10.00000000000000000, 0.000000000000000000 ) ) ;
#11833 = CARTESIAN_POINT ( 'NONE',  ( -1.138555527963307501, 10.00000000000000000, 50.98728950738353660 ) ) ;
#11834 = EDGE_CURVE ( 'NONE', #333, #3428, #518, .T. ) ;
#11835 = ORIENTED_EDGE ( 'NONE', *, *, #8025, .T. ) ;
#11836 = CARTESIAN_POINT ( 'NONE',  ( 0.000000000000000000, -19.69863090235023861, 0.000000000000000000 ) ) ;
#11837 = PERSON_AND_ORGANIZATION ( #8145, #4988 ) ;
#11838 = CARTESIAN_POINT ( 'NONE',  ( -30.87629374033890173, -10.00000000000000355, -34.84146812720842945 ) ) ;
#11839 = PLANE ( 'NONE',  #8434 ) ;
#11840 = EDGE_LOOP ( 'NONE', ( #8768, #8645, #12184, #11597 ) ) ;
#11841 = ORIENTED_EDGE ( 'NONE', *, *, #2408, .F. ) ;
#11842 = PLANE ( 'NONE',  #10890 ) ;
#11844 = ORIENTED_EDGE ( 'NONE', *, *, #11223, .T. ) ;
#11843 = DIRECTION ( 'NONE',  ( -0.1950903220161283314, 0.000000000000000000, -0.9807852804032304306 ) ) ;
#11845 = ORIENTED_EDGE ( 'NONE', *, *, #5308, .F. ) ;
#11846 = CARTESIAN_POINT ( 'NONE',  ( 43.02692939903840141, -10.00000000000000000, 27.38034598923403706 ) ) ;
#11847 = ADVANCED_FACE ( 'NONE', ( #12672 ), #84, .T. ) ;
#11848 = EDGE_CURVE ( 'NONE', #9802, #10040, #3990, .T. ) ;
#11849 = CARTESIAN_POINT ( 'NONE',  ( 0.000000000000000000, -10.00000000000000000, 0.000000000000000000 ) ) ;
#11850 = DIRECTION ( 'NONE',  ( -0.3152352524413633561, 0.000000000000000000, 0.9490135592383440732 ) ) ;
#11851 = EDGE_CURVE ( 'NONE', #12363, #9060, #12538, .T. ) ;
#11852 = EDGE_CURVE ( 'NONE', #10203, #2893, #5797, .T. ) ;
#11854 = ORIENTED_EDGE ( 'NONE', *, *, #7222, .T. ) ;
#11853 = CARTESIAN_POINT ( 'NONE',  ( 23.67853845910867250, -20.23931917473915831, 39.32099234290767242 ) ) ;
#11855 = DIRECTION ( 'NONE',  ( -0.000000000000000000, 1.000000000000000000, -0.000000000000000000 ) ) ;
#11856 = ORIENTED_EDGE ( 'NONE', *, *, #3787, .F. ) ;
#11857 = EDGE_LOOP ( 'NONE', ( #4502, #9033, #6031, #7249 ) ) ;
#11858 = CYLINDRICAL_SURFACE ( 'NONE', #10525, 4.999999999999997335 ) ;
#11859 = DIRECTION ( 'NONE',  ( -6.938893903907222067E-15, 0.000000000000000000, 1.000000000000000000 ) ) ;
#11860 = CARTESIAN_POINT ( 'NONE',  ( -23.48578117747902283, 10.00000000000000000, -40.19566517527163541 ) ) ;
#11861 = EDGE_CURVE ( 'NONE', #203, #6038, #1815, .T. ) ;
#11862 = VERTEX_POINT ( 'NONE', #920 ) ;
#11863 = DIRECTION ( 'NONE',  ( 0.000000000000000000, 0.000000000000000000, 1.000000000000000000 ) ) ;
#11865 = ORIENTED_EDGE ( 'NONE', *, *, #2164, .F. ) ;
#11864 = CYLINDRICAL_SURFACE ( 'NONE', #11292, 5.000000000000000888 ) ;
#11866 = DIRECTION ( 'NONE',  ( -0.9490135592383408536, 0.000000000000000000, 0.3152352524413731261 ) ) ;
#11867 = ORIENTED_EDGE ( 'NONE', *, *, #6646, .F. ) ;
#11868 = FACE_OUTER_BOUND ( 'NONE', #6420, .T. ) ;
#11869 = DIRECTION ( 'NONE',  ( -0.1950903220161216423, 0.000000000000000000, 0.9807852804032317628 ) ) ;
#11870 = CARTESIAN_POINT ( 'NONE',  ( -11.70188957472675284, 10.00000000000000000, -43.45187890507039441 ) ) ;
#11871 = CARTESIAN_POINT ( 'NONE',  ( 6.828624728366460950, -19.06525438257995120, 45.38924439456591386 ) ) ;
#11872 = AXIS2_PLACEMENT_3D ( 'NONE', #5934, #8966, #11708 ) ;
#11873 = CONICAL_SURFACE ( 'NONE', #9229, 12.00000000000000178, 0.7853981633974482790 ) ;
#11874 = EDGE_LOOP ( 'NONE', ( #12154, #7326, #1111, #9289 ) ) ;
#11875 = VERTEX_POINT ( 'NONE', #3864 ) ;
#11876 = EDGE_CURVE ( 'NONE', #7128, #6106, #4003, .T. ) ;
#11877 = LINE ( 'NONE', #3347, #5435 ) ;
#11878 = FACE_OUTER_BOUND ( 'NONE', #7549, .T. ) ;
#11879 = DIRECTION ( 'NONE',  ( 0.000000000000000000, 0.000000000000000000, 1.000000000000000000 ) ) ;
#11880 = ORIENTED_EDGE ( 'NONE', *, *, #6636, .T. ) ;
#11881 = AXIS2_PLACEMENT_3D ( 'NONE', #9575, #11480, #6422 ) ;
#11882 = ORIENTED_EDGE ( 'NONE', *, *, #4241, .F. ) ;
#11883 = CARTESIAN_POINT ( 'NONE',  ( 2.157587686025606022, 10.00000000000000000, 45.84930138799938248 ) ) ;
#11884 = CARTESIAN_POINT ( 'NONE',  ( -44.89988864128726931, -10.00000000000000000, 3.000000000000158096 ) ) ;
#11885 = VECTOR ( 'NONE', #11453, 1000.000000000000114 ) ;
#11886 = CIRCLE ( 'NONE', #6983, 0.4999999999999990563 ) ;
#11887 = CARTESIAN_POINT ( 'NONE',  ( 0.000000000000000000, 5.000000000000000000, 40.00000000000000000 ) ) ;
#11888 = CARTESIAN_POINT ( 'NONE',  ( -17.89353851188256428, -10.00000000000000000, -47.39404044806786942 ) ) ;
#11889 = ADVANCED_FACE ( 'NONE', ( #5722 ), #4764, .T. ) ;
#11890 = DIRECTION ( 'NONE',  ( -9.714451465470111840E-15, 0.000000000000000000, 1.000000000000000000 ) ) ;
#11891 = ORIENTED_EDGE ( 'NONE', *, *, #6279, .T. ) ;
#11892 = DIRECTION ( 'NONE',  ( 0.000000000000000000, 1.000000000000000000, 0.000000000000000000 ) ) ;
#11893 = CIRCLE ( 'NONE', #1453, 12.00000000000000178 ) ;
#11894 = APPROVAL_DATE_TIME ( #7040, #8142 ) ;
#11895 = VECTOR ( 'NONE', #644, 1000.000000000000000 ) ;
#11896 = AXIS2_PLACEMENT_3D ( 'NONE', #3354, #5457, #12076 ) ;
#11897 = CIRCLE ( 'NONE', #11090, 50.99999999999999289 ) ;
#11898 = ORIENTED_EDGE ( 'NONE', *, *, #10913, .T. ) ;
#11899 = DIRECTION ( 'NONE',  ( 0.000000000000000000, 1.000000000000000000, 0.000000000000000000 ) ) ;
#11900 = ORIENTED_EDGE ( 'NONE', *, *, #6263, .F. ) ;
#11901 = ADVANCED_FACE ( 'NONE', ( #849 ), #1757, .F. ) ;
#11902 = VERTEX_POINT ( 'NONE', #1044 ) ;
#11903 = DIRECTION ( 'NONE',  ( -0.000000000000000000, -1.000000000000000000, -0.000000000000000000 ) ) ;
#11904 = CARTESIAN_POINT ( 'NONE',  ( 8.743875204153926717, 10.00000000000000000, 49.73725612068061963 ) ) ;
#11905 = ORIENTED_EDGE ( 'NONE', *, *, #9132, .T. ) ;
#11906 = DIRECTION ( 'NONE',  ( -0.7748486042760508452, 0.000000000000000000, -0.6321468503848263198 ) ) ;
#11907 = AXIS2_PLACEMENT_3D ( 'NONE', #8977, #1971, #12693 ) ;
#11908 = AXIS2_PLACEMENT_3D ( 'NONE', #809, #8674, #4720 ) ;
#11909 = AXIS2_PLACEMENT_3D ( 'NONE', #2501, #1553, #6039 ) ;
#11910 = VECTOR ( 'NONE', #6103, 1000.000000000000000 ) ;
#11911 = FACE_OUTER_BOUND ( 'NONE', #11312, .T. ) ;
#11912 = DIRECTION ( 'NONE',  ( 0.000000000000000000, 1.000000000000000000, 0.000000000000000000 ) ) ;
#11913 = EDGE_CURVE ( 'NONE', #5795, #4239, #16, .T. ) ;
#11914 = AXIS2_PLACEMENT_3D ( 'NONE', #10499, #4709, #3756 ) ;
#11915 = AXIS2_PLACEMENT_3D ( 'NONE', #6884, #972, #2883 ) ;
#11916 = ORIENTED_EDGE ( 'NONE', *, *, #8921, .T. ) ;
#11918 = VERTEX_POINT ( 'NONE', #982 ) ;
#11917 = CARTESIAN_POINT ( 'NONE',  ( 44.00516535263770379, -19.69863090235031322, -15.19272321494687539 ) ) ;
#11919 = ADVANCED_FACE ( 'NONE', ( #7861 ), #2831, .T. ) ;
#11920 = CARTESIAN_POINT ( 'NONE',  ( -47.07572326156186193, -19.69863090235029190, 18.27912140669906549 ) ) ;
#11921 = ORIENTED_EDGE ( 'NONE', *, *, #4716, .T. ) ;
#11922 = FACE_OUTER_BOUND ( 'NONE', #5528, .T. ) ;
#11923 = CARTESIAN_POINT ( 'NONE',  ( -30.87629374033890173, -10.00000000000000000, -34.84146812720842945 ) ) ;
#11924 = AXIS2_PLACEMENT_3D ( 'NONE', #4254, #11307, #5460 ) ;
#11925 = ADVANCED_FACE ( 'NONE', ( #5924 ), #2895, .T. ) ;
#11926 = CARTESIAN_POINT ( 'NONE',  ( 3.198396408832238080E-15, -10.00000000000000178, 26.00000000000000000 ) ) ;
#11927 = CIRCLE ( 'NONE', #256, 4.999999999999997335 ) ;
#11928 = CIRCLE ( 'NONE', #1270, 4.999999999999997335 ) ;
#11929 = ORIENTED_EDGE ( 'NONE', *, *, #409, .F. ) ;
#11930 = DIRECTION ( 'NONE',  ( 0.7748486042760530657, -0.000000000000000000, 0.6321468503848236553 ) ) ;
#11931 = AXIS2_PLACEMENT_3D ( 'NONE', #2003, #4103, #2129 ) ;
#11933 = ORIENTED_EDGE ( 'NONE', *, *, #2234, .F. ) ;
#11932 = CYLINDRICAL_SURFACE ( 'NONE', #10480, 0.5000000000000004441 ) ;
#11934 = DIRECTION ( 'NONE',  ( 0.000000000000000000, 0.000000000000000000, 1.000000000000000000 ) ) ;
#11935 = AXIS2_PLACEMENT_3D ( 'NONE', #7583, #10537, #6740 ) ;
#11936 = VERTEX_POINT ( 'NONE', #5868 ) ;
#11937 = DIRECTION ( 'NONE',  ( -0.000000000000000000, 1.000000000000000000, -0.000000000000000000 ) ) ;
#11938 = EDGE_CURVE ( 'NONE', #1154, #8800, #2967, .T. ) ;
#11939 = EDGE_CURVE ( 'NONE', #10617, #12659, #5989, .T. ) ;
#11940 = CIRCLE ( 'NONE', #6410, 5.000000000000000000 ) ;
#11941 = DIRECTION ( 'NONE',  ( -0.4943214563281727592, 0.000000000000000000, -0.8692791828944222976 ) ) ;
#11942 = ORIENTED_EDGE ( 'NONE', *, *, #5440, .F. ) ;
#11943 = DIRECTION ( 'NONE',  ( 0.9642112588246054550, 0.000000000000000000, -0.2651351511132947758 ) ) ;
#11944 = EDGE_CURVE ( 'NONE', #5410, #4601, #2319, .T. ) ;
#11945 = EDGE_CURVE ( 'NONE', #10119, #1273, #10930, .T. ) ;
#11946 = LINE ( 'NONE', #10798, #5955 ) ;
#11947 = ORIENTED_EDGE ( 'NONE', *, *, #12710, .F. ) ;
#11948 = EDGE_LOOP ( 'NONE', ( #786, #6701, #171, #4206 ) ) ;
#11949 = DIRECTION ( 'NONE',  ( 0.000000000000000000, 1.000000000000000000, 0.000000000000000000 ) ) ;
#11950 = VECTOR ( 'NONE', #4471, 1000.000000000000000 ) ;
#11951 = AXIS2_PLACEMENT_3D ( 'NONE', #9726, #12478, #6760 ) ;
#11952 = DIRECTION ( 'NONE',  ( 0.000000000000000000, 1.000000000000000000, 0.000000000000000000 ) ) ;
#11953 = CYLINDRICAL_SURFACE ( 'NONE', #2298, 4.999999999999997335 ) ;
#11954 = ORIENTED_EDGE ( 'NONE', *, *, #7792, .T. ) ;
#11955 = VECTOR ( 'NONE', #7490, 1000.000000000000000 ) ;
#11956 = VERTEX_POINT ( 'NONE', #4297 ) ;
#11957 = DIRECTION ( 'NONE',  ( -0.000000000000000000, -1.000000000000000000, -0.000000000000000000 ) ) ;
#11958 = LINE ( 'NONE', #2146, #12357 ) ;
#11959 = ADVANCED_FACE ( 'NONE', ( #8051 ), #6054, .T. ) ;
#11960 = DIRECTION ( 'NONE',  ( 0.000000000000000000, 1.000000000000000000, 0.000000000000000000 ) ) ;
#11961 = DIRECTION ( 'NONE',  ( 0.000000000000000000, 1.000000000000000000, 0.000000000000000000 ) ) ;
#11962 = FACE_OUTER_BOUND ( 'NONE', #3423, .T. ) ;
#11963 = AXIS2_PLACEMENT_3D ( 'NONE', #10714, #8747, #1613 ) ;
#11964 = EDGE_CURVE ( 'NONE', #2577, #5469, #340, .T. ) ;
#11965 = ORIENTED_EDGE ( 'NONE', *, *, #4176, .T. ) ;
#11966 = VERTEX_POINT ( 'NONE', #1299 ) ;
#11967 = LINE ( 'NONE', #7107, #931 ) ;
#11968 = CIRCLE ( 'NONE', #493, 0.4999999999999952816 ) ;
#11969 = DATE_AND_TIME ( #3364, #3562 ) ;
#11970 = ADVANCED_FACE ( 'NONE', ( #9975 ), #10994, .T. ) ;
#11971 = ORIENTED_EDGE ( 'NONE', *, *, #1417, .F. ) ;
#11972 = CARTESIAN_POINT ( 'NONE',  ( -43.45187890507042283, 10.00000000000000000, -11.70188957472659474 ) ) ;
#11973 = ORIENTED_EDGE ( 'NONE', *, *, #1787, .T. ) ;
#11974 = VERTEX_POINT ( 'NONE', #7984 ) ;
#11975 = VERTEX_POINT ( 'NONE', #3159 ) ;
#11976 = CARTESIAN_POINT ( 'NONE',  ( 28.98669762983988818, -10.00000000000000000, 41.35240453125108928 ) ) ;
#11977 = ORIENTED_EDGE ( 'NONE', *, *, #7282, .T. ) ;
#11978 = AXIS2_PLACEMENT_3D ( 'NONE', #9445, #1605, #10531 ) ;
#11979 = VECTOR ( 'NONE', #12574, 1000.000000000000114 ) ;
#11980 = DIRECTION ( 'NONE',  ( 0.000000000000000000, 0.000000000000000000, 1.000000000000000000 ) ) ;
#11981 = AXIS2_PLACEMENT_3D ( 'NONE', #8677, #2804, #11468 ) ;
#11982 = LINE ( 'NONE', #2221, #8523 ) ;
#11983 = EDGE_CURVE ( 'NONE', #8830, #834, #5076, .T. ) ;
#11984 = DIRECTION ( 'NONE',  ( 0.8805492600596729336, -0.000000000000000000, -0.4739546398215365719 ) ) ;
#11985 = CIRCLE ( 'NONE', #4194, 44.99999999999999289 ) ;
#11986 = AXIS2_PLACEMENT_3D ( 'NONE', #886, #2281, #9296 ) ;
#11987 = VERTEX_POINT ( 'NONE', #9141 ) ;
#11989 = ORIENTED_EDGE ( 'NONE', *, *, #2004, .T. ) ;
#11988 = DIRECTION ( 'NONE',  ( -0.4481489385050716479, 0.000000000000000000, -0.8939589078457564897 ) ) ;
#11990 = DIRECTION ( 'NONE',  ( -0.5555702330195980698, 0.000000000000000000, 0.8314696123025480112 ) ) ;
#11991 = ORIENTED_EDGE ( 'NONE', *, *, #8026, .T. ) ;
#11992 = DIRECTION ( 'NONE',  ( -0.6321468503848398646, 0.000000000000000000, -0.7748486042760398540 ) ) ;
#11993 = DIRECTION ( 'NONE',  ( -0.000000000000000000, -1.000000000000000000, -0.000000000000000000 ) ) ;
#11994 = VECTOR ( 'NONE', #8748, 1000.000000000000000 ) ;
#11995 = AXIS2_PLACEMENT_3D ( 'NONE', #7223, #10945, #11130 ) ;
#11996 = ADVANCED_FACE ( 'NONE', ( #12070 ), #8242, .T. ) ;
#11997 = CARTESIAN_POINT ( 'NONE',  ( 0.000000000000000000, 10.00000000000000000, 0.000000000000000000 ) ) ;
#11998 = ORIENTED_EDGE ( 'NONE', *, *, #871, .F. ) ;
#11999 = AXIS2_PLACEMENT_3D ( 'NONE', #5204, #4051, #7145 ) ;
#12000 = CYLINDRICAL_SURFACE ( 'NONE', #4731, 0.5000000000000004441 ) ;
#12002 = ORIENTED_EDGE ( 'NONE', *, *, #1709, .F. ) ;
#12001 = DIRECTION ( 'NONE',  ( 0.000000000000000000, 1.000000000000000000, 0.000000000000000000 ) ) ;
#12003 = LINE ( 'NONE', #7377, #10309 ) ;
#12004 = ORIENTED_EDGE ( 'NONE', *, *, #4897, .T. ) ;
#12005 = CARTESIAN_POINT ( 'NONE',  ( -10.95533655273324669, -19.06525438257992988, -49.29736910846609987 ) ) ;
#12006 = LINE ( 'NONE', #4359, #6897 ) ;
#12007 = ORIENTED_EDGE ( 'NONE', *, *, #5163, .T. ) ;
#12008 = DIRECTION ( 'NONE',  ( -0.000000000000000000, -1.000000000000000000, -0.000000000000000000 ) ) ;
#12009 = CIRCLE ( 'NONE', #11605, 12.00000000000000178 ) ;
#12010 = DIRECTION ( 'NONE',  ( 0.000000000000000000, 1.000000000000000000, 0.000000000000000000 ) ) ;
#12011 = EDGE_CURVE ( 'NONE', #1337, #2040, #10096, .T. ) ;
#12012 = ORIENTED_EDGE ( 'NONE', *, *, #10756, .T. ) ;
#12013 = ORIENTED_EDGE ( 'NONE', *, *, #6098, .F. ) ;
#12014 = CARTESIAN_POINT ( 'NONE',  ( -1.138555527963298841, 10.00000000000000000, -50.98728950738353660 ) ) ;
#12015 = EDGE_CURVE ( 'NONE', #2881, #3563, #11046, .T. ) ;
#12016 = EDGE_CURVE ( 'NONE', #11321, #11454, #939, .T. ) ;
#12017 = CARTESIAN_POINT ( 'NONE',  ( 0.000000000000000000, 10.00000000000000000, 0.000000000000000000 ) ) ;
#12018 = EDGE_CURVE ( 'NONE', #12321, #3665, #11877, .T. ) ;
#12019 = AXIS2_PLACEMENT_3D ( 'NONE', #3247, #12231, #10195 ) ;
#12020 = EDGE_CURVE ( 'NONE', #876, #5359, #11593, .T. ) ;
#12021 = DIRECTION ( 'NONE',  ( 0.000000000000000000, 0.000000000000000000, 1.000000000000000000 ) ) ;
#12022 = ORIENTED_EDGE ( 'NONE', *, *, #6407, .F. ) ;
#12023 = ORIENTED_EDGE ( 'NONE', *, *, #5663, .F. ) ;
#12024 = DIRECTION ( 'NONE',  ( -0.5555702330195924077, 0.000000000000000000, 0.8314696123025518970 ) ) ;
#12025 = DIRECTION ( 'NONE',  ( 0.000000000000000000, 0.000000000000000000, 1.000000000000000000 ) ) ;
#12026 = LINE ( 'NONE', #11054, #6891 ) ;
#12027 = CARTESIAN_POINT ( 'NONE',  ( 2.157587686025606022, 10.00000000000000000, -45.84930138799938248 ) ) ;
#12028 = DIRECTION ( 'NONE',  ( 0.000000000000000000, 1.000000000000000000, 0.000000000000000000 ) ) ;
#12029 = EDGE_LOOP ( 'NONE', ( #5525, #1785, #4385, #2325 ) ) ;
#12030 = CARTESIAN_POINT ( 'NONE',  ( -46.21285384832059862, 10.00000000000000000, 20.36227244670300252 ) ) ;
#12031 = APPROVAL_DATE_TIME ( #2262, #1145 ) ;
#12032 = EDGE_CURVE ( 'NONE', #2225, #8331, #7273, .T. ) ;
#12033 = DIRECTION ( 'NONE',  ( 0.000000000000000000, 1.000000000000000000, 0.000000000000000000 ) ) ;
#12034 = ORIENTED_EDGE ( 'NONE', *, *, #10053, .F. ) ;
#12035 = DIRECTION ( 'NONE',  ( 0.000000000000000000, 1.000000000000000000, 0.000000000000000000 ) ) ;
#12036 = VERTEX_POINT ( 'NONE', #279 ) ;
#12037 = ORIENTED_EDGE ( 'NONE', *, *, #8556, .T. ) ;
#12038 = ORIENTED_EDGE ( 'NONE', *, *, #7920, .T. ) ;
#12039 = CARTESIAN_POINT ( 'NONE',  ( 49.97423344059136952, -10.00000000000000000, -8.303600574124267553 ) ) ;
#12040 = ORIENTED_EDGE ( 'NONE', *, *, #10768, .F. ) ;
#12041 = DIRECTION ( 'NONE',  ( 0.3152352524413667423, -0.000000000000000000, 0.9490135592383429630 ) ) ;
#12042 = CARTESIAN_POINT ( 'NONE',  ( 43.02692939903840141, 10.00000000000000000, 27.38034598923403706 ) ) ;
#12043 = EDGE_CURVE ( 'NONE', #1273, #339, #4180, .T. ) ;
#12044 = CARTESIAN_POINT ( 'NONE',  ( -37.88346327708612904, -20.23931917473912989, -28.46743292285638205 ) ) ;
#12045 = FACE_OUTER_BOUND ( 'NONE', #9030, .T. ) ;
#12046 = VERTEX_POINT ( 'NONE', #12014 ) ;
#12048 = ORIENTED_EDGE ( 'NONE', *, *, #4349, .F. ) ;
#12047 = DIRECTION ( 'NONE',  ( 0.9954650415614803016, 0.000000000000000000, -0.09512807697520381245 ) ) ;
#12049 = CARTESIAN_POINT ( 'NONE',  ( -3.000000000000005329, 10.00000000000000000, -44.89988864128729062 ) ) ;
#12050 = ORIENTED_EDGE ( 'NONE', *, *, #7314, .F. ) ;
#12051 = CARTESIAN_POINT ( 'NONE',  ( 8.303600574123043643, -10.00000000000000000, -49.97423344059155426 ) ) ;
#12052 = DIRECTION ( 'NONE',  ( -0.000000000000000000, -1.000000000000000000, -0.000000000000000000 ) ) ;
#12053 = EDGE_CURVE ( 'NONE', #1396, #322, #525, .T. ) ;
#12054 = DIRECTION ( 'NONE',  ( 0.000000000000000000, 1.000000000000000000, 0.000000000000000000 ) ) ;
#12055 = ORIENTED_EDGE ( 'NONE', *, *, #4190, .T. ) ;
#12056 = ORIENTED_EDGE ( 'NONE', *, *, #9626, .F. ) ;
#12058 = EDGE_LOOP ( 'NONE', ( #8603, #10026, #3500, #5300 ) ) ;
#12057 = CARTESIAN_POINT ( 'NONE',  ( 36.85853849957245387, -20.42202547882114416, -35.24837783041276396 ) ) ;
#12059 = ADVANCED_FACE ( 'NONE', ( #2381 ), #6305, .T. ) ;
#12060 = LINE ( 'NONE', #4164, #4547 ) ;
#12061 = ORIENTED_EDGE ( 'NONE', *, *, #9874, .F. ) ;
#12062 = FACE_BOUND ( 'NONE', #3726, .T. ) ;
#12063 = DIRECTION ( 'NONE',  ( -0.000000000000000000, -1.000000000000000000, -0.000000000000000000 ) ) ;
#12064 = ORIENTED_EDGE ( 'NONE', *, *, #2802, .F. ) ;
#12065 = LINE ( 'NONE', #334, #3732 ) ;
#12066 = ORIENTED_EDGE ( 'NONE', *, *, #6953, .T. ) ;
#12067 = CARTESIAN_POINT ( 'NONE',  ( 0.000000000000000000, -5.999999999999993783, 0.000000000000000000 ) ) ;
#12068 = CARTESIAN_POINT ( 'NONE',  ( 0.000000000000000000, 10.00000000000000000, 0.000000000000000000 ) ) ;
#12069 = ORIENTED_EDGE ( 'NONE', *, *, #4447, .T. ) ;
#12070 = FACE_OUTER_BOUND ( 'NONE', #2616, .T. ) ;
#12071 = CARTESIAN_POINT ( 'NONE',  ( 0.000000000000000000, -5.999999999999993783, 0.000000000000000000 ) ) ;
#12072 = CARTESIAN_POINT ( 'NONE',  ( 4.898587196589413026E-15, 5.999999999999980460, -40.00000000000000000 ) ) ;
#12073 = DIRECTION ( 'NONE',  ( -0.000000000000000000, -1.000000000000000000, -0.000000000000000000 ) ) ;
#12074 = ORIENTED_EDGE ( 'NONE', *, *, #5735, .F. ) ;
#12075 = EDGE_LOOP ( 'NONE', ( #12066, #6764, #6157, #6714 ) ) ;
#12076 = DIRECTION ( 'NONE',  ( 0.000000000000000000, 0.000000000000000000, 1.000000000000000000 ) ) ;
#12077 = DIRECTION ( 'NONE',  ( 0.000000000000000000, 1.000000000000000000, 0.000000000000000000 ) ) ;
#12078 = EDGE_CURVE ( 'NONE', #328, #2495, #5403, .T. ) ;
#12079 = DIRECTION ( 'NONE',  ( 0.000000000000000000, 1.000000000000000000, 0.000000000000000000 ) ) ;
#12080 = FACE_OUTER_BOUND ( 'NONE', #2476, .T. ) ;
#12081 = AXIS2_PLACEMENT_3D ( 'NONE', #2617, #4673, #12313 ) ;
#12082 = CARTESIAN_POINT ( 'NONE',  ( -15.19272321494613109, -19.69863090235025282, 44.00516535263795959 ) ) ;
#12083 = EDGE_CURVE ( 'NONE', #11357, #10102, #11359, .T. ) ;
#12084 = ADVANCED_FACE ( 'NONE', ( #5695 ), #694, .T. ) ;
#12085 = ORIENTED_EDGE ( 'NONE', *, *, #9043, .F. ) ;
#12086 = DIRECTION ( 'NONE',  ( -0.8805492600596760422, 0.000000000000000000, 0.4739546398215306877 ) ) ;
#12087 = COORDINATED_UNIVERSAL_TIME_OFFSET ( 7, 0, .AHEAD. ) ;
#12088 = CARTESIAN_POINT ( 'NONE',  ( -36.93882319809765136, -10.00000000000000000, 34.66838806764742742 ) ) ;
#12089 = AXIS2_PLACEMENT_3D ( 'NONE', #536, #1244, #5149 ) ;
#12090 = VECTOR ( 'NONE', #12416, 1000.000000000000000 ) ;
#12091 = ORIENTED_EDGE ( 'NONE', *, *, #11227, .T. ) ;
#12092 = DIRECTION ( 'NONE',  ( -0.000000000000000000, -1.000000000000000000, -0.000000000000000000 ) ) ;
#12093 = ORIENTED_EDGE ( 'NONE', *, *, #7945, .F. ) ;
#12094 = ORIENTED_EDGE ( 'NONE', *, *, #10826, .F. ) ;
#12095 = ORIENTED_EDGE ( 'NONE', *, *, #10138, .T. ) ;
#12096 = CARTESIAN_POINT ( 'NONE',  ( -22.51666049839539951, 5.000000000000000000, 21.00000000000001066 ) ) ;
#12097 = VERTEX_POINT ( 'NONE', #815 ) ;
#12098 = CARTESIAN_POINT ( 'NONE',  ( 46.21285384832088283, -19.69863090235023861, 20.36227244670233105 ) ) ;
#12099 = EDGE_CURVE ( 'NONE', #1820, #11434, #622, .T. ) ;
#12100 = CARTESIAN_POINT ( 'NONE',  ( -49.73725612068064805, 10.00000000000000000, 8.743875204153765068 ) ) ;
#12101 = AXIS2_PLACEMENT_3D ( 'NONE', #5609, #934, #4701 ) ;
#12102 = ORIENTED_EDGE ( 'NONE', *, *, #5290, .T. ) ;
#12103 = AXIS2_PLACEMENT_3D ( 'NONE', #11689, #3021, #5986 ) ;
#12104 = VECTOR ( 'NONE', #542, 1000.000000000000000 ) ;
#12105 = DIRECTION ( 'NONE',  ( 0.000000000000000000, 0.000000000000000000, 1.000000000000000000 ) ) ;
#12106 = CIRCLE ( 'NONE', #619, 5.000000000000004441 ) ;
#12107 = DIRECTION ( 'NONE',  ( 0.000000000000000000, 0.000000000000000000, 1.000000000000000000 ) ) ;
#12108 = ORIENTED_EDGE ( 'NONE', *, *, #12444, .F. ) ;
#12109 = AXIS2_PLACEMENT_3D ( 'NONE', #10631, #5544, #1836 ) ;
#12111 = ORIENTED_EDGE ( 'NONE', *, *, #12647, .T. ) ;
#12110 = LINE ( 'NONE', #4274, #5787 ) ;
#12112 = CIRCLE ( 'NONE', #9857, 50.99999999999999289 ) ;
#12113 = DIRECTION ( 'NONE',  ( -0.000000000000000000, -1.000000000000000000, -0.000000000000000000 ) ) ;
#12114 = AXIS2_PLACEMENT_3D ( 'NONE', #8130, #11957, #6959 ) ;
#12115 = VECTOR ( 'NONE', #7390, 1000.000000000000000 ) ;
#12116 = ORIENTED_EDGE ( 'NONE', *, *, #8740, .F. ) ;
#12117 = CARTESIAN_POINT ( 'NONE',  ( 47.31460686609769795, 10.00000000000000000, -2.622880895176424865 ) ) ;
#12118 = DIRECTION ( 'NONE',  ( 0.000000000000000000, 0.000000000000000000, 1.000000000000000000 ) ) ;
#12119 = CC_DESIGN_PERSON_AND_ORGANIZATION_ASSIGNMENT ( #7226, #11011, ( #479 ) ) ;
#12120 = PLANE ( 'NONE',  #10341 ) ;
#12121 = EDGE_CURVE ( 'NONE', #7471, #5323, #8721, .T. ) ;
#12122 = CIRCLE ( 'NONE', #6179, 8.000000000000001776 ) ;
#12123 = CIRCLE ( 'NONE', #10892, 0.5000000000000004441 ) ;
#12124 = AXIS2_PLACEMENT_3D ( 'NONE', #4040, #10080, #380 ) ;
#12125 = ORIENTED_EDGE ( 'NONE', *, *, #11944, .F. ) ;
#12127 = ORIENTED_EDGE ( 'NONE', *, *, #9370, .T. ) ;
#12126 = CARTESIAN_POINT ( 'NONE',  ( 50.48741412005623630, -10.00000000000000000, -1.127393218866156843 ) ) ;
#12128 = EDGE_CURVE ( 'NONE', #4239, #944, #3960, .T. ) ;
#12129 = CARTESIAN_POINT ( 'NONE',  ( -49.34782179739789143, 10.00000000000000000, 11.45278456627809049 ) ) ;
#12130 = ORIENTED_EDGE ( 'NONE', *, *, #1311, .T. ) ;
#12131 = CARTESIAN_POINT ( 'NONE',  ( -17.89353851188256428, -19.69863090235027414, -47.39404044806786942 ) ) ;
#12132 = CIRCLE ( 'NONE', #8668, 44.99999999999999289 ) ;
#12133 = AXIS2_PLACEMENT_3D ( 'NONE', #5696, #2938, #2805 ) ;
#12134 = DIRECTION ( 'NONE',  ( 0.8832858382179887835, 0.000000000000000000, -0.4688348621887507006 ) ) ;
#12135 = ORIENTED_EDGE ( 'NONE', *, *, #11143, .F. ) ;
#12136 = FACE_OUTER_BOUND ( 'NONE', #11392, .T. ) ;
#12137 = VERTEX_POINT ( 'NONE', #6532 ) ;
#12138 = DIRECTION ( 'NONE',  ( -0.000000000000000000, -1.000000000000000000, -0.000000000000000000 ) ) ;
#12139 = DIRECTION ( 'NONE',  ( -0.000000000000000000, 1.000000000000000000, -0.000000000000000000 ) ) ;
#12140 = DIRECTION ( 'NONE',  ( 0.000000000000000000, 0.000000000000000000, 1.000000000000000000 ) ) ;
#12141 = EDGE_CURVE ( 'NONE', #9463, #2786, #12602, .T. ) ;
#12142 = AXIS2_PLACEMENT_3D ( 'NONE', #6124, #5148, #5035 ) ;
#12143 = VECTOR ( 'NONE', #1234, 1000.000000000000000 ) ;
#12144 = FACE_OUTER_BOUND ( 'NONE', #361, .T. ) ;
#12145 = DIRECTION ( 'NONE',  ( 0.000000000000000000, 0.000000000000000000, -1.000000000000000000 ) ) ;
#12146 = LINE ( 'NONE', #8313, #6203 ) ;
#12147 = ORIENTED_EDGE ( 'NONE', *, *, #1934, .F. ) ;
#12148 = FACE_OUTER_BOUND ( 'NONE', #3989, .T. ) ;
#12149 = DIRECTION ( 'NONE',  ( 0.000000000000000000, 0.000000000000000000, 1.000000000000000000 ) ) ;
#12150 = CARTESIAN_POINT ( 'NONE',  ( 41.20865162466878928, -20.23931917473915831, -29.46558707621483109 ) ) ;
#12151 = PLANE ( 'NONE',  #11924 ) ;
#12152 = CARTESIAN_POINT ( 'NONE',  ( -17.89353851188223032, -19.69863090235025282, 47.39404044806797600 ) ) ;
#12153 = AXIS2_PLACEMENT_3D ( 'NONE', #1804, #1610, #3601 ) ;
#12154 = ORIENTED_EDGE ( 'NONE', *, *, #12324, .F. ) ;
#12155 = EDGE_LOOP ( 'NONE', ( #12293, #1282, #5194, #1512 ) ) ;
#12156 = EDGE_CURVE ( 'NONE', #12635, #8632, #3543, .T. ) ;
#12157 = DIRECTION ( 'NONE',  ( -0.4739546398215307432, 0.000000000000000000, -0.8805492600596761532 ) ) ;
#12158 = AXIS2_PLACEMENT_3D ( 'NONE', #5527, #9472, #12421 ) ;
#12159 = EDGE_CURVE ( 'NONE', #8383, #4841, #6443, .T. ) ;
#12160 = AXIS2_PLACEMENT_3D ( 'NONE', #11650, #995, #10876 ) ;
#12161 = DIRECTION ( 'NONE',  ( 0.1009053778636897075, 0.000000000000000000, -0.9948960270893567603 ) ) ;
#12162 = LINE ( 'NONE', #6321, #851 ) ;
#12163 = ORIENTED_EDGE ( 'NONE', *, *, #36, .T. ) ;
#12164 = ORIENTED_EDGE ( 'NONE', *, *, #6513, .F. ) ;
#12165 = ORIENTED_EDGE ( 'NONE', *, *, #3813, .F. ) ;
#12166 = CYLINDRICAL_SURFACE ( 'NONE', #8893, 50.99999999999999289 ) ;
#12167 = VECTOR ( 'NONE', #3970, 1000.000000000000114 ) ;
#12168 = ORIENTED_EDGE ( 'NONE', *, *, #11031, .F. ) ;
#12169 = CARTESIAN_POINT ( 'NONE',  ( 46.21285384832088283, 10.00000000000000000, 20.36227244670233105 ) ) ;
#12170 = CYLINDRICAL_SURFACE ( 'NONE', #1568, 5.000000000000004441 ) ;
#12171 = CYLINDRICAL_SURFACE ( 'NONE', #5023, 5.000000000000000888 ) ;
#12172 = EDGE_CURVE ( 'NONE', #5768, #10944, #1330, .T. ) ;
#12173 = CARTESIAN_POINT ( 'NONE',  ( 42.99252106000938056, -10.00000000000000000, 26.79583779944127997 ) ) ;
#12174 = EDGE_CURVE ( 'NONE', #8052, #12402, #11776, .T. ) ;
#12175 = EDGE_CURVE ( 'NONE', #5697, #4587, #1295, .T. ) ;
#12176 = VECTOR ( 'NONE', #4596, 1000.000000000000114 ) ;
#12177 = AXIS2_PLACEMENT_3D ( 'NONE', #4920, #8796, #3962 ) ;
#12178 = ORIENTED_EDGE ( 'NONE', *, *, #4222, .T. ) ;
#12179 = EDGE_CURVE ( 'NONE', #3040, #1598, #7069, .T. ) ;
#12181 = EDGE_LOOP ( 'NONE', ( #11229, #7349, #10640, #2545 ) ) ;
#12180 = CARTESIAN_POINT ( 'NONE',  ( -34.66838806764730663, -20.42202547882114061, -36.93882319809778636 ) ) ;
#12182 = EDGE_CURVE ( 'NONE', #8830, #1998, #2508, .T. ) ;
#12183 = CARTESIAN_POINT ( 'NONE',  ( 47.39404044806805416, -19.69863090235023861, 17.89353851188204558 ) ) ;
#12184 = ORIENTED_EDGE ( 'NONE', *, *, #403, .F. ) ;
#12185 = FACE_OUTER_BOUND ( 'NONE', #6921, .T. ) ;
#12186 = CARTESIAN_POINT ( 'NONE',  ( -39.32099234290775058, -10.00000000000000000, 23.67853845910853039 ) ) ;
#12187 = CARTESIAN_POINT ( 'NONE',  ( 20.37347321810609913, -10.00000000000000000, -41.85922843806471150 ) ) ;
#12188 = VECTOR ( 'NONE', #2619, 1000.000000000000000 ) ;
#12189 = VECTOR ( 'NONE', #4703, 1000.000000000000227 ) ;
#12190 = ORIENTED_EDGE ( 'NONE', *, *, #10243, .F. ) ;
#12191 = ADVANCED_FACE ( 'NONE', ( #12643 ), #3771, .T. ) ;
#12193 = ORIENTED_EDGE ( 'NONE', *, *, #12243, .F. ) ;
#12192 = CARTESIAN_POINT ( 'NONE',  ( 0.000000000000000000, 10.00000000000000000, 0.000000000000000000 ) ) ;
#12194 = CARTESIAN_POINT ( 'NONE',  ( 20.86000496748389921, -10.00000000000000000, 46.16528980983291319 ) ) ;
#12195 = ORIENTED_EDGE ( 'NONE', *, *, #5895, .T. ) ;
#12196 = VECTOR ( 'NONE', #3401, 999.9999999999998863 ) ;
#12197 = VECTOR ( 'NONE', #11247, 1000.000000000000114 ) ;
#12198 = CARTESIAN_POINT ( 'NONE',  ( 11.45278456627825214, 10.00000000000000000, 49.34782179739785590 ) ) ;
#12199 = CARTESIAN_POINT ( 'NONE',  ( 49.29736910846597908, -10.00000000000000000, -10.95533655273374940 ) ) ;
#12200 = ORIENTED_EDGE ( 'NONE', *, *, #1129, .F. ) ;
#12201 = PLANE ( 'NONE',  #1017 ) ;
#12202 = ORIENTED_EDGE ( 'NONE', *, *, #3684, .F. ) ;
#12203 = LINE ( 'NONE', #9073, #816 ) ;
#12204 = DIRECTION ( 'NONE',  ( -0.1009053778636830739, 0.000000000000000000, 0.9948960270893574265 ) ) ;
#12205 = ADVANCED_FACE ( 'NONE', ( #9566 ), #757, .T. ) ;
#12206 = AXIS2_PLACEMENT_3D ( 'NONE', #8259, #12157, #12086 ) ;
#12207 = ORIENTED_EDGE ( 'NONE', *, *, #9755, .F. ) ;
#12208 = DIRECTION ( 'NONE',  ( 0.9560937162403072564, 0.000000000000000000, -0.2930610956196658679 ) ) ;
#12209 = CARTESIAN_POINT ( 'NONE',  ( 37.08024765038276627, 10.00000000000000000, 28.14833299833678382 ) ) ;
#12210 = LINE ( 'NONE', #4369, #9900 ) ;
#12211 = ORIENTED_EDGE ( 'NONE', *, *, #12507, .F. ) ;
#12212 = DIRECTION ( 'NONE',  ( 0.000000000000000000, 0.000000000000000000, 1.000000000000000000 ) ) ;
#12213 = DIRECTION ( 'NONE',  ( 0.000000000000000000, 0.000000000000000000, 1.000000000000000000 ) ) ;
#12214 = VECTOR ( 'NONE', #10603, 1000.000000000000000 ) ;
#12215 = EDGE_CURVE ( 'NONE', #267, #8908, #7706, .T. ) ;
#12216 = CARTESIAN_POINT ( 'NONE',  ( -22.51666049839541373, -10.00000000000000178, -12.99999999999998224 ) ) ;
#12217 = DIRECTION ( 'NONE',  ( -0.000000000000000000, 1.000000000000000000, -0.000000000000000000 ) ) ;
#12218 = CARTESIAN_POINT ( 'NONE',  ( 44.71672993605625379, -10.00000000000000000, -15.68329018125568375 ) ) ;
#12219 = EDGE_LOOP ( 'NONE', ( #4964, #12585, #6972, #1455 ) ) ;
#12220 = CARTESIAN_POINT ( 'NONE',  ( -30.87629374033890173, 10.00000000000000000, -34.84146812720842945 ) ) ;
#12221 = AXIS2_PLACEMENT_3D ( 'NONE', #10645, #1855, #5771 ) ;
#12222 = CYLINDRICAL_SURFACE ( 'NONE', #10868, 50.99999999999999289 ) ;
#12223 = CARTESIAN_POINT ( 'NONE',  ( -18.27912140669889851, -10.00000000000000000, -47.07572326156192588 ) ) ;
#12224 = ORIENTED_EDGE ( 'NONE', *, *, #6453, .F. ) ;
#12225 = EDGE_LOOP ( 'NONE', ( #6013, #10370, #10310, #316 ) ) ;
#12226 = ORIENTED_EDGE ( 'NONE', *, *, #12341, .T. ) ;
#12227 = DIRECTION ( 'NONE',  ( 0.000000000000000000, 0.7071067811865425767, 0.7071067811865525687 ) ) ;
#12228 = EDGE_CURVE ( 'NONE', #354, #11514, #9735, .T. ) ;
#12229 = ORIENTED_EDGE ( 'NONE', *, *, #3322, .F. ) ;
#12230 = CARTESIAN_POINT ( 'NONE',  ( 1.138555527963298841, -18.55636363116340704, 50.98728950738353660 ) ) ;
#12231 = DIRECTION ( 'NONE',  ( -0.000000000000000000, -1.000000000000000000, -0.000000000000000000 ) ) ;
#12232 = DIRECTION ( 'NONE',  ( 0.8805492600596829256, -0.000000000000000000, 0.4739546398215180867 ) ) ;
#12233 = CARTESIAN_POINT ( 'NONE',  ( -22.45063275808631786, -10.00000000000000000, 38.99960370005751997 ) ) ;
#12234 = MANIFOLD_SOLID_BREP ( 'Chamfer2', #1549 ) ;
#12235 = DIRECTION ( 'NONE',  ( -0.9642112588246092297, 0.000000000000000000, -0.2651351511132808425 ) ) ;
#12236 = ORIENTED_EDGE ( 'NONE', *, *, #1581, .T. ) ;
#12238 = ORIENTED_EDGE ( 'NONE', *, *, #10678, .T. ) ;
#12237 = LINE ( 'NONE', #3320, #9686 ) ;
#12239 = PLANE ( 'NONE',  #8239 ) ;
#12240 = VERTEX_POINT ( 'NONE', #10638 ) ;
#12241 = VERTEX_POINT ( 'NONE', #9754 ) ;
#12242 = DIRECTION ( 'NONE',  ( 0.000000000000000000, 0.000000000000000000, 1.000000000000000000 ) ) ;
#12243 = EDGE_CURVE ( 'NONE', #11235, #7261, #3775, .T. ) ;
#12244 = CARTESIAN_POINT ( 'NONE',  ( 11.45278456627722186, -10.00000000000000000, -49.34782179739809038 ) ) ;
#12245 = EDGE_CURVE ( 'NONE', #9659, #1401, #954, .T. ) ;
#12246 = PRODUCT_DEFINITION_SHAPE ( 'NONE', 'NONE',  #1065 ) ;
#12247 = EDGE_CURVE ( 'NONE', #5439, #1320, #7958, .T. ) ;
#12248 = LINE ( 'NONE', #1400, #7274 ) ;
#12249 = ADVANCED_FACE ( 'NONE', ( #1205 ), #2168, .T. ) ;
#12251 = ORIENTED_EDGE ( 'NONE', *, *, #6520, .F. ) ;
#12250 = DIRECTION ( 'NONE',  ( -0.000000000000000000, -1.000000000000000000, -0.000000000000000000 ) ) ;
#12252 = CARTESIAN_POINT ( 'NONE',  ( 37.08024765038276627, 10.00000000000000000, 28.14833299833678382 ) ) ;
#12253 = DIRECTION ( 'NONE',  ( 0.000000000000000000, -1.000000000000000000, 0.000000000000000000 ) ) ;
#12254 = CYLINDRICAL_SURFACE ( 'NONE', #3405, 0.4999999999999970024 ) ;
#12255 = ORIENTED_EDGE ( 'NONE', *, *, #7017, .F. ) ;
#12256 = CARTESIAN_POINT ( 'NONE',  ( -19.95408209559202817, -10.00000000000000000, -40.33403783062605896 ) ) ;
#12257 = CYLINDRICAL_SURFACE ( 'NONE', #11881, 5.000000000000000000 ) ;
#12258 = EDGE_CURVE ( 'NONE', #5005, #7051, #5103, .T. ) ;
#12259 = DIRECTION ( 'NONE',  ( -0.4481489385050593244, 0.000000000000000000, 0.8939589078457625959 ) ) ;
#12260 = CARTESIAN_POINT ( 'NONE',  ( 6.828624728366460950, -10.00000000000000000, 45.38924439456591386 ) ) ;
#12261 = CARTESIAN_POINT ( 'NONE',  ( -44.00516535263790274, -19.69863090235025993, -15.19272321494628386 ) ) ;
#12262 = DIRECTION ( 'NONE',  ( 0.000000000000000000, 1.000000000000000000, 0.000000000000000000 ) ) ;
#12263 = CYLINDRICAL_SURFACE ( 'NONE', #7612, 0.4999999999999970024 ) ;
#12264 = LINE ( 'NONE', #2253, #5185 ) ;
#12265 = DIRECTION ( 'NONE',  ( -0.3152352524413531976, 0.000000000000000000, 0.9490135592383474039 ) ) ;
#12266 = DIRECTION ( 'NONE',  ( 0.000000000000000000, 1.000000000000000000, 0.000000000000000000 ) ) ;
#12267 = DIRECTION ( 'NONE',  ( -0.2930610956196625372, 0.000000000000000000, -0.9560937162403082556 ) ) ;
#12268 = EDGE_CURVE ( 'NONE', #7584, #10965, #10959, .T. ) ;
#12269 = ORIENTED_EDGE ( 'NONE', *, *, #11571, .T. ) ;
#12270 = ORIENTED_EDGE ( 'NONE', *, *, #3331, .F. ) ;
#12271 = DIRECTION ( 'NONE',  ( -0.5555702330196092831, 0.000000000000000000, -0.8314696123025404617 ) ) ;
#12272 = CARTESIAN_POINT ( 'NONE',  ( -15.55241692398336895, 10.00000000000000000, 43.18490419363098454 ) ) ;
#12273 = CARTESIAN_POINT ( 'NONE',  ( -6.658138915333800867, -19.06525438257990857, 46.91716864078413352 ) ) ;
#12274 = ORIENTED_EDGE ( 'NONE', *, *, #12355, .F. ) ;
#12275 = ORIENTED_EDGE ( 'NONE', *, *, #2402, .F. ) ;
#12276 = ORIENTED_EDGE ( 'NONE', *, *, #6137, .T. ) ;
#12277 = LINE ( 'NONE', #5346, #8690 ) ;
#12278 = EDGE_CURVE ( 'NONE', #940, #7584, #3124, .T. ) ;
#12279 = ORIENTED_EDGE ( 'NONE', *, *, #9116, .T. ) ;
#12280 = CARTESIAN_POINT ( 'NONE',  ( 1.469576158976824144E-15, -8.999999999999982236, 12.00000000000000178 ) ) ;
#12281 = DIRECTION ( 'NONE',  ( -0.3826834323651004399, 0.000000000000000000, -0.9238795325112824086 ) ) ;
#12282 = DIRECTION ( 'NONE',  ( 0.000000000000000000, 1.000000000000000000, 0.000000000000000000 ) ) ;
#12283 = VECTOR ( 'NONE', #10109, 1000.000000000000000 ) ;
#12284 = CARTESIAN_POINT ( 'NONE',  ( 30.87629374033841501, -10.00000000000000000, -34.84146812720885578 ) ) ;
#12285 = CIRCLE ( 'NONE', #1229, 0.5000000000000004441 ) ;
#12286 = EDGE_CURVE ( 'NONE', #2171, #5413, #4862, .T. ) ;
#12287 = CARTESIAN_POINT ( 'NONE',  ( 0.000000000000000000, -10.00000000000000000, 0.000000000000000000 ) ) ;
#12288 = VERTEX_POINT ( 'NONE', #5834 ) ;
#12290 = ORIENTED_EDGE ( 'NONE', *, *, #12083, .T. ) ;
#12289 = CYLINDRICAL_SURFACE ( 'NONE', #9069, 8.000000000000000000 ) ;
#12291 = DIRECTION ( 'NONE',  ( 0.000000000000000000, 1.000000000000000000, 0.000000000000000000 ) ) ;
#12292 = ORIENTED_EDGE ( 'NONE', *, *, #3060, .T. ) ;
#12293 = ORIENTED_EDGE ( 'NONE', *, *, #5462, .T. ) ;
#12294 = DIRECTION ( 'NONE',  ( -0.000000000000000000, -1.000000000000000000, -0.000000000000000000 ) ) ;
#12295 = CIRCLE ( 'NONE', #8010, 12.00000000000000178 ) ;
#12296 = CARTESIAN_POINT ( 'NONE',  ( 46.12357170388332150, -10.00000000000000000, 6.315817419440305613 ) ) ;
#12297 = AXIS2_PLACEMENT_3D ( 'NONE', #5542, #6713, #12633 ) ;
#12298 = VECTOR ( 'NONE', #12291, 1000.000000000000000 ) ;
#12299 = DIRECTION ( 'NONE',  ( -0.4943214563281757012, 0.000000000000000000, -0.8692791828944205212 ) ) ;
#12300 = ADVANCED_FACE ( 'NONE', ( #12699 ), #3892, .T. ) ;
#12301 = VECTOR ( 'NONE', #9443, 999.9999999999998863 ) ;
#12302 = AXIS2_PLACEMENT_3D ( 'NONE', #4836, #10223, #8125 ) ;
#12303 = ADVANCED_FACE ( 'NONE', ( #6023 ), #8087, .T. ) ;
#12304 = VECTOR ( 'NONE', #10174, 1000.000000000000227 ) ;
#12305 = VECTOR ( 'NONE', #10882, 999.9999999999998863 ) ;
#12307 = VERTEX_POINT ( 'NONE', #3053 ) ;
#12306 = DIRECTION ( 'NONE',  ( -1.332267629550187849E-14, 0.000000000000000000, 1.000000000000000000 ) ) ;
#12308 = LINE ( 'NONE', #1599, #887 ) ;
#12309 = FACE_OUTER_BOUND ( 'NONE', #9824, .T. ) ;
#12310 = EDGE_CURVE ( 'NONE', #9318, #9520, #6220, .T. ) ;
#12311 = LINE ( 'NONE', #12382, #10795 ) ;
#12312 = VERTEX_POINT ( 'NONE', #6861 ) ;
#12313 = DIRECTION ( 'NONE',  ( 8.326672684688672475E-15, 0.000000000000000000, 1.000000000000000000 ) ) ;
#12314 = CIRCLE ( 'NONE', #11493, 0.5000000000000004441 ) ;
#12315 = DIRECTION ( 'NONE',  ( -0.000000000000000000, -1.000000000000000000, -0.000000000000000000 ) ) ;
#12316 = FACE_OUTER_BOUND ( 'NONE', #2394, .T. ) ;
#12317 = CIRCLE ( 'NONE', #12531, 44.99999999999999289 ) ;
#12318 = AXIS2_PLACEMENT_3D ( 'NONE', #4352, #4417, #1537 ) ;
#12319 = ORIENTED_EDGE ( 'NONE', *, *, #4873, .F. ) ;
#12320 = DIRECTION ( 'NONE',  ( 0.000000000000000000, 1.000000000000000000, 0.000000000000000000 ) ) ;
#12321 = VERTEX_POINT ( 'NONE', #6926 ) ;
#12322 = AXIS2_PLACEMENT_3D ( 'NONE', #932, #1890, #12622 ) ;
#12323 = DIRECTION ( 'NONE',  ( 0.000000000000000000, 1.000000000000000000, 0.000000000000000000 ) ) ;
#12324 = EDGE_CURVE ( 'NONE', #9716, #9140, #674, .T. ) ;
#12325 = CYLINDRICAL_SURFACE ( 'NONE', #1698, 0.5000000000000004441 ) ;
#12326 = VECTOR ( 'NONE', #4786, 1000.000000000000114 ) ;
#12327 = AXIS2_PLACEMENT_3D ( 'NONE', #12700, #9567, #8741 ) ;
#12328 = ORIENTED_EDGE ( 'NONE', *, *, #5010, .T. ) ;
#12329 = EDGE_CURVE ( 'NONE', #4719, #4859, #8101, .T. ) ;
#12330 = DIRECTION ( 'NONE',  ( 0.7071067811865486830, 0.000000000000000000, 0.7071067811865463515 ) ) ;
#12331 = DIRECTION ( 'NONE',  ( 0.9922778767136689604, -0.000000000000000000, 0.1240347345891977676 ) ) ;
#12332 = EDGE_CURVE ( 'NONE', #7628, #10727, #6790, .T. ) ;
#12333 = LINE ( 'NONE', #3728, #2573 ) ;
#12334 = DIRECTION ( 'NONE',  ( 0.000000000000000000, 1.000000000000000000, 0.000000000000000000 ) ) ;
#12335 = CYLINDRICAL_SURFACE ( 'NONE', #1022, 0.5000000000000004441 ) ;
#12336 = AXIS2_PLACEMENT_3D ( 'NONE', #12534, #11634, #3608 ) ;
#12337 = CARTESIAN_POINT ( 'NONE',  ( 36.49718027898840944, -20.42202547882114416, -34.90280549874205462 ) ) ;
#12338 = AXIS2_PLACEMENT_3D ( 'NONE', #466, #10227, #5210 ) ;
#12339 = AXIS2_PLACEMENT_3D ( 'NONE', #6325, #10190, #7298 ) ;
#12340 = DIRECTION ( 'NONE',  ( -0.09512807697520683781, 0.000000000000000000, -0.9954650415614800796 ) ) ;
#12341 = EDGE_CURVE ( 'NONE', #6727, #9669, #55, .T. ) ;
#12342 = CARTESIAN_POINT ( 'NONE',  ( -43.45187890507034467, 10.00000000000000000, 11.70188957472690383 ) ) ;
#12343 = ORIENTED_EDGE ( 'NONE', *, *, #2612, .F. ) ;
#12344 = ORIENTED_EDGE ( 'NONE', *, *, #2566, .F. ) ;
#12345 = CARTESIAN_POINT ( 'NONE',  ( -50.22970420108342182, -10.00000000000000000, 8.830448225977070464 ) ) ;
#12346 = VECTOR ( 'NONE', #7460, 1000.000000000000114 ) ;
#12347 = VERTEX_POINT ( 'NONE', #5897 ) ;
#12348 = CYLINDRICAL_SURFACE ( 'NONE', #1267, 0.4999999999999970024 ) ;
#12349 = VERTEX_POINT ( 'NONE', #8014 ) ;
#12350 = CARTESIAN_POINT ( 'NONE',  ( 28.46743292285679416, -10.00000000000000000, 37.88346327708583061 ) ) ;
#12351 = AXIS2_PLACEMENT_3D ( 'NONE', #7339, #9269, #12025 ) ;
#12352 = CARTESIAN_POINT ( 'NONE',  ( 49.78546187191636108, -10.00000000000000000, 11.06380523147264228 ) ) ;
#12353 = VECTOR ( 'NONE', #2935, 1000.000000000000000 ) ;
#12354 = CYLINDRICAL_SURFACE ( 'NONE', #891, 0.5000000000000004441 ) ;
#12355 = EDGE_CURVE ( 'NONE', #2171, #11607, #9810, .T. ) ;
#12356 = CIRCLE ( 'NONE', #5806, 0.5000000000000004441 ) ;
#12357 = VECTOR ( 'NONE', #5874, 1000.000000000000000 ) ;
#12358 = CARTESIAN_POINT ( 'NONE',  ( -41.85922843806448412, 10.00000000000000000, -20.37347321810655743 ) ) ;
#12359 = DIRECTION ( 'NONE',  ( 0.9577788927496211357, 0.000000000000000000, -0.2875058131643768999 ) ) ;
#12360 = EDGE_LOOP ( 'NONE', ( #9404, #1001, #11929, #3319 ) ) ;
#12361 = CARTESIAN_POINT ( 'NONE',  ( 0.000000000000000000, -10.00000000000000000, 0.000000000000000000 ) ) ;
#12363 = VERTEX_POINT ( 'NONE', #4921 ) ;
#12362 = CARTESIAN_POINT ( 'NONE',  ( 46.46947506094544877, -18.55636363116342480, 2.803801697542247506 ) ) ;
#12364 = CARTESIAN_POINT ( 'NONE',  ( 29.27369463607504230, -10.00000000000000000, -41.76183427908585344 ) ) ;
#12365 = EDGE_LOOP ( 'NONE', ( #6440, #993, #12319, #2844 ) ) ;
#12366 = ORIENTED_EDGE ( 'NONE', *, *, #12078, .T. ) ;
#12367 = VECTOR ( 'NONE', #5289, 999.9999999999998863 ) ;
#12368 = DIRECTION ( 'NONE',  ( 0.000000000000000000, 1.000000000000000000, 0.000000000000000000 ) ) ;
#12369 = CARTESIAN_POINT ( 'NONE',  ( -18.27912140669856456, 10.00000000000000000, 47.07572326156203957 ) ) ;
#12370 = EDGE_CURVE ( 'NONE', #10617, #2711, #7475, .T. ) ;
#12371 = DIRECTION ( 'NONE',  ( -0.2930610956196625372, 0.000000000000000000, 0.9560937162403082556 ) ) ;
#12372 = AXIS2_PLACEMENT_3D ( 'NONE', #2440, #63, #961 ) ;
#12373 = ORIENTED_EDGE ( 'NONE', *, *, #2135, .F. ) ;
#12374 = DIRECTION ( 'NONE',  ( -0.000000000000000000, -1.000000000000000000, -0.000000000000000000 ) ) ;
#12375 = AXIS2_PLACEMENT_3D ( 'NONE', #10258, #1463, #11030 ) ;
#12376 = CC_DESIGN_APPROVAL ( #359, ( #479 ) ) ;
#12378 = ORIENTED_EDGE ( 'NONE', *, *, #5104, .T. ) ;
#12377 = DIRECTION ( 'NONE',  ( 0.000000000000000000, 1.000000000000000000, 0.000000000000000000 ) ) ;
#12379 = DIRECTION ( 'NONE',  ( -1.000000000000000000, 0.000000000000000000, 1.049507702965967345E-14 ) ) ;
#12380 = CARTESIAN_POINT ( 'NONE',  ( 49.34782179739782038, -10.00000000000000000, -11.45278456627842800 ) ) ;
#12381 = EDGE_CURVE ( 'NONE', #11687, #2865, #3378, .T. ) ;
#12382 = CARTESIAN_POINT ( 'NONE',  ( -2.803801697542733784, -18.55636363116340704, 46.46947506094542035 ) ) ;
#12383 = AXIS2_PLACEMENT_3D ( 'NONE', #12068, #3345, #9193 ) ;
#12384 = VECTOR ( 'NONE', #4023, 1000.000000000000000 ) ;
#12385 = EDGE_LOOP ( 'NONE', ( #5211, #5690, #933, #4883 ) ) ;
#12386 = DIRECTION ( 'NONE',  ( 0.000000000000000000, 0.000000000000000000, 1.000000000000000000 ) ) ;
#12387 = VECTOR ( 'NONE', #11984, 1000.000000000000114 ) ;
#12388 = CYLINDRICAL_SURFACE ( 'NONE', #1435, 0.4999999999999976130 ) ;
#12389 = DIRECTION ( 'NONE',  ( 0.000000000000000000, 1.000000000000000000, 0.000000000000000000 ) ) ;
#12390 = ORIENTED_EDGE ( 'NONE', *, *, #2208, .T. ) ;
#12391 = ORIENTED_EDGE ( 'NONE', *, *, #5589, .T. ) ;
#12392 = AXIS2_PLACEMENT_3D ( 'NONE', #11550, #10398, #8558 ) ;
#12393 = AXIS2_PLACEMENT_3D ( 'NONE', #7996, #2788, #6708 ) ;
#12394 = CARTESIAN_POINT ( 'NONE',  ( 35.31113623141643387, -10.00000000000000000, -31.60182249697016843 ) ) ;
#12395 = LINE ( 'NONE', #4368, #7613 ) ;
#12396 = LINE ( 'NONE', #10408, #12346 ) ;
#12397 = VERTEX_POINT ( 'NONE', #12233 ) ;
#12398 = PLANE ( 'NONE',  #9742 ) ;
#12399 = CARTESIAN_POINT ( 'NONE',  ( 17.89353851188289113, -10.00000000000000000, 47.39404044806772731 ) ) ;
#12400 = DIRECTION ( 'NONE',  ( 0.000000000000000000, -1.000000000000000000, 0.000000000000000000 ) ) ;
#12401 = CARTESIAN_POINT ( 'NONE',  ( 46.21285384832088283, 10.00000000000000000, 20.86227244670232750 ) ) ;
#12402 = VERTEX_POINT ( 'NONE', #7305 ) ;
#12403 = EDGE_CURVE ( 'NONE', #3369, #8033, #1264, .T. ) ;
#12404 = CIRCLE ( 'NONE', #6880, 0.4999999999999977240 ) ;
#12405 = CARTESIAN_POINT ( 'NONE',  ( 20.56387910459030977, 10.00000000000000000, -46.67040685672017020 ) ) ;
#12406 = ADVANCED_FACE ( 'NONE', ( #8208 ), #6143, .T. ) ;
#12407 = CIRCLE ( 'NONE', #6882, 0.5000000000000004441 ) ;
#12409 = ORIENTED_EDGE ( 'NONE', *, *, #9799, .F. ) ;
#12408 = AXIS2_PLACEMENT_3D ( 'NONE', #9156, #6318, #5335 ) ;
#12410 = EDGE_CURVE ( 'NONE', #3109, #4514, #3571, .T. ) ;
#12411 = ORIENTED_EDGE ( 'NONE', *, *, #2427, .T. ) ;
#12412 = DIRECTION ( 'NONE',  ( 0.000000000000000000, 1.000000000000000000, 0.000000000000000000 ) ) ;
#12413 = EDGE_CURVE ( 'NONE', #768, #2012, #6210, .T. ) ;
#12414 = EDGE_CURVE ( 'NONE', #502, #1104, #5188, .T. ) ;
#12415 = EDGE_CURVE ( 'NONE', #1406, #876, #1449, .T. ) ;
#12416 = DIRECTION ( 'NONE',  ( 0.000000000000000000, 1.000000000000000000, 0.000000000000000000 ) ) ;
#12417 = CIRCLE ( 'NONE', #3192, 50.99999999999999289 ) ;
#12418 = CARTESIAN_POINT ( 'NONE',  ( -36.85853849957293704, -10.00000000000000000, -35.24837783041225947 ) ) ;
#12419 = ORIENTED_EDGE ( 'NONE', *, *, #2135, .T. ) ;
#12420 = VERTEX_POINT ( 'NONE', #9228 ) ;
#12421 = DIRECTION ( 'NONE',  ( 0.000000000000000000, 0.000000000000000000, 1.000000000000000000 ) ) ;
#12422 = ORIENTED_EDGE ( 'NONE', *, *, #11622, .T. ) ;
#12423 = DIRECTION ( 'NONE',  ( 0.000000000000000000, 0.000000000000000000, 1.000000000000000000 ) ) ;
#12424 = ORIENTED_EDGE ( 'NONE', *, *, #2259, .F. ) ;
#12425 = CARTESIAN_POINT ( 'NONE',  ( 8.743875204153926717, -19.06525438257995120, 49.73725612068061963 ) ) ;
#12426 = VERTEX_POINT ( 'NONE', #4452 ) ;
#12427 = CIRCLE ( 'NONE', #6271, 4.999999999999997335 ) ;
#12428 = EDGE_CURVE ( 'NONE', #2066, #5713, #4334, .T. ) ;
#12429 = CARTESIAN_POINT ( 'NONE',  ( 8.303600574123043643, 10.00000000000000000, -49.97423344059155426 ) ) ;
#12430 = DIRECTION ( 'NONE',  ( -0.000000000000000000, -1.000000000000000000, -0.000000000000000000 ) ) ;
#12431 = EDGE_LOOP ( 'NONE', ( #7123, #2120, #447, #2244 ) ) ;
#12432 = DIRECTION ( 'NONE',  ( 5.290906601729264793E-15, 0.000000000000000000, 1.000000000000000000 ) ) ;
#12433 = DIRECTION ( 'NONE',  ( -0.000000000000000000, -1.000000000000000000, -0.000000000000000000 ) ) ;
#12434 = EDGE_LOOP ( 'NONE', ( #1660, #8845, #485, #11702 ) ) ;
#12435 = CARTESIAN_POINT ( 'NONE',  ( 49.29736910846619935, -19.06525438257988725, 10.95533655273271556 ) ) ;
#12437 = ORIENTED_EDGE ( 'NONE', *, *, #5982, .F. ) ;
#12436 = CARTESIAN_POINT ( 'NONE',  ( 29.46558707621382922, 10.00000000000000000, -41.20865162466949982 ) ) ;
#12438 = VECTOR ( 'NONE', #10526, 1000.000000000000000 ) ;
#12439 = CARTESIAN_POINT ( 'NONE',  ( -35.66618230193964934, -20.23931917473914410, 27.43945043190198518 ) ) ;
#12440 = VERTEX_POINT ( 'NONE', #2468 ) ;
#12441 = VERTEX_POINT ( 'NONE', #8390 ) ;
#12442 = DIRECTION ( 'NONE',  ( -6.938893903907228378E-15, 0.000000000000000000, 1.000000000000000000 ) ) ;
#12443 = PLANE ( 'NONE',  #5003 ) ;
#12444 = EDGE_CURVE ( 'NONE', #2412, #11549, #7664, .T. ) ;
#12445 = ADVANCED_FACE ( 'NONE', ( #12045 ), #1333, .T. ) ;
#12446 = DIRECTION ( 'NONE',  ( -0.000000000000000000, -1.000000000000000000, -0.000000000000000000 ) ) ;
#12447 = ORIENTED_EDGE ( 'NONE', *, *, #11469, .T. ) ;
#12448 = DIRECTION ( 'NONE',  ( 0.000000000000000000, 1.000000000000000000, 0.000000000000000000 ) ) ;
#12450 = ORIENTED_EDGE ( 'NONE', *, *, #10614, .F. ) ;
#12449 = CARTESIAN_POINT ( 'NONE',  ( 0.000000000000000000, 10.00000000000000000, 0.000000000000000000 ) ) ;
#12451 = DIRECTION ( 'NONE',  ( 0.9954650415614820780, -0.000000000000000000, 0.09512807697518600725 ) ) ;
#12452 = ORIENTED_EDGE ( 'NONE', *, *, #2645, .F. ) ;
#12453 = FACE_OUTER_BOUND ( 'NONE', #4834, .T. ) ;
#12454 = EDGE_CURVE ( 'NONE', #8344, #4133, #2349, .T. ) ;
#12455 = CARTESIAN_POINT ( 'NONE',  ( -46.12357170388327887, -19.06525438257992278, -6.315817419440638680 ) ) ;
#12456 = VERTEX_POINT ( 'NONE', #6394 ) ;
#12457 = FACE_OUTER_BOUND ( 'NONE', #6095, .T. ) ;
#12458 = DIRECTION ( 'NONE',  ( 0.000000000000000000, 1.000000000000000000, 0.000000000000000000 ) ) ;
#12459 = CYLINDRICAL_SURFACE ( 'NONE', #4585, 44.99999999999999289 ) ;
#12460 = ORIENTED_EDGE ( 'NONE', *, *, #410, .F. ) ;
#12461 = ADVANCED_FACE ( 'NONE', ( #11261 ), #11145, .T. ) ;
#12462 = CARTESIAN_POINT ( 'NONE',  ( 45.38924439456603466, 10.00000000000000000, 6.828624728365669583 ) ) ;
#12463 = CARTESIAN_POINT ( 'NONE',  ( 9.797174393178825657E-16, 9.000000000000007105, -8.000000000000000000 ) ) ;
#12464 = CARTESIAN_POINT ( 'NONE',  ( 34.66838806764755532, -20.42202547882114061, 36.93882319809753056 ) ) ;
#12465 = ORIENTED_EDGE ( 'NONE', *, *, #6439, .T. ) ;
#12466 = FACE_OUTER_BOUND ( 'NONE', #1764, .T. ) ;
#12467 = DIRECTION ( 'NONE',  ( 0.000000000000000000, 0.000000000000000000, 1.000000000000000000 ) ) ;
#12468 = FACE_OUTER_BOUND ( 'NONE', #12496, .T. ) ;
#12469 = DIRECTION ( 'NONE',  ( 0.000000000000000000, 1.000000000000000000, 0.000000000000000000 ) ) ;
#12470 = ORIENTED_EDGE ( 'NONE', *, *, #3606, .F. ) ;
#12471 = VERTEX_POINT ( 'NONE', #12173 ) ;
#12472 = CARTESIAN_POINT ( 'NONE',  ( 18.27912140669821639, -19.69863090235023151, -47.07572326156218168 ) ) ;
#12473 = PLANE ( 'NONE',  #3683 ) ;
#12474 = EDGE_CURVE ( 'NONE', #8446, #3967, #554, .T. ) ;
#12475 = DIRECTION ( 'NONE',  ( -0.000000000000000000, -1.000000000000000000, -0.000000000000000000 ) ) ;
#12476 = ORIENTED_EDGE ( 'NONE', *, *, #2847, .F. ) ;
#12477 = ORIENTED_EDGE ( 'NONE', *, *, #10918, .F. ) ;
#12478 = DIRECTION ( 'NONE',  ( 0.000000000000000000, 1.000000000000000000, 0.000000000000000000 ) ) ;
#12479 = VERTEX_POINT ( 'NONE', #6331 ) ;
#12480 = DIRECTION ( 'NONE',  ( -0.9807852804032324290, 0.000000000000000000, -0.1950903220161183116 ) ) ;
#12481 = ORIENTED_EDGE ( 'NONE', *, *, #9892, .T. ) ;
#12482 = EDGE_CURVE ( 'NONE', #11045, #333, #6273, .T. ) ;
#12483 = DIRECTION ( 'NONE',  ( 0.000000000000000000, 0.000000000000000000, 1.000000000000000000 ) ) ;
#12484 = ORIENTED_EDGE ( 'NONE', *, *, #8655, .F. ) ;
#12485 = DIRECTION ( 'NONE',  ( 0.000000000000000000, 0.000000000000000000, 1.000000000000000000 ) ) ;
#12486 = LINE ( 'NONE', #7614, #10126 ) ;
#12487 = ORIENTED_EDGE ( 'NONE', *, *, #9348, .F. ) ;
#12488 = CARTESIAN_POINT ( 'NONE',  ( -46.12357170388322913, -10.00000000000000000, 6.315817419440961089 ) ) ;
#12489 = CARTESIAN_POINT ( 'NONE',  ( -45.84930138799938959, -10.00000000000000000, -2.157587686025446150 ) ) ;
#12490 = EDGE_LOOP ( 'NONE', ( #11569, #3997, #5054, #3160 ) ) ;
#12491 = CARTESIAN_POINT ( 'NONE',  ( -11.70188957472643310, 10.00000000000000000, 43.45187890507046546 ) ) ;
#12493 = EDGE_LOOP ( 'NONE', ( #3255, #9483, #134, #6120 ) ) ;
#12492 = DIRECTION ( 'NONE',  ( 1.000000000000000000, 0.000000000000000000, -3.469446951953611033E-15 ) ) ;
#12494 = EDGE_CURVE ( 'NONE', #11661, #7219, #10248, .T. ) ;
#12495 = CARTESIAN_POINT ( 'NONE',  ( 0.000000000000000000, -10.00000000000000000, 0.000000000000000000 ) ) ;
#12496 = EDGE_LOOP ( 'NONE', ( #4981, #6477, #3429, #6759 ) ) ;
#12497 = ORIENTED_EDGE ( 'NONE', *, *, #5599, .F. ) ;
#12498 = DIRECTION ( 'NONE',  ( -0.000000000000000000, -1.000000000000000000, -0.000000000000000000 ) ) ;
#12499 = VECTOR ( 'NONE', #10606, 1000.000000000000000 ) ;
#12500 = VECTOR ( 'NONE', #9628, 1000.000000000000000 ) ;
#12501 = LINE ( 'NONE', #8609, #7473 ) ;
#12502 = EDGE_LOOP ( 'NONE', ( #3883, #4036, #11528, #12497 ) ) ;
#12503 = DIRECTION ( 'NONE',  ( -0.000000000000000000, -1.000000000000000000, -0.000000000000000000 ) ) ;
#12505 = ORIENTED_EDGE ( 'NONE', *, *, #3022, .F. ) ;
#12504 = CARTESIAN_POINT ( 'NONE',  ( -46.67040685671980782, -10.00000000000000000, 20.56387910459113755 ) ) ;
#12506 = VECTOR ( 'NONE', #5618, 1000.000000000000227 ) ;
#12507 = EDGE_CURVE ( 'NONE', #791, #1742, #1520, .T. ) ;
#12508 = DIRECTION ( 'NONE',  ( 0.000000000000000000, 1.000000000000000000, 0.000000000000000000 ) ) ;
#12509 = VECTOR ( 'NONE', #894, 1000.000000000000000 ) ;
#12510 = VERTEX_POINT ( 'NONE', #740 ) ;
#12511 = PLANE ( 'NONE',  #2977 ) ;
#12512 = EDGE_CURVE ( 'NONE', #3299, #7416, #1305, .T. ) ;
#12513 = FACE_OUTER_BOUND ( 'NONE', #10218, .T. ) ;
#12514 = CARTESIAN_POINT ( 'NONE',  ( -41.85922843806448412, -19.69863090235025993, -20.37347321810655743 ) ) ;
#12515 = PLANE ( 'NONE',  #8428 ) ;
#12516 = AXIS2_PLACEMENT_3D ( 'NONE', #7606, #1826, #5531 ) ;
#12517 = FACE_OUTER_BOUND ( 'NONE', #9863, .T. ) ;
#12518 = VECTOR ( 'NONE', #12458, 1000.000000000000000 ) ;
#12519 = AXIS2_PLACEMENT_3D ( 'NONE', #4679, #9393, #6683 ) ;
#12520 = ORIENTED_EDGE ( 'NONE', *, *, #7488, .T. ) ;
#12521 = AXIS2_PLACEMENT_3D ( 'NONE', #9398, #3469, #585 ) ;
#12522 = EDGE_CURVE ( 'NONE', #9463, #8451, #8656, .T. ) ;
#12523 = EDGE_LOOP ( 'NONE', ( #10954, #10744, #2939, #4924 ) ) ;
#12524 = CARTESIAN_POINT ( 'NONE',  ( 0.000000000000000000, 10.00000000000000000, 0.000000000000000000 ) ) ;
#12525 = CARTESIAN_POINT ( 'NONE',  ( 11.45278456627722186, -19.06525438257988725, -49.34782179739809038 ) ) ;
#12526 = FACE_OUTER_BOUND ( 'NONE', #5268, .T. ) ;
#12527 = ORIENTED_EDGE ( 'NONE', *, *, #8006, .F. ) ;
#12528 = VECTOR ( 'NONE', #6779, 1000.000000000000000 ) ;
#12529 = PLANE ( 'NONE',  #7694 ) ;
#12530 = VECTOR ( 'NONE', #11906, 999.9999999999998863 ) ;
#12531 = AXIS2_PLACEMENT_3D ( 'NONE', #5356, #4402, #6397 ) ;
#12532 = CIRCLE ( 'NONE', #3911, 0.4999999999999952816 ) ;
#12533 = CARTESIAN_POINT ( 'NONE',  ( -45.84930138799938959, 10.00000000000000000, -2.157587686025446150 ) ) ;
#12534 = CARTESIAN_POINT ( 'NONE',  ( -27.26647565272504892, -10.00000000000000000, 36.92360935593707438 ) ) ;
#12535 = CARTESIAN_POINT ( 'NONE',  ( 31.60182249696930867, -20.42202547882114416, -35.31113623141720126 ) ) ;
#12536 = EDGE_CURVE ( 'NONE', #8144, #5212, #7688, .T. ) ;
#12537 = ORIENTED_EDGE ( 'NONE', *, *, #7790, .T. ) ;
#12538 = LINE ( 'NONE', #3025, #5034 ) ;
#12539 = VECTOR ( 'NONE', #7939, 1000.000000000000000 ) ;
#12540 = AXIS2_PLACEMENT_3D ( 'NONE', #3614, #8580, #2777 ) ;
#12541 = CIRCLE ( 'NONE', #38, 8.000000000000000000 ) ;
#12542 = CARTESIAN_POINT ( 'NONE',  ( 11.45278456627825392, -19.06525438257995120, 49.34782179739785590 ) ) ;
#12543 = CARTESIAN_POINT ( 'NONE',  ( -44.71672993605636748, 10.00000000000000000, 15.68329018125539775 ) ) ;
#12544 = VERTEX_POINT ( 'NONE', #5538 ) ;
#12545 = ORIENTED_EDGE ( 'NONE', *, *, #96, .T. ) ;
#12546 = PLANE ( 'NONE',  #3549 ) ;
#12547 = ORIENTED_EDGE ( 'NONE', *, *, #6090, .T. ) ;
#12548 = DIRECTION ( 'NONE',  ( 0.1950903220161149809, 0.000000000000000000, -0.9807852804032332061 ) ) ;
#12549 = VERTEX_POINT ( 'NONE', #11590 ) ;
#12550 = CIRCLE ( 'NONE', #7234, 0.4999999999999982236 ) ;
#12551 = CARTESIAN_POINT ( 'NONE',  ( -50.98728950738352950, -10.00000000000000000, 1.138555527963476921 ) ) ;
#12552 = EDGE_CURVE ( 'NONE', #11531, #3615, #1504, .T. ) ;
#12553 = VECTOR ( 'NONE', #2634, 1000.000000000000000 ) ;
#12554 = AXIS2_PLACEMENT_3D ( 'NONE', #11025, #8156, #3252 ) ;
#12555 = ORIENTED_EDGE ( 'NONE', *, *, #5077, .T. ) ;
#12556 = EDGE_CURVE ( 'NONE', #9655, #176, #5814, .T. ) ;
#12557 = DIRECTION ( 'NONE',  ( 0.7893522173763228844, 0.000000000000000000, -0.6139406135149247934 ) ) ;
#12558 = CARTESIAN_POINT ( 'NONE',  ( 0.000000000000000000, -10.00000000000000000, 0.000000000000000000 ) ) ;
#12559 = VERTEX_POINT ( 'NONE', #9549 ) ;
#12560 = VECTOR ( 'NONE', #3460, 1000.000000000000000 ) ;
#12561 = DIRECTION ( 'NONE',  ( 0.9922778767136664069, 0.000000000000000000, -0.1240347345892185843 ) ) ;
#12562 = DIRECTION ( 'NONE',  ( -0.9577788927496262428, 0.000000000000000000, -0.2875058131643603576 ) ) ;
#12563 = ORIENTED_EDGE ( 'NONE', *, *, #6879, .T. ) ;
#12564 = ORIENTED_EDGE ( 'NONE', *, *, #3733, .F. ) ;
#12565 = CARTESIAN_POINT ( 'NONE',  ( 0.000000000000000000, -5.000000000000000000, -12.00000000000000178 ) ) ;
#12567 = ORIENTED_EDGE ( 'NONE', *, *, #233, .T. ) ;
#12566 = DIRECTION ( 'NONE',  ( 0.000000000000000000, 1.000000000000000000, 0.000000000000000000 ) ) ;
#12568 = CYLINDRICAL_SURFACE ( 'NONE', #9653, 50.99999999999999289 ) ;
#12569 = VECTOR ( 'NONE', #8666, 1000.000000000000000 ) ;
#12570 = ORIENTED_EDGE ( 'NONE', *, *, #6688, .T. ) ;
#12571 = CARTESIAN_POINT ( 'NONE',  ( 0.000000000000000000, -19.69863090235029901, 0.000000000000000000 ) ) ;
#12572 = EDGE_CURVE ( 'NONE', #7186, #2604, #6645, .T. ) ;
#12573 = EDGE_CURVE ( 'NONE', #1211, #5768, #5385, .T. ) ;
#12574 = DIRECTION ( 'NONE',  ( 0.9577788927496232452, 0.000000000000000000, -0.2875058131643702941 ) ) ;
#12575 = ORIENTED_EDGE ( 'NONE', *, *, #4401, .F. ) ;
#12576 = DIRECTION ( 'NONE',  ( 0.000000000000000000, 1.000000000000000000, 0.000000000000000000 ) ) ;
#12577 = EDGE_CURVE ( 'NONE', #5107, #8938, #10430, .T. ) ;
#12578 = VECTOR ( 'NONE', #1624, 1000.000000000000114 ) ;
#12579 = EDGE_CURVE ( 'NONE', #6505, #10203, #7454, .T. ) ;
#12580 = ADVANCED_FACE ( 'NONE', ( #5743 ), #12354, .T. ) ;
#12581 = CIRCLE ( 'NONE', #8085, 5.000000000000000888 ) ;
#12583 = ORIENTED_EDGE ( 'NONE', *, *, #9913, .T. ) ;
#12582 = CARTESIAN_POINT ( 'NONE',  ( -46.16528980983313346, 10.00000000000000000, -20.86000496748341604 ) ) ;
#12584 = CARTESIAN_POINT ( 'NONE',  ( -15.19272321494613109, -10.00000000000000000, 44.00516535263795959 ) ) ;
#12585 = ORIENTED_EDGE ( 'NONE', *, *, #12655, .T. ) ;
#12586 = ORIENTED_EDGE ( 'NONE', *, *, #4416, .F. ) ;
#12587 = DIRECTION ( 'NONE',  ( 0.000000000000000000, 1.000000000000000000, 0.000000000000000000 ) ) ;
#12588 = AXIS2_PLACEMENT_3D ( 'NONE', #2327, #6251, #400 ) ;
#12589 = CARTESIAN_POINT ( 'NONE',  ( 3.000000000000000000, -18.55636363116340704, 44.89988864128728352 ) ) ;
#12590 = CARTESIAN_POINT ( 'NONE',  ( -27.26647565272529405, 10.00000000000000000, -36.92360935593690385 ) ) ;
#12591 = DIRECTION ( 'NONE',  ( 0.7711657896326702399, 0.000000000000000000, 0.6366343730118726452 ) ) ;
#12592 = DIRECTION ( 'NONE',  ( 0.000000000000000000, 1.000000000000000000, 0.000000000000000000 ) ) ;
#12593 = CIRCLE ( 'NONE', #11557, 44.99999999999999289 ) ;
#12594 = EDGE_CURVE ( 'NONE', #1545, #10767, #9482, .T. ) ;
#12595 = ORIENTED_EDGE ( 'NONE', *, *, #2173, .F. ) ;
#12596 = CARTESIAN_POINT ( 'NONE',  ( -1.127393218865628155, -10.00000000000000000, 50.48741412005625051 ) ) ;
#12597 = CARTESIAN_POINT ( 'NONE',  ( 3.198396408832238080E-15, -5.000000000000000000, 26.00000000000000000 ) ) ;
#12598 = CARTESIAN_POINT ( 'NONE',  ( -29.62769538921526191, -10.00000000000000000, 33.87033607633487975 ) ) ;
#12599 = ORIENTED_EDGE ( 'NONE', *, *, #877, .F. ) ;
#12600 = VECTOR ( 'NONE', #9513, 1000.000000000000000 ) ;
#12601 = CIRCLE ( 'NONE', #99, 40.00000000000000000 ) ;
#12602 = CIRCLE ( 'NONE', #3164, 0.5000000000000004441 ) ;
#12603 = LINE ( 'NONE', #3799, #4599 ) ;
#12604 = FACE_OUTER_BOUND ( 'NONE', #5293, .T. ) ;
#12605 = CARTESIAN_POINT ( 'NONE',  ( 23.48578117747846150, -20.23931917473911923, -40.19566517527194094 ) ) ;
#12606 = ORIENTED_EDGE ( 'NONE', *, *, #10278, .F. ) ;
#12607 = EDGE_CURVE ( 'NONE', #2734, #11269, #2521, .T. ) ;
#12608 = LINE ( 'NONE', #3803, #6151 ) ;
#12609 = ORIENTED_EDGE ( 'NONE', *, *, #877, .T. ) ;
#12610 = CARTESIAN_POINT ( 'NONE',  ( 0.000000000000000000, 5.000000000000000000, 0.000000000000000000 ) ) ;
#12611 = AXIS2_PLACEMENT_3D ( 'NONE', #5918, #6888, #8820 ) ;
#12612 = VECTOR ( 'NONE', #2646, 1000.000000000000114 ) ;
#12613 = CARTESIAN_POINT ( 'NONE',  ( 44.89988864128724799, -18.55636363116342480, -3.000000000000470290 ) ) ;
#12614 = DIRECTION ( 'NONE',  ( 0.000000000000000000, 0.000000000000000000, 1.000000000000000000 ) ) ;
#12615 = EDGE_CURVE ( 'NONE', #8183, #8117, #3565, .T. ) ;
#12616 = ORIENTED_EDGE ( 'NONE', *, *, #9932, .F. ) ;
#12617 = ORIENTED_EDGE ( 'NONE', *, *, #788, .F. ) ;
#12618 = DIRECTION ( 'NONE',  ( 0.000000000000000000, 1.000000000000000000, 0.000000000000000000 ) ) ;
#12619 = VERTEX_POINT ( 'NONE', #11397 ) ;
#12620 = AXIS2_PLACEMENT_3D ( 'NONE', #823, #4537, #3781 ) ;
#12621 = AXIS2_PLACEMENT_3D ( 'NONE', #1248, #11892, #7159 ) ;
#12622 = DIRECTION ( 'NONE',  ( 0.000000000000000000, 0.000000000000000000, 1.000000000000000000 ) ) ;
#12623 = ORIENTED_EDGE ( 'NONE', *, *, #12016, .F. ) ;
#12624 = DIRECTION ( 'NONE',  ( -0.000000000000000000, -1.000000000000000000, -0.000000000000000000 ) ) ;
#12625 = VERTEX_POINT ( 'NONE', #6514 ) ;
#12626 = DIRECTION ( 'NONE',  ( 0.000000000000000000, 1.000000000000000000, 0.000000000000000000 ) ) ;
#12627 = COORDINATED_UNIVERSAL_TIME_OFFSET ( 7, 0, .AHEAD. ) ;
#12628 = VECTOR ( 'NONE', #2246, 999.9999999999998863 ) ;
#12629 = VERTEX_POINT ( 'NONE', #11448 ) ;
#12630 = ORIENTED_EDGE ( 'NONE', *, *, #10198, .F. ) ;
#12631 = EDGE_CURVE ( 'NONE', #5539, #2659, #2937, .T. ) ;
#12632 = FACE_OUTER_BOUND ( 'NONE', #11281, .T. ) ;
#12633 = DIRECTION ( 'NONE',  ( 0.000000000000000000, 0.000000000000000000, 1.000000000000000000 ) ) ;
#12634 = ORIENTED_EDGE ( 'NONE', *, *, #5179, .T. ) ;
#12635 = VERTEX_POINT ( 'NONE', #10623 ) ;
#12636 = LINE ( 'NONE', #5751, #3908 ) ;
#12638 = EDGE_LOOP ( 'NONE', ( #759, #11540, #10760, #7480 ) ) ;
#12637 = DIRECTION ( 'NONE',  ( 0.7561388950492610173, -0.000000000000000000, 0.6544111638669397601 ) ) ;
#12639 = ORIENTED_EDGE ( 'NONE', *, *, #3022, .T. ) ;
#12640 = CARTESIAN_POINT ( 'NONE',  ( 15.19272321494674571, -19.69863090235029901, 44.00516535263775353 ) ) ;
#12641 = VECTOR ( 'NONE', #12134, 1000.000000000000227 ) ;
#12642 = DIRECTION ( 'NONE',  ( 0.000000000000000000, 1.000000000000000000, 0.000000000000000000 ) ) ;
#12643 = FACE_OUTER_BOUND ( 'NONE', #12490, .T. ) ;
#12644 = EDGE_CURVE ( 'NONE', #8540, #12692, #12581, .T. ) ;
#12646 = ORIENTED_EDGE ( 'NONE', *, *, #11457, .F. ) ;
#12645 = CARTESIAN_POINT ( 'NONE',  ( -28.98669762983930553, 10.00000000000000000, 41.35240453125148008 ) ) ;
#12647 = EDGE_CURVE ( 'NONE', #12692, #7263, #12486, .T. ) ;
#12648 = DIRECTION ( 'NONE',  ( 0.000000000000000000, 1.000000000000000000, 0.000000000000000000 ) ) ;
#12649 = VERTEX_POINT ( 'NONE', #2722 ) ;
#12650 = PLANE ( 'NONE',  #77 ) ;
#12651 = LINE ( 'NONE', #6033, #6459 ) ;
#12652 = EDGE_CURVE ( 'NONE', #11319, #1235, #10562, .T. ) ;
#12653 = CARTESIAN_POINT ( 'NONE',  ( 49.34782179739804775, -10.00000000000000000, 11.45278456627739239 ) ) ;
#12654 = DIRECTION ( 'NONE',  ( 0.000000000000000000, 1.000000000000000000, 0.000000000000000000 ) ) ;
#12655 = EDGE_CURVE ( 'NONE', #11319, #959, #4783, .T. ) ;
#12656 = EDGE_CURVE ( 'NONE', #8975, #11037, #9714, .T. ) ;
#12657 = DIRECTION ( 'NONE',  ( 0.000000000000000000, 1.000000000000000000, 0.000000000000000000 ) ) ;
#12658 = DIRECTION ( 'NONE',  ( 0.000000000000000000, 0.000000000000000000, -1.000000000000000000 ) ) ;
#12659 = VERTEX_POINT ( 'NONE', #7808 ) ;
#12660 = CARTESIAN_POINT ( 'NONE',  ( 1.469576158976824144E-15, 5.000000000000000000, -12.00000000000000178 ) ) ;
#12662 = ORIENTED_EDGE ( 'NONE', *, *, #9057, .F. ) ;
#12661 = CARTESIAN_POINT ( 'NONE',  ( -8.303600574123754186, -10.00000000000000000, -49.97423344059144767 ) ) ;
#12663 = DIRECTION ( 'NONE',  ( 0.000000000000000000, 1.000000000000000000, 0.000000000000000000 ) ) ;
#12664 = ORIENTED_EDGE ( 'NONE', *, *, #1813, .T. ) ;
#12665 = CARTESIAN_POINT ( 'NONE',  ( -41.20865162466899534, -20.23931917473914410, 29.46558707621455042 ) ) ;
#12666 = EDGE_CURVE ( 'NONE', #1998, #8830, #10734, .T. ) ;
#12667 = CARTESIAN_POINT ( 'NONE',  ( 0.000000000000000000, 10.00000000000000000, 0.000000000000000000 ) ) ;
#12668 = DIRECTION ( 'NONE',  ( -0.8314696123025447916, 0.000000000000000000, 0.5555702330196029548 ) ) ;
#12669 = ORIENTED_EDGE ( 'NONE', *, *, #9367, .T. ) ;
#12670 = LINE ( 'NONE', #6824, #4704 ) ;
#12671 = ORIENTED_EDGE ( 'NONE', *, *, #10923, .T. ) ;
#12672 = FACE_OUTER_BOUND ( 'NONE', #5427, .T. ) ;
#12673 = CARTESIAN_POINT ( 'NONE',  ( 18.27912140669922536, -10.00000000000000000, 47.07572326156178377 ) ) ;
#12674 = DIRECTION ( 'NONE',  ( 0.1240347345892081898, 0.000000000000000000, 0.9922778767136676281 ) ) ;
#12675 = VERTEX_POINT ( 'NONE', #104 ) ;
#12676 = ORIENTED_EDGE ( 'NONE', *, *, #5061, .T. ) ;
#12677 = DIRECTION ( 'NONE',  ( 0.000000000000000000, 1.000000000000000000, 0.000000000000000000 ) ) ;
#12678 = CC_DESIGN_PERSON_AND_ORGANIZATION_ASSIGNMENT ( #2021, #7944, ( #8186 ) ) ;
#12679 = CARTESIAN_POINT ( 'NONE',  ( 20.37347321810699441, -19.69863090235029901, 41.85922843806427807 ) ) ;
#12680 = CARTESIAN_POINT ( 'NONE',  ( -46.16528980983313346, -19.69863090235025993, -20.86000496748341604 ) ) ;
#12681 = ORIENTED_EDGE ( 'NONE', *, *, #6301, .T. ) ;
#12682 = DIRECTION ( 'NONE',  ( -0.4688348621887353240, 0.000000000000000000, 0.8832858382179969992 ) ) ;
#12683 = ORIENTED_EDGE ( 'NONE', *, *, #150, .F. ) ;
#12684 = DIRECTION ( 'NONE',  ( 0.000000000000000000, 0.000000000000000000, 1.000000000000000000 ) ) ;
#12685 = DATE_TIME_ROLE ( 'creation_date' ) ;
#12686 = ORIENTED_EDGE ( 'NONE', *, *, #9251, .F. ) ;
#12687 = EDGE_CURVE ( 'NONE', #5469, #11788, #3346, .T. ) ;
#12688 = ORIENTED_EDGE ( 'NONE', *, *, #2510, .T. ) ;
#12689 = DIRECTION ( 'NONE',  ( 0.000000000000000000, 1.000000000000000000, 0.000000000000000000 ) ) ;
#12690 = DIRECTION ( 'NONE',  ( 0.2875058131643667414, 0.000000000000000000, 0.9577788927496243554 ) ) ;
#12691 = EDGE_LOOP ( 'NONE', ( #1141, #9964, #7458, #9594 ) ) ;
#12692 = VERTEX_POINT ( 'NONE', #9856 ) ;
#12693 = DIRECTION ( 'NONE',  ( -0.9974095118627306356, 0.000000000000000000, -0.07193236855372960037 ) ) ;
#12695 = ORIENTED_EDGE ( 'NONE', *, *, #868, .F. ) ;
#12694 = CARTESIAN_POINT ( 'NONE',  ( -26.79583779944172761, -10.00000000000000000, -42.99252106000911766 ) ) ;
#12696 = ORIENTED_EDGE ( 'NONE', *, *, #7536, .F. ) ;
#12697 = FACE_OUTER_BOUND ( 'NONE', #1061, .T. ) ;
#12698 = LINE ( 'NONE', #7897, #3373 ) ;
#12699 = FACE_OUTER_BOUND ( 'NONE', #7780, .T. ) ;
#12701 = ORIENTED_EDGE ( 'NONE', *, *, #7127, .T. ) ;
#12700 = CARTESIAN_POINT ( 'NONE',  ( -1.127393218865628155, -18.55636363116340704, -50.48741412005625051 ) ) ;
#12702 = CARTESIAN_POINT ( 'NONE',  ( 46.21285384832088283, 10.00000000000000000, 20.36227244670233105 ) ) ;
#12703 = ORIENTED_EDGE ( 'NONE', *, *, #5576, .T. ) ;
#12704 = CARTESIAN_POINT ( 'NONE',  ( -28.14833299833691527, -10.00000000000000000, 37.08024765038265258 ) ) ;
#12705 = CARTESIAN_POINT ( 'NONE',  ( -8.303600574123754186, 10.00000000000000000, -49.97423344059144767 ) ) ;
#12706 = CARTESIAN_POINT ( 'NONE',  ( 34.66838806764678793, -10.00000000000000000, -36.93882319809825532 ) ) ;
#12707 = ORIENTED_EDGE ( 'NONE', *, *, #11065, .F. ) ;
#12708 = CARTESIAN_POINT ( 'NONE',  ( 0.000000000000000000, 5.000000000000000000, 0.000000000000000000 ) ) ;
#12709 = CARTESIAN_POINT ( 'NONE',  ( 27.26647565272556761, -20.23931917473915831, 36.92360935593670490 ) ) ;
#12710 = EDGE_CURVE ( 'NONE', #2677, #8331, #7881, .T. ) ;
#12711 = LINE ( 'NONE', #69, #6651 ) ;
#12712 = ADVANCED_FACE ( 'NONE', ( #7882 ), #5816, .T. ) ;
ENDSEC;
END-ISO-10303-21;
